id,gender,area,qualification,income,marital_status,vintage,claim_amount,num_policies,policy,type_of_policy,cltv
11181,Male,Urban,Bachelor,2L-5L,1,3,4972,1,B,Silver,36564
42467,Male,Rural,Bachelor,More than 10L,1,6,2381,1,B,Platinum,35496
72029,Female,Rural,Bachelor,More than 10L,0,2,0,More than 1,A,Platinum,71820
85182,Male,Urban,High School,5L-10L,1,4,9025,More than 1,A,Gold,103200
12234,Male,Urban,Bachelor,5L-10L,1,4,7796,1,A,Platinum,47040
55243,Female,Urban,Bachelor,5L-10L,1,1,8691,More than 1,A,Platinum,59544
74458,Female,Urban,High School,5L-10L,0,5,4966,1,A,Gold,33720
11135,Female,Urban,High School,5L-10L,1,4,6576,1,A,Platinum,35004
5749,Male,Rural,Bachelor,More than 10L,1,0,0,1,C,Gold,35652
29097,Male,Urban,High School,More than 10L,1,6,4993,More than 1,A,Gold,121200
51084,Male,Urban,Bachelor,5L-10L,1,7,2535,More than 1,B,Silver,63528
10835,Female,Urban,High School,5L-10L,1,0,0,1,C,Silver,28548
71660,Female,Urban,Bachelor,2L-5L,0,6,2592,1,B,Silver,34104
53538,Male,Rural,Others,5L-10L,1,4,0,1,B,Gold,33684
55811,Male,Rural,Bachelor,More than 10L,1,0,3612,More than 1,A,Silver,97272
16484,Female,Urban,High School,5L-10L,1,6,5035,More than 1,A,Gold,409800
32200,Female,Rural,Bachelor,5L-10L,1,7,0,More than 1,A,Gold,61464
73791,Male,Rural,Bachelor,2L-5L,1,6,0,1,A,Platinum,36012
27638,Male,Urban,Bachelor,5L-10L,0,7,4415,More than 1,B,Platinum,96372
60174,Female,Rural,High School,More than 10L,1,7,3557,1,B,Platinum,50064
52930,Male,Urban,High School,5L-10L,1,7,3600,More than 1,B,Silver,61812
50558,Male,Rural,Others,5L-10L,0,7,0,1,A,Gold,31908
616,Male,Urban,Bachelor,5L-10L,0,3,8292,More than 1,A,Silver,633696
1772,Male,Urban,Bachelor,More than 10L,0,5,5024,More than 1,A,Platinum,65940
78769,Female,Rural,Others,5L-10L,1,6,0,1,A,Silver,42768
9623,Female,Urban,Bachelor,2L-5L,0,6,0,1,A,Platinum,35220
87410,Female,Urban,High School,5L-10L,1,6,2060,More than 1,B,Platinum,251292
6525,Male,Urban,Bachelor,2L-5L,1,7,4275,More than 1,B,Platinum,100560
47040,Male,Urban,Bachelor,2L-5L,1,3,4976,More than 1,A,Platinum,118320
88194,Male,Rural,Bachelor,5L-10L,1,7,3892,More than 1,A,Gold,97656
49755,Male,Rural,High School,5L-10L,1,6,0,More than 1,B,Platinum,62100
84148,Female,Rural,Bachelor,5L-10L,1,8,3371,1,B,Silver,53520
18472,Female,Urban,Bachelor,2L-5L,1,4,5672,More than 1,A,Gold,57792
23269,Female,Urban,Bachelor,2L-5L,1,1,9003,More than 1,A,Platinum,106032
16709,Male,Rural,Bachelor,5L-10L,1,5,0,More than 1,B,Silver,74904
11395,Female,Rural,High School,5L-10L,1,2,0,1,C,Gold,66756
78417,Female,Rural,High School,5L-10L,1,6,3919,1,B,Silver,68028
57483,Male,Rural,High School,More than 10L,1,0,0,More than 1,A,Platinum,69420
47242,Female,Urban,Bachelor,2L-5L,0,7,5040,More than 1,B,Silver,545676
62073,Female,Rural,Bachelor,5L-10L,0,3,2527,More than 1,A,Platinum,102480
56383,Male,Urban,Others,5L-10L,1,0,0,1,A,Platinum,31404
3776,Male,Urban,High School,2L-5L,0,8,4742,More than 1,A,Platinum,99756
38730,Female,Urban,Bachelor,More than 10L,0,6,3835,More than 1,A,Platinum,110604
31388,Female,Rural,High School,More than 10L,1,0,0,More than 1,B,Platinum,66288
74507,Male,Urban,Bachelor,5L-10L,1,2,5258,1,A,Platinum,35964
35508,Male,Urban,High School,5L-10L,1,1,6558,1,A,Platinum,45396
70079,Male,Urban,High School,2L-5L,1,3,4054,1,A,Platinum,30024
25409,Female,Urban,Bachelor,5L-10L,0,1,0,1,A,Platinum,31536
19272,Male,Urban,High School,5L-10L,0,8,2233,More than 1,A,Platinum,106548
86237,Male,Urban,High School,5L-10L,1,0,6342,1,A,Platinum,54012
79753,Male,Urban,High School,More than 10L,0,2,6564,1,A,Gold,37500
2585,Female,Rural,High School,5L-10L,0,0,0,1,A,Platinum,40092
74553,Male,Rural,High School,2L-5L,1,8,5002,1,A,Platinum,52920
78376,Male,Urban,Bachelor,2L-5L,1,3,8024,More than 1,B,Platinum,112176
86207,Male,Urban,High School,5L-10L,1,0,0,1,C,Silver,33996
7358,Male,Urban,High School,5L-10L,1,6,5382,1,A,Silver,36372
3530,Male,Rural,High School,5L-10L,1,5,0,1,A,Silver,45144
37872,Male,Urban,High School,5L-10L,0,3,3866,1,C,Gold,57168
61701,Male,Urban,High School,5L-10L,0,5,0,1,B,Platinum,28764
8300,Female,Urban,High School,5L-10L,1,4,4252,More than 1,A,Platinum,33660
694,Female,Urban,High School,5L-10L,0,8,4303,More than 1,A,Silver,71820
2739,Male,Urban,High School,5L-10L,0,5,6454,1,A,Gold,34452
57584,Male,Rural,Bachelor,2L-5L,1,1,2316,More than 1,B,Silver,70836
78362,Male,Rural,Bachelor,5L-10L,1,5,3278,More than 1,A,Gold,88164
83660,Female,Urban,Others,5L-10L,1,6,0,1,A,Platinum,51024
66320,Male,Rural,High School,5L-10L,0,3,5478,More than 1,C,Platinum,67728
77693,Male,Urban,Bachelor,5L-10L,1,8,4133,1,B,Platinum,31320
11309,Female,Rural,Bachelor,5L-10L,1,4,3396,1,A,Platinum,48912
74901,Female,Urban,High School,5L-10L,0,6,11543,1,A,Gold,54252
27451,Male,Urban,High School,More than 10L,0,1,3085,1,A,Gold,44352
22558,Male,Urban,High School,2L-5L,1,5,8771,More than 1,A,Gold,150984
36140,Female,Urban,Bachelor,5L-10L,1,4,0,1,A,Platinum,30660
22242,Female,Urban,High School,5L-10L,0,6,7161,More than 1,A,Gold,65340
55594,Male,Urban,High School,5L-10L,1,2,5447,1,A,Silver,33564
1525,Male,Urban,High School,More than 10L,0,4,8037,1,B,Silver,49524
67690,Male,Urban,Bachelor,5L-10L,1,5,4033,1,C,Platinum,45084
59921,Female,Urban,Bachelor,2L-5L,1,4,2594,More than 1,B,Silver,71892
68974,Female,Urban,High School,5L-10L,0,2,6326,More than 1,A,Gold,101988
38840,Female,Urban,High School,5L-10L,0,1,6571,1,A,Gold,31968
76392,Female,Urban,High School,5L-10L,1,7,0,More than 1,C,Gold,86160
82390,Female,Urban,High School,2L-5L,0,6,6349,More than 1,B,Platinum,100368
4608,Female,Urban,Bachelor,5L-10L,1,6,4761,More than 1,A,Silver,104616
87628,Male,Urban,High School,2L-5L,0,7,2143,More than 1,A,Platinum,113064
76919,Female,Urban,High School,5L-10L,0,1,0,More than 1,A,Platinum,93492
59975,Male,Urban,Bachelor,5L-10L,0,8,4291,More than 1,A,Platinum,117528
35437,Male,Urban,Bachelor,5L-10L,1,8,9634,1,A,Platinum,164484
72135,Male,Urban,Bachelor,5L-10L,0,3,5679,More than 1,A,Gold,111600
62849,Male,Rural,Bachelor,More than 10L,0,8,0,More than 1,B,Platinum,99324
72053,Female,Urban,High School,5L-10L,0,4,3773,More than 1,A,Platinum,101664
20990,Male,Urban,Others,5L-10L,0,1,6124,1,A,Platinum,32676
2938,Female,Rural,Bachelor,5L-10L,1,4,0,More than 1,A,Platinum,179892
83412,Male,Rural,Bachelor,5L-10L,1,1,2048,More than 1,A,Platinum,109956
3123,Male,Rural,Bachelor,5L-10L,1,7,2924,More than 1,B,Silver,84528
8378,Male,Urban,Bachelor,2L-5L,1,1,5889,More than 1,B,Gold,106164
77782,Female,Urban,Bachelor,2L-5L,0,6,6662,More than 1,A,Gold,110292
61888,Female,Urban,High School,More than 10L,1,4,4787,1,A,Platinum,56304
46654,Male,Urban,Bachelor,5L-10L,1,0,5689,More than 1,B,Platinum,68640
11619,Male,Rural,Bachelor,2L-5L,0,5,0,1,B,Platinum,43752
32441,Male,Rural,Others,5L-10L,1,4,2147,More than 1,B,Platinum,58032
21068,Female,Rural,Bachelor,5L-10L,1,0,0,More than 1,B,Platinum,67356
24127,Female,Rural,High School,More than 10L,0,6,0,More than 1,A,Gold,108396
6501,Female,Rural,Bachelor,More than 10L,0,4,0,More than 1,B,Platinum,71424
48957,Male,Rural,Bachelor,5L-10L,1,7,3683,More than 1,B,Silver,65244
26222,Male,Rural,High School,5L-10L,1,1,3214,1,A,Silver,44400
12816,Male,Urban,Bachelor,5L-10L,0,3,6859,More than 1,A,Platinum,94224
47485,Male,Rural,High School,More than 10L,0,8,0,More than 1,B,Platinum,62652
12557,Male,Rural,Bachelor,5L-10L,1,4,9725,More than 1,B,Platinum,67068
8311,Female,Urban,Bachelor,5L-10L,0,5,0,1,A,Platinum,32700
44815,Female,Rural,High School,5L-10L,1,8,4538,More than 1,B,Gold,71748
83313,Female,Urban,Bachelor,2L-5L,1,6,0,1,B,Silver,63372
54150,Male,Urban,Bachelor,2L-5L,0,3,10309,More than 1,B,Gold,148968
52788,Male,Urban,High School,5L-10L,1,6,6391,1,A,Gold,103548
52376,Male,Urban,Bachelor,5L-10L,1,8,6916,More than 1,A,Silver,104304
8734,Female,Rural,Bachelor,5L-10L,1,7,2740,More than 1,A,Platinum,104124
23630,Male,Urban,High School,More than 10L,1,0,5122,1,B,Silver,32484
52893,Male,Rural,Others,5L-10L,1,7,3933,More than 1,B,Gold,64296
611,Female,Urban,Others,2L-5L,0,2,5640,More than 1,C,Platinum,101520
82917,Male,Urban,Bachelor,More than 10L,1,3,5061,1,C,Silver,31920
25639,Male,Urban,Bachelor,2L-5L,0,7,6828,1,A,Platinum,57312
84347,Male,Rural,High School,5L-10L,0,8,4301,More than 1,A,Platinum,90036
75545,Female,Urban,Bachelor,More than 10L,1,4,0,More than 1,A,Silver,62472
65242,Female,Rural,High School,5L-10L,1,1,0,1,A,Gold,34932
82243,Male,Rural,Bachelor,2L-5L,1,6,3669,More than 1,B,Silver,106116
52148,Male,Rural,High School,5L-10L,0,1,6166,1,C,Silver,52248
47446,Male,Urban,High School,5L-10L,0,4,6502,1,A,Silver,33204
62227,Male,Urban,Bachelor,5L-10L,0,6,0,More than 1,B,Silver,96300
59655,Male,Rural,Bachelor,5L-10L,0,6,0,1,A,Silver,53700
34586,Male,Rural,Bachelor,5L-10L,0,5,0,1,A,Silver,33468
59282,Female,Urban,High School,5L-10L,0,1,5782,1,C,Platinum,48156
45323,Female,Rural,High School,More than 10L,1,4,0,1,B,Gold,34764
19181,Male,Urban,High School,5L-10L,0,2,5429,More than 1,A,Silver,104568
82529,Female,Rural,Bachelor,More than 10L,0,4,0,1,A,Platinum,31200
57234,Female,Rural,Bachelor,More than 10L,1,5,0,1,B,Platinum,44712
49016,Female,Urban,High School,<=2L,1,5,3830,1,A,Silver,45384
72043,Male,Urban,Bachelor,5L-10L,1,7,5277,More than 1,A,Silver,121956
2452,Male,Rural,High School,5L-10L,1,0,10280,More than 1,B,Platinum,73788
14296,Male,Urban,Bachelor,More than 10L,1,6,4037,More than 1,A,Gold,101448
69954,Male,Urban,Bachelor,2L-5L,1,7,0,More than 1,B,Silver,72072
74333,Female,Urban,Bachelor,5L-10L,0,2,9144,More than 1,A,Silver,122736
85750,Male,Urban,High School,More than 10L,0,0,5977,1,C,Silver,38136
8532,Male,Urban,High School,5L-10L,1,2,5758,More than 1,A,Platinum,101760
54942,Female,Urban,High School,5L-10L,1,3,0,1,A,Silver,35076
66302,Female,Urban,High School,More than 10L,1,1,10181,1,A,Gold,53940
43025,Female,Rural,High School,5L-10L,1,1,2978,More than 1,A,Platinum,72648
60704,Male,Rural,High School,5L-10L,0,0,2636,1,A,Platinum,55884
14853,Female,Rural,Bachelor,5L-10L,0,7,0,1,A,Silver,34788
80373,Male,Urban,High School,2L-5L,1,6,5351,1,A,Platinum,47040
87056,Female,Rural,High School,5L-10L,0,8,0,More than 1,B,Platinum,70716
34787,Male,Rural,Bachelor,5L-10L,0,6,7349,More than 1,B,Silver,60696
23784,Female,Rural,High School,More than 10L,1,6,0,More than 1,B,Platinum,182784
29423,Male,Urban,High School,More than 10L,0,5,0,1,C,Silver,59628
13899,Female,Urban,High School,5L-10L,1,6,9991,More than 1,A,Platinum,60300
18457,Female,Rural,High School,5L-10L,0,2,0,1,A,Silver,33564
11963,Female,Rural,High School,5L-10L,1,4,0,1,A,Platinum,34080
67862,Male,Rural,Bachelor,5L-10L,0,7,0,1,B,Platinum,48096
26026,Male,Urban,High School,5L-10L,0,4,8756,More than 1,A,Platinum,112500
79329,Male,Rural,High School,More than 10L,1,2,0,More than 1,A,Platinum,60528
5737,Female,Urban,High School,2L-5L,1,2,5379,1,A,Platinum,31728
33562,Male,Urban,High School,2L-5L,0,7,10079,1,A,Platinum,62652
20370,Female,Rural,Bachelor,2L-5L,0,6,0,More than 1,B,Silver,81612
7431,Male,Urban,Bachelor,5L-10L,1,6,3656,1,A,Platinum,44784
7988,Male,Urban,Bachelor,2L-5L,1,6,4236,1,B,Platinum,42852
6177,Female,Urban,Bachelor,2L-5L,1,1,0,More than 1,C,Platinum,61296
79046,Male,Urban,High School,2L-5L,1,3,4969,1,C,Gold,31464
84861,Female,Urban,High School,<=2L,1,7,6089,More than 1,A,Silver,105936
46137,Male,Rural,High School,5L-10L,0,2,2111,1,B,Silver,36264
8961,Male,Urban,High School,5L-10L,0,4,10996,More than 1,A,Platinum,113712
3591,Female,Rural,Bachelor,More than 10L,0,7,0,More than 1,A,Gold,109728
9095,Female,Urban,High School,5L-10L,0,7,6452,1,A,Silver,36780
46990,Male,Urban,Bachelor,5L-10L,1,7,0,More than 1,A,Platinum,101376
43998,Female,Urban,High School,5L-10L,1,7,5688,More than 1,A,Platinum,88872
57143,Male,Urban,High School,2L-5L,1,6,0,1,A,Platinum,52080
26260,Male,Urban,High School,5L-10L,0,6,4296,More than 1,A,Gold,95580
19232,Male,Urban,High School,5L-10L,1,2,3789,1,A,Gold,50700
2035,Male,Urban,High School,5L-10L,0,3,15902,1,A,Silver,50388
25587,Male,Rural,High School,5L-10L,1,0,3864,More than 1,A,Gold,96600
60179,Male,Urban,Others,5L-10L,0,6,4756,More than 1,A,Gold,118176
64949,Female,Urban,Bachelor,5L-10L,0,6,5688,More than 1,A,Platinum,109908
39730,Female,Urban,High School,2L-5L,0,6,5040,More than 1,B,Platinum,96744
50055,Female,Rural,High School,5L-10L,0,2,0,1,B,Platinum,36408
65893,Female,Urban,High School,More than 10L,1,7,6921,1,C,Silver,36756
37518,Male,Urban,Bachelor,5L-10L,0,8,6635,More than 1,A,Silver,101088
22884,Male,Urban,High School,5L-10L,1,4,17370,More than 1,A,Platinum,437928
43267,Male,Urban,High School,More than 10L,0,4,5157,1,A,Gold,34560
17760,Male,Urban,Bachelor,More than 10L,0,1,5484,1,A,Platinum,47460
31219,Male,Urban,Bachelor,5L-10L,0,2,14183,1,A,Platinum,56508
77714,Female,Urban,High School,2L-5L,0,4,3806,1,A,Platinum,35148
55003,Female,Urban,Bachelor,5L-10L,1,2,4814,More than 1,A,Silver,109260
43089,Male,Rural,Bachelor,More than 10L,0,2,4026,More than 1,A,Gold,91992
64685,Female,Rural,High School,5L-10L,0,4,6100,More than 1,C,Platinum,77508
19955,Male,Urban,High School,2L-5L,1,6,6420,1,A,Silver,45648
26820,Female,Urban,High School,2L-5L,0,6,3801,More than 1,B,Platinum,103392
72444,Female,Urban,Bachelor,5L-10L,0,2,3970,More than 1,A,Platinum,95880
57843,Female,Rural,High School,5L-10L,0,6,0,1,C,Platinum,33648
10359,Male,Rural,High School,More than 10L,1,2,4079,More than 1,A,Platinum,95664
13901,Female,Urban,Bachelor,5L-10L,0,1,6542,More than 1,A,Platinum,99336
68813,Female,Urban,High School,More than 10L,0,4,7413,1,A,Gold,38472
70381,Male,Urban,High School,5L-10L,0,6,6057,1,A,Platinum,55956
62240,Female,Rural,High School,5L-10L,1,6,0,More than 1,C,Platinum,65100
27075,Male,Rural,Bachelor,5L-10L,1,4,2828,More than 1,A,Silver,103764
18952,Male,Rural,Bachelor,5L-10L,0,1,2209,More than 1,B,Platinum,63840
8473,Female,Urban,High School,5L-10L,0,7,2672,More than 1,A,Gold,124116
75272,Female,Urban,Bachelor,5L-10L,0,1,5728,More than 1,C,Platinum,63708
42041,Female,Urban,High School,<=2L,1,5,3968,More than 1,A,Platinum,341880
78943,Female,Rural,High School,2L-5L,1,5,0,1,A,Silver,52128
41064,Male,Urban,High School,5L-10L,1,5,5297,1,A,Silver,34260
55280,Male,Rural,Bachelor,5L-10L,1,7,2204,More than 1,B,Platinum,75060
11168,Male,Urban,High School,2L-5L,1,7,2968,More than 1,C,Silver,71796
76575,Male,Urban,Bachelor,5L-10L,1,8,3929,More than 1,B,Silver,73812
10198,Male,Urban,Others,<=2L,1,5,4161,More than 1,B,Platinum,61080
55256,Female,Rural,Others,5L-10L,0,8,0,1,B,Gold,57936
2252,Female,Urban,High School,5L-10L,0,6,7462,More than 1,B,Platinum,428436
30546,Male,Rural,High School,More than 10L,1,6,2139,1,B,Silver,52992
62087,Female,Rural,Bachelor,5L-10L,1,3,0,1,A,Platinum,43464
70042,Male,Urban,Bachelor,5L-10L,0,3,6761,More than 1,A,Platinum,61056
28124,Male,Urban,High School,5L-10L,1,7,4509,More than 1,B,Silver,87072
31353,Male,Urban,High School,5L-10L,0,7,4713,1,A,Gold,57552
5994,Male,Urban,High School,5L-10L,1,5,5613,More than 1,A,Silver,102912
15312,Female,Urban,High School,5L-10L,0,6,6010,More than 1,C,Gold,61872
28647,Male,Urban,High School,2L-5L,0,4,3183,1,A,Gold,50412
36254,Male,Rural,High School,More than 10L,1,2,0,More than 1,B,Platinum,66228
3635,Female,Rural,Bachelor,5L-10L,0,2,3462,1,C,Platinum,33024
11259,Male,Rural,High School,5L-10L,0,0,0,More than 1,A,Gold,42180
16916,Male,Rural,High School,5L-10L,0,5,0,1,B,Gold,57648
89227,Male,Rural,Bachelor,5L-10L,0,8,0,1,C,Silver,30396
55973,Male,Rural,Bachelor,5L-10L,1,6,4135,1,B,Gold,52620
34591,Female,Urban,High School,5L-10L,0,2,6208,More than 1,A,Platinum,89160
2161,Male,Urban,Bachelor,More than 10L,0,4,5527,1,A,Platinum,34608
40008,Male,Urban,Bachelor,5L-10L,1,0,0,More than 1,B,Platinum,66000
14445,Male,Rural,Bachelor,5L-10L,1,1,3447,1,C,Silver,45672
57828,Male,Urban,Bachelor,More than 10L,1,3,2052,More than 1,B,Silver,73032
10706,Female,Urban,Bachelor,5L-10L,1,6,5672,1,A,Platinum,35004
58777,Male,Urban,Bachelor,5L-10L,1,4,5340,1,A,Silver,32520
49088,Female,Urban,Bachelor,2L-5L,0,5,0,1,B,Platinum,62808
49312,Female,Urban,Bachelor,5L-10L,0,3,4405,More than 1,A,Silver,102048
46651,Male,Urban,High School,2L-5L,0,8,3913,More than 1,B,Silver,96276
76480,Male,Urban,High School,2L-5L,0,6,6855,More than 1,B,Platinum,248208
44505,Male,Urban,Bachelor,5L-10L,0,7,6868,More than 1,A,Gold,108108
65326,Female,Urban,Bachelor,<=2L,0,5,5804,More than 1,B,Platinum,100500
47013,Female,Rural,Bachelor,More than 10L,1,7,0,1,C,Silver,50868
29080,Male,Rural,High School,More than 10L,0,3,3040,1,C,Gold,56064
20609,Male,Urban,High School,5L-10L,0,6,0,More than 1,A,Silver,157080
5761,Female,Rural,Others,2L-5L,0,6,0,1,B,Silver,30624
47612,Male,Urban,Bachelor,5L-10L,1,3,4371,1,B,Silver,30720
26965,Male,Urban,High School,5L-10L,0,1,11258,1,A,Silver,50556
23452,Male,Rural,Others,2L-5L,1,5,3068,1,B,Platinum,57816
56903,Male,Urban,Bachelor,5L-10L,0,3,4461,More than 1,A,Gold,119688
51764,Female,Rural,Bachelor,More than 10L,1,5,2190,More than 1,A,Silver,92604
66950,Male,Urban,High School,2L-5L,0,7,5127,More than 1,C,Silver,109956
14397,Male,Urban,High School,5L-10L,1,3,6225,1,A,Platinum,35616
4099,Female,Urban,High School,More than 10L,0,7,5499,More than 1,B,Silver,66888
55143,Male,Urban,High School,More than 10L,0,6,4223,More than 1,A,Platinum,157368
50180,Female,Urban,High School,2L-5L,1,4,7864,More than 1,A,Platinum,130548
23998,Male,Urban,High School,5L-10L,1,6,2169,More than 1,A,Platinum,106644
63200,Female,Urban,High School,<=2L,1,5,3664,More than 1,C,Platinum,63624
70846,Male,Urban,High School,5L-10L,0,5,3625,More than 1,B,Platinum,96276
82313,Male,Urban,High School,5L-10L,1,4,2404,1,B,Platinum,47724
34492,Female,Rural,Bachelor,5L-10L,1,1,0,More than 1,B,Platinum,60480
19791,Male,Urban,High School,2L-5L,1,8,5523,1,C,Silver,30828
15975,Male,Urban,Bachelor,5L-10L,1,0,0,1,A,Gold,37128
26561,Female,Urban,High School,<=2L,1,1,6073,1,A,Platinum,47688
7567,Female,Rural,Bachelor,More than 10L,1,0,0,More than 1,B,Platinum,72528
37953,Male,Urban,High School,5L-10L,1,7,4380,More than 1,A,Gold,91788
16800,Male,Rural,Others,2L-5L,1,5,0,1,A,Silver,111900
13036,Male,Urban,High School,2L-5L,1,4,2121,1,A,Gold,29196
59478,Male,Urban,High School,More than 10L,1,6,4000,1,A,Platinum,35244
71658,Male,Urban,Others,5L-10L,1,2,6966,1,A,Gold,52284
24952,Male,Urban,Bachelor,5L-10L,1,5,0,1,A,Gold,33768
15211,Female,Rural,Bachelor,5L-10L,0,6,6339,More than 1,A,Gold,57984
79253,Female,Urban,Others,5L-10L,1,7,5573,1,A,Silver,53040
32116,Male,Rural,Bachelor,More than 10L,0,6,0,1,A,Silver,33528
51637,Female,Urban,Bachelor,More than 10L,1,7,8007,More than 1,A,Platinum,83220
35624,Male,Rural,High School,5L-10L,1,7,0,More than 1,A,Platinum,41196
55326,Female,Urban,High School,5L-10L,0,5,0,More than 1,A,Platinum,100236
76901,Male,Rural,High School,5L-10L,0,7,0,1,A,Gold,31188
2802,Female,Urban,High School,More than 10L,1,7,2376,More than 1,B,Platinum,69792
70296,Female,Urban,High School,5L-10L,1,5,4411,More than 1,A,Platinum,96756
72288,Female,Urban,Bachelor,5L-10L,0,1,0,More than 1,C,Silver,59580
83970,Female,Urban,Bachelor,5L-10L,1,4,6074,1,A,Platinum,36240
35471,Male,Urban,Bachelor,5L-10L,1,4,5762,1,A,Silver,40644
50606,Female,Urban,High School,5L-10L,1,8,4044,More than 1,A,Platinum,416232
23118,Female,Urban,Bachelor,5L-10L,0,7,0,More than 1,B,Silver,67176
22436,Male,Urban,Bachelor,2L-5L,0,0,5331,1,B,Silver,31896
40164,Female,Rural,High School,5L-10L,1,5,2880,1,A,Gold,45552
72612,Female,Urban,High School,5L-10L,1,4,2664,1,A,Platinum,64248
34283,Male,Urban,High School,5L-10L,1,8,4672,1,B,Silver,57804
27275,Male,Urban,High School,5L-10L,1,3,5298,More than 1,A,Platinum,268368
34612,Male,Urban,Bachelor,5L-10L,1,8,6002,More than 1,A,Silver,101544
56849,Male,Urban,Others,More than 10L,0,8,3627,1,B,Silver,49908
86117,Female,Urban,Bachelor,2L-5L,0,8,5568,More than 1,A,Platinum,58416
33059,Male,Urban,High School,5L-10L,0,5,2232,1,A,Platinum,34128
49446,Male,Urban,High School,More than 10L,0,6,4999,1,A,Gold,36264
32351,Male,Urban,Bachelor,5L-10L,1,7,3865,More than 1,A,Platinum,116760
983,Male,Rural,Bachelor,5L-10L,0,5,4316,More than 1,B,Platinum,98016
28851,Male,Urban,High School,2L-5L,0,1,0,1,B,Gold,39504
7157,Male,Rural,Others,5L-10L,1,5,5997,1,B,Silver,43800
70794,Female,Urban,Bachelor,5L-10L,0,2,3725,More than 1,A,Platinum,104568
87815,Male,Urban,High School,5L-10L,0,6,9538,1,A,Platinum,48936
83287,Female,Urban,Bachelor,5L-10L,0,4,4148,More than 1,A,Platinum,112068
70092,Female,Rural,High School,2L-5L,0,4,0,More than 1,B,Platinum,109044
54712,Male,Urban,Bachelor,2L-5L,1,1,6071,1,A,Silver,36516
14104,Male,Urban,High School,2L-5L,1,1,3832,1,A,Platinum,57720
30057,Male,Urban,High School,More than 10L,1,5,4054,1,A,Platinum,35460
28711,Female,Urban,Others,<=2L,0,6,6548,1,A,Silver,48636
41749,Male,Urban,High School,<=2L,0,6,4145,More than 1,C,Silver,57732
35897,Male,Rural,Bachelor,2L-5L,0,5,0,1,A,Silver,37104
87296,Female,Urban,High School,More than 10L,0,7,5967,More than 1,A,Platinum,105624
22947,Male,Urban,High School,5L-10L,1,6,6361,More than 1,A,Platinum,98820
59470,Female,Rural,Others,5L-10L,1,5,2261,1,A,Platinum,61236
13364,Male,Urban,Bachelor,5L-10L,1,2,10358,More than 1,A,Gold,317220
43673,Male,Urban,High School,2L-5L,1,7,4970,1,A,Silver,33816
18638,Male,Rural,Bachelor,5L-10L,1,7,3010,1,A,Platinum,47436
52646,Male,Urban,High School,2L-5L,1,7,6686,More than 1,B,Gold,73140
39098,Female,Urban,High School,5L-10L,1,2,7496,More than 1,A,Platinum,97032
81769,Male,Urban,Bachelor,2L-5L,1,8,3798,More than 1,A,Silver,97356
72141,Female,Urban,High School,More than 10L,1,4,0,1,A,Gold,31728
25331,Male,Rural,High School,More than 10L,1,5,2023,1,A,Silver,49800
66832,Female,Urban,High School,5L-10L,1,7,2190,More than 1,A,Gold,101928
78803,Female,Urban,High School,2L-5L,1,3,5157,1,B,Silver,34812
87468,Male,Urban,High School,5L-10L,1,8,2873,More than 1,A,Silver,103284
37531,Male,Urban,High School,5L-10L,1,7,8304,More than 1,A,Platinum,105192
86014,Male,Urban,Bachelor,5L-10L,0,4,5977,1,A,Platinum,40404
48602,Male,Urban,Bachelor,2L-5L,1,6,2308,1,A,Silver,34152
41552,Male,Urban,Others,5L-10L,0,5,2412,1,B,Platinum,36000
79618,Male,Urban,Bachelor,2L-5L,0,0,2076,1,B,Silver,57180
10170,Male,Urban,High School,2L-5L,1,5,0,1,A,Silver,33636
19929,Male,Urban,High School,5L-10L,1,7,0,More than 1,B,Platinum,71808
80790,Male,Urban,Bachelor,5L-10L,1,3,3116,1,C,Platinum,40788
52500,Male,Rural,High School,5L-10L,1,7,3842,More than 1,B,Platinum,69792
49550,Male,Urban,Bachelor,More than 10L,1,8,2860,More than 1,B,Platinum,75456
42146,Male,Urban,High School,5L-10L,0,4,6519,1,A,Silver,37632
24988,Male,Urban,High School,2L-5L,1,6,16965,More than 1,A,Gold,97908
26075,Male,Urban,High School,5L-10L,0,7,4266,More than 1,B,Platinum,573312
83061,Female,Rural,Bachelor,5L-10L,0,6,0,More than 1,A,Silver,98244
60331,Female,Urban,High School,5L-10L,1,4,4412,1,B,Gold,39984
63407,Female,Urban,High School,5L-10L,0,4,6153,1,C,Silver,55656
37239,Male,Rural,High School,More than 10L,0,8,2463,More than 1,A,Gold,96840
37159,Male,Urban,High School,5L-10L,0,1,3311,More than 1,A,Platinum,100464
36732,Female,Urban,Bachelor,5L-10L,1,7,6210,More than 1,A,Silver,98832
81282,Male,Urban,Bachelor,5L-10L,1,6,2792,1,A,Platinum,43404
38654,Male,Rural,High School,2L-5L,0,7,0,More than 1,B,Platinum,68688
39963,Male,Urban,High School,2L-5L,1,5,5264,1,A,Silver,35748
68773,Female,Urban,Others,5L-10L,1,4,0,More than 1,A,Gold,66888
38968,Male,Urban,High School,5L-10L,0,3,4533,1,A,Platinum,104568
60158,Male,Urban,Bachelor,2L-5L,1,6,8264,More than 1,B,Platinum,428292
51806,Female,Urban,High School,5L-10L,1,6,6068,More than 1,A,Gold,89628
5406,Male,Rural,High School,More than 10L,1,5,2007,1,B,Silver,67320
6450,Male,Urban,High School,2L-5L,1,7,3715,More than 1,A,Gold,118032
30129,Male,Urban,Bachelor,5L-10L,1,4,5942,More than 1,A,Gold,58704
74647,Male,Urban,Bachelor,More than 10L,1,7,17903,More than 1,C,Gold,146556
6698,Female,Urban,High School,More than 10L,0,5,4381,More than 1,A,Platinum,118812
17561,Male,Urban,Bachelor,<=2L,0,2,5416,1,A,Platinum,64476
48478,Female,Urban,Bachelor,2L-5L,1,5,4423,1,A,Platinum,45096
63756,Male,Urban,High School,<=2L,1,8,6842,More than 1,C,Silver,97836
19635,Male,Urban,High School,5L-10L,1,5,6177,1,A,Platinum,37980
89373,Female,Urban,High School,5L-10L,0,3,5862,1,B,Silver,32904
78537,Female,Rural,High School,5L-10L,1,7,0,1,A,Platinum,43164
47191,Female,Urban,Bachelor,5L-10L,1,6,2332,1,B,Platinum,51408
14942,Male,Urban,High School,5L-10L,1,6,4005,More than 1,B,Platinum,62568
30222,Female,Urban,Bachelor,5L-10L,1,0,4191,More than 1,A,Gold,67860
42184,Male,Urban,High School,5L-10L,0,7,5187,More than 1,B,Platinum,73320
59561,Male,Urban,Bachelor,5L-10L,1,5,6158,1,A,Platinum,33204
26044,Male,Urban,High School,5L-10L,1,7,0,1,B,Platinum,43668
43730,Female,Urban,High School,2L-5L,1,7,0,1,A,Silver,36732
64574,Female,Urban,High School,5L-10L,1,3,5847,More than 1,A,Platinum,112668
19391,Female,Urban,High School,5L-10L,0,5,7287,More than 1,B,Platinum,67488
85326,Female,Rural,High School,5L-10L,1,7,0,More than 1,A,Platinum,68904
25875,Female,Urban,High School,5L-10L,0,6,6675,More than 1,B,Platinum,148500
78561,Female,Urban,High School,5L-10L,1,0,0,More than 1,A,Platinum,60708
63436,Female,Urban,High School,5L-10L,1,1,6704,More than 1,A,Platinum,59724
53096,Male,Urban,Bachelor,5L-10L,1,5,5231,More than 1,A,Gold,90204
12732,Female,Urban,Bachelor,5L-10L,1,6,6731,1,A,Gold,47016
40052,Male,Urban,Others,More than 10L,0,6,7244,More than 1,A,Gold,58536
57907,Male,Urban,Bachelor,2L-5L,0,6,4023,1,B,Platinum,65760
59424,Female,Rural,High School,2L-5L,1,1,4643,1,A,Platinum,44112
74801,Male,Rural,High School,5L-10L,1,0,0,1,A,Gold,36648
54588,Male,Rural,High School,5L-10L,1,1,0,More than 1,B,Gold,70740
43113,Female,Rural,Bachelor,5L-10L,1,8,0,More than 1,C,Silver,65388
51420,Male,Urban,High School,2L-5L,0,7,5311,1,A,Gold,46272
10748,Female,Rural,Bachelor,5L-10L,1,6,7924,1,B,Platinum,56208
7411,Male,Urban,Bachelor,5L-10L,0,7,3458,More than 1,A,Gold,102084
2286,Female,Urban,Bachelor,5L-10L,0,5,5423,More than 1,A,Platinum,116052
21121,Male,Rural,High School,5L-10L,0,7,0,1,A,Gold,34512
64557,Male,Urban,Bachelor,2L-5L,0,6,16060,More than 1,B,Platinum,69216
61771,Female,Rural,High School,5L-10L,0,8,0,More than 1,B,Silver,68832
26937,Female,Rural,Others,More than 10L,1,8,2240,More than 1,A,Silver,62928
44841,Male,Urban,Bachelor,2L-5L,0,3,5454,1,A,Platinum,53688
67995,Male,Urban,High School,2L-5L,0,5,5745,More than 1,B,Platinum,277332
26720,Male,Urban,Bachelor,5L-10L,1,4,2909,1,A,Platinum,45132
48084,Female,Urban,Bachelor,2L-5L,1,5,5139,More than 1,A,Gold,87228
2316,Male,Urban,Bachelor,5L-10L,1,5,3496,More than 1,A,Silver,95520
50889,Male,Rural,Bachelor,More than 10L,1,7,3731,More than 1,B,Silver,68544
36265,Female,Urban,Bachelor,5L-10L,0,7,0,1,B,Silver,35244
86805,Male,Urban,Bachelor,5L-10L,1,7,6206,More than 1,A,Platinum,95712
74765,Male,Rural,High School,More than 10L,1,0,3969,1,B,Gold,43548
34485,Male,Urban,Bachelor,2L-5L,1,5,7886,More than 1,A,Platinum,60516
15157,Male,Urban,Bachelor,5L-10L,1,4,0,More than 1,A,Platinum,96516
44624,Female,Urban,Bachelor,More than 10L,1,4,0,More than 1,A,Platinum,98724
10428,Male,Rural,Bachelor,5L-10L,0,1,0,1,A,Gold,55884
51469,Female,Urban,High School,5L-10L,1,6,4894,More than 1,A,Platinum,56664
25559,Female,Urban,Others,More than 10L,1,5,4196,1,B,Silver,55452
88714,Male,Urban,Bachelor,5L-10L,0,2,6868,More than 1,A,Platinum,107484
60664,Female,Urban,High School,5L-10L,1,8,4243,More than 1,A,Gold,81492
24423,Female,Rural,High School,2L-5L,0,0,0,1,A,Gold,63528
5584,Female,Rural,High School,5L-10L,1,8,0,1,A,Platinum,30552
24661,Male,Rural,Bachelor,5L-10L,0,1,0,1,A,Silver,43944
54730,Female,Urban,Bachelor,5L-10L,1,5,3042,1,A,Platinum,50808
70896,Male,Rural,Others,5L-10L,1,2,0,1,A,Silver,31044
79676,Female,Urban,Bachelor,5L-10L,0,4,11598,More than 1,A,Silver,107820
79455,Female,Urban,High School,2L-5L,1,3,2225,1,B,Silver,36636
1010,Female,Urban,Bachelor,2L-5L,0,4,7078,More than 1,C,Platinum,65208
87155,Male,Rural,Bachelor,5L-10L,0,7,0,More than 1,B,Silver,74520
6745,Male,Urban,High School,2L-5L,1,4,5880,More than 1,B,Gold,99420
6998,Female,Urban,High School,5L-10L,0,5,5571,More than 1,A,Platinum,57420
766,Male,Rural,Bachelor,More than 10L,1,5,2611,1,A,Silver,61344
8475,Male,Urban,Bachelor,5L-10L,1,4,5301,1,A,Gold,52116
79935,Male,Rural,Bachelor,5L-10L,0,7,0,More than 1,A,Platinum,80544
36277,Female,Rural,High School,5L-10L,1,7,2892,More than 1,A,Silver,99540
59868,Male,Urban,Bachelor,5L-10L,1,5,5359,1,A,Gold,37656
229,Male,Urban,High School,2L-5L,1,6,7782,1,A,Platinum,55476
67082,Male,Rural,Bachelor,5L-10L,0,8,3168,More than 1,B,Gold,68652
28035,Female,Urban,High School,5L-10L,1,5,7533,More than 1,B,Gold,121668
19070,Male,Urban,High School,2L-5L,1,4,6005,More than 1,B,Platinum,67488
51815,Female,Rural,High School,5L-10L,1,4,3528,More than 1,A,Gold,93288
72155,Female,Urban,High School,<=2L,0,7,2711,1,A,Platinum,73020
28405,Male,Urban,High School,5L-10L,0,5,6703,More than 1,A,Silver,114000
18531,Female,Urban,Bachelor,More than 10L,1,7,0,More than 1,A,Gold,193296
19409,Male,Urban,High School,5L-10L,0,2,3491,More than 1,A,Platinum,94584
34762,Male,Urban,Bachelor,5L-10L,1,5,5239,1,A,Platinum,33852
88204,Male,Urban,Bachelor,2L-5L,1,7,3761,More than 1,B,Silver,189204
34031,Female,Rural,Bachelor,2L-5L,1,8,2478,More than 1,B,Platinum,64308
6086,Male,Rural,High School,5L-10L,1,7,2742,More than 1,A,Silver,99636
88209,Male,Urban,Bachelor,5L-10L,0,4,6569,1,A,Silver,36540
62507,Female,Urban,High School,5L-10L,0,6,6460,More than 1,C,Platinum,151416
51010,Male,Urban,High School,5L-10L,1,6,4799,1,B,Platinum,33852
79646,Male,Urban,Bachelor,5L-10L,0,3,9327,1,A,Platinum,55548
29828,Male,Urban,High School,5L-10L,1,5,11005,More than 1,A,Platinum,113052
9636,Male,Rural,Bachelor,5L-10L,0,4,0,1,A,Platinum,30912
47525,Female,Urban,High School,2L-5L,0,0,4287,More than 1,A,Platinum,105132
58254,Male,Urban,High School,5L-10L,1,6,3850,More than 1,A,Gold,96696
42099,Male,Urban,High School,2L-5L,0,5,4951,1,B,Platinum,34128
23218,Male,Urban,Others,2L-5L,1,0,0,1,B,Silver,49980
73443,Female,Rural,High School,More than 10L,1,7,2915,1,A,Platinum,56448
20910,Female,Rural,High School,5L-10L,1,5,6950,1,A,Gold,49368
87722,Female,Urban,Bachelor,2L-5L,1,4,6016,1,A,Gold,32340
26129,Male,Urban,High School,2L-5L,1,5,6795,More than 1,B,Platinum,103800
25311,Female,Urban,Bachelor,2L-5L,0,6,0,More than 1,A,Platinum,60528
50324,Male,Urban,High School,5L-10L,0,6,6956,More than 1,A,Gold,67464
58794,Male,Urban,Bachelor,2L-5L,1,7,3843,More than 1,B,Gold,91824
2594,Female,Rural,Bachelor,5L-10L,0,6,5844,More than 1,B,Silver,65652
65943,Male,Rural,Bachelor,5L-10L,1,5,2479,More than 1,A,Silver,80184
57844,Female,Urban,Bachelor,5L-10L,0,0,5085,More than 1,A,Platinum,154272
9474,Male,Rural,Bachelor,5L-10L,0,3,0,1,A,Gold,44328
74567,Female,Urban,Others,2L-5L,1,6,0,1,B,Gold,54828
64297,Female,Rural,High School,More than 10L,1,8,0,More than 1,A,Silver,101604
18538,Male,Urban,High School,5L-10L,1,6,5395,1,A,Silver,36912
1104,Female,Rural,Bachelor,5L-10L,0,6,2677,More than 1,A,Platinum,100488
87454,Male,Urban,Bachelor,5L-10L,1,1,3854,1,A,Platinum,53256
88042,Female,Urban,High School,2L-5L,1,6,0,More than 1,C,Platinum,70716
47679,Male,Urban,Bachelor,5L-10L,1,6,0,1,C,Platinum,33000
31724,Male,Urban,Bachelor,2L-5L,0,7,7454,More than 1,A,Platinum,149916
2258,Female,Urban,High School,5L-10L,0,6,5357,1,A,Gold,35052
41276,Male,Rural,Bachelor,More than 10L,0,7,0,More than 1,B,Platinum,65148
39991,Male,Urban,High School,2L-5L,0,7,6225,More than 1,B,Gold,64968
61231,Female,Urban,High School,2L-5L,1,5,6213,More than 1,A,Platinum,150996
40702,Female,Urban,High School,More than 10L,0,5,6626,1,A,Platinum,34668
66613,Male,Rural,Bachelor,2L-5L,1,8,0,More than 1,B,Gold,68856
63629,Female,Urban,High School,More than 10L,0,4,4776,1,A,Silver,39780
51878,Female,Rural,High School,More than 10L,0,7,0,1,A,Gold,33084
25789,Female,Urban,Bachelor,More than 10L,0,7,4440,1,A,Platinum,48012
11439,Male,Rural,Bachelor,More than 10L,0,6,2108,1,C,Gold,49956
1690,Male,Rural,Others,5L-10L,1,4,0,1,B,Platinum,42960
63390,Male,Urban,Others,More than 10L,0,3,5685,1,A,Platinum,28788
60413,Male,Rural,High School,More than 10L,0,1,0,1,A,Gold,31824
16845,Female,Urban,Bachelor,5L-10L,1,3,3974,More than 1,A,Platinum,93888
69771,Female,Urban,High School,2L-5L,1,6,3305,More than 1,A,Platinum,243840
73534,Male,Urban,Bachelor,5L-10L,1,2,8080,More than 1,A,Platinum,98904
52413,Female,Urban,Bachelor,More than 10L,0,6,3670,More than 1,A,Platinum,95268
19951,Male,Rural,Others,5L-10L,1,4,2172,More than 1,B,Platinum,63636
87636,Male,Urban,High School,2L-5L,0,8,3814,More than 1,B,Platinum,110628
21317,Male,Rural,Bachelor,5L-10L,1,7,5676,1,A,Platinum,27780
82615,Female,Urban,Bachelor,5L-10L,1,3,3053,More than 1,A,Gold,96516
59986,Male,Rural,Bachelor,5L-10L,1,1,2281,More than 1,A,Platinum,61344
34388,Female,Rural,Bachelor,5L-10L,1,7,2146,1,A,Platinum,34488
23007,Female,Rural,High School,More than 10L,0,7,0,1,A,Gold,33216
5050,Male,Rural,High School,5L-10L,0,4,0,More than 1,A,Platinum,62508
61763,Male,Urban,High School,5L-10L,1,6,4645,1,A,Gold,34572
45805,Male,Rural,Bachelor,5L-10L,0,3,0,More than 1,B,Silver,63516
37303,Female,Rural,High School,More than 10L,0,5,6197,More than 1,A,Silver,107316
62435,Female,Rural,High School,5L-10L,1,0,0,1,A,Silver,41280
78798,Male,Urban,High School,5L-10L,1,8,10157,More than 1,B,Gold,102876
1017,Male,Rural,High School,2L-5L,1,7,0,1,B,Platinum,65184
43666,Male,Urban,Bachelor,5L-10L,1,4,5536,1,A,Platinum,31932
24818,Female,Urban,High School,5L-10L,1,4,5547,1,A,Silver,49692
73331,Female,Rural,Bachelor,More than 10L,0,4,0,More than 1,A,Gold,95148
87089,Female,Urban,Bachelor,5L-10L,0,3,4170,More than 1,A,Platinum,101712
58121,Male,Urban,High School,More than 10L,1,0,3944,More than 1,C,Silver,35964
2956,Male,Urban,High School,2L-5L,0,2,6584,More than 1,A,Platinum,190320
31102,Female,Urban,Bachelor,5L-10L,0,2,8871,More than 1,B,Gold,114804
25203,Female,Rural,High School,5L-10L,0,8,0,More than 1,A,Platinum,68628
87230,Female,Urban,High School,5L-10L,0,8,2647,More than 1,B,Platinum,112944
6470,Male,Urban,High School,2L-5L,0,1,4911,1,A,Silver,35388
56920,Female,Rural,High School,More than 10L,0,1,0,More than 1,B,Silver,105144
72925,Male,Urban,Bachelor,5L-10L,1,0,0,1,A,Platinum,59916
11180,Female,Rural,Bachelor,5L-10L,1,1,2391,1,B,Platinum,33888
52617,Male,Rural,High School,More than 10L,0,0,0,1,A,Platinum,35292
24984,Male,Urban,High School,5L-10L,1,4,6617,More than 1,A,Platinum,104724
27348,Male,Rural,Bachelor,5L-10L,1,4,0,1,C,Gold,30984
69786,Male,Rural,Bachelor,5L-10L,1,2,0,1,A,Gold,43812
61110,Male,Urban,Bachelor,5L-10L,1,4,2791,1,A,Platinum,39012
64177,Female,Urban,Bachelor,5L-10L,1,4,6277,1,A,Platinum,43332
19060,Male,Rural,Bachelor,5L-10L,0,5,2705,1,B,Silver,51180
17331,Male,Urban,Bachelor,5L-10L,0,7,3992,More than 1,A,Platinum,153216
85797,Male,Urban,High School,5L-10L,1,6,2517,More than 1,A,Platinum,98424
56706,Male,Rural,Bachelor,5L-10L,1,4,0,1,A,Gold,33552
5624,Male,Urban,High School,More than 10L,1,2,4304,1,B,Gold,53124
52429,Male,Rural,Others,5L-10L,0,4,7150,More than 1,C,Platinum,109992
5651,Male,Rural,Bachelor,More than 10L,0,5,2431,More than 1,A,Silver,58572
19164,Female,Rural,Others,5L-10L,1,6,0,1,C,Silver,41076
24918,Male,Urban,Bachelor,2L-5L,1,6,3960,More than 1,A,Platinum,91788
15784,Male,Urban,Bachelor,5L-10L,1,5,6299,1,A,Gold,32580
45057,Male,Rural,Bachelor,More than 10L,0,5,3450,More than 1,A,Gold,68532
36984,Male,Urban,Bachelor,2L-5L,0,7,6750,More than 1,A,Gold,374052
11147,Male,Rural,Bachelor,5L-10L,1,4,2034,1,C,Platinum,48636
87363,Female,Urban,Bachelor,More than 10L,0,3,10196,More than 1,A,Platinum,95976
80845,Male,Urban,High School,2L-5L,0,6,5551,More than 1,A,Platinum,64056
81502,Female,Urban,Bachelor,5L-10L,1,3,5383,1,A,Platinum,33876
43085,Male,Rural,High School,More than 10L,0,6,4001,More than 1,A,Platinum,108288
73159,Female,Urban,High School,2L-5L,1,2,5245,1,A,Silver,35892
71042,Male,Rural,High School,5L-10L,0,2,2627,1,B,Platinum,50880
70860,Male,Rural,High School,More than 10L,0,6,2031,1,A,Gold,34308
47953,Male,Rural,High School,5L-10L,1,1,3935,More than 1,B,Silver,49860
76257,Male,Urban,High School,More than 10L,0,6,10254,More than 1,A,Platinum,434328
64228,Male,Rural,Others,More than 10L,1,1,0,1,A,Platinum,31764
86229,Male,Urban,High School,5L-10L,1,3,5076,More than 1,A,Platinum,97752
9834,Male,Rural,High School,More than 10L,1,0,3255,1,A,Gold,54708
71550,Male,Urban,Bachelor,5L-10L,1,4,5517,1,A,Platinum,32040
43669,Male,Urban,High School,5L-10L,0,4,5016,More than 1,A,Platinum,91416
26631,Male,Urban,Bachelor,5L-10L,1,7,10912,More than 1,A,Platinum,203772
68897,Female,Rural,High School,5L-10L,0,4,0,1,B,Silver,56220
11959,Female,Urban,High School,2L-5L,1,1,8340,1,A,Platinum,34476
87160,Male,Rural,Bachelor,5L-10L,0,6,2522,1,A,Platinum,58704
7356,Male,Urban,Bachelor,5L-10L,1,7,2485,1,A,Gold,32388
18907,Female,Urban,High School,5L-10L,1,2,4345,More than 1,A,Silver,106632
26610,Female,Urban,High School,2L-5L,1,7,6232,More than 1,B,Silver,70284
27665,Male,Rural,High School,2L-5L,1,6,0,More than 1,B,Platinum,62652
51120,Male,Urban,High School,5L-10L,0,2,7022,1,A,Gold,62244
24015,Male,Urban,High School,5L-10L,1,3,4040,More than 1,C,Silver,71028
3052,Male,Rural,High School,5L-10L,1,5,2716,1,A,Platinum,49548
66949,Male,Urban,High School,5L-10L,1,1,2103,1,A,Platinum,32328
27003,Female,Rural,Bachelor,5L-10L,1,7,2422,1,A,Platinum,47112
55592,Female,Urban,Bachelor,2L-5L,1,7,5642,1,A,Gold,31656
73210,Male,Rural,Others,5L-10L,0,8,0,1,A,Silver,39384
48835,Male,Urban,Bachelor,2L-5L,0,8,7186,1,C,Gold,61512
23648,Female,Urban,High School,5L-10L,1,4,9583,More than 1,A,Platinum,113904
23266,Male,Urban,High School,5L-10L,1,7,5325,1,A,Gold,38340
65284,Male,Rural,High School,5L-10L,1,6,3212,More than 1,B,Silver,73344
49238,Male,Urban,High School,2L-5L,1,7,6372,1,C,Gold,39936
9410,Female,Rural,Bachelor,2L-5L,0,5,0,More than 1,B,Platinum,66924
22939,Male,Urban,High School,5L-10L,1,6,6435,More than 1,A,Platinum,29004
6082,Female,Urban,Bachelor,5L-10L,1,4,5801,More than 1,C,Platinum,69732
2988,Female,Urban,Bachelor,More than 10L,1,6,4095,More than 1,A,Platinum,102996
45995,Female,Rural,Others,5L-10L,1,6,0,1,A,Silver,67872
68895,Male,Urban,High School,2L-5L,0,7,0,More than 1,A,Platinum,301644
39724,Female,Urban,High School,5L-10L,1,3,5557,More than 1,B,Platinum,107628
20414,Female,Urban,Bachelor,2L-5L,1,7,6654,1,A,Platinum,70608
3950,Male,Urban,Bachelor,2L-5L,0,3,4281,More than 1,B,Gold,126060
37589,Male,Urban,Bachelor,5L-10L,0,4,5427,More than 1,C,Gold,60672
40852,Male,Urban,High School,5L-10L,1,6,4091,More than 1,C,Platinum,106128
66546,Male,Rural,High School,2L-5L,1,6,2162,1,B,Silver,32856
61577,Female,Rural,High School,5L-10L,0,6,0,1,C,Platinum,36456
69249,Male,Rural,Bachelor,2L-5L,1,2,0,1,B,Silver,48636
70956,Female,Urban,High School,5L-10L,1,3,6554,1,A,Platinum,31680
58171,Male,Urban,High School,5L-10L,0,4,5083,1,A,Silver,31032
57537,Female,Rural,Bachelor,5L-10L,1,1,5675,1,C,Silver,47220
19127,Female,Urban,Bachelor,5L-10L,0,7,6159,More than 1,A,Platinum,102780
51916,Female,Urban,High School,5L-10L,1,7,5682,1,A,Platinum,32100
65195,Female,Rural,High School,More than 10L,1,2,3804,1,A,Gold,51816
38950,Male,Rural,High School,More than 10L,1,6,6443,1,A,Silver,45888
2282,Male,Urban,Bachelor,More than 10L,0,4,5580,1,A,Silver,32196
75071,Female,Urban,High School,5L-10L,0,6,10487,More than 1,A,Platinum,61476
46835,Female,Urban,Bachelor,5L-10L,1,1,6291,More than 1,B,Platinum,105672
82683,Male,Urban,Bachelor,5L-10L,1,5,2632,1,A,Silver,39036
88493,Male,Rural,Bachelor,2L-5L,1,6,0,More than 1,B,Platinum,62892
81787,Male,Urban,High School,2L-5L,0,3,4108,More than 1,C,Platinum,107424
87929,Female,Rural,High School,2L-5L,0,6,6168,1,A,Silver,31740
73405,Female,Urban,High School,5L-10L,0,6,14189,More than 1,A,Platinum,61884
74502,Male,Rural,Bachelor,5L-10L,1,0,0,More than 1,A,Platinum,71064
35136,Female,Rural,Bachelor,More than 10L,0,1,0,More than 1,B,Gold,68748
49018,Male,Urban,High School,5L-10L,0,2,6949,1,A,Gold,55620
85048,Male,Urban,High School,More than 10L,0,8,0,More than 1,A,Silver,112404
28675,Male,Rural,High School,More than 10L,0,0,0,More than 1,C,Platinum,136560
72077,Female,Urban,Bachelor,More than 10L,1,4,2521,More than 1,B,Gold,72288
29270,Male,Urban,High School,2L-5L,0,6,4082,More than 1,A,Silver,70704
42319,Female,Urban,High School,5L-10L,1,4,3596,1,A,Gold,35796
52187,Female,Rural,Bachelor,More than 10L,1,4,2302,More than 1,A,Silver,74112
81176,Male,Urban,High School,2L-5L,0,4,4180,More than 1,A,Platinum,92664
55212,Female,Urban,High School,2L-5L,0,4,7404,1,A,Gold,46272
12460,Male,Rural,High School,More than 10L,1,4,4030,More than 1,B,Platinum,74184
50329,Female,Urban,Bachelor,5L-10L,1,7,5711,More than 1,A,Platinum,133632
40834,Male,Rural,High School,5L-10L,0,5,2881,1,B,Platinum,49080
38086,Male,Urban,Bachelor,More than 10L,0,5,12098,More than 1,B,Platinum,97272
36304,Female,Rural,High School,5L-10L,0,1,5094,1,A,Gold,32688
46571,Female,Urban,High School,2L-5L,0,2,6087,More than 1,A,Platinum,64188
82211,Female,Rural,Others,2L-5L,1,5,5472,More than 1,B,Silver,71940
32827,Female,Urban,High School,More than 10L,0,3,3903,More than 1,C,Silver,66108
38860,Female,Urban,High School,More than 10L,1,6,6809,1,A,Silver,34728
9311,Male,Rural,High School,More than 10L,1,2,2662,1,B,Silver,35880
41683,Female,Rural,High School,2L-5L,1,3,3742,1,A,Platinum,55344
55909,Male,Urban,High School,More than 10L,1,5,0,More than 1,B,Platinum,72372
16576,Male,Rural,Bachelor,5L-10L,0,1,0,More than 1,B,Platinum,45732
70659,Male,Urban,Bachelor,5L-10L,0,2,9974,1,A,Silver,33684
54655,Male,Rural,Bachelor,5L-10L,0,7,0,1,A,Platinum,31308
85000,Female,Rural,Bachelor,5L-10L,1,5,0,More than 1,A,Gold,104748
32770,Female,Urban,High School,5L-10L,0,2,6322,More than 1,A,Platinum,60972
48958,Female,Urban,High School,5L-10L,0,4,3688,1,A,Platinum,32352
74813,Male,Rural,Bachelor,5L-10L,0,7,0,More than 1,B,Platinum,111384
11070,Male,Urban,High School,5L-10L,0,1,6089,More than 1,B,Silver,66276
63141,Female,Urban,High School,2L-5L,1,0,2093,1,C,Gold,55248
13259,Male,Urban,High School,More than 10L,1,8,2710,More than 1,A,Silver,68688
61471,Female,Urban,Bachelor,5L-10L,0,4,4041,1,B,Silver,33804
61182,Male,Rural,Bachelor,5L-10L,0,6,0,1,B,Gold,35400
38417,Male,Urban,High School,5L-10L,1,6,4553,1,B,Silver,39036
84479,Female,Urban,Bachelor,5L-10L,1,4,2129,1,A,Gold,31668
44615,Female,Urban,Bachelor,2L-5L,0,7,12302,1,A,Silver,55236
31612,Female,Urban,High School,More than 10L,0,2,0,More than 1,A,Platinum,82044
68510,Female,Urban,High School,2L-5L,0,6,5910,More than 1,A,Platinum,99876
81627,Female,Urban,Bachelor,More than 10L,1,4,4116,More than 1,B,Silver,102312
21532,Male,Rural,Bachelor,5L-10L,0,6,6695,More than 1,A,Platinum,180528
54721,Male,Urban,Bachelor,2L-5L,1,4,0,More than 1,B,Platinum,60012
8339,Male,Urban,High School,5L-10L,1,2,3557,1,C,Gold,34392
81929,Male,Rural,Bachelor,5L-10L,1,8,3087,1,B,Gold,42300
19700,Male,Urban,High School,More than 10L,1,0,5863,More than 1,C,Platinum,126636
71547,Female,Rural,Bachelor,2L-5L,0,8,0,More than 1,B,Gold,63456
76026,Male,Urban,Bachelor,5L-10L,0,7,9066,More than 1,B,Platinum,117396
9709,Female,Rural,Bachelor,5L-10L,0,2,0,1,A,Silver,29796
3405,Male,Urban,Bachelor,2L-5L,1,5,4978,More than 1,B,Silver,79632
60143,Male,Urban,Bachelor,5L-10L,1,3,4062,More than 1,A,Gold,99168
24840,Female,Urban,Bachelor,5L-10L,1,2,4949,More than 1,A,Platinum,101712
76400,Female,Urban,Bachelor,2L-5L,0,4,4838,More than 1,B,Gold,105516
22223,Male,Rural,Bachelor,2L-5L,1,6,5683,1,A,Platinum,30468
83528,Male,Urban,Bachelor,5L-10L,1,7,3896,1,A,Gold,49896
73321,Female,Urban,High School,5L-10L,1,7,5440,More than 1,A,Platinum,146412
22519,Female,Rural,Bachelor,5L-10L,0,3,0,1,B,Platinum,49824
52042,Male,Rural,High School,5L-10L,0,7,0,More than 1,A,Platinum,69072
48546,Male,Urban,High School,2L-5L,1,7,8200,1,A,Silver,54156
17146,Male,Rural,High School,More than 10L,0,8,0,More than 1,A,Gold,60144
6722,Female,Rural,High School,2L-5L,1,7,2237,1,A,Silver,48732
3141,Male,Urban,High School,5L-10L,1,5,4147,More than 1,A,Gold,59760
18096,Female,Urban,Bachelor,5L-10L,1,1,6720,1,A,Platinum,60312
72865,Male,Rural,High School,5L-10L,0,3,4228,1,A,Platinum,60144
30762,Female,Urban,Bachelor,5L-10L,1,5,5743,1,A,Platinum,48048
34751,Male,Urban,High School,5L-10L,0,6,12220,More than 1,A,Silver,110376
54475,Male,Rural,High School,More than 10L,1,4,0,1,B,Platinum,62148
19126,Female,Urban,High School,2L-5L,0,3,2049,More than 1,A,Gold,111756
82365,Male,Urban,Bachelor,5L-10L,1,4,4854,1,A,Gold,37896
76955,Male,Urban,Bachelor,5L-10L,0,7,8046,1,A,Silver,50760
73038,Male,Rural,Bachelor,5L-10L,1,8,2439,More than 1,A,Silver,67332
83882,Male,Rural,Bachelor,5L-10L,1,6,3529,1,A,Platinum,67296
66225,Female,Urban,High School,More than 10L,0,5,0,More than 1,A,Gold,103632
53050,Female,Urban,Bachelor,5L-10L,1,6,4878,More than 1,A,Platinum,104664
74510,Male,Urban,Bachelor,2L-5L,1,0,3723,1,A,Platinum,49200
24480,Male,Urban,Bachelor,5L-10L,0,7,6394,1,A,Platinum,37524
86845,Male,Urban,High School,2L-5L,1,2,3328,More than 1,A,Platinum,100872
15841,Male,Urban,Bachelor,2L-5L,1,5,3517,More than 1,B,Silver,70464
35552,Male,Urban,High School,2L-5L,1,6,5523,1,A,Platinum,38244
7873,Male,Rural,Bachelor,5L-10L,0,0,0,More than 1,A,Gold,31296
63209,Male,Urban,Bachelor,5L-10L,1,4,2853,More than 1,A,Platinum,68844
18614,Female,Rural,High School,5L-10L,1,4,0,1,B,Platinum,65460
83956,Female,Urban,High School,2L-5L,0,5,11044,More than 1,A,Platinum,273156
12087,Female,Rural,Others,2L-5L,0,8,0,1,B,Platinum,53964
13013,Female,Rural,High School,More than 10L,0,7,4344,More than 1,B,Silver,75252
68884,Female,Rural,Bachelor,More than 10L,1,6,3135,More than 1,B,Silver,74952
46008,Female,Urban,Bachelor,5L-10L,0,5,5541,More than 1,B,Silver,73116
11037,Female,Urban,Bachelor,5L-10L,0,6,4486,1,A,Gold,32748
72185,Female,Urban,High School,5L-10L,1,2,6434,More than 1,A,Gold,89328
79817,Female,Rural,Bachelor,5L-10L,1,1,0,1,A,Gold,46548
3156,Female,Urban,High School,2L-5L,0,0,0,More than 1,A,Silver,107364
85735,Male,Urban,High School,5L-10L,0,1,7522,1,A,Platinum,53244
31087,Female,Rural,High School,More than 10L,0,6,0,More than 1,B,Gold,70824
9616,Male,Rural,Bachelor,More than 10L,0,7,0,1,B,Platinum,41856
80478,Male,Urban,High School,5L-10L,0,6,9992,More than 1,A,Platinum,304356
3662,Female,Urban,High School,5L-10L,1,5,5309,1,A,Platinum,31848
73481,Female,Urban,Bachelor,5L-10L,1,0,0,More than 1,C,Platinum,73980
87934,Male,Urban,High School,2L-5L,1,8,4873,1,A,Platinum,52368
75638,Male,Urban,High School,5L-10L,0,2,2677,1,B,Silver,46536
38197,Male,Urban,Bachelor,5L-10L,1,7,6672,More than 1,A,Silver,94044
10516,Female,Rural,Bachelor,More than 10L,0,6,0,More than 1,B,Platinum,36804
20081,Male,Urban,High School,More than 10L,1,7,2463,1,B,Platinum,50268
231,Male,Urban,Bachelor,5L-10L,0,7,2460,1,A,Silver,48240
59755,Male,Urban,Bachelor,5L-10L,1,5,5216,1,A,Gold,32784
5544,Female,Urban,High School,2L-5L,1,0,4481,More than 1,A,Gold,59928
67973,Female,Urban,High School,5L-10L,0,8,3976,1,A,Platinum,35136
42891,Male,Urban,High School,More than 10L,0,6,5731,1,A,Gold,32568
46886,Male,Urban,Bachelor,2L-5L,1,2,2123,1,B,Gold,34176
25757,Male,Urban,Bachelor,5L-10L,0,7,6445,More than 1,B,Platinum,95136
19359,Female,Urban,Bachelor,5L-10L,1,2,5517,1,A,Gold,34560
44923,Male,Urban,High School,5L-10L,1,2,3772,More than 1,A,Gold,93540
14351,Female,Urban,High School,5L-10L,0,4,9381,More than 1,A,Platinum,118884
79855,Female,Urban,Bachelor,5L-10L,1,4,0,1,A,Silver,51144
23071,Male,Rural,High School,5L-10L,0,7,0,More than 1,B,Gold,97716
20875,Female,Urban,Bachelor,5L-10L,1,8,5833,1,C,Silver,67932
11121,Female,Rural,Others,5L-10L,0,6,3162,More than 1,A,Platinum,101232
45615,Male,Urban,High School,2L-5L,1,1,6159,More than 1,A,Platinum,411084
24946,Male,Urban,Bachelor,5L-10L,0,1,3471,More than 1,A,Gold,108000
5921,Male,Urban,High School,2L-5L,1,6,6591,1,B,Gold,31212
16291,Male,Urban,High School,More than 10L,0,7,6306,More than 1,A,Silver,108816
38701,Male,Rural,High School,5L-10L,1,2,0,1,C,Gold,61728
43525,Male,Rural,High School,5L-10L,0,5,2665,More than 1,C,Silver,99408
18590,Male,Rural,High School,5L-10L,1,8,0,1,B,Silver,36252
18175,Female,Urban,High School,5L-10L,1,6,5718,1,A,Gold,51084
51066,Male,Urban,High School,More than 10L,1,6,5312,1,A,Silver,35700
31650,Male,Urban,High School,5L-10L,1,4,6606,1,A,Platinum,31872
3663,Female,Urban,Bachelor,2L-5L,1,6,3471,More than 1,A,Platinum,98220
42147,Male,Urban,High School,5L-10L,1,5,6791,More than 1,A,Gold,343752
87140,Female,Urban,Bachelor,2L-5L,0,7,6211,More than 1,A,Platinum,100284
85894,Male,Urban,High School,2L-5L,1,6,5190,More than 1,A,Platinum,100332
51774,Male,Rural,Bachelor,5L-10L,0,7,2621,More than 1,A,Gold,156528
21296,Male,Urban,High School,5L-10L,0,7,3911,More than 1,A,Gold,107376
52485,Female,Rural,High School,5L-10L,0,5,2155,More than 1,A,Platinum,101724
41375,Female,Urban,High School,5L-10L,0,4,5316,More than 1,A,Gold,120816
20964,Male,Urban,High School,2L-5L,1,6,5202,More than 1,A,Platinum,98376
82222,Male,Urban,Bachelor,5L-10L,1,3,0,More than 1,B,Gold,71784
53328,Male,Urban,High School,5L-10L,1,3,4702,1,B,Gold,42108
79576,Male,Urban,High School,2L-5L,1,2,7233,1,B,Silver,34596
13919,Male,Urban,High School,5L-10L,1,7,3880,1,B,Gold,49008
36174,Female,Rural,High School,5L-10L,1,6,0,More than 1,A,Platinum,60516
87619,Female,Rural,High School,5L-10L,1,2,0,1,A,Platinum,47724
22806,Male,Urban,Others,2L-5L,0,5,4058,1,A,Platinum,54588
19079,Male,Urban,Bachelor,2L-5L,1,8,5461,1,B,Gold,66480
46968,Male,Urban,Bachelor,5L-10L,1,8,3573,More than 1,B,Platinum,101040
66665,Male,Urban,High School,5L-10L,0,0,9384,More than 1,A,Gold,108936
22195,Male,Urban,Bachelor,2L-5L,0,4,4299,1,B,Platinum,40092
83796,Male,Urban,High School,5L-10L,1,7,3826,More than 1,A,Platinum,91404
51185,Male,Rural,High School,5L-10L,1,0,2381,1,B,Silver,35952
26898,Female,Rural,Bachelor,5L-10L,1,1,2267,1,A,Gold,57384
36326,Male,Rural,High School,More than 10L,1,1,2018,More than 1,B,Silver,63888
58632,Male,Rural,Bachelor,5L-10L,1,5,0,More than 1,B,Gold,78672
58823,Female,Rural,Bachelor,5L-10L,1,7,4718,More than 1,A,Silver,95004
57908,Male,Urban,Bachelor,5L-10L,1,0,6365,1,A,Platinum,34704
41810,Male,Urban,High School,5L-10L,1,5,3546,1,B,Platinum,44376
63762,Female,Urban,Others,5L-10L,1,2,9468,More than 1,A,Platinum,30420
34801,Female,Rural,Others,5L-10L,1,7,0,1,C,Silver,29808
39058,Male,Urban,High School,5L-10L,1,8,4199,More than 1,A,Silver,62304
501,Male,Rural,Bachelor,5L-10L,1,7,0,More than 1,B,Silver,68052
58352,Male,Rural,Others,More than 10L,0,4,0,1,B,Silver,62172
43159,Female,Urban,Bachelor,2L-5L,0,5,3072,More than 1,B,Platinum,109464
25387,Male,Urban,Bachelor,5L-10L,1,4,18479,More than 1,A,Platinum,160092
82143,Male,Urban,Bachelor,5L-10L,1,6,5603,1,A,Silver,38256
82044,Female,Rural,Bachelor,2L-5L,1,7,4099,More than 1,A,Silver,100344
81886,Male,Urban,High School,5L-10L,0,5,3766,More than 1,A,Gold,92856
82762,Male,Rural,Bachelor,5L-10L,1,5,3377,1,C,Platinum,33036
70646,Male,Rural,Bachelor,5L-10L,1,0,0,More than 1,A,Platinum,67416
2581,Female,Rural,Bachelor,5L-10L,0,3,0,More than 1,A,Platinum,100872
28225,Male,Urban,High School,5L-10L,0,1,3031,More than 1,A,Gold,98100
10105,Male,Urban,High School,More than 10L,0,1,6242,1,C,Gold,55368
382,Female,Urban,Others,5L-10L,0,5,5556,1,A,Silver,38112
37772,Male,Urban,Bachelor,2L-5L,0,6,7615,More than 1,A,Gold,115104
4723,Female,Urban,Bachelor,5L-10L,1,6,4637,More than 1,B,Gold,70320
22382,Male,Urban,High School,2L-5L,0,7,6440,More than 1,C,Silver,175500
21486,Male,Urban,Bachelor,5L-10L,0,8,9700,More than 1,A,Silver,212616
10534,Female,Urban,High School,5L-10L,0,5,5541,More than 1,A,Gold,113052
80668,Female,Urban,Bachelor,5L-10L,1,7,2234,1,C,Platinum,69264
85550,Male,Urban,High School,2L-5L,1,4,0,1,A,Platinum,34296
3387,Male,Rural,Bachelor,2L-5L,0,5,3305,More than 1,B,Platinum,62604
5369,Female,Urban,Bachelor,5L-10L,0,3,3699,More than 1,C,Gold,99408
3941,Male,Rural,Bachelor,2L-5L,1,7,2123,1,A,Silver,30912
4519,Male,Urban,High School,2L-5L,1,4,4663,1,C,Platinum,31272
32307,Female,Urban,High School,5L-10L,1,7,0,1,B,Platinum,36420
57936,Male,Urban,High School,2L-5L,0,3,5623,1,A,Platinum,35844
32280,Male,Urban,Bachelor,5L-10L,1,4,5894,1,A,Silver,48024
16443,Female,Urban,High School,2L-5L,1,1,3881,1,B,Gold,55068
18017,Male,Urban,Bachelor,5L-10L,1,5,0,More than 1,A,Gold,108144
52949,Male,Rural,Bachelor,5L-10L,1,8,4458,More than 1,B,Platinum,103020
6608,Female,Urban,High School,<=2L,1,7,8031,More than 1,A,Silver,89160
35473,Male,Rural,High School,5L-10L,0,5,4955,1,A,Platinum,32256
51931,Male,Urban,Bachelor,2L-5L,1,2,6199,More than 1,A,Gold,104640
23271,Female,Rural,High School,5L-10L,0,3,2922,1,A,Gold,33228
29306,Male,Urban,High School,5L-10L,1,2,6949,1,B,Platinum,107820
59157,Female,Rural,Others,More than 10L,0,7,0,1,B,Platinum,34764
54149,Male,Rural,Bachelor,5L-10L,0,1,5864,1,B,Gold,35868
27347,Male,Rural,High School,More than 10L,1,4,5828,1,A,Platinum,34776
42073,Male,Rural,High School,5L-10L,1,1,4075,More than 1,A,Gold,69408
38134,Male,Urban,Others,2L-5L,0,6,7635,1,A,Gold,31524
28045,Female,Rural,Bachelor,5L-10L,0,6,4044,1,A,Platinum,55464
31071,Female,Urban,High School,5L-10L,0,4,5880,More than 1,A,Platinum,100860
4417,Female,Rural,Bachelor,5L-10L,1,4,2634,1,A,Gold,52440
27930,Male,Rural,Bachelor,5L-10L,0,6,2700,More than 1,A,Gold,100056
18902,Male,Rural,Bachelor,2L-5L,0,5,5629,More than 1,A,Silver,60456
12745,Female,Urban,Bachelor,2L-5L,0,6,6654,1,A,Silver,47844
70052,Female,Urban,High School,2L-5L,0,1,5036,More than 1,A,Platinum,99216
75381,Female,Rural,Bachelor,5L-10L,0,2,2445,More than 1,A,Platinum,114888
6554,Male,Rural,Bachelor,5L-10L,1,1,0,More than 1,B,Platinum,58836
12057,Female,Urban,Bachelor,5L-10L,1,6,8906,1,B,Silver,41220
34163,Male,Rural,Bachelor,More than 10L,0,8,0,More than 1,B,Platinum,117600
8224,Female,Urban,Bachelor,5L-10L,1,5,5481,1,A,Gold,31140
21102,Male,Urban,Bachelor,5L-10L,1,4,2010,1,A,Platinum,43752
25652,Male,Rural,High School,5L-10L,0,7,6990,1,B,Silver,38376
61462,Male,Rural,Bachelor,5L-10L,1,6,6735,1,C,Gold,69936
17215,Female,Urban,High School,5L-10L,0,5,6342,More than 1,A,Gold,106452
43067,Female,Urban,High School,2L-5L,0,4,3726,More than 1,C,Silver,74988
79923,Female,Urban,Bachelor,5L-10L,0,3,19486,1,A,Platinum,68568
34598,Male,Urban,Bachelor,5L-10L,1,6,7370,More than 1,A,Platinum,279192
52825,Female,Urban,Bachelor,2L-5L,1,6,5258,More than 1,A,Platinum,59352
8768,Male,Rural,Bachelor,More than 10L,1,1,0,1,A,Gold,35760
88884,Female,Urban,High School,5L-10L,1,4,2651,More than 1,A,Platinum,60552
70745,Male,Rural,High School,5L-10L,1,4,0,1,C,Platinum,33588
32475,Male,Urban,Bachelor,2L-5L,0,1,2106,1,A,Gold,40596
75566,Female,Urban,Bachelor,2L-5L,1,1,5142,More than 1,A,Platinum,89052
34805,Male,Rural,Others,More than 10L,1,7,0,1,C,Platinum,32724
71211,Male,Urban,Bachelor,More than 10L,1,7,5984,1,A,Platinum,35004
51457,Male,Urban,High School,2L-5L,1,0,4132,1,A,Gold,35172
3362,Female,Rural,High School,5L-10L,1,6,0,More than 1,A,Platinum,101388
34592,Male,Rural,Bachelor,5L-10L,1,3,2498,More than 1,B,Platinum,95844
1761,Male,Urban,Bachelor,5L-10L,1,1,5140,1,C,Platinum,33672
75788,Female,Rural,High School,5L-10L,0,4,2103,More than 1,A,Silver,67920
13945,Female,Urban,High School,More than 10L,1,5,6109,1,C,Silver,34440
13430,Male,Rural,High School,5L-10L,0,1,18620,1,C,Platinum,59556
82261,Male,Urban,High School,2L-5L,1,4,5503,1,A,Platinum,35316
24120,Female,Urban,Bachelor,5L-10L,0,1,4700,More than 1,A,Platinum,192948
78338,Male,Urban,Bachelor,5L-10L,0,1,6799,1,A,Platinum,51828
32329,Female,Urban,High School,5L-10L,0,6,6682,1,B,Gold,46728
42058,Male,Rural,Bachelor,2L-5L,1,5,4047,More than 1,B,Platinum,88404
7460,Female,Urban,High School,5L-10L,0,8,9516,More than 1,B,Gold,110100
11845,Male,Urban,High School,2L-5L,1,7,4076,More than 1,A,Gold,186552
36946,Female,Urban,Bachelor,2L-5L,0,7,4472,More than 1,B,Gold,88728
1288,Female,Urban,Bachelor,More than 10L,0,5,5931,1,A,Platinum,47244
36705,Male,Rural,Bachelor,5L-10L,1,1,0,1,A,Platinum,30684
71803,Male,Urban,Bachelor,5L-10L,1,8,4169,More than 1,A,Gold,64512
31151,Male,Rural,Bachelor,More than 10L,0,2,0,1,B,Platinum,42228
64276,Male,Rural,High School,2L-5L,1,2,0,1,B,Silver,51228
32934,Male,Rural,Others,5L-10L,0,6,0,1,B,Silver,31008
5485,Female,Urban,Bachelor,5L-10L,1,3,3897,1,A,Silver,57864
58061,Female,Urban,Others,2L-5L,0,1,6836,More than 1,C,Platinum,93492
40424,Male,Urban,Others,5L-10L,1,2,6617,1,A,Platinum,51012
9113,Male,Urban,Bachelor,2L-5L,0,4,6937,More than 1,C,Platinum,106260
48303,Male,Rural,High School,5L-10L,1,5,0,1,A,Gold,34728
1105,Male,Urban,High School,2L-5L,1,6,0,1,B,Platinum,33996
65040,Male,Urban,High School,5L-10L,1,5,2698,1,A,Gold,38448
47802,Male,Urban,High School,2L-5L,0,3,6437,More than 1,B,Platinum,97056
13935,Female,Rural,High School,2L-5L,0,2,4708,1,A,Platinum,55452
6122,Male,Rural,Bachelor,More than 10L,0,1,0,1,C,Silver,31704
88113,Female,Urban,Bachelor,2L-5L,0,2,6056,More than 1,C,Platinum,328944
56589,Male,Urban,Bachelor,5L-10L,1,0,2321,1,A,Silver,35040
14925,Female,Urban,Bachelor,<=2L,0,3,3588,More than 1,A,Platinum,253512
69410,Male,Urban,Bachelor,5L-10L,0,6,4115,More than 1,A,Gold,66252
8245,Female,Urban,Bachelor,2L-5L,1,5,4165,1,A,Platinum,47928
88993,Female,Urban,High School,5L-10L,1,1,4285,1,A,Gold,45120
65899,Female,Urban,Bachelor,2L-5L,1,4,2334,1,C,Silver,47256
33470,Female,Rural,High School,More than 10L,0,1,0,More than 1,B,Platinum,73968
43500,Male,Rural,High School,More than 10L,0,6,0,1,B,Silver,49800
22586,Male,Rural,Bachelor,5L-10L,1,6,3781,1,A,Platinum,51108
20498,Female,Rural,Bachelor,5L-10L,1,2,2713,More than 1,B,Platinum,291336
5180,Male,Urban,High School,2L-5L,0,8,9361,More than 1,B,Platinum,104424
586,Male,Urban,Bachelor,More than 10L,0,4,7533,More than 1,A,Gold,69360
76935,Female,Urban,Bachelor,2L-5L,1,7,6176,1,A,Platinum,36708
36799,Male,Urban,High School,2L-5L,1,7,6499,1,B,Platinum,40392
51835,Male,Urban,Bachelor,2L-5L,0,6,5387,More than 1,B,Silver,252012
54019,Female,Rural,High School,More than 10L,1,7,3044,More than 1,B,Silver,77952
85002,Female,Urban,High School,More than 10L,1,2,0,1,A,Gold,32556
39779,Male,Urban,Bachelor,5L-10L,1,6,5784,More than 1,A,Platinum,55848
64723,Male,Urban,High School,2L-5L,1,5,5312,1,C,Platinum,36060
86890,Male,Rural,Bachelor,2L-5L,1,8,0,1,A,Platinum,43452
69271,Male,Urban,Bachelor,5L-10L,1,6,5132,More than 1,A,Platinum,48936
52382,Male,Urban,High School,5L-10L,0,6,8104,More than 1,A,Platinum,188724
6018,Male,Rural,High School,5L-10L,1,7,0,1,B,Silver,34632
34214,Female,Urban,High School,5L-10L,0,8,6030,1,A,Silver,46092
19979,Male,Urban,Bachelor,5L-10L,1,1,6436,1,B,Gold,57588
18679,Female,Urban,Bachelor,5L-10L,1,8,2121,More than 1,B,Platinum,74520
56390,Male,Urban,Others,2L-5L,1,8,2306,More than 1,B,Silver,56640
83650,Female,Urban,Bachelor,5L-10L,1,6,2562,More than 1,A,Platinum,100884
6161,Male,Urban,High School,More than 10L,0,5,5402,1,A,Gold,32136
38446,Male,Rural,High School,More than 10L,1,6,0,More than 1,B,Silver,61104
4956,Female,Rural,High School,5L-10L,0,6,0,1,B,Platinum,47484
29603,Female,Urban,High School,More than 10L,1,6,0,1,A,Platinum,34500
3649,Male,Rural,Bachelor,2L-5L,1,0,3561,More than 1,B,Gold,64224
34735,Male,Rural,Bachelor,5L-10L,0,6,6533,More than 1,C,Silver,97656
28934,Male,Urban,Bachelor,5L-10L,1,7,6384,More than 1,A,Platinum,96408
14415,Female,Urban,High School,2L-5L,1,2,9224,More than 1,C,Platinum,143664
43682,Female,Urban,High School,5L-10L,1,5,7365,More than 1,A,Platinum,105600
8596,Female,Urban,High School,More than 10L,1,8,4097,1,B,Silver,49092
37067,Male,Rural,Bachelor,5L-10L,0,0,2113,More than 1,A,Gold,94680
16615,Male,Rural,Bachelor,More than 10L,0,0,5222,1,B,Gold,48312
45543,Male,Urban,High School,More than 10L,1,6,6516,More than 1,A,Platinum,98616
8219,Female,Urban,Bachelor,5L-10L,1,5,6559,More than 1,A,Platinum,108780
45838,Male,Urban,Bachelor,5L-10L,0,4,5244,1,A,Gold,31500
67768,Female,Urban,High School,5L-10L,1,6,7720,More than 1,A,Silver,69384
83070,Male,Urban,Bachelor,5L-10L,1,6,3531,More than 1,A,Gold,67032
72596,Female,Rural,Others,More than 10L,0,6,2805,1,A,Gold,54696
33623,Female,Urban,Bachelor,5L-10L,1,6,11102,More than 1,A,Gold,98916
84218,Male,Urban,High School,5L-10L,0,7,5364,More than 1,A,Platinum,220140
77220,Male,Urban,Bachelor,5L-10L,1,7,3837,More than 1,A,Platinum,369792
29908,Male,Urban,High School,5L-10L,0,3,0,More than 1,A,Platinum,111216
18974,Female,Urban,Bachelor,5L-10L,1,4,0,1,A,Gold,66864
42369,Male,Rural,Others,5L-10L,1,3,3172,More than 1,A,Platinum,59880
57501,Male,Urban,Bachelor,5L-10L,1,3,5656,1,A,Platinum,33588
65715,Female,Urban,High School,2L-5L,0,5,10878,More than 1,A,Silver,69516
75731,Male,Urban,Others,5L-10L,1,3,4372,1,C,Silver,51408
12116,Male,Urban,Bachelor,5L-10L,0,4,8015,More than 1,A,Platinum,64776
51628,Male,Urban,High School,5L-10L,1,1,6073,More than 1,C,Platinum,67080
9776,Male,Rural,Others,5L-10L,1,6,0,1,A,Silver,50484
12190,Male,Urban,High School,2L-5L,1,3,7218,More than 1,A,Gold,100764
61542,Female,Rural,High School,5L-10L,1,1,5642,1,C,Silver,65196
19396,Male,Rural,High School,5L-10L,1,1,0,1,A,Platinum,34704
39857,Female,Urban,Bachelor,2L-5L,1,7,6130,1,B,Platinum,65244
30272,Female,Urban,Bachelor,2L-5L,0,5,3564,More than 1,A,Gold,63192
27517,Male,Urban,Bachelor,5L-10L,1,6,5942,More than 1,A,Platinum,104232
58672,Male,Urban,Bachelor,2L-5L,1,3,11856,More than 1,B,Platinum,119964
66030,Female,Rural,High School,5L-10L,1,6,6957,1,B,Silver,40872
3287,Male,Rural,High School,More than 10L,1,4,3171,More than 1,A,Platinum,59028
84714,Male,Rural,Bachelor,5L-10L,1,8,0,More than 1,B,Silver,69768
47377,Female,Urban,Bachelor,5L-10L,1,3,4600,1,A,Platinum,34152
38314,Female,Urban,Bachelor,5L-10L,1,5,6310,More than 1,A,Silver,71040
24669,Male,Urban,Bachelor,5L-10L,1,4,0,1,C,Gold,52560
56181,Female,Rural,High School,More than 10L,1,3,0,1,A,Platinum,31284
38912,Male,Urban,High School,2L-5L,0,7,5321,1,B,Silver,37092
4054,Female,Urban,Bachelor,5L-10L,1,5,4674,1,A,Gold,34128
19764,Male,Rural,High School,More than 10L,0,0,2039,1,B,Silver,53400
68577,Female,Urban,Bachelor,5L-10L,1,7,3162,More than 1,B,Silver,69372
36175,Male,Urban,High School,5L-10L,0,3,4457,More than 1,A,Silver,104028
62842,Male,Urban,Bachelor,5L-10L,1,6,12207,1,B,Platinum,64404
35419,Male,Urban,High School,More than 10L,1,6,5166,1,A,Platinum,33492
18548,Male,Rural,Bachelor,5L-10L,0,1,0,More than 1,C,Platinum,63780
56148,Female,Rural,Bachelor,More than 10L,0,6,3783,More than 1,A,Platinum,75168
31885,Female,Urban,High School,More than 10L,0,1,3184,More than 1,A,Gold,98364
54280,Female,Urban,High School,More than 10L,1,7,6611,1,A,Silver,45384
53739,Male,Urban,High School,5L-10L,1,4,4823,1,A,Platinum,34068
72443,Male,Urban,Bachelor,<=2L,1,7,6421,More than 1,A,Platinum,126564
34975,Male,Urban,High School,2L-5L,1,2,6161,More than 1,A,Platinum,112956
8598,Female,Urban,High School,5L-10L,0,2,2386,More than 1,B,Silver,97116
50163,Male,Urban,High School,2L-5L,0,5,5491,1,B,Platinum,61140
52195,Male,Urban,Bachelor,5L-10L,0,2,9488,More than 1,A,Gold,270012
3687,Female,Rural,High School,5L-10L,0,6,5898,1,C,Platinum,61284
2650,Female,Urban,High School,2L-5L,0,4,0,More than 1,B,Silver,192204
83679,Female,Rural,High School,5L-10L,1,0,0,1,A,Silver,47304
61405,Female,Rural,Bachelor,2L-5L,0,6,2938,More than 1,B,Silver,66792
6711,Female,Rural,High School,5L-10L,1,7,3711,1,B,Silver,54624
67500,Male,Urban,Bachelor,5L-10L,1,5,7601,1,B,Platinum,52692
80343,Male,Rural,Bachelor,5L-10L,1,4,0,1,C,Gold,36600
17275,Female,Rural,Bachelor,2L-5L,1,7,0,1,B,Platinum,36936
27041,Male,Rural,High School,5L-10L,0,5,4448,1,A,Gold,45804
20678,Female,Urban,High School,More than 10L,1,3,3709,More than 1,A,Gold,137688
42234,Female,Rural,Bachelor,5L-10L,0,6,3096,More than 1,A,Platinum,99948
78507,Male,Urban,Bachelor,2L-5L,0,4,5906,1,B,Silver,44412
16520,Female,Rural,High School,5L-10L,0,7,0,1,B,Platinum,37908
56951,Male,Urban,High School,5L-10L,1,1,5124,1,A,Platinum,34704
65440,Female,Urban,High School,5L-10L,0,7,3135,1,B,Gold,51540
78068,Female,Rural,High School,2L-5L,0,8,0,More than 1,B,Platinum,63240
43697,Female,Urban,High School,More than 10L,0,6,5445,1,A,Gold,35328
20007,Male,Urban,Bachelor,5L-10L,0,2,4628,More than 1,A,Gold,71484
12891,Male,Urban,High School,2L-5L,0,7,2225,More than 1,B,Platinum,97392
65109,Male,Urban,Bachelor,2L-5L,0,2,5976,1,A,Gold,38112
72424,Male,Rural,High School,2L-5L,0,8,2175,More than 1,A,Gold,151956
5835,Male,Urban,Bachelor,<=2L,0,5,4457,1,A,Silver,61500
71339,Male,Urban,Bachelor,5L-10L,0,8,16505,More than 1,A,Gold,70884
65712,Female,Urban,High School,5L-10L,0,4,3693,More than 1,A,Platinum,66396
21481,Male,Urban,Others,More than 10L,1,6,3401,More than 1,A,Platinum,69468
49775,Male,Urban,Bachelor,5L-10L,0,5,5476,1,A,Silver,32376
83092,Male,Rural,Bachelor,5L-10L,1,6,0,More than 1,A,Platinum,62400
88529,Male,Rural,Bachelor,5L-10L,1,7,2257,More than 1,B,Silver,73188
78204,Male,Rural,Bachelor,2L-5L,1,5,0,More than 1,A,Gold,117960
44848,Male,Urban,High School,More than 10L,1,2,3787,More than 1,A,Gold,89856
302,Female,Urban,High School,5L-10L,1,1,0,More than 1,A,Silver,624216
41223,Female,Rural,High School,5L-10L,0,4,0,1,C,Gold,34752
33183,Male,Urban,Bachelor,5L-10L,1,2,0,More than 1,B,Gold,59676
16470,Male,Urban,Bachelor,5L-10L,1,6,11749,More than 1,A,Silver,71052
45479,Male,Urban,High School,5L-10L,0,4,4147,1,A,Platinum,54204
59750,Female,Urban,Bachelor,More than 10L,0,3,7203,More than 1,A,Platinum,178272
78285,Male,Urban,Bachelor,5L-10L,1,4,4892,1,C,Silver,31512
81178,Male,Urban,High School,2L-5L,0,6,3700,1,A,Gold,49380
53643,Female,Urban,Others,5L-10L,0,4,4019,1,A,Platinum,50244
83559,Female,Urban,Bachelor,5L-10L,1,0,3657,More than 1,B,Platinum,71076
19178,Male,Urban,Bachelor,5L-10L,1,7,6014,More than 1,A,Gold,72720
53186,Female,Rural,High School,5L-10L,0,5,10146,1,A,Platinum,54228
47671,Male,Urban,Bachelor,2L-5L,1,5,2986,1,C,Platinum,46572
27610,Female,Urban,High School,5L-10L,1,4,4753,1,A,Gold,31860
11224,Male,Urban,High School,5L-10L,1,1,6339,1,A,Platinum,57228
40456,Male,Rural,Bachelor,More than 10L,0,5,0,More than 1,B,Platinum,63528
76962,Male,Urban,High School,5L-10L,0,6,4126,1,A,Silver,52680
1129,Female,Urban,Bachelor,5L-10L,1,4,3445,More than 1,B,Platinum,63924
34884,Male,Rural,Others,5L-10L,0,1,2107,1,B,Gold,29328
171,Male,Rural,Bachelor,More than 10L,1,5,2280,More than 1,A,Platinum,103740
2006,Male,Urban,High School,5L-10L,1,6,0,1,C,Platinum,30516
64368,Male,Urban,Bachelor,2L-5L,0,7,6186,More than 1,B,Gold,86580
23817,Male,Urban,Bachelor,2L-5L,1,6,7044,More than 1,B,Silver,90984
29612,Male,Urban,Others,2L-5L,1,5,6014,More than 1,A,Platinum,111048
18803,Female,Rural,High School,More than 10L,1,3,0,More than 1,A,Gold,99324
16986,Male,Urban,High School,5L-10L,1,2,5940,1,A,Silver,34272
236,Male,Urban,Bachelor,5L-10L,0,7,2363,1,A,Platinum,33612
50459,Female,Urban,High School,5L-10L,1,6,0,More than 1,C,Silver,266736
73511,Male,Urban,High School,5L-10L,0,4,7125,1,A,Silver,54360
2706,Male,Urban,High School,2L-5L,1,7,6858,More than 1,C,Platinum,111900
16082,Male,Urban,High School,<=2L,1,6,6125,1,A,Platinum,49824
44730,Male,Urban,Bachelor,2L-5L,1,4,0,1,A,Silver,33384
10131,Female,Urban,High School,2L-5L,1,0,11110,More than 1,A,Gold,96984
50390,Male,Urban,Bachelor,5L-10L,1,6,0,More than 1,B,Silver,63516
31325,Male,Rural,Bachelor,5L-10L,1,6,2915,1,A,Platinum,55284
28374,Female,Urban,High School,5L-10L,0,0,7926,More than 1,A,Silver,115464
41713,Female,Rural,Bachelor,More than 10L,0,6,2205,1,A,Silver,35904
49432,Female,Rural,Bachelor,More than 10L,0,1,3292,More than 1,B,Platinum,106368
48717,Male,Urban,High School,More than 10L,0,4,3988,1,A,Gold,41112
25368,Male,Urban,Bachelor,2L-5L,1,7,4160,1,B,Gold,40944
66095,Male,Urban,Bachelor,5L-10L,1,1,8217,1,A,Platinum,46008
85888,Male,Urban,Bachelor,5L-10L,0,3,3966,More than 1,C,Platinum,62028
9423,Male,Urban,High School,5L-10L,1,5,6295,More than 1,A,Silver,53724
77949,Female,Urban,High School,5L-10L,1,2,4657,1,B,Gold,37716
22064,Female,Urban,High School,5L-10L,1,4,2421,More than 1,A,Silver,109536
16803,Female,Urban,Bachelor,More than 10L,1,5,2256,More than 1,B,Silver,67428
74742,Male,Urban,Bachelor,5L-10L,1,7,0,More than 1,A,Platinum,137364
69589,Male,Urban,High School,5L-10L,0,6,0,1,A,Platinum,37212
62529,Female,Rural,High School,5L-10L,1,0,0,More than 1,B,Platinum,65412
47931,Male,Urban,Bachelor,2L-5L,1,0,5119,1,A,Platinum,34032
73637,Female,Rural,High School,5L-10L,0,4,6387,1,A,Silver,48828
8109,Female,Urban,High School,More than 10L,0,8,5141,1,A,Gold,44304
25792,Male,Rural,High School,5L-10L,1,4,2788,More than 1,B,Platinum,66672
29002,Male,Urban,High School,5L-10L,1,4,5859,1,A,Platinum,59568
11030,Male,Rural,High School,More than 10L,1,2,2834,1,C,Gold,30096
2283,Male,Urban,Bachelor,More than 10L,0,0,3115,1,A,Gold,30744
62331,Male,Rural,Bachelor,More than 10L,0,7,3782,1,B,Platinum,53232
34824,Male,Rural,Bachelor,5L-10L,1,1,2232,1,A,Platinum,51744
5137,Male,Rural,Bachelor,More than 10L,1,5,2583,1,C,Silver,62532
5748,Female,Urban,Bachelor,5L-10L,1,5,3877,More than 1,A,Platinum,64332
6363,Female,Urban,High School,5L-10L,1,7,6543,More than 1,A,Gold,106236
74167,Male,Urban,Bachelor,5L-10L,0,7,5589,More than 1,A,Platinum,257520
77858,Male,Urban,Bachelor,5L-10L,0,6,10558,1,A,Platinum,47136
87069,Male,Urban,High School,5L-10L,1,6,2170,1,A,Gold,34176
45118,Female,Urban,Others,5L-10L,1,4,3635,More than 1,B,Silver,61704
71459,Male,Urban,High School,5L-10L,0,4,5994,More than 1,B,Gold,100992
16022,Male,Rural,High School,5L-10L,0,6,2675,1,B,Platinum,45360
73779,Female,Rural,Bachelor,5L-10L,1,4,4383,1,A,Platinum,32496
67950,Male,Urban,High School,5L-10L,1,8,3862,More than 1,A,Platinum,99396
42424,Female,Urban,Bachelor,5L-10L,1,2,6940,More than 1,A,Platinum,473004
76256,Female,Urban,High School,5L-10L,1,6,6425,1,C,Platinum,51480
2977,Male,Urban,Bachelor,2L-5L,0,5,5551,1,A,Silver,46512
43870,Male,Urban,High School,5L-10L,0,2,6359,1,A,Platinum,35136
51746,Female,Urban,High School,5L-10L,1,2,9097,1,A,Silver,30000
37390,Male,Rural,Bachelor,More than 10L,0,5,0,More than 1,B,Platinum,68148
71753,Male,Rural,Bachelor,5L-10L,1,7,0,1,A,Gold,51480
66705,Male,Urban,Bachelor,2L-5L,1,6,6481,1,A,Silver,70524
9050,Female,Urban,High School,5L-10L,1,6,6467,1,A,Gold,60588
81124,Male,Rural,Bachelor,5L-10L,1,2,0,1,A,Silver,35796
27829,Female,Urban,High School,5L-10L,1,7,0,1,A,Platinum,42120
78331,Male,Urban,High School,2L-5L,1,6,3753,More than 1,A,Silver,135204
83907,Male,Rural,Bachelor,5L-10L,1,7,0,More than 1,B,Silver,62856
22795,Male,Urban,Bachelor,5L-10L,1,7,7738,1,A,Silver,42168
68948,Male,Urban,High School,More than 10L,1,2,4296,More than 1,A,Platinum,97164
56196,Male,Rural,High School,More than 10L,1,5,2454,More than 1,A,Platinum,62496
85787,Female,Urban,Bachelor,5L-10L,1,8,3872,1,A,Silver,37212
74393,Male,Rural,Others,5L-10L,0,5,0,1,B,Silver,33612
13795,Male,Rural,Bachelor,5L-10L,1,6,2062,More than 1,B,Platinum,77772
32963,Female,Rural,Others,5L-10L,1,5,5162,1,B,Silver,33888
57785,Male,Urban,High School,<=2L,1,4,0,1,A,Silver,31452
328,Female,Urban,High School,5L-10L,1,3,5686,1,B,Platinum,71292
85195,Female,Urban,Bachelor,5L-10L,0,1,3782,More than 1,A,Platinum,110136
47166,Female,Rural,High School,5L-10L,1,7,0,More than 1,A,Silver,107508
17389,Female,Urban,Bachelor,2L-5L,0,8,4861,More than 1,B,Silver,101076
15639,Male,Urban,High School,2L-5L,1,2,0,More than 1,B,Silver,138672
56,Male,Rural,High School,5L-10L,1,1,3170,1,C,Platinum,49404
11822,Male,Rural,Bachelor,5L-10L,1,6,0,More than 1,A,Platinum,98724
10443,Male,Rural,High School,2L-5L,1,4,0,1,A,Gold,45396
3574,Male,Rural,High School,More than 10L,1,3,0,More than 1,B,Platinum,60312
2072,Male,Urban,Bachelor,5L-10L,1,3,6372,1,A,Gold,31908
12651,Male,Urban,Bachelor,More than 10L,0,6,5127,1,A,Platinum,32196
44603,Male,Urban,Bachelor,5L-10L,1,1,3078,More than 1,B,Silver,71760
59528,Male,Urban,High School,More than 10L,1,4,2100,1,A,Gold,34524
75824,Male,Urban,Bachelor,5L-10L,1,6,6122,1,A,Platinum,46668
34986,Female,Urban,High School,5L-10L,1,8,4452,More than 1,A,Platinum,312288
56028,Male,Rural,High School,5L-10L,1,6,2642,1,A,Gold,53448
7660,Female,Urban,Bachelor,2L-5L,0,6,6334,More than 1,A,Gold,64512
87895,Male,Urban,Bachelor,2L-5L,1,6,4048,More than 1,A,Platinum,68208
1798,Female,Urban,High School,More than 10L,0,5,2607,More than 1,A,Silver,102672
5990,Male,Rural,Bachelor,5L-10L,1,8,0,1,C,Gold,32724
38516,Female,Rural,High School,5L-10L,0,5,2598,More than 1,B,Platinum,72072
58248,Female,Rural,Bachelor,5L-10L,0,7,0,1,A,Silver,38724
72609,Male,Urban,Bachelor,2L-5L,1,6,5288,More than 1,A,Platinum,102744
39209,Female,Urban,High School,5L-10L,1,1,7223,More than 1,A,Gold,93096
38227,Female,Urban,Bachelor,<=2L,1,6,7291,1,B,Platinum,46512
17143,Female,Urban,High School,5L-10L,0,0,12662,1,B,Gold,53568
41408,Male,Rural,High School,More than 10L,1,5,5220,1,A,Gold,38064
57150,Female,Rural,Bachelor,5L-10L,0,4,3292,1,A,Silver,39696
86029,Female,Urban,High School,2L-5L,0,2,4193,More than 1,A,Gold,106848
1058,Female,Rural,High School,5L-10L,1,7,4440,More than 1,A,Silver,99708
71662,Female,Urban,High School,2L-5L,1,1,5752,1,A,Gold,47508
2699,Female,Rural,Bachelor,5L-10L,1,6,0,1,A,Silver,56388
4934,Female,Urban,High School,5L-10L,0,4,5142,More than 1,A,Platinum,101628
73657,Female,Rural,Bachelor,5L-10L,1,8,0,More than 1,B,Platinum,68760
74401,Female,Rural,Bachelor,More than 10L,1,7,2034,1,B,Silver,63900
53951,Male,Urban,Bachelor,2L-5L,0,6,0,1,B,Platinum,43512
35561,Female,Urban,High School,5L-10L,1,8,4077,1,B,Silver,58944
28512,Male,Urban,Bachelor,2L-5L,1,6,2400,More than 1,A,Silver,162024
58995,Female,Urban,High School,5L-10L,1,3,9251,1,A,Platinum,43416
79610,Female,Rural,High School,More than 10L,0,5,5869,1,C,Gold,36504
60243,Female,Rural,Bachelor,2L-5L,1,6,0,More than 1,B,Silver,74232
72468,Male,Urban,Bachelor,5L-10L,1,1,2068,1,C,Silver,35268
5509,Female,Urban,High School,<=2L,1,7,5248,More than 1,A,Silver,119160
72711,Male,Rural,High School,5L-10L,1,3,3852,More than 1,A,Platinum,86388
27171,Male,Rural,Bachelor,2L-5L,1,6,3878,More than 1,B,Platinum,67404
61654,Female,Rural,High School,5L-10L,0,6,0,More than 1,C,Platinum,79668
27561,Male,Rural,High School,5L-10L,0,7,3220,More than 1,A,Platinum,75240
31806,Male,Urban,High School,5L-10L,1,6,12587,More than 1,A,Silver,104148
37264,Female,Urban,High School,5L-10L,0,7,6700,More than 1,A,Platinum,105432
14041,Female,Rural,Bachelor,More than 10L,1,4,0,More than 1,A,Platinum,65976
82650,Male,Urban,High School,5L-10L,0,7,6943,1,A,Platinum,42192
8742,Female,Rural,Bachelor,5L-10L,1,7,0,More than 1,A,Gold,74496
1236,Male,Urban,High School,5L-10L,1,7,6317,1,B,Platinum,40716
70981,Male,Rural,High School,5L-10L,1,0,0,1,B,Platinum,31560
13350,Male,Urban,High School,5L-10L,0,4,2125,More than 1,B,Platinum,279060
79556,Female,Urban,Bachelor,5L-10L,0,7,5465,1,A,Platinum,51420
86122,Male,Urban,Bachelor,2L-5L,1,3,3943,1,C,Gold,47160
30208,Female,Rural,High School,5L-10L,1,3,2475,More than 1,A,Platinum,71244
43219,Female,Urban,Bachelor,5L-10L,0,3,6072,More than 1,A,Platinum,99648
48264,Male,Urban,Bachelor,2L-5L,0,2,3365,More than 1,A,Platinum,98748
34298,Male,Urban,Bachelor,More than 10L,0,2,0,More than 1,B,Silver,72144
75582,Female,Urban,High School,5L-10L,1,0,3191,More than 1,C,Gold,86412
1069,Female,Urban,Bachelor,5L-10L,0,6,10491,More than 1,C,Silver,68460
76458,Male,Rural,Bachelor,More than 10L,0,4,0,1,C,Silver,38712
78787,Female,Urban,High School,5L-10L,0,0,7714,1,A,Platinum,52476
28364,Female,Urban,Bachelor,5L-10L,1,6,2064,1,A,Platinum,41568
17703,Female,Urban,High School,5L-10L,0,2,2225,More than 1,A,Gold,44040
42421,Male,Urban,Bachelor,2L-5L,0,5,5772,1,A,Gold,30504
9798,Female,Rural,High School,More than 10L,0,5,0,More than 1,A,Platinum,37764
71749,Female,Urban,Others,5L-10L,1,8,6790,1,A,Gold,57456
34210,Female,Urban,High School,2L-5L,0,5,5080,More than 1,A,Platinum,130620
51718,Female,Urban,High School,5L-10L,1,2,3447,More than 1,A,Gold,197556
75669,Male,Urban,High School,5L-10L,1,3,5927,1,A,Silver,36276
64457,Female,Rural,Bachelor,More than 10L,1,1,0,1,C,Gold,35616
61525,Male,Urban,High School,2L-5L,0,6,5586,More than 1,B,Silver,36684
41483,Female,Urban,High School,2L-5L,1,5,6199,1,A,Silver,33468
56213,Male,Urban,Bachelor,2L-5L,0,6,6068,More than 1,B,Silver,338124
59311,Male,Urban,High School,5L-10L,1,2,6513,1,A,Platinum,35004
48559,Male,Rural,High School,5L-10L,1,7,0,1,B,Gold,35532
41496,Male,Rural,Bachelor,5L-10L,0,6,3003,More than 1,A,Silver,88848
43903,Male,Urban,Bachelor,5L-10L,1,3,3807,More than 1,A,Silver,90636
21962,Female,Urban,Others,5L-10L,1,8,6094,1,A,Silver,54096
21760,Female,Urban,High School,5L-10L,1,4,2952,More than 1,B,Gold,74436
35317,Male,Urban,Bachelor,<=2L,0,2,5412,1,A,Silver,60852
79440,Female,Rural,Bachelor,5L-10L,1,5,0,1,A,Gold,53532
9472,Male,Urban,High School,2L-5L,1,7,0,More than 1,C,Silver,70200
60110,Female,Rural,Others,5L-10L,1,2,0,More than 1,C,Gold,63624
49126,Male,Urban,Bachelor,More than 10L,0,6,0,More than 1,B,Gold,67860
1989,Female,Rural,High School,5L-10L,0,1,6561,1,A,Platinum,39336
20432,Female,Urban,Bachelor,5L-10L,0,4,2335,More than 1,B,Silver,116424
26619,Male,Rural,Bachelor,5L-10L,1,4,3547,1,B,Silver,50280
12380,Male,Urban,Bachelor,5L-10L,1,6,6910,More than 1,B,Platinum,48744
86654,Male,Rural,Bachelor,5L-10L,1,3,5041,More than 1,A,Platinum,95520
12980,Male,Urban,High School,5L-10L,0,6,0,More than 1,B,Gold,64296
54479,Male,Rural,High School,5L-10L,0,7,0,More than 1,B,Platinum,100044
72899,Male,Urban,High School,5L-10L,0,4,7129,More than 1,B,Gold,73332
24709,Female,Urban,High School,5L-10L,0,3,4198,1,B,Gold,33972
32407,Female,Rural,Bachelor,More than 10L,0,7,0,More than 1,B,Gold,103092
30515,Male,Urban,High School,2L-5L,1,2,5776,1,A,Gold,29532
59396,Male,Rural,High School,5L-10L,1,6,3488,1,A,Platinum,48120
45253,Female,Urban,High School,2L-5L,0,7,4778,1,B,Platinum,46416
31127,Male,Urban,High School,5L-10L,0,7,3985,1,A,Silver,47580
34919,Male,Urban,High School,2L-5L,0,7,4021,1,B,Platinum,47976
20793,Male,Urban,Bachelor,5L-10L,1,8,6909,1,B,Platinum,43176
16036,Female,Urban,High School,5L-10L,0,6,8902,1,B,Silver,51240
24619,Female,Rural,High School,2L-5L,0,2,3521,More than 1,B,Gold,103284
10294,Female,Urban,High School,More than 10L,0,5,4879,1,A,Gold,35460
75440,Female,Urban,Bachelor,More than 10L,0,4,5251,More than 1,B,Silver,124692
241,Male,Urban,High School,5L-10L,0,3,7171,More than 1,C,Platinum,94980
61414,Male,Rural,Bachelor,More than 10L,1,0,0,1,A,Gold,73992
30372,Male,Urban,High School,5L-10L,1,2,10102,1,A,Silver,49104
24820,Female,Urban,Bachelor,5L-10L,0,5,6144,1,A,Platinum,64200
37032,Female,Urban,High School,5L-10L,0,7,12792,1,A,Gold,50688
56770,Male,Urban,Bachelor,5L-10L,1,6,6249,1,C,Platinum,50928
167,Female,Urban,High School,5L-10L,1,7,3810,More than 1,A,Gold,153648
81090,Female,Urban,Bachelor,5L-10L,0,6,5731,1,A,Platinum,44556
21160,Male,Urban,Others,5L-10L,1,7,5302,1,A,Gold,33888
80380,Female,Rural,High School,More than 10L,1,2,0,1,B,Platinum,31356
36960,Female,Urban,Bachelor,5L-10L,0,7,3997,More than 1,A,Platinum,103908
14818,Female,Urban,High School,More than 10L,1,7,3819,1,B,Silver,45672
11794,Female,Urban,High School,More than 10L,0,7,6777,More than 1,A,Gold,97668
65331,Male,Urban,High School,More than 10L,1,1,0,More than 1,C,Gold,170580
45065,Female,Urban,Bachelor,5L-10L,1,5,0,1,A,Platinum,44832
88670,Female,Rural,Bachelor,More than 10L,0,6,2159,1,B,Platinum,31992
49424,Male,Urban,Others,More than 10L,1,6,4272,1,A,Gold,44736
40823,Female,Rural,Bachelor,5L-10L,1,5,0,1,A,Platinum,33888
41966,Female,Urban,High School,2L-5L,1,7,6585,1,C,Silver,33144
5437,Female,Urban,Others,5L-10L,1,5,4329,More than 1,A,Platinum,96108
26873,Male,Urban,Bachelor,2L-5L,0,4,6305,1,A,Gold,44688
54050,Male,Urban,Bachelor,5L-10L,1,0,2187,More than 1,B,Silver,68808
5079,Male,Urban,Bachelor,5L-10L,1,6,8532,More than 1,B,Gold,110976
11706,Female,Urban,High School,5L-10L,1,6,6089,1,A,Silver,49632
25526,Male,Rural,High School,5L-10L,1,5,4018,1,A,Platinum,47676
51191,Female,Urban,Bachelor,2L-5L,0,1,5451,More than 1,B,Gold,68256
86547,Female,Urban,High School,5L-10L,0,5,6336,1,A,Platinum,52980
85744,Male,Rural,High School,5L-10L,1,2,7727,More than 1,B,Platinum,65664
62184,Male,Rural,Bachelor,5L-10L,1,5,2124,1,B,Gold,32424
556,Male,Urban,High School,5L-10L,1,2,5925,More than 1,B,Platinum,92496
2018,Male,Urban,Bachelor,5L-10L,1,0,4304,More than 1,A,Silver,104784
58655,Female,Urban,Others,5L-10L,0,2,0,More than 1,A,Platinum,60348
9411,Female,Urban,Bachelor,2L-5L,1,6,5639,More than 1,B,Gold,96660
11072,Male,Urban,High School,5L-10L,1,0,3844,More than 1,A,Platinum,47808
45311,Male,Urban,High School,5L-10L,1,8,2099,More than 1,A,Platinum,97812
70334,Female,Urban,Bachelor,More than 10L,0,3,2602,More than 1,A,Platinum,104772
27327,Female,Urban,High School,5L-10L,0,5,5184,1,A,Platinum,30348
75512,Male,Urban,High School,5L-10L,1,1,9553,More than 1,A,Gold,71268
6811,Female,Urban,Bachelor,5L-10L,0,2,4983,1,A,Silver,33744
29454,Male,Rural,High School,More than 10L,1,1,2379,More than 1,A,Platinum,67476
40015,Male,Urban,Bachelor,<=2L,0,5,5172,1,C,Platinum,64584
308,Male,Urban,Bachelor,5L-10L,1,7,6908,More than 1,A,Platinum,89652
46302,Female,Rural,High School,2L-5L,1,6,0,1,A,Silver,36768
53039,Female,Rural,High School,More than 10L,0,6,6340,1,A,Silver,45732
4147,Male,Urban,Bachelor,2L-5L,1,7,5084,More than 1,A,Gold,92976
37983,Female,Rural,Bachelor,5L-10L,0,0,0,More than 1,A,Silver,96132
24572,Male,Urban,Bachelor,5L-10L,0,6,7691,More than 1,A,Gold,105036
81872,Male,Urban,Bachelor,More than 10L,1,1,4183,More than 1,A,Platinum,100632
50626,Male,Urban,High School,5L-10L,0,2,11385,More than 1,A,Silver,109500
57601,Female,Rural,Bachelor,5L-10L,1,0,0,More than 1,B,Platinum,60936
61197,Female,Rural,High School,5L-10L,0,5,0,More than 1,A,Platinum,95532
16188,Female,Urban,Bachelor,5L-10L,1,8,0,More than 1,B,Platinum,64092
50371,Male,Urban,Bachelor,5L-10L,1,1,5741,More than 1,A,Platinum,186780
60927,Female,Urban,Bachelor,2L-5L,1,3,3821,More than 1,A,Silver,88092
72905,Male,Urban,High School,5L-10L,1,7,4137,More than 1,B,Platinum,64848
11074,Male,Rural,High School,5L-10L,1,5,5683,1,A,Gold,51612
52619,Male,Rural,Others,2L-5L,0,3,0,1,A,Silver,48780
46826,Male,Urban,Bachelor,2L-5L,1,5,5220,More than 1,A,Silver,99360
74778,Male,Urban,Bachelor,More than 10L,1,8,3100,More than 1,C,Silver,97476
6888,Male,Urban,High School,5L-10L,1,3,4179,More than 1,A,Platinum,192624
20630,Male,Rural,Bachelor,2L-5L,0,8,3038,More than 1,B,Silver,63156
1550,Male,Rural,High School,More than 10L,0,4,2231,1,B,Platinum,43104
67018,Male,Urban,Others,5L-10L,1,2,5638,More than 1,A,Gold,117660
15146,Female,Rural,High School,5L-10L,1,5,3065,1,B,Platinum,32508
56846,Female,Urban,High School,2L-5L,1,5,3978,More than 1,A,Platinum,87192
85929,Female,Urban,High School,5L-10L,1,5,10441,More than 1,A,Gold,214704
58761,Female,Urban,High School,<=2L,1,5,5269,1,A,Silver,68400
64010,Male,Urban,Bachelor,<=2L,0,6,7312,More than 1,A,Silver,89004
81857,Male,Rural,High School,5L-10L,1,2,2401,1,A,Platinum,41340
26859,Male,Urban,High School,5L-10L,0,1,5925,More than 1,A,Silver,110148
44057,Male,Rural,High School,5L-10L,0,6,3597,1,B,Platinum,47916
52597,Female,Urban,High School,More than 10L,0,6,4885,More than 1,A,Gold,92388
1636,Male,Urban,Others,2L-5L,0,5,6768,1,A,Silver,53364
39955,Male,Urban,Bachelor,5L-10L,0,3,7812,More than 1,A,Platinum,107016
50989,Male,Urban,High School,More than 10L,0,6,6443,1,A,Platinum,49896
62393,Male,Urban,High School,5L-10L,0,8,7544,1,B,Silver,64956
75309,Female,Urban,Bachelor,5L-10L,0,7,6416,1,C,Gold,57444
26122,Male,Urban,High School,5L-10L,1,2,0,1,A,Platinum,32892
1952,Female,Urban,High School,5L-10L,0,4,6635,More than 1,A,Platinum,104712
11489,Male,Urban,High School,2L-5L,1,6,5716,1,A,Gold,33432
56806,Male,Urban,Bachelor,5L-10L,0,7,4142,1,A,Platinum,38592
40666,Female,Urban,High School,<=2L,0,1,5662,1,A,Silver,56928
2431,Male,Urban,Bachelor,5L-10L,0,6,2997,More than 1,C,Gold,110760
37693,Male,Rural,Bachelor,2L-5L,0,4,10299,More than 1,B,Gold,109068
30289,Male,Urban,High School,2L-5L,0,1,6813,More than 1,A,Silver,54108
82886,Male,Urban,Bachelor,5L-10L,0,5,2400,More than 1,A,Platinum,92928
32365,Female,Rural,Bachelor,5L-10L,0,8,0,1,A,Silver,65604
8645,Male,Rural,Bachelor,More than 10L,0,5,0,More than 1,A,Silver,28548
48352,Male,Urban,High School,5L-10L,0,6,2276,1,A,Platinum,32436
42373,Male,Urban,High School,5L-10L,0,5,4129,More than 1,A,Platinum,294012
38686,Male,Urban,Bachelor,5L-10L,1,2,8874,More than 1,B,Silver,198852
15165,Male,Rural,Bachelor,More than 10L,0,4,0,More than 1,B,Gold,102360
73299,Male,Urban,Bachelor,2L-5L,1,2,7047,More than 1,A,Platinum,110916
35802,Male,Urban,Bachelor,5L-10L,1,7,2248,1,A,Silver,56556
61401,Female,Rural,High School,5L-10L,1,0,0,More than 1,B,Platinum,64692
67409,Female,Urban,Bachelor,More than 10L,1,3,4959,More than 1,A,Gold,88968
73707,Male,Urban,Bachelor,5L-10L,1,6,15979,1,A,Platinum,61428
85536,Female,Rural,High School,5L-10L,0,5,0,More than 1,B,Platinum,65364
35289,Female,Urban,High School,2L-5L,1,5,0,More than 1,B,Gold,66600
30282,Female,Urban,High School,More than 10L,1,2,2367,1,C,Silver,34584
76479,Female,Urban,Others,5L-10L,1,8,6526,More than 1,B,Platinum,97032
18693,Male,Rural,Bachelor,5L-10L,1,6,2886,1,A,Silver,43860
44061,Male,Urban,Bachelor,5L-10L,0,6,4940,More than 1,A,Platinum,321504
10351,Female,Rural,High School,5L-10L,0,6,5380,1,A,Platinum,60588
46179,Male,Urban,High School,5L-10L,1,7,5402,More than 1,A,Platinum,64644
14516,Female,Urban,Bachelor,2L-5L,1,5,4033,More than 1,A,Platinum,150588
36722,Male,Urban,High School,More than 10L,0,2,7156,1,A,Platinum,66804
49277,Male,Rural,Bachelor,2L-5L,1,7,0,More than 1,B,Gold,70740
86600,Male,Urban,High School,More than 10L,1,7,3177,More than 1,B,Gold,62976
63120,Male,Urban,High School,5L-10L,0,4,9276,1,A,Platinum,47124
65115,Female,Urban,Bachelor,More than 10L,0,8,5810,1,B,Platinum,30396
82877,Male,Urban,Bachelor,5L-10L,1,7,3066,1,A,Silver,47052
34077,Female,Urban,Bachelor,2L-5L,0,2,2317,1,A,Silver,43836
41670,Male,Rural,High School,More than 10L,1,6,5063,1,A,Platinum,32388
17460,Male,Urban,High School,5L-10L,0,2,2514,More than 1,B,Platinum,89820
24010,Male,Urban,High School,2L-5L,1,2,6432,More than 1,A,Silver,113136
24890,Male,Rural,High School,2L-5L,1,5,0,1,C,Platinum,32520
14961,Male,Rural,High School,5L-10L,1,7,3238,More than 1,B,Platinum,67140
10474,Male,Urban,Others,2L-5L,0,8,6628,More than 1,B,Silver,111492
73913,Male,Urban,Others,2L-5L,0,6,3910,1,A,Platinum,32232
4995,Male,Urban,High School,More than 10L,1,1,4836,1,A,Gold,35184
34579,Male,Urban,High School,2L-5L,1,6,0,1,B,Gold,37008
50623,Female,Rural,High School,5L-10L,0,7,0,1,B,Platinum,64656
37815,Female,Rural,Others,5L-10L,0,6,2433,1,A,Gold,37608
40343,Female,Rural,High School,5L-10L,1,2,2350,More than 1,A,Silver,102132
55008,Female,Urban,High School,5L-10L,0,8,4351,1,B,Gold,60624
21214,Male,Urban,High School,2L-5L,1,3,4360,More than 1,A,Platinum,67152
60351,Female,Urban,High School,More than 10L,1,7,3422,1,A,Gold,36660
67913,Male,Rural,Bachelor,5L-10L,1,4,3973,1,A,Platinum,34476
80311,Male,Urban,Bachelor,5L-10L,1,1,5555,1,A,Platinum,35700
4915,Female,Urban,High School,2L-5L,1,8,4047,More than 1,A,Gold,98700
47027,Female,Urban,High School,2L-5L,0,5,4677,More than 1,A,Silver,129096
87341,Female,Urban,High School,2L-5L,0,4,5769,1,A,Gold,33780
44701,Female,Urban,Bachelor,5L-10L,0,4,3474,More than 1,A,Platinum,116292
74331,Female,Rural,Bachelor,More than 10L,0,8,3150,More than 1,B,Gold,62904
63946,Male,Urban,Bachelor,More than 10L,1,5,4944,1,A,Gold,33936
900,Female,Rural,Bachelor,More than 10L,0,2,2055,1,A,Silver,44064
79874,Male,Urban,High School,5L-10L,1,5,0,1,C,Gold,33372
34433,Male,Urban,High School,5L-10L,1,6,0,1,A,Gold,42720
82933,Male,Urban,Bachelor,2L-5L,1,1,5277,1,A,Gold,32316
26371,Female,Rural,High School,2L-5L,1,0,0,More than 1,A,Platinum,82632
48663,Female,Urban,High School,5L-10L,1,0,6313,More than 1,A,Platinum,107568
50471,Female,Urban,Bachelor,2L-5L,0,2,3408,More than 1,B,Platinum,97860
48633,Male,Rural,High School,2L-5L,0,7,5534,More than 1,B,Silver,66624
41226,Male,Urban,High School,2L-5L,1,8,6977,More than 1,A,Platinum,89328
35142,Male,Urban,Bachelor,5L-10L,1,8,6357,1,A,Platinum,30600
19643,Male,Urban,Bachelor,More than 10L,0,6,5878,More than 1,A,Platinum,106020
48381,Female,Urban,Bachelor,5L-10L,1,7,0,1,A,Silver,50340
87945,Female,Urban,Bachelor,More than 10L,0,1,4333,1,A,Platinum,63456
53533,Female,Rural,Bachelor,More than 10L,0,6,0,1,A,Platinum,45792
12814,Male,Urban,High School,5L-10L,0,6,7068,1,A,Platinum,60828
29057,Female,Urban,High School,5L-10L,0,6,8783,1,A,Silver,34320
84327,Male,Urban,High School,2L-5L,0,2,12114,1,C,Platinum,64824
60988,Female,Rural,High School,More than 10L,1,2,0,More than 1,B,Silver,69588
13396,Male,Rural,High School,5L-10L,1,7,0,More than 1,B,Platinum,65892
43290,Male,Urban,Bachelor,More than 10L,0,8,0,More than 1,B,Gold,409224
52088,Female,Rural,Others,5L-10L,1,6,4124,1,C,Gold,34824
32476,Female,Urban,Others,2L-5L,0,8,4337,1,B,Gold,52044
60921,Female,Rural,High School,More than 10L,1,5,0,1,B,Platinum,57900
8400,Male,Rural,High School,5L-10L,1,7,0,1,A,Platinum,32184
26644,Female,Urban,Bachelor,2L-5L,1,1,5799,More than 1,A,Platinum,383832
68238,Female,Rural,High School,5L-10L,0,2,0,1,B,Silver,47088
17036,Female,Urban,Bachelor,5L-10L,0,7,2837,More than 1,B,Gold,159768
56033,Male,Urban,High School,5L-10L,0,1,7109,More than 1,A,Platinum,106488
15047,Female,Urban,High School,5L-10L,1,1,2107,1,C,Platinum,55440
31236,Male,Urban,Bachelor,5L-10L,0,4,4031,1,A,Silver,46656
40391,Male,Rural,Bachelor,5L-10L,0,3,0,1,A,Platinum,33360
76710,Male,Rural,High School,More than 10L,1,4,0,1,A,Platinum,36060
17267,Female,Urban,Bachelor,5L-10L,1,6,2763,More than 1,B,Silver,69840
15983,Male,Urban,High School,5L-10L,1,6,5763,1,A,Gold,32520
33540,Female,Rural,Bachelor,5L-10L,1,5,2632,More than 1,B,Gold,101988
29431,Male,Urban,High School,More than 10L,0,6,4528,More than 1,A,Platinum,72348
13329,Female,Rural,High School,2L-5L,1,4,4965,1,A,Platinum,30936
81127,Male,Rural,High School,2L-5L,1,1,0,1,A,Gold,30096
4910,Female,Urban,Bachelor,5L-10L,1,7,5406,1,A,Platinum,37848
349,Female,Urban,Bachelor,5L-10L,1,6,5432,More than 1,A,Platinum,92988
16919,Male,Rural,High School,5L-10L,0,4,0,1,B,Platinum,32088
5353,Female,Rural,High School,2L-5L,0,4,4230,More than 1,C,Platinum,96432
74209,Female,Urban,High School,5L-10L,0,6,6765,1,A,Silver,50172
29816,Female,Urban,High School,2L-5L,1,6,3233,1,A,Gold,48300
33374,Female,Urban,High School,5L-10L,0,1,3981,More than 1,A,Platinum,93840
58775,Female,Rural,High School,More than 10L,0,6,0,More than 1,B,Gold,64692
5793,Male,Rural,Bachelor,5L-10L,1,3,4589,1,A,Gold,33372
69619,Female,Urban,High School,2L-5L,0,5,5590,More than 1,A,Platinum,347016
38483,Male,Rural,Bachelor,2L-5L,0,6,2730,More than 1,B,Platinum,71568
46552,Male,Urban,High School,5L-10L,0,5,3822,More than 1,A,Gold,38760
71007,Female,Urban,Bachelor,2L-5L,1,1,5747,More than 1,A,Silver,99144
24364,Male,Rural,High School,5L-10L,0,5,0,1,A,Platinum,44688
75314,Female,Urban,Bachelor,5L-10L,0,1,5345,More than 1,A,Silver,102108
6854,Male,Urban,Bachelor,2L-5L,1,4,3716,1,A,Gold,38040
5619,Female,Urban,Bachelor,2L-5L,1,5,2664,1,B,Gold,55908
87706,Male,Urban,Others,5L-10L,0,0,0,1,A,Silver,40836
55095,Male,Urban,High School,5L-10L,0,6,3628,More than 1,B,Silver,63948
3939,Female,Urban,High School,2L-5L,1,8,3780,1,B,Gold,30564
51984,Female,Urban,High School,2L-5L,1,8,7193,1,A,Gold,58524
4335,Male,Urban,Others,2L-5L,1,7,5501,1,B,Platinum,29592
42723,Female,Rural,Others,5L-10L,1,6,3928,More than 1,A,Platinum,102060
22047,Male,Urban,High School,5L-10L,1,2,0,1,B,Silver,39792
4204,Female,Urban,High School,5L-10L,0,1,2146,More than 1,B,Silver,70788
32474,Male,Urban,Others,5L-10L,0,8,5577,1,C,Silver,49488
73651,Female,Urban,High School,2L-5L,0,5,4691,1,A,Silver,34800
63654,Male,Urban,Bachelor,5L-10L,1,7,2001,1,C,Platinum,33192
29741,Female,Urban,High School,5L-10L,1,1,6554,1,A,Gold,35460
84033,Male,Urban,Bachelor,More than 10L,1,6,0,1,B,Gold,38232
38534,Male,Urban,Bachelor,5L-10L,1,4,2730,More than 1,A,Silver,323412
8679,Female,Urban,Bachelor,2L-5L,1,6,9585,1,A,Gold,42696
68573,Male,Urban,Bachelor,5L-10L,0,7,5565,1,A,Platinum,46608
66170,Male,Urban,Bachelor,5L-10L,1,1,0,More than 1,B,Platinum,67164
1409,Male,Urban,High School,5L-10L,1,5,3459,1,A,Platinum,35700
74133,Male,Rural,Bachelor,5L-10L,0,4,0,More than 1,B,Silver,97260
67166,Male,Rural,High School,5L-10L,1,0,3579,1,A,Platinum,36120
3682,Female,Rural,Bachelor,More than 10L,1,6,0,More than 1,B,Silver,58704
36531,Male,Urban,Bachelor,More than 10L,0,6,5675,More than 1,A,Gold,63528
37652,Female,Urban,High School,5L-10L,1,1,4161,More than 1,A,Platinum,62724
347,Female,Urban,High School,5L-10L,1,2,6608,More than 1,A,Gold,92916
20108,Male,Urban,Bachelor,2L-5L,1,2,5560,More than 1,B,Platinum,103860
43271,Male,Urban,Bachelor,5L-10L,0,8,6089,More than 1,B,Platinum,106260
8510,Female,Rural,Others,5L-10L,1,6,0,More than 1,A,Silver,67128
61063,Female,Urban,High School,5L-10L,1,2,3328,More than 1,A,Platinum,91404
39175,Female,Rural,High School,5L-10L,1,5,0,1,C,Platinum,33564
18363,Male,Urban,High School,2L-5L,0,5,2856,More than 1,C,Platinum,260544
70239,Female,Urban,High School,5L-10L,1,2,0,More than 1,C,Gold,140784
46974,Female,Rural,High School,5L-10L,0,4,0,More than 1,B,Silver,224088
68903,Male,Rural,Bachelor,5L-10L,0,5,0,1,A,Silver,33336
71867,Male,Urban,Bachelor,5L-10L,1,4,4212,1,A,Gold,45420
79310,Male,Rural,High School,5L-10L,1,5,2508,More than 1,A,Platinum,138348
66061,Female,Rural,High School,5L-10L,1,1,5184,1,B,Platinum,63312
56751,Male,Urban,High School,2L-5L,0,7,4328,1,A,Silver,47280
83254,Male,Urban,High School,5L-10L,0,5,0,1,B,Silver,36552
85149,Female,Rural,Bachelor,More than 10L,1,5,0,1,A,Gold,34848
49031,Male,Urban,High School,5L-10L,1,5,0,More than 1,B,Platinum,64464
7640,Male,Rural,Bachelor,More than 10L,0,7,2228,More than 1,B,Gold,114024
5456,Female,Urban,Bachelor,2L-5L,1,2,5324,1,A,Platinum,30756
64687,Male,Urban,High School,5L-10L,1,7,4290,More than 1,A,Platinum,410820
67488,Male,Rural,High School,5L-10L,1,7,7002,1,A,Platinum,53628
66964,Male,Urban,High School,5L-10L,1,0,6172,1,C,Gold,36276
15130,Female,Rural,High School,5L-10L,1,8,4131,More than 1,A,Gold,92568
2951,Male,Urban,High School,5L-10L,1,1,6213,1,A,Platinum,45720
15116,Male,Urban,High School,5L-10L,1,6,4056,More than 1,A,Platinum,150060
41003,Male,Rural,Others,5L-10L,0,1,2109,1,A,Platinum,31032
34310,Female,Rural,High School,5L-10L,0,2,0,More than 1,A,Gold,242016
44157,Female,Rural,High School,More than 10L,0,5,0,More than 1,A,Platinum,66912
23401,Female,Urban,Others,More than 10L,1,8,16688,1,A,Platinum,42324
35217,Male,Urban,High School,2L-5L,1,6,3895,1,B,Platinum,48972
20358,Female,Rural,High School,More than 10L,1,0,6802,More than 1,A,Platinum,103236
61597,Female,Urban,High School,2L-5L,1,6,10044,1,A,Platinum,30480
48915,Female,Urban,High School,2L-5L,1,7,6339,More than 1,A,Silver,88392
78532,Male,Urban,Bachelor,5L-10L,1,5,0,1,B,Platinum,36792
38946,Male,Urban,High School,2L-5L,1,6,6067,More than 1,A,Platinum,37824
28026,Male,Urban,High School,2L-5L,1,1,6200,More than 1,A,Gold,104436
87028,Male,Rural,Bachelor,5L-10L,1,8,2782,More than 1,B,Silver,88764
24147,Male,Urban,Bachelor,More than 10L,0,5,5702,1,A,Silver,33204
62479,Male,Urban,Bachelor,More than 10L,1,4,3959,1,A,Silver,29256
68851,Male,Rural,Bachelor,More than 10L,0,6,0,More than 1,B,Silver,77580
80475,Male,Urban,High School,5L-10L,1,5,5164,1,A,Gold,34788
25612,Female,Urban,High School,More than 10L,0,7,3925,1,A,Silver,38544
19861,Male,Rural,High School,More than 10L,0,8,5244,More than 1,A,Platinum,102060
28951,Male,Urban,Bachelor,More than 10L,1,1,2194,More than 1,A,Silver,47712
47631,Male,Rural,Bachelor,5L-10L,1,4,0,1,C,Gold,32160
23737,Female,Rural,High School,5L-10L,1,0,4547,More than 1,A,Platinum,68916
68943,Male,Urban,High School,5L-10L,1,2,2053,1,C,Platinum,31968
70424,Male,Urban,High School,5L-10L,1,5,4024,1,B,Platinum,150204
47259,Female,Urban,Bachelor,2L-5L,0,7,5638,More than 1,B,Silver,132468
24894,Male,Rural,High School,5L-10L,1,5,4457,1,A,Gold,44280
20142,Female,Rural,High School,5L-10L,0,6,0,More than 1,A,Gold,103152
3414,Male,Urban,Bachelor,2L-5L,1,1,6083,1,A,Platinum,46872
48374,Male,Rural,Bachelor,5L-10L,1,2,6089,1,A,Silver,33732
14813,Male,Urban,High School,5L-10L,1,2,0,More than 1,C,Gold,61272
16610,Female,Urban,High School,2L-5L,1,6,5730,More than 1,A,Platinum,47760
55848,Female,Urban,Bachelor,2L-5L,1,6,7477,More than 1,A,Gold,109152
31214,Male,Urban,High School,5L-10L,1,7,5394,More than 1,A,Platinum,70308
62907,Male,Rural,High School,5L-10L,1,4,3000,More than 1,C,Gold,72264
30091,Female,Urban,Bachelor,More than 10L,1,4,0,More than 1,B,Gold,67704
47658,Female,Rural,High School,2L-5L,0,2,0,1,C,Platinum,48252
54437,Male,Urban,High School,5L-10L,1,5,8400,More than 1,A,Platinum,114744
85560,Male,Urban,High School,5L-10L,1,6,4111,More than 1,A,Platinum,111300
60898,Female,Urban,High School,5L-10L,1,2,8991,More than 1,C,Silver,110256
45925,Male,Rural,High School,5L-10L,1,5,3421,More than 1,B,Platinum,66984
20686,Male,Rural,Bachelor,More than 10L,1,6,0,1,A,Platinum,40656
31349,Female,Rural,Bachelor,More than 10L,0,5,5879,1,C,Platinum,44100
63174,Female,Rural,High School,5L-10L,1,2,0,1,A,Gold,31392
87989,Male,Urban,Bachelor,2L-5L,1,6,0,1,B,Gold,35604
86037,Female,Urban,High School,2L-5L,0,5,5656,1,A,Platinum,32256
20,Female,Urban,Bachelor,More than 10L,1,2,7541,More than 1,A,Platinum,110568
74608,Female,Rural,High School,5L-10L,1,5,2075,More than 1,B,Silver,72948
2896,Female,Urban,Bachelor,2L-5L,1,6,4482,1,B,Silver,65628
66746,Female,Rural,Bachelor,5L-10L,0,6,2398,More than 1,B,Gold,63480
71869,Male,Urban,High School,5L-10L,0,1,4338,1,A,Platinum,52656
21075,Male,Urban,Bachelor,5L-10L,1,2,2202,1,A,Platinum,47724
66054,Male,Urban,High School,2L-5L,0,2,4734,More than 1,A,Silver,87348
26993,Male,Urban,Bachelor,5L-10L,0,8,6520,More than 1,C,Platinum,66132
62898,Female,Urban,High School,5L-10L,0,6,4820,More than 1,A,Gold,61620
79059,Male,Urban,Bachelor,5L-10L,1,2,0,1,A,Platinum,31596
69963,Female,Rural,Bachelor,5L-10L,1,5,0,1,A,Silver,34992
49250,Female,Rural,High School,2L-5L,0,8,0,1,B,Gold,50232
44981,Male,Urban,Bachelor,5L-10L,1,5,6706,1,C,Platinum,54624
46765,Male,Urban,High School,2L-5L,0,7,9501,1,A,Gold,62892
21976,Female,Urban,High School,5L-10L,0,6,5926,1,A,Platinum,60288
25787,Female,Urban,High School,2L-5L,0,3,6656,1,A,Gold,46236
41839,Female,Urban,Others,5L-10L,1,1,5928,1,A,Silver,34476
86562,Male,Urban,Bachelor,5L-10L,0,0,7389,More than 1,B,Silver,97188
47946,Female,Urban,Bachelor,2L-5L,1,7,0,More than 1,B,Platinum,65760
31868,Male,Rural,Others,5L-10L,0,6,4350,1,B,Platinum,55464
54845,Female,Urban,Bachelor,5L-10L,1,6,3986,More than 1,A,Platinum,102624
1528,Male,Rural,High School,5L-10L,0,1,3031,1,A,Platinum,33468
79898,Male,Rural,Bachelor,More than 10L,0,7,4150,More than 1,B,Platinum,76740
23069,Male,Urban,High School,5L-10L,0,0,6523,More than 1,A,Gold,107796
24720,Male,Urban,Bachelor,<=2L,1,5,6457,1,C,Gold,46584
76204,Female,Rural,High School,5L-10L,0,8,0,1,A,Platinum,47748
75872,Male,Urban,High School,5L-10L,0,4,5462,1,A,Silver,34812
12040,Male,Rural,High School,5L-10L,0,2,11798,More than 1,A,Gold,69048
78393,Male,Urban,High School,5L-10L,1,7,7411,1,B,Gold,56232
1255,Female,Rural,High School,5L-10L,1,0,3735,1,B,Platinum,34536
4459,Male,Urban,High School,More than 10L,0,4,6673,1,A,Platinum,38136
19928,Female,Rural,High School,5L-10L,0,2,2424,More than 1,C,Silver,147912
37607,Male,Urban,Bachelor,5L-10L,1,6,10012,More than 1,B,Gold,200592
51907,Female,Urban,Bachelor,2L-5L,0,5,9173,1,B,Platinum,64908
61919,Male,Urban,Bachelor,More than 10L,0,7,5472,More than 1,A,Platinum,110760
13995,Male,Urban,Bachelor,2L-5L,1,3,5689,1,C,Silver,38952
51021,Male,Urban,Bachelor,5L-10L,0,7,6286,1,A,Gold,33792
51448,Female,Urban,High School,5L-10L,0,6,9810,More than 1,A,Gold,112740
72743,Male,Urban,High School,5L-10L,1,5,3802,More than 1,A,Platinum,65352
9582,Male,Rural,Others,5L-10L,1,7,0,1,C,Platinum,34572
9220,Male,Urban,Bachelor,5L-10L,1,8,3258,More than 1,B,Silver,64488
59312,Male,Urban,Bachelor,More than 10L,0,2,7389,More than 1,A,Gold,113616
57394,Male,Urban,Bachelor,5L-10L,1,7,0,More than 1,B,Platinum,65976
37543,Male,Urban,High School,5L-10L,1,6,5890,More than 1,A,Platinum,92076
23753,Female,Urban,Others,More than 10L,0,7,17029,More than 1,B,Platinum,72348
12754,Female,Urban,Bachelor,2L-5L,0,0,5716,1,A,Platinum,53964
26100,Male,Rural,Bachelor,5L-10L,0,5,0,1,A,Platinum,33084
78038,Female,Urban,High School,5L-10L,0,8,0,More than 1,B,Silver,68436
55556,Male,Urban,Bachelor,5L-10L,1,5,5041,1,A,Gold,45888
65490,Female,Urban,High School,5L-10L,1,4,6293,1,A,Gold,47400
87558,Female,Urban,Bachelor,2L-5L,0,8,0,More than 1,B,Silver,64848
84682,Male,Urban,Bachelor,5L-10L,0,2,5677,More than 1,A,Platinum,111840
72132,Male,Urban,High School,2L-5L,0,8,6459,More than 1,B,Gold,247548
58571,Female,Urban,Bachelor,2L-5L,1,6,0,More than 1,A,Platinum,114348
75050,Male,Urban,Bachelor,2L-5L,0,6,6073,More than 1,A,Silver,104304
46110,Male,Rural,Bachelor,More than 10L,0,1,2151,More than 1,B,Platinum,67644
72153,Female,Urban,High School,5L-10L,1,6,0,More than 1,B,Platinum,69684
38021,Female,Rural,High School,5L-10L,0,2,6973,1,B,Gold,66624
47897,Male,Urban,High School,5L-10L,1,6,4103,More than 1,A,Platinum,96864
22839,Male,Urban,Bachelor,5L-10L,1,4,5841,More than 1,A,Gold,93840
4135,Female,Urban,High School,More than 10L,0,1,6991,More than 1,A,Gold,63000
42192,Male,Urban,High School,5L-10L,1,1,4339,1,A,Platinum,51000
74061,Female,Urban,Bachelor,5L-10L,1,5,6389,More than 1,A,Gold,97560
69780,Male,Urban,High School,More than 10L,0,6,4362,More than 1,A,Platinum,96996
20924,Female,Rural,Bachelor,More than 10L,0,7,0,More than 1,B,Silver,64356
88427,Male,Urban,Bachelor,5L-10L,1,8,3704,1,A,Platinum,48264
87025,Female,Rural,High School,2L-5L,1,2,5213,More than 1,B,Gold,64872
69811,Female,Urban,High School,5L-10L,1,0,0,1,A,Platinum,29556
79461,Male,Urban,High School,2L-5L,1,7,6330,More than 1,A,Silver,100332
39129,Female,Rural,Bachelor,5L-10L,1,7,0,More than 1,A,Platinum,87852
48247,Male,Rural,Bachelor,2L-5L,1,7,2609,1,A,Platinum,53664
42068,Female,Urban,Bachelor,5L-10L,1,8,0,More than 1,B,Platinum,68280
3747,Male,Rural,High School,5L-10L,0,6,0,More than 1,B,Platinum,31068
47803,Female,Rural,High School,5L-10L,0,2,0,More than 1,B,Silver,61812
44985,Male,Rural,Bachelor,More than 10L,1,2,3798,1,A,Silver,47748
75992,Male,Urban,High School,2L-5L,0,6,3095,More than 1,B,Silver,62820
53990,Female,Rural,Bachelor,5L-10L,1,2,0,More than 1,B,Platinum,72888
44993,Female,Urban,Bachelor,2L-5L,1,7,6067,More than 1,A,Silver,30588
80539,Male,Rural,Others,5L-10L,1,6,2871,1,C,Platinum,50292
15204,Male,Urban,High School,5L-10L,1,0,6355,1,A,Platinum,44556
61347,Male,Rural,High School,5L-10L,0,6,2036,More than 1,B,Platinum,66456
12710,Male,Urban,Bachelor,2L-5L,1,6,5979,More than 1,A,Platinum,246468
56587,Male,Urban,Bachelor,2L-5L,1,7,7195,More than 1,A,Platinum,105792
9651,Female,Rural,High School,More than 10L,0,6,0,1,B,Platinum,35160
78843,Male,Rural,Bachelor,5L-10L,1,7,3862,1,A,Platinum,51804
67051,Male,Rural,Bachelor,5L-10L,1,5,0,More than 1,A,Platinum,93912
80770,Female,Urban,High School,More than 10L,1,8,3387,1,A,Silver,35112
34923,Female,Urban,Bachelor,5L-10L,1,4,4439,1,A,Silver,29904
26287,Female,Rural,High School,5L-10L,1,6,2290,1,A,Gold,52668
21489,Female,Rural,Bachelor,5L-10L,0,2,2312,More than 1,B,Gold,63876
79169,Female,Urban,Bachelor,2L-5L,1,5,5271,1,A,Platinum,29592
34081,Female,Urban,High School,2L-5L,0,5,6393,More than 1,A,Gold,103932
10807,Male,Urban,Bachelor,5L-10L,0,6,5596,1,A,Platinum,36924
19825,Female,Rural,Bachelor,More than 10L,0,6,6106,More than 1,B,Platinum,60648
56722,Male,Urban,High School,5L-10L,1,8,0,1,C,Platinum,32628
49435,Male,Rural,Bachelor,5L-10L,1,8,3754,More than 1,B,Silver,72660
37378,Female,Urban,High School,5L-10L,0,5,24919,1,B,Platinum,65100
38636,Male,Urban,Bachelor,5L-10L,1,0,4985,1,B,Platinum,35604
13112,Female,Urban,High School,5L-10L,1,5,3742,1,A,Platinum,44256
65001,Female,Urban,High School,5L-10L,0,6,9468,More than 1,B,Platinum,98580
42895,Female,Rural,High School,5L-10L,1,5,0,1,A,Platinum,43020
6398,Male,Urban,High School,More than 10L,0,7,6743,More than 1,A,Platinum,105360
59784,Female,Urban,High School,2L-5L,0,6,6324,More than 1,A,Gold,97932
37949,Male,Urban,High School,5L-10L,0,1,6278,1,A,Platinum,41184
23038,Male,Rural,High School,5L-10L,1,8,2683,More than 1,A,Platinum,96732
41282,Male,Urban,High School,More than 10L,0,8,3982,More than 1,A,Gold,98832
61225,Male,Urban,High School,5L-10L,1,6,7224,1,A,Gold,51612
28409,Male,Rural,High School,5L-10L,1,6,3826,More than 1,A,Platinum,77028
19428,Male,Urban,Others,5L-10L,0,4,0,1,B,Platinum,39636
66764,Female,Urban,High School,5L-10L,0,7,0,More than 1,B,Platinum,75204
8383,Female,Rural,High School,5L-10L,1,5,2147,More than 1,B,Gold,110628
30400,Male,Urban,High School,2L-5L,1,3,4232,1,A,Silver,32580
41431,Male,Urban,High School,5L-10L,1,5,0,1,B,Gold,38388
10753,Female,Urban,High School,2L-5L,1,5,6595,1,A,Silver,35304
19180,Male,Urban,High School,5L-10L,0,1,0,More than 1,B,Platinum,70236
78010,Male,Urban,High School,5L-10L,1,5,7188,More than 1,A,Platinum,102000
51524,Female,Rural,Others,5L-10L,0,8,12239,More than 1,A,Gold,69288
81633,Female,Urban,Bachelor,2L-5L,0,2,0,1,C,Gold,59556
54906,Male,Urban,Bachelor,2L-5L,1,2,0,1,B,Silver,29868
20588,Male,Urban,Bachelor,5L-10L,0,7,8447,1,A,Silver,47976
29387,Male,Rural,High School,5L-10L,1,6,2161,1,A,Platinum,37956
22633,Female,Rural,High School,5L-10L,0,4,5368,More than 1,A,Gold,61584
72014,Male,Rural,Bachelor,5L-10L,0,4,3412,More than 1,A,Platinum,95808
2367,Female,Urban,Bachelor,5L-10L,1,2,5385,More than 1,A,Platinum,107160
13595,Male,Urban,Bachelor,5L-10L,1,3,4163,More than 1,A,Platinum,109728
80227,Female,Urban,High School,5L-10L,1,3,2726,1,A,Platinum,44472
4670,Male,Rural,High School,5L-10L,0,4,4992,More than 1,A,Platinum,30348
51656,Female,Urban,Bachelor,2L-5L,0,5,7477,More than 1,A,Platinum,86976
83694,Male,Rural,High School,5L-10L,0,5,0,1,A,Platinum,49056
43110,Female,Urban,Others,5L-10L,1,0,0,1,A,Silver,43224
59148,Female,Urban,Bachelor,5L-10L,1,5,5732,1,A,Platinum,53232
5455,Female,Urban,Bachelor,5L-10L,0,8,4607,1,A,Gold,54756
68402,Female,Rural,Bachelor,5L-10L,0,7,2670,1,A,Platinum,54996
79669,Male,Rural,Bachelor,5L-10L,1,6,7034,1,A,Platinum,68244
79084,Male,Urban,High School,5L-10L,1,6,2315,1,A,Platinum,39972
39348,Male,Urban,High School,2L-5L,1,8,3526,More than 1,B,Silver,65424
81658,Male,Urban,Bachelor,5L-10L,1,8,3526,1,A,Gold,69900
86620,Female,Urban,Bachelor,5L-10L,1,3,0,1,A,Platinum,31464
59094,Female,Urban,High School,5L-10L,1,1,2302,More than 1,A,Silver,91716
10494,Female,Urban,High School,2L-5L,1,0,3959,More than 1,B,Platinum,110556
86960,Male,Urban,Bachelor,5L-10L,1,7,5745,1,A,Gold,46800
49517,Female,Rural,Bachelor,5L-10L,1,4,5204,More than 1,C,Platinum,71832
20397,Male,Urban,High School,5L-10L,0,4,5853,1,A,Gold,50136
78128,Male,Urban,High School,5L-10L,1,8,7804,More than 1,A,Platinum,96204
68464,Female,Urban,Bachelor,2L-5L,0,3,7264,More than 1,B,Silver,98580
78776,Male,Urban,Bachelor,More than 10L,1,8,2115,1,A,Silver,49224
39601,Female,Urban,Bachelor,5L-10L,0,4,3589,More than 1,A,Platinum,105996
10208,Male,Urban,High School,2L-5L,0,5,5906,1,B,Silver,36576
25246,Male,Urban,Bachelor,<=2L,1,6,6065,1,C,Platinum,46644
17519,Male,Urban,Bachelor,5L-10L,0,7,3641,1,B,Platinum,50772
4751,Male,Rural,Bachelor,2L-5L,1,5,0,1,B,Platinum,42300
88978,Male,Urban,Bachelor,5L-10L,1,6,5277,1,A,Platinum,34944
82556,Female,Urban,High School,5L-10L,0,5,10134,More than 1,A,Platinum,113928
12719,Female,Urban,Bachelor,More than 10L,0,5,12018,More than 1,C,Platinum,107220
14395,Male,Urban,Bachelor,More than 10L,1,5,3931,More than 1,A,Silver,95340
70132,Male,Urban,High School,2L-5L,1,2,5553,1,A,Gold,36744
37851,Female,Urban,High School,5L-10L,1,4,11744,1,A,Gold,34632
21764,Male,Urban,High School,5L-10L,0,6,6148,1,A,Platinum,51432
60665,Female,Urban,High School,5L-10L,1,6,2220,More than 1,C,Gold,97908
11416,Male,Urban,High School,5L-10L,0,7,4487,1,A,Platinum,46908
20706,Male,Urban,High School,5L-10L,0,5,4967,1,B,Silver,30168
8240,Male,Rural,High School,More than 10L,0,4,0,1,B,Gold,31032
67764,Male,Urban,High School,5L-10L,1,3,3635,More than 1,A,Platinum,98256
36086,Male,Urban,Bachelor,5L-10L,1,7,6185,More than 1,A,Platinum,103860
72006,Female,Urban,High School,5L-10L,0,8,6767,1,A,Platinum,51132
71497,Female,Rural,Bachelor,More than 10L,1,6,0,1,C,Silver,52368
3146,Male,Urban,High School,5L-10L,1,2,10043,More than 1,A,Platinum,66900
78705,Male,Urban,Bachelor,More than 10L,1,6,2038,1,B,Silver,35640
5195,Male,Urban,High School,5L-10L,0,4,3735,More than 1,B,Platinum,90660
86519,Male,Urban,Bachelor,2L-5L,0,3,3828,More than 1,A,Platinum,95124
7104,Female,Urban,High School,5L-10L,0,5,3998,More than 1,A,Platinum,101388
80410,Male,Rural,Bachelor,5L-10L,1,1,2416,More than 1,B,Silver,71928
80926,Male,Urban,Bachelor,More than 10L,0,6,6365,More than 1,A,Silver,210288
11088,Female,Urban,High School,2L-5L,0,7,4029,More than 1,A,Silver,93228
19454,Female,Urban,High School,5L-10L,0,4,6126,More than 1,A,Gold,104940
28997,Male,Rural,High School,2L-5L,1,4,0,More than 1,B,Platinum,149028
23543,Male,Urban,High School,2L-5L,1,6,3532,More than 1,A,Platinum,97476
73380,Female,Rural,Bachelor,5L-10L,0,4,2413,More than 1,C,Gold,107964
45585,Female,Urban,Bachelor,5L-10L,1,8,2403,More than 1,A,Platinum,64740
54358,Female,Urban,Others,More than 10L,0,0,4136,1,A,Platinum,34008
74343,Male,Urban,Bachelor,5L-10L,1,2,6090,1,A,Gold,32028
32092,Female,Rural,Bachelor,More than 10L,1,5,3501,More than 1,B,Silver,76284
73122,Female,Rural,High School,More than 10L,1,6,0,More than 1,A,Platinum,67188
49673,Male,Urban,High School,5L-10L,1,1,10104,More than 1,A,Platinum,61776
44336,Female,Urban,Bachelor,5L-10L,1,4,5718,More than 1,A,Silver,58704
9558,Male,Urban,High School,2L-5L,1,8,5330,1,A,Platinum,65184
38587,Female,Urban,High School,2L-5L,0,2,5538,1,A,Gold,37260
76488,Female,Rural,High School,2L-5L,1,5,2184,More than 1,C,Silver,94416
58815,Female,Urban,High School,5L-10L,0,6,8398,More than 1,A,Platinum,289728
818,Male,Urban,High School,5L-10L,0,5,5289,More than 1,A,Silver,102852
14450,Male,Urban,Bachelor,5L-10L,1,6,6687,More than 1,B,Gold,105060
28895,Male,Urban,Bachelor,5L-10L,0,2,2117,1,A,Platinum,44220
37081,Male,Urban,Others,5L-10L,1,2,4280,More than 1,A,Gold,69108
27261,Male,Rural,Bachelor,5L-10L,1,5,2586,1,B,Platinum,45948
14956,Female,Urban,High School,5L-10L,1,5,0,1,B,Silver,33168
37350,Male,Urban,Bachelor,5L-10L,1,4,3775,More than 1,A,Platinum,92796
9973,Female,Urban,Others,5L-10L,1,6,4674,1,B,Platinum,32436
85807,Male,Rural,Bachelor,5L-10L,1,0,0,1,A,Gold,36528
78301,Male,Rural,High School,5L-10L,0,7,4403,More than 1,A,Platinum,166752
1681,Male,Urban,Bachelor,5L-10L,1,1,3911,More than 1,C,Gold,99936
28063,Female,Urban,High School,5L-10L,1,4,4211,1,B,Gold,44640
75276,Male,Urban,High School,5L-10L,1,8,2852,More than 1,B,Platinum,72168
61101,Female,Rural,High School,2L-5L,0,1,2924,More than 1,B,Platinum,61584
52904,Female,Urban,High School,5L-10L,0,2,0,1,B,Platinum,37560
37812,Female,Rural,Bachelor,More than 10L,1,2,0,1,B,Silver,48420
72678,Female,Urban,Bachelor,2L-5L,1,5,3521,More than 1,A,Gold,60756
76402,Male,Urban,High School,More than 10L,0,7,2204,More than 1,A,Gold,110112
51073,Female,Urban,High School,5L-10L,0,4,0,1,B,Gold,63576
12812,Male,Urban,High School,2L-5L,0,0,5975,1,A,Silver,34152
66581,Female,Urban,High School,5L-10L,1,8,2192,1,A,Platinum,32688
40506,Female,Rural,High School,5L-10L,1,6,3559,1,A,Platinum,54588
17578,Male,Urban,Bachelor,5L-10L,0,2,6601,1,A,Gold,29916
63869,Female,Urban,High School,5L-10L,1,8,12979,More than 1,A,Silver,51492
21964,Female,Rural,High School,More than 10L,1,2,0,1,B,Platinum,33072
56083,Female,Urban,High School,2L-5L,0,7,4708,More than 1,A,Silver,65760
60852,Female,Urban,High School,More than 10L,0,3,6445,1,A,Gold,41436
17906,Female,Urban,Bachelor,<=2L,0,4,6713,More than 1,A,Platinum,65880
27878,Male,Urban,High School,2L-5L,1,6,10203,More than 1,C,Platinum,172020
23520,Female,Rural,High School,5L-10L,1,7,0,More than 1,A,Platinum,62460
55311,Female,Urban,Others,More than 10L,1,1,0,1,A,Silver,33012
72645,Female,Urban,Bachelor,5L-10L,1,6,5801,More than 1,A,Platinum,95652
73577,Male,Rural,High School,2L-5L,1,2,3987,More than 1,B,Platinum,58344
84950,Male,Urban,Bachelor,2L-5L,1,7,10967,More than 1,B,Gold,303696
56096,Male,Urban,Bachelor,5L-10L,1,6,3284,More than 1,A,Platinum,100392
64504,Male,Urban,Bachelor,5L-10L,0,5,2806,1,A,Platinum,46944
77913,Female,Urban,Bachelor,5L-10L,1,8,0,More than 1,A,Platinum,69288
18271,Male,Urban,Others,5L-10L,1,7,6644,1,B,Platinum,35652
17851,Male,Rural,Bachelor,5L-10L,1,5,2382,More than 1,A,Platinum,91956
25190,Female,Urban,Bachelor,2L-5L,1,6,4154,More than 1,B,Gold,73692
44149,Male,Rural,Others,5L-10L,1,8,5740,1,A,Platinum,44580
89267,Female,Rural,Bachelor,2L-5L,0,4,9693,More than 1,B,Platinum,110352
12942,Male,Urban,High School,2L-5L,1,6,6579,More than 1,A,Platinum,102684
46475,Female,Urban,High School,5L-10L,1,1,5583,1,B,Platinum,30084
22703,Female,Rural,Bachelor,5L-10L,1,0,0,More than 1,B,Platinum,62076
54318,Male,Urban,Bachelor,5L-10L,1,2,2343,1,B,Silver,36492
752,Female,Urban,Bachelor,5L-10L,0,8,11169,More than 1,A,Platinum,68880
24980,Male,Urban,High School,2L-5L,1,8,6786,More than 1,B,Platinum,103572
85971,Female,Urban,High School,2L-5L,1,3,5799,More than 1,A,Silver,67032
22138,Male,Urban,Bachelor,5L-10L,0,2,15430,1,A,Silver,35040
35235,Male,Urban,Bachelor,More than 10L,0,6,4117,More than 1,A,Platinum,127536
53644,Male,Urban,Bachelor,More than 10L,0,8,9844,More than 1,B,Platinum,64596
31362,Male,Rural,Bachelor,5L-10L,1,7,0,1,B,Platinum,41808
75618,Female,Urban,Bachelor,5L-10L,0,3,2958,1,B,Silver,35784
42020,Female,Rural,High School,5L-10L,1,6,0,More than 1,B,Platinum,67404
44041,Male,Urban,Bachelor,5L-10L,0,6,7231,1,B,Gold,65400
34164,Male,Urban,High School,More than 10L,0,6,7219,1,A,Silver,53856
26834,Male,Urban,High School,5L-10L,1,3,6283,1,A,Gold,44808
20538,Male,Urban,Bachelor,5L-10L,1,4,4131,More than 1,A,Gold,96600
75809,Female,Rural,High School,5L-10L,0,7,0,1,B,Gold,40596
3071,Male,Rural,High School,5L-10L,1,0,2067,More than 1,A,Gold,64704
29716,Female,Urban,High School,5L-10L,1,6,6402,1,A,Platinum,38964
77541,Male,Urban,High School,More than 10L,0,4,3994,1,C,Platinum,46812
80244,Male,Urban,High School,2L-5L,1,3,6547,1,C,Platinum,34692
32462,Male,Rural,High School,5L-10L,1,6,0,1,A,Silver,36312
19166,Female,Urban,High School,5L-10L,1,2,3727,1,A,Platinum,30408
49665,Female,Urban,High School,5L-10L,0,8,4011,More than 1,A,Platinum,100908
43725,Female,Rural,High School,5L-10L,0,2,0,More than 1,B,Platinum,100860
82017,Male,Urban,Bachelor,More than 10L,1,6,5535,1,A,Gold,33756
62161,Female,Urban,High School,5L-10L,1,8,5531,1,C,Silver,32352
25074,Male,Urban,Bachelor,5L-10L,1,2,0,More than 1,A,Platinum,74064
54452,Male,Rural,Others,5L-10L,1,7,0,1,B,Silver,37176
27201,Male,Rural,Bachelor,More than 10L,1,4,0,1,A,Silver,36792
48225,Male,Rural,High School,2L-5L,0,1,4148,More than 1,B,Silver,92244
32342,Female,Rural,High School,5L-10L,0,4,0,1,B,Gold,65796
10782,Male,Rural,Bachelor,More than 10L,1,7,2046,More than 1,A,Platinum,70608
26881,Female,Rural,High School,More than 10L,1,2,2556,More than 1,B,Platinum,87672
48557,Female,Rural,High School,More than 10L,1,2,4133,1,A,Platinum,44640
56725,Male,Urban,Bachelor,5L-10L,0,5,3336,More than 1,A,Platinum,99132
28769,Female,Rural,Bachelor,2L-5L,0,7,2152,More than 1,B,Platinum,77340
33832,Male,Urban,Bachelor,5L-10L,1,7,2112,1,B,Platinum,33000
76129,Female,Rural,High School,More than 10L,0,5,3186,More than 1,B,Platinum,69012
74392,Male,Urban,High School,2L-5L,0,5,6498,1,A,Silver,34188
88594,Female,Urban,High School,<=2L,0,3,9453,More than 1,A,Platinum,96456
31313,Male,Urban,High School,5L-10L,0,5,2879,1,B,Gold,54168
23999,Male,Rural,Others,5L-10L,1,4,0,More than 1,B,Silver,59580
21818,Male,Urban,High School,2L-5L,1,6,5665,More than 1,A,Gold,97044
55613,Male,Rural,Bachelor,5L-10L,1,4,2446,1,C,Gold,46920
6218,Male,Urban,Bachelor,2L-5L,1,6,5967,More than 1,A,Platinum,176364
80155,Male,Urban,High School,5L-10L,1,7,2194,More than 1,B,Platinum,64284
33294,Female,Urban,Bachelor,<=2L,1,1,5283,1,A,Silver,52596
45098,Female,Urban,Others,5L-10L,1,8,11361,More than 1,C,Silver,77784
60086,Female,Rural,Bachelor,More than 10L,1,4,2123,More than 1,B,Silver,71772
7132,Male,Urban,Others,2L-5L,0,2,5465,More than 1,A,Gold,105396
4407,Female,Urban,High School,More than 10L,1,5,4120,More than 1,A,Platinum,60624
45133,Female,Urban,Bachelor,5L-10L,1,7,5758,1,A,Platinum,52740
60052,Male,Rural,Bachelor,More than 10L,0,8,0,More than 1,B,Gold,62208
73025,Male,Urban,Bachelor,5L-10L,0,7,6509,More than 1,B,Platinum,64224
7293,Female,Urban,Bachelor,2L-5L,1,2,3829,More than 1,C,Silver,96600
59971,Female,Urban,High School,2L-5L,1,5,5360,1,B,Silver,36684
66459,Male,Urban,Bachelor,5L-10L,0,3,10700,More than 1,A,Platinum,583404
48716,Male,Urban,Bachelor,5L-10L,1,2,6908,More than 1,A,Platinum,92412
88658,Male,Rural,Bachelor,2L-5L,1,5,2750,More than 1,A,Platinum,93516
20146,Female,Urban,Bachelor,2L-5L,1,7,3189,More than 1,B,Platinum,159744
75391,Female,Urban,High School,More than 10L,0,1,3517,1,A,Platinum,47760
35484,Male,Urban,Bachelor,2L-5L,1,3,2046,1,B,Platinum,46428
54513,Female,Urban,High School,5L-10L,0,4,4087,More than 1,A,Gold,91704
32207,Female,Rural,High School,2L-5L,1,8,0,1,B,Gold,36744
20376,Male,Urban,High School,2L-5L,1,6,2347,1,A,Silver,32316
31556,Male,Rural,Others,More than 10L,0,6,2240,1,B,Platinum,49248
81394,Female,Urban,Bachelor,5L-10L,0,5,6104,More than 1,B,Silver,69480
68755,Male,Rural,High School,More than 10L,1,7,2123,More than 1,B,Platinum,64068
13914,Male,Urban,High School,2L-5L,0,4,0,More than 1,B,Platinum,75432
36446,Male,Urban,High School,<=2L,0,7,6384,More than 1,A,Silver,99000
27958,Female,Urban,Bachelor,5L-10L,1,6,0,1,B,Silver,41748
70569,Male,Urban,High School,More than 10L,0,3,0,1,A,Gold,48804
18825,Male,Urban,Bachelor,More than 10L,1,6,6700,More than 1,B,Silver,88980
14977,Male,Urban,Bachelor,5L-10L,1,6,3480,1,B,Silver,40248
87258,Female,Urban,High School,5L-10L,1,7,3297,More than 1,A,Silver,73284
72932,Female,Rural,High School,5L-10L,1,6,0,More than 1,A,Gold,65208
67856,Female,Urban,High School,2L-5L,0,7,3864,More than 1,B,Gold,98436
81341,Male,Rural,Bachelor,5L-10L,0,0,0,1,A,Platinum,47112
37076,Male,Urban,Others,2L-5L,1,3,7105,More than 1,B,Silver,110196
64423,Female,Urban,High School,5L-10L,0,8,6330,More than 1,A,Platinum,104508
2799,Male,Urban,Bachelor,5L-10L,1,5,3564,More than 1,A,Gold,66108
2671,Male,Urban,High School,5L-10L,1,7,2650,More than 1,B,Platinum,67608
39877,Male,Rural,Bachelor,More than 10L,0,1,0,1,B,Silver,55176
14695,Male,Rural,Others,5L-10L,1,5,0,1,C,Platinum,35928
25041,Female,Rural,High School,5L-10L,1,6,9600,1,A,Platinum,61368
24956,Female,Urban,High School,More than 10L,0,1,10089,More than 1,B,Silver,75492
8289,Male,Urban,Bachelor,5L-10L,0,7,3815,1,A,Platinum,53124
18752,Female,Urban,Bachelor,More than 10L,0,2,5377,1,A,Gold,46068
82315,Female,Rural,Bachelor,More than 10L,1,0,0,1,B,Gold,31248
10288,Male,Rural,Bachelor,More than 10L,0,8,0,1,A,Platinum,50304
7430,Male,Rural,Bachelor,5L-10L,1,6,0,More than 1,B,Gold,166560
18235,Female,Rural,Bachelor,2L-5L,1,0,5281,1,B,Platinum,44808
79285,Male,Urban,Bachelor,More than 10L,0,4,5279,More than 1,A,Gold,89580
55964,Female,Urban,High School,2L-5L,0,5,11235,More than 1,A,Silver,101256
85937,Male,Urban,Bachelor,5L-10L,1,6,3781,1,A,Gold,50208
81743,Male,Rural,High School,5L-10L,1,0,0,More than 1,A,Silver,67044
25436,Male,Urban,Bachelor,5L-10L,1,8,5353,More than 1,A,Gold,97152
2824,Female,Rural,Bachelor,5L-10L,1,6,3144,1,A,Silver,52644
36243,Male,Rural,High School,5L-10L,1,6,0,1,A,Platinum,26916
12859,Male,Urban,High School,2L-5L,0,5,4990,1,A,Silver,31476
26401,Male,Urban,High School,5L-10L,1,2,7162,1,A,Gold,50928
69925,Female,Urban,High School,2L-5L,1,6,6653,1,A,Gold,53376
2356,Male,Urban,Others,2L-5L,1,1,4946,1,A,Gold,33120
30869,Male,Rural,High School,5L-10L,1,3,0,More than 1,A,Platinum,73920
19508,Male,Urban,Bachelor,5L-10L,1,5,2869,More than 1,B,Silver,71112
15545,Male,Rural,Bachelor,2L-5L,1,0,3414,1,A,Platinum,60300
58931,Male,Urban,High School,5L-10L,1,6,7312,1,A,Platinum,46776
39359,Female,Urban,Bachelor,5L-10L,0,7,2715,More than 1,B,Silver,104928
83810,Male,Urban,High School,2L-5L,1,1,6184,1,C,Platinum,51240
73761,Male,Urban,High School,5L-10L,1,4,3500,More than 1,A,Platinum,99924
80307,Female,Rural,Others,5L-10L,1,4,2136,1,B,Silver,41304
80150,Male,Urban,High School,5L-10L,1,8,5420,More than 1,A,Gold,103944
58900,Male,Urban,Others,5L-10L,0,4,4744,1,A,Platinum,47508
89264,Male,Urban,Bachelor,2L-5L,1,8,5806,More than 1,A,Silver,106704
44175,Female,Urban,High School,More than 10L,0,5,6824,1,A,Platinum,61800
41759,Male,Rural,High School,5L-10L,1,0,6097,More than 1,C,Silver,63192
83576,Female,Urban,Bachelor,5L-10L,1,1,5472,1,C,Silver,35940
35379,Female,Rural,High School,5L-10L,1,3,0,1,A,Platinum,48144
31573,Female,Urban,High School,5L-10L,0,7,8669,1,A,Platinum,46572
71192,Female,Urban,Bachelor,5L-10L,0,6,2394,More than 1,C,Gold,79848
80702,Male,Rural,High School,2L-5L,1,2,6772,1,B,Gold,54492
6344,Female,Rural,High School,5L-10L,1,7,3846,1,A,Platinum,56844
44605,Male,Urban,Bachelor,5L-10L,1,8,7361,More than 1,A,Platinum,186072
43408,Male,Urban,Bachelor,More than 10L,0,6,6105,More than 1,A,Gold,90336
56239,Female,Urban,High School,2L-5L,0,6,6260,1,B,Gold,54408
65347,Male,Urban,High School,5L-10L,1,1,6794,1,C,Platinum,35376
37600,Female,Urban,Bachelor,5L-10L,1,3,6663,1,A,Platinum,47268
55451,Male,Urban,High School,More than 10L,0,6,8087,More than 1,A,Platinum,417552
16816,Male,Urban,High School,5L-10L,0,7,3480,More than 1,A,Platinum,103452
38121,Male,Urban,High School,5L-10L,1,5,4294,More than 1,A,Platinum,103608
89214,Female,Urban,Bachelor,2L-5L,0,2,7686,More than 1,B,Platinum,100188
69940,Female,Rural,Bachelor,More than 10L,1,0,0,1,B,Platinum,35784
46123,Male,Rural,Bachelor,5L-10L,0,3,3500,1,A,Silver,91824
67652,Female,Urban,High School,5L-10L,0,2,6056,More than 1,A,Platinum,210432
59438,Male,Urban,High School,5L-10L,1,1,3592,1,A,Platinum,64212
62209,Male,Urban,Others,2L-5L,1,1,3764,1,A,Platinum,38964
50395,Male,Urban,High School,More than 10L,1,4,5369,1,B,Silver,30240
1729,Male,Urban,Bachelor,2L-5L,1,7,0,1,A,Platinum,33624
53296,Female,Urban,Bachelor,5L-10L,0,3,4971,More than 1,A,Platinum,69600
57592,Male,Urban,Bachelor,2L-5L,0,6,4921,1,A,Gold,32580
638,Male,Rural,High School,More than 10L,0,5,5834,More than 1,A,Silver,101820
52367,Female,Urban,High School,<=2L,0,6,5901,More than 1,A,Gold,104988
67813,Male,Rural,High School,More than 10L,0,7,2084,More than 1,B,Platinum,68772
7526,Female,Rural,Bachelor,5L-10L,1,6,2236,1,A,Platinum,59568
46308,Female,Urban,High School,2L-5L,0,5,6158,1,A,Platinum,48156
59140,Male,Rural,High School,More than 10L,1,4,2127,More than 1,A,Platinum,100800
38864,Male,Urban,Bachelor,5L-10L,0,5,7441,More than 1,B,Platinum,91716
34828,Female,Urban,Bachelor,5L-10L,0,8,12553,More than 1,B,Gold,118332
4620,Female,Rural,High School,5L-10L,1,7,0,More than 1,B,Silver,65232
53829,Female,Urban,High School,5L-10L,1,7,2239,More than 1,A,Platinum,64056
46174,Male,Urban,Bachelor,5L-10L,1,2,4704,1,A,Platinum,36552
45926,Male,Urban,High School,2L-5L,0,3,3319,More than 1,B,Silver,107100
34785,Male,Rural,Bachelor,5L-10L,1,7,3783,More than 1,B,Platinum,79680
70579,Female,Urban,Bachelor,5L-10L,0,5,3714,More than 1,A,Platinum,96696
25287,Female,Urban,Bachelor,2L-5L,0,6,7287,More than 1,B,Platinum,67332
62163,Female,Urban,High School,5L-10L,0,6,6079,1,A,Gold,37776
78877,Female,Rural,Bachelor,More than 10L,0,5,6674,1,A,Silver,33984
33707,Female,Urban,Bachelor,5L-10L,1,1,5860,More than 1,B,Platinum,99300
16389,Male,Urban,Bachelor,More than 10L,0,2,5740,More than 1,A,Gold,60540
17316,Male,Rural,Bachelor,5L-10L,0,4,0,1,B,Silver,59100
18294,Male,Urban,High School,More than 10L,0,6,5996,More than 1,A,Gold,64080
19036,Male,Urban,Bachelor,5L-10L,1,6,3317,More than 1,C,Platinum,98616
83565,Female,Rural,Others,2L-5L,1,6,0,1,B,Silver,32460
67227,Male,Urban,Bachelor,More than 10L,1,4,0,1,A,Gold,34128
2050,Male,Urban,High School,2L-5L,1,4,5021,1,A,Silver,32472
69783,Female,Urban,High School,5L-10L,1,4,5769,More than 1,A,Gold,92508
59192,Male,Rural,Others,More than 10L,0,6,0,1,B,Silver,30540
67635,Female,Urban,Bachelor,5L-10L,0,8,6326,More than 1,A,Platinum,103992
57952,Male,Urban,Bachelor,5L-10L,0,1,6867,More than 1,A,Platinum,104712
82343,Male,Urban,High School,5L-10L,1,7,14900,More than 1,A,Platinum,132852
61157,Female,Rural,Others,More than 10L,1,0,0,More than 1,A,Platinum,60120
69182,Female,Urban,High School,5L-10L,0,0,15647,1,A,Silver,54084
4279,Male,Rural,Bachelor,5L-10L,1,1,4020,More than 1,B,Platinum,72408
23554,Male,Rural,High School,More than 10L,0,7,6351,More than 1,A,Platinum,65412
14249,Male,Rural,High School,More than 10L,1,7,2239,1,B,Silver,33888
75608,Female,Rural,High School,5L-10L,1,1,3305,1,B,Gold,50100
80851,Male,Rural,Bachelor,5L-10L,0,1,2730,More than 1,A,Platinum,65448
55195,Male,Rural,Others,5L-10L,0,5,0,More than 1,A,Silver,57756
25561,Male,Urban,Bachelor,More than 10L,0,6,3738,More than 1,A,Gold,96912
18350,Female,Urban,Others,More than 10L,0,1,6177,More than 1,C,Silver,235896
65395,Female,Urban,Bachelor,More than 10L,1,5,3723,1,A,Platinum,44436
67475,Male,Urban,Bachelor,2L-5L,1,3,6237,More than 1,A,Platinum,110904
78079,Female,Urban,Others,2L-5L,0,5,0,1,B,Platinum,58056
87992,Female,Rural,High School,5L-10L,0,2,2109,1,B,Platinum,33060
76429,Female,Urban,Bachelor,5L-10L,0,1,0,1,A,Silver,35388
69145,Female,Urban,High School,5L-10L,0,4,6980,More than 1,B,Platinum,56748
28617,Female,Urban,High School,5L-10L,1,5,6680,1,A,Platinum,51288
64439,Male,Urban,Bachelor,More than 10L,0,8,4332,More than 1,B,Platinum,116748
35688,Male,Urban,Bachelor,5L-10L,0,6,9621,More than 1,A,Platinum,373812
23253,Male,Urban,High School,More than 10L,0,5,3110,1,B,Platinum,40344
32079,Female,Rural,High School,5L-10L,1,2,2740,1,A,Silver,41088
68787,Male,Rural,High School,5L-10L,1,7,2834,More than 1,A,Gold,95448
34476,Female,Rural,Bachelor,5L-10L,0,6,2203,1,B,Platinum,61560
56283,Male,Urban,Bachelor,More than 10L,1,6,5127,1,A,Gold,30528
30707,Male,Rural,High School,5L-10L,1,7,0,More than 1,B,Platinum,71064
13325,Male,Rural,Bachelor,5L-10L,1,7,0,1,B,Silver,40224
40835,Female,Rural,Bachelor,5L-10L,1,5,0,1,A,Platinum,55512
63231,Female,Urban,High School,More than 10L,1,4,5936,More than 1,A,Platinum,104832
4938,Female,Rural,Bachelor,5L-10L,0,4,0,1,C,Platinum,36312
39148,Female,Urban,Bachelor,5L-10L,0,7,4222,More than 1,A,Platinum,116772
35391,Male,Rural,Bachelor,More than 10L,1,7,0,1,C,Silver,60768
28536,Male,Urban,High School,5L-10L,1,2,10741,1,A,Platinum,30516
35742,Male,Urban,High School,2L-5L,1,6,5296,1,B,Silver,31944
6173,Female,Urban,Bachelor,More than 10L,0,7,2241,More than 1,C,Silver,97140
6644,Male,Urban,Bachelor,2L-5L,0,8,6342,1,A,Silver,53952
23708,Female,Urban,High School,2L-5L,1,3,4530,More than 1,A,Silver,105876
5239,Female,Urban,Bachelor,2L-5L,0,5,5190,1,A,Platinum,34584
15689,Male,Rural,Others,5L-10L,0,2,0,1,B,Silver,28560
74838,Male,Urban,High School,2L-5L,0,6,6257,1,A,Gold,47184
65168,Male,Rural,Bachelor,5L-10L,0,6,3879,More than 1,B,Platinum,293688
54517,Male,Urban,High School,2L-5L,0,4,5105,1,A,Platinum,47724
32034,Female,Urban,Bachelor,5L-10L,1,4,3915,1,A,Platinum,53208
85682,Male,Rural,Bachelor,5L-10L,1,5,2834,More than 1,B,Platinum,70224
50383,Female,Rural,Bachelor,More than 10L,0,5,2556,More than 1,A,Platinum,110400
26735,Female,Rural,Bachelor,5L-10L,0,6,0,1,B,Platinum,35568
65049,Female,Rural,Others,5L-10L,0,8,0,1,A,Platinum,51780
47874,Female,Urban,High School,2L-5L,1,6,0,1,A,Platinum,34056
75708,Male,Rural,High School,More than 10L,1,7,3998,More than 1,B,Platinum,65796
10454,Female,Urban,High School,2L-5L,0,5,5195,1,A,Platinum,32976
79953,Male,Urban,High School,2L-5L,0,8,4240,1,A,Silver,49992
4124,Male,Rural,High School,5L-10L,0,2,7363,More than 1,A,Silver,98148
12934,Female,Rural,Bachelor,5L-10L,1,6,0,1,A,Platinum,54708
72165,Male,Rural,High School,2L-5L,1,7,3054,1,B,Silver,50976
42014,Female,Urban,High School,5L-10L,1,8,6381,More than 1,A,Platinum,99636
11972,Male,Rural,High School,More than 10L,0,7,0,More than 1,B,Platinum,65448
22212,Male,Rural,High School,5L-10L,1,7,2357,1,A,Platinum,51732
7241,Male,Urban,Bachelor,5L-10L,0,1,2710,1,A,Gold,44580
57842,Male,Urban,Bachelor,More than 10L,1,2,3688,1,A,Platinum,35064
84342,Male,Urban,Bachelor,More than 10L,1,1,3445,1,A,Gold,33120
46743,Male,Urban,Bachelor,2L-5L,1,2,5355,1,A,Platinum,35868
28622,Male,Urban,High School,5L-10L,0,5,11191,More than 1,A,Gold,239100
38749,Male,Rural,Bachelor,5L-10L,1,7,5366,1,A,Platinum,50208
39368,Female,Urban,High School,5L-10L,0,1,5633,More than 1,A,Gold,67080
20555,Female,Urban,High School,5L-10L,1,5,5275,More than 1,A,Platinum,98568
33865,Male,Urban,Others,5L-10L,1,5,5514,1,A,Platinum,31728
32627,Male,Urban,High School,2L-5L,1,6,5976,More than 1,B,Platinum,64968
41126,Female,Rural,High School,5L-10L,0,6,0,More than 1,B,Platinum,78168
32776,Male,Urban,Others,2L-5L,1,6,4844,1,C,Silver,30792
52183,Female,Urban,High School,2L-5L,0,7,5637,1,A,Platinum,32172
6953,Female,Urban,Bachelor,More than 10L,0,6,0,More than 1,C,Gold,67368
54740,Female,Rural,High School,5L-10L,1,4,0,1,A,Platinum,38172
20907,Female,Urban,High School,5L-10L,1,6,4751,1,A,Platinum,41544
30086,Female,Rural,Bachelor,5L-10L,1,1,2024,1,A,Gold,49632
68554,Male,Urban,Bachelor,More than 10L,0,8,4335,More than 1,A,Platinum,98484
65292,Female,Rural,High School,More than 10L,1,3,5278,More than 1,A,Platinum,60492
40528,Male,Urban,Bachelor,5L-10L,1,1,2304,1,A,Platinum,33984
41148,Female,Urban,High School,2L-5L,0,8,7600,More than 1,B,Gold,73260
68279,Male,Rural,Bachelor,5L-10L,0,2,0,1,B,Gold,33312
28594,Male,Urban,Bachelor,5L-10L,0,7,2406,More than 1,B,Silver,70428
65601,Male,Urban,Bachelor,2L-5L,1,8,5471,More than 1,B,Silver,72936
744,Male,Urban,Bachelor,5L-10L,0,7,10783,1,A,Platinum,31872
62512,Female,Urban,High School,5L-10L,1,2,11564,1,A,Silver,48672
24234,Male,Rural,Bachelor,5L-10L,0,3,5401,More than 1,A,Platinum,97728
87946,Male,Rural,Bachelor,5L-10L,1,8,4918,More than 1,B,Platinum,65292
71866,Male,Urban,High School,5L-10L,0,3,2020,1,B,Silver,39144
19417,Male,Rural,Bachelor,5L-10L,1,7,2530,More than 1,A,Gold,89184
54222,Male,Rural,Bachelor,2L-5L,0,7,0,1,B,Platinum,46176
56727,Male,Urban,High School,2L-5L,1,2,0,1,C,Silver,38748
79135,Female,Urban,High School,5L-10L,1,5,5477,More than 1,A,Gold,61344
10779,Male,Rural,Others,5L-10L,1,7,0,1,B,Gold,32712
10540,Female,Urban,High School,More than 10L,1,3,6434,More than 1,A,Platinum,68316
77512,Male,Urban,Bachelor,More than 10L,1,1,0,1,C,Platinum,35568
50578,Male,Urban,Bachelor,5L-10L,0,5,5888,More than 1,A,Platinum,116976
25443,Male,Urban,High School,5L-10L,1,6,8853,More than 1,A,Platinum,69504
33176,Female,Urban,High School,More than 10L,0,4,0,1,A,Silver,42216
65525,Male,Urban,High School,5L-10L,0,1,3557,More than 1,A,Platinum,290244
75073,Male,Urban,Bachelor,2L-5L,0,8,4893,More than 1,B,Platinum,91872
62064,Female,Urban,High School,5L-10L,1,8,7530,More than 1,A,Platinum,72468
65605,Female,Urban,High School,5L-10L,0,1,4868,More than 1,A,Platinum,161700
1565,Male,Rural,Bachelor,5L-10L,0,1,2468,More than 1,A,Platinum,100164
79719,Female,Urban,Bachelor,<=2L,0,1,5923,More than 1,A,Platinum,435072
13014,Female,Urban,High School,5L-10L,0,4,0,1,A,Gold,299604
47245,Female,Urban,High School,More than 10L,0,7,3250,More than 1,A,Gold,105672
76820,Female,Urban,High School,5L-10L,1,1,2249,More than 1,A,Gold,96648
64202,Male,Urban,High School,5L-10L,0,1,2865,More than 1,A,Platinum,113040
3921,Male,Urban,Bachelor,5L-10L,0,2,5493,1,A,Gold,34284
62456,Male,Rural,Bachelor,5L-10L,0,2,0,1,B,Platinum,54372
14607,Female,Urban,High School,More than 10L,1,3,0,More than 1,B,Platinum,70584
71298,Male,Urban,High School,2L-5L,0,1,8331,More than 1,A,Gold,108792
55807,Female,Urban,High School,5L-10L,1,1,5111,1,B,Silver,36264
13700,Female,Urban,Bachelor,<=2L,1,4,5422,More than 1,A,Silver,62412
70511,Male,Urban,Bachelor,2L-5L,0,6,2102,More than 1,B,Silver,74376
62733,Male,Rural,Bachelor,5L-10L,1,3,2116,1,A,Gold,30768
2652,Female,Rural,Others,5L-10L,0,7,0,1,A,Gold,30144
1547,Male,Urban,High School,5L-10L,1,6,3942,More than 1,A,Platinum,91980
15409,Female,Urban,High School,5L-10L,0,3,4253,1,C,Silver,72348
80348,Female,Urban,High School,5L-10L,0,6,5340,More than 1,A,Platinum,75972
16728,Female,Urban,Bachelor,<=2L,0,2,7005,More than 1,B,Platinum,162912
55445,Male,Rural,High School,More than 10L,0,6,2342,More than 1,B,Silver,62028
25670,Female,Urban,High School,2L-5L,0,5,2727,More than 1,A,Platinum,64344
38100,Male,Urban,Bachelor,2L-5L,1,7,2046,More than 1,B,Platinum,69744
89138,Male,Urban,High School,5L-10L,0,3,11077,More than 1,A,Platinum,124128
16404,Female,Rural,Bachelor,More than 10L,1,0,3794,1,A,Gold,45648
39290,Female,Urban,Bachelor,5L-10L,0,2,5192,More than 1,B,Gold,113460
60841,Female,Urban,High School,2L-5L,0,6,3937,More than 1,A,Platinum,141588
73757,Male,Rural,High School,More than 10L,1,5,0,More than 1,A,Silver,35364
31228,Male,Urban,Bachelor,2L-5L,1,8,0,More than 1,B,Platinum,70368
10863,Male,Urban,High School,5L-10L,1,4,13181,More than 1,B,Platinum,64308
2154,Female,Urban,High School,5L-10L,1,0,4188,More than 1,A,Platinum,62904
31887,Male,Rural,High School,5L-10L,0,8,0,More than 1,B,Platinum,66564
52237,Female,Rural,Bachelor,5L-10L,1,5,3852,1,B,Silver,41424
44421,Male,Rural,Others,5L-10L,0,2,0,1,A,Platinum,42264
88035,Female,Rural,Others,5L-10L,1,3,0,1,A,Platinum,47652
40755,Male,Urban,High School,5L-10L,1,7,6808,1,A,Silver,35628
29735,Male,Rural,High School,5L-10L,0,6,2318,More than 1,B,Gold,74328
51509,Male,Urban,High School,More than 10L,0,1,2000,More than 1,B,Gold,97104
33124,Female,Urban,Others,5L-10L,1,4,0,1,A,Platinum,50220
4752,Female,Urban,Bachelor,More than 10L,0,4,2479,More than 1,B,Silver,95700
29922,Female,Urban,High School,5L-10L,0,2,6351,1,A,Platinum,46392
19196,Female,Rural,Bachelor,2L-5L,1,4,0,More than 1,B,Platinum,97080
55852,Male,Urban,High School,5L-10L,1,6,2121,1,A,Silver,31596
6609,Male,Urban,Others,2L-5L,1,6,6368,1,C,Gold,33252
77018,Male,Urban,High School,5L-10L,1,7,10424,More than 1,A,Gold,96108
85930,Male,Urban,Bachelor,2L-5L,1,6,2060,1,B,Gold,33672
70430,Female,Rural,High School,5L-10L,0,6,6536,1,B,Silver,35868
36501,Female,Rural,Bachelor,More than 10L,0,7,0,1,B,Platinum,49584
34748,Male,Rural,High School,5L-10L,0,7,0,1,B,Platinum,49164
56842,Male,Urban,High School,5L-10L,1,1,4215,1,A,Platinum,125760
83736,Male,Urban,High School,2L-5L,1,6,4320,More than 1,C,Gold,98556
37586,Female,Rural,High School,5L-10L,1,0,2090,More than 1,A,Platinum,61452
27846,Male,Urban,Bachelor,2L-5L,0,4,8162,More than 1,A,Platinum,125424
33552,Male,Rural,High School,5L-10L,0,7,0,1,C,Silver,39768
86656,Male,Rural,Bachelor,5L-10L,1,4,5450,1,B,Gold,31032
19722,Male,Urban,High School,2L-5L,1,1,6094,1,A,Silver,32532
40090,Male,Rural,Bachelor,2L-5L,0,1,0,More than 1,B,Platinum,56628
1503,Male,Rural,Bachelor,More than 10L,1,7,0,1,A,Gold,36696
18441,Male,Rural,Bachelor,More than 10L,1,2,0,1,C,Silver,33432
1339,Male,Urban,Bachelor,5L-10L,0,7,0,More than 1,B,Platinum,118752
41633,Female,Urban,High School,2L-5L,0,5,6602,More than 1,A,Platinum,70584
27395,Female,Rural,Bachelor,2L-5L,0,8,0,More than 1,B,Silver,69144
28146,Male,Rural,High School,More than 10L,0,1,0,1,C,Platinum,57444
4248,Male,Rural,High School,5L-10L,1,4,0,1,B,Platinum,61632
14331,Female,Rural,High School,5L-10L,1,0,2305,More than 1,A,Platinum,72720
10887,Male,Rural,High School,More than 10L,1,2,0,More than 1,B,Gold,68244
42832,Male,Urban,High School,5L-10L,1,6,7571,More than 1,B,Silver,120732
17438,Male,Urban,Bachelor,2L-5L,1,7,4772,1,A,Gold,48216
20886,Male,Rural,High School,5L-10L,0,1,5223,More than 1,C,Gold,64932
73503,Female,Urban,High School,2L-5L,0,4,6678,More than 1,A,Gold,101496
20282,Male,Urban,Bachelor,5L-10L,1,0,3856,1,B,Gold,45036
61551,Female,Urban,High School,2L-5L,0,5,7562,More than 1,B,Platinum,310416
26827,Female,Rural,Bachelor,More than 10L,1,4,2108,More than 1,A,Platinum,72156
61721,Male,Urban,Bachelor,5L-10L,0,6,2883,1,A,Platinum,31032
76540,Male,Urban,Bachelor,5L-10L,1,5,0,1,C,Gold,36048
35655,Female,Urban,Bachelor,5L-10L,1,5,2675,More than 1,A,Platinum,320304
9131,Male,Urban,High School,5L-10L,0,2,5445,1,B,Silver,33720
8808,Male,Rural,High School,More than 10L,1,6,2028,1,A,Platinum,52152
36260,Female,Urban,High School,<=2L,0,4,3509,More than 1,A,Platinum,92364
51358,Female,Urban,High School,2L-5L,0,6,6134,1,A,Gold,58164
60777,Male,Rural,High School,More than 10L,1,8,0,More than 1,A,Gold,129036
45150,Male,Rural,Bachelor,More than 10L,0,7,5336,More than 1,A,Gold,88932
34818,Male,Urban,Bachelor,More than 10L,1,7,2142,More than 1,B,Platinum,63672
10876,Female,Rural,Bachelor,More than 10L,1,5,2013,More than 1,B,Platinum,72420
38990,Female,Urban,Bachelor,More than 10L,1,1,0,1,A,Silver,33600
69355,Female,Urban,High School,2L-5L,0,2,6149,1,A,Platinum,71568
87681,Male,Urban,Bachelor,2L-5L,0,0,6931,More than 1,B,Silver,109308
68561,Male,Urban,Bachelor,5L-10L,1,6,5098,1,B,Platinum,33792
63334,Female,Urban,Bachelor,2L-5L,1,3,3840,More than 1,C,Gold,652656
59026,Female,Urban,Others,More than 10L,1,4,2739,1,B,Silver,35544
58406,Male,Rural,Bachelor,5L-10L,0,7,2436,More than 1,A,Platinum,66684
73200,Male,Urban,Bachelor,5L-10L,0,4,14912,More than 1,C,Platinum,558876
504,Female,Rural,High School,5L-10L,1,7,2141,More than 1,A,Silver,64788
22866,Male,Urban,High School,5L-10L,1,8,3961,More than 1,A,Platinum,65004
76361,Male,Urban,High School,More than 10L,1,1,3630,More than 1,A,Platinum,67152
14508,Male,Urban,High School,5L-10L,1,2,0,More than 1,A,Platinum,93228
17491,Female,Urban,Bachelor,5L-10L,0,4,3434,More than 1,A,Platinum,103428
49281,Male,Urban,Bachelor,2L-5L,0,1,5193,1,A,Silver,40740
732,Female,Rural,High School,5L-10L,1,3,0,1,A,Silver,32496
73783,Male,Urban,High School,5L-10L,1,0,5526,More than 1,A,Platinum,116484
11357,Female,Urban,High School,5L-10L,0,8,0,More than 1,B,Silver,67524
58179,Male,Urban,High School,5L-10L,0,4,3762,More than 1,A,Platinum,243696
12862,Female,Rural,High School,5L-10L,0,3,2140,1,C,Platinum,34776
79581,Female,Rural,High School,More than 10L,1,3,0,1,B,Platinum,36252
48555,Female,Urban,High School,2L-5L,1,3,0,1,B,Gold,34464
68838,Female,Rural,Others,2L-5L,1,1,0,1,B,Silver,32868
78950,Male,Rural,High School,5L-10L,0,1,0,1,B,Gold,34860
83363,Female,Rural,Bachelor,5L-10L,1,7,2211,More than 1,B,Platinum,77196
41228,Male,Rural,Bachelor,5L-10L,0,1,0,1,A,Platinum,360744
17860,Female,Rural,Bachelor,2L-5L,1,4,3066,1,B,Silver,61224
27356,Female,Rural,High School,5L-10L,0,6,3123,1,A,Platinum,46896
69801,Female,Urban,High School,2L-5L,1,0,3577,1,A,Gold,49248
5935,Female,Urban,High School,2L-5L,0,2,3919,More than 1,A,Gold,172560
33925,Male,Urban,High School,5L-10L,1,7,6463,More than 1,A,Gold,95580
6150,Male,Urban,Bachelor,5L-10L,1,5,6694,1,A,Platinum,60852
85989,Female,Urban,High School,More than 10L,0,5,5626,More than 1,A,Platinum,126048
59807,Female,Urban,High School,2L-5L,1,2,4265,More than 1,C,Platinum,104448
41057,Male,Urban,Others,2L-5L,1,5,5117,1,A,Gold,32448
13921,Male,Urban,Bachelor,5L-10L,1,7,0,More than 1,B,Platinum,64512
69567,Male,Urban,High School,5L-10L,1,8,3996,1,A,Platinum,33180
28702,Female,Rural,Bachelor,5L-10L,0,6,0,More than 1,A,Platinum,72948
19280,Male,Urban,High School,5L-10L,1,6,4244,1,C,Platinum,61320
11795,Female,Urban,High School,5L-10L,0,5,3051,1,A,Platinum,49068
87070,Male,Urban,High School,5L-10L,1,6,6584,1,B,Silver,35844
43428,Female,Urban,High School,2L-5L,1,7,6741,1,B,Platinum,72948
78113,Female,Rural,Bachelor,5L-10L,0,7,3448,1,A,Gold,45444
35151,Male,Urban,High School,2L-5L,0,1,2509,More than 1,A,Gold,61884
30258,Male,Rural,High School,5L-10L,1,3,2761,More than 1,A,Platinum,68184
9849,Female,Rural,High School,5L-10L,0,2,3130,1,A,Gold,45384
37055,Male,Rural,High School,5L-10L,0,7,2926,More than 1,A,Platinum,107616
29004,Male,Urban,Bachelor,5L-10L,1,0,2826,1,A,Platinum,33696
75869,Female,Urban,Others,More than 10L,1,2,4841,1,A,Silver,33192
69695,Female,Rural,High School,2L-5L,1,5,0,More than 1,A,Silver,75048
70977,Male,Urban,Bachelor,More than 10L,1,7,2584,More than 1,A,Platinum,93912
55201,Female,Urban,Bachelor,5L-10L,1,3,0,1,A,Silver,32532
49891,Male,Urban,High School,<=2L,1,6,3501,More than 1,A,Silver,495456
54767,Female,Urban,Bachelor,2L-5L,0,1,7033,1,A,Platinum,39540
60739,Male,Urban,Bachelor,5L-10L,0,0,3315,More than 1,A,Gold,103464
44639,Male,Urban,Bachelor,5L-10L,0,7,2610,More than 1,A,Silver,62112
3440,Male,Urban,Bachelor,5L-10L,0,8,9028,More than 1,A,Silver,106728
54785,Female,Urban,Bachelor,5L-10L,1,4,2058,1,B,Silver,36228
29864,Male,Urban,Bachelor,5L-10L,1,4,5848,1,A,Platinum,49344
28215,Male,Rural,High School,5L-10L,1,4,0,More than 1,A,Silver,69192
49455,Female,Urban,Bachelor,2L-5L,1,3,5549,More than 1,A,Platinum,98052
2554,Male,Rural,Bachelor,5L-10L,0,7,3016,1,B,Platinum,72372
74294,Female,Urban,Bachelor,2L-5L,1,7,3254,More than 1,A,Platinum,107364
57225,Female,Urban,Bachelor,5L-10L,1,7,0,More than 1,A,Platinum,97524
27397,Female,Urban,Bachelor,5L-10L,0,3,8939,More than 1,A,Platinum,109224
66024,Male,Rural,High School,5L-10L,0,0,2311,More than 1,A,Platinum,93900
19947,Male,Urban,High School,5L-10L,1,6,6508,1,C,Platinum,32280
88800,Male,Urban,High School,5L-10L,1,5,5905,More than 1,A,Platinum,96960
77108,Female,Urban,High School,2L-5L,0,0,2147,More than 1,B,Silver,101856
85221,Male,Urban,Bachelor,2L-5L,1,6,3567,More than 1,A,Gold,57420
62931,Male,Rural,Bachelor,More than 10L,1,0,0,More than 1,B,Platinum,64908
17717,Male,Urban,High School,2L-5L,0,4,4909,1,A,Silver,30612
38361,Male,Urban,High School,5L-10L,1,5,5054,1,A,Platinum,34248
58183,Female,Urban,High School,5L-10L,0,6,11289,More than 1,A,Platinum,108132
26161,Female,Rural,Bachelor,2L-5L,0,7,3863,More than 1,A,Silver,107016
17014,Female,Urban,Bachelor,2L-5L,1,3,4168,More than 1,A,Platinum,93420
59032,Male,Rural,Bachelor,5L-10L,0,1,0,More than 1,B,Silver,59280
4346,Female,Urban,High School,5L-10L,0,6,10653,More than 1,B,Gold,65220
22716,Female,Rural,High School,2L-5L,0,7,0,1,C,Gold,36888
10184,Male,Urban,Bachelor,More than 10L,0,0,3796,More than 1,A,Platinum,61224
21670,Female,Urban,High School,2L-5L,0,7,4110,1,A,Platinum,50148
52514,Male,Urban,Bachelor,More than 10L,1,0,5098,1,A,Gold,29916
74468,Female,Urban,Bachelor,More than 10L,0,6,8508,More than 1,A,Platinum,68388
1311,Female,Urban,High School,5L-10L,1,2,6544,More than 1,A,Gold,56448
59033,Male,Rural,High School,5L-10L,0,7,4141,More than 1,A,Silver,99924
89332,Male,Rural,Bachelor,5L-10L,1,7,2457,More than 1,C,Platinum,66972
34527,Male,Urban,High School,5L-10L,0,7,0,More than 1,A,Gold,102216
81845,Male,Rural,High School,More than 10L,0,4,0,1,A,Platinum,32184
55543,Male,Urban,Bachelor,5L-10L,1,7,0,More than 1,B,Platinum,66648
88736,Male,Rural,High School,2L-5L,0,6,4626,More than 1,B,Platinum,67248
2520,Male,Urban,High School,5L-10L,0,5,4165,More than 1,A,Platinum,212304
69720,Female,Urban,Bachelor,5L-10L,0,4,8209,1,B,Platinum,49560
9381,Female,Urban,Bachelor,5L-10L,0,7,5887,More than 1,A,Gold,90180
86281,Male,Rural,Bachelor,5L-10L,1,0,3414,1,A,Silver,32508
23399,Male,Rural,Bachelor,More than 10L,1,5,2741,More than 1,A,Platinum,63528
6329,Male,Rural,Bachelor,5L-10L,1,6,6477,1,B,Silver,50292
51989,Female,Rural,Bachelor,5L-10L,0,7,3148,More than 1,A,Platinum,69672
68264,Male,Urban,Others,More than 10L,1,5,5124,1,A,Platinum,43980
16323,Male,Urban,High School,2L-5L,0,5,5780,1,A,Silver,35544
72294,Female,Rural,Bachelor,5L-10L,1,5,0,1,B,Platinum,63540
37743,Female,Urban,High School,5L-10L,1,8,0,More than 1,A,Silver,69144
83744,Male,Urban,High School,5L-10L,0,7,5621,1,B,Silver,31116
75841,Female,Rural,Bachelor,More than 10L,1,1,5552,More than 1,B,Platinum,86064
30497,Male,Urban,Bachelor,More than 10L,0,1,18509,More than 1,A,Platinum,264432
75385,Female,Rural,Bachelor,2L-5L,0,6,2689,More than 1,B,Silver,73248
9738,Female,Urban,High School,2L-5L,0,7,6000,1,A,Silver,55776
84103,Female,Rural,High School,More than 10L,1,6,0,More than 1,A,Platinum,71388
54476,Male,Urban,Bachelor,5L-10L,0,5,6507,1,A,Platinum,35520
777,Female,Rural,High School,2L-5L,0,6,0,More than 1,B,Silver,71028
55057,Male,Urban,High School,5L-10L,1,5,6252,More than 1,A,Platinum,101988
7646,Male,Rural,High School,More than 10L,1,4,0,1,A,Platinum,38076
6980,Male,Urban,Bachelor,5L-10L,1,5,2117,More than 1,A,Gold,100332
82874,Female,Urban,High School,<=2L,1,7,4102,1,A,Gold,52308
82080,Female,Urban,Bachelor,5L-10L,0,8,9479,More than 1,A,Platinum,57660
49977,Male,Urban,High School,2L-5L,1,3,12347,More than 1,B,Platinum,118944
24965,Female,Urban,Bachelor,More than 10L,1,6,5158,1,A,Platinum,40032
118,Male,Urban,Bachelor,5L-10L,0,1,2281,1,A,Silver,32496
10600,Male,Urban,High School,5L-10L,1,7,4410,More than 1,A,Gold,56148
60068,Male,Urban,Bachelor,5L-10L,1,5,5400,1,B,Platinum,30732
7609,Female,Urban,Bachelor,More than 10L,0,1,5775,More than 1,A,Platinum,70536
7928,Female,Urban,Bachelor,2L-5L,0,7,5027,More than 1,A,Silver,71244
59172,Male,Urban,High School,5L-10L,1,5,4523,1,B,Silver,36336
4441,Male,Urban,High School,2L-5L,1,5,0,More than 1,A,Platinum,92604
9883,Female,Urban,Bachelor,<=2L,1,4,6465,More than 1,A,Gold,220044
10061,Male,Rural,High School,5L-10L,1,6,0,1,A,Platinum,47676
43043,Male,Urban,Others,5L-10L,1,7,0,1,A,Silver,53088
48967,Female,Urban,Bachelor,2L-5L,1,2,7220,More than 1,C,Platinum,201168
72108,Male,Urban,High School,5L-10L,1,3,6571,1,A,Silver,37032
1205,Female,Rural,High School,5L-10L,1,2,0,More than 1,A,Platinum,56076
52064,Male,Urban,Bachelor,5L-10L,1,1,3319,More than 1,A,Platinum,91956
42974,Female,Rural,High School,2L-5L,0,6,0,1,A,Silver,33504
79507,Male,Urban,High School,More than 10L,0,4,24245,1,A,Gold,36024
76944,Male,Urban,High School,<=2L,1,1,7461,More than 1,A,Platinum,142692
35213,Male,Urban,High School,2L-5L,1,6,8349,More than 1,B,Gold,111996
55689,Male,Rural,High School,5L-10L,0,8,0,1,B,Platinum,37740
35209,Female,Rural,Others,5L-10L,1,7,0,More than 1,A,Gold,65328
41290,Male,Rural,High School,More than 10L,1,4,5037,1,C,Platinum,33984
50716,Female,Urban,High School,5L-10L,1,1,3827,More than 1,C,Silver,95712
43900,Female,Urban,High School,2L-5L,1,3,6052,1,A,Silver,53772
31093,Male,Urban,High School,More than 10L,0,6,4238,More than 1,A,Platinum,102372
60916,Female,Urban,High School,5L-10L,0,7,3454,1,B,Platinum,38352
54234,Male,Urban,High School,5L-10L,0,0,0,1,B,Platinum,49872
25104,Male,Rural,Bachelor,2L-5L,1,7,0,1,A,Platinum,30960
16278,Male,Rural,Bachelor,5L-10L,0,8,3538,More than 1,B,Platinum,66564
89046,Female,Rural,High School,5L-10L,0,6,0,1,B,Platinum,61452
25793,Female,Rural,High School,5L-10L,1,8,2494,More than 1,A,Gold,151992
39822,Male,Urban,High School,5L-10L,0,4,3208,1,B,Gold,49956
53807,Male,Rural,High School,5L-10L,0,6,2187,1,A,Gold,37008
25940,Male,Urban,High School,5L-10L,1,3,13943,More than 1,A,Gold,161640
54472,Male,Urban,High School,2L-5L,0,2,8575,More than 1,B,Platinum,107004
77792,Male,Urban,Bachelor,5L-10L,0,8,7811,More than 1,A,Platinum,103632
55929,Male,Urban,High School,2L-5L,0,4,3493,More than 1,A,Platinum,106440
70173,Male,Urban,High School,5L-10L,1,4,4789,1,A,Gold,33324
42017,Male,Urban,Bachelor,2L-5L,1,1,5386,More than 1,A,Platinum,101652
60631,Male,Urban,Bachelor,5L-10L,1,4,3185,More than 1,B,Platinum,69576
15045,Female,Rural,Bachelor,5L-10L,1,1,3481,More than 1,B,Platinum,107556
28503,Female,Urban,High School,5L-10L,1,4,3839,More than 1,B,Platinum,61800
54561,Male,Urban,High School,More than 10L,1,0,0,1,A,Platinum,38460
47486,Male,Rural,High School,5L-10L,1,6,0,1,B,Platinum,48984
70353,Female,Urban,High School,<=2L,0,3,4978,1,A,Silver,45264
45834,Male,Urban,High School,5L-10L,0,6,10985,More than 1,C,Platinum,115392
40066,Female,Rural,High School,5L-10L,0,6,3590,1,B,Platinum,46344
27224,Female,Urban,High School,5L-10L,1,2,3291,1,C,Silver,45456
14281,Female,Urban,High School,5L-10L,1,2,5392,1,C,Gold,35232
64751,Male,Urban,High School,5L-10L,1,8,6827,More than 1,C,Platinum,104964
65643,Female,Rural,High School,More than 10L,1,5,0,1,B,Platinum,71292
14054,Male,Rural,High School,5L-10L,0,2,3508,1,A,Gold,32556
3036,Female,Rural,High School,More than 10L,0,7,2631,1,A,Platinum,38592
56613,Male,Urban,High School,5L-10L,1,4,5408,1,A,Platinum,34848
30578,Female,Rural,Others,More than 10L,1,6,0,1,A,Platinum,47868
21138,Male,Urban,Bachelor,5L-10L,1,2,5426,1,B,Platinum,38868
9953,Male,Urban,High School,5L-10L,1,6,0,1,A,Platinum,37692
9351,Male,Urban,High School,2L-5L,1,0,2150,More than 1,A,Gold,75348
5478,Female,Rural,Bachelor,More than 10L,1,5,2814,More than 1,B,Silver,67980
20772,Male,Rural,Bachelor,5L-10L,0,5,0,1,B,Platinum,49224
57328,Male,Urban,High School,5L-10L,1,4,4758,1,A,Silver,35892
7350,Female,Urban,Bachelor,<=2L,1,5,4407,More than 1,C,Gold,114288
28037,Female,Urban,High School,5L-10L,0,6,2130,More than 1,A,Silver,41760
71328,Male,Urban,Bachelor,5L-10L,1,6,5770,1,A,Gold,33276
40307,Male,Rural,High School,5L-10L,1,0,3969,More than 1,A,Silver,94980
14948,Female,Urban,High School,5L-10L,1,6,9672,More than 1,B,Platinum,100872
77502,Male,Urban,High School,5L-10L,1,7,5739,1,B,Silver,41916
62486,Male,Rural,High School,5L-10L,1,8,0,More than 1,B,Silver,48636
37847,Female,Urban,Others,2L-5L,0,5,2000,More than 1,B,Silver,64860
40482,Male,Rural,Bachelor,5L-10L,1,6,2049,More than 1,A,Platinum,85428
55362,Female,Rural,High School,More than 10L,1,7,0,1,B,Platinum,108984
81951,Male,Urban,Bachelor,2L-5L,1,6,4790,1,C,Silver,39192
45335,Male,Rural,Bachelor,5L-10L,1,0,5816,1,A,Silver,54180
15671,Female,Urban,High School,5L-10L,0,5,7915,1,A,Silver,47196
42926,Male,Rural,Bachelor,5L-10L,0,3,2837,1,A,Gold,41412
75619,Male,Urban,Bachelor,5L-10L,1,6,7283,1,C,Platinum,66756
20733,Male,Urban,High School,5L-10L,0,5,3478,More than 1,A,Silver,106836
40335,Male,Urban,Bachelor,2L-5L,0,2,3430,More than 1,B,Platinum,67416
62577,Male,Urban,High School,5L-10L,1,2,0,1,A,Platinum,34116
84401,Male,Urban,High School,More than 10L,0,7,6644,1,A,Gold,32988
46692,Male,Urban,High School,5L-10L,1,5,4365,1,A,Platinum,52416
14700,Female,Urban,High School,5L-10L,1,4,2964,More than 1,A,Silver,65784
65278,Female,Urban,High School,2L-5L,1,5,5294,More than 1,A,Platinum,142872
35553,Female,Urban,Bachelor,More than 10L,0,6,4337,1,A,Gold,48900
30799,Male,Urban,Bachelor,<=2L,1,1,9553,More than 1,A,Platinum,208032
64929,Female,Rural,High School,5L-10L,1,7,0,More than 1,B,Silver,68580
24368,Female,Rural,Bachelor,More than 10L,0,2,0,1,A,Platinum,45288
8025,Male,Urban,High School,<=2L,0,6,6487,1,A,Platinum,51744
81685,Male,Rural,High School,2L-5L,1,3,4145,More than 1,B,Platinum,70056
53333,Female,Urban,High School,5L-10L,1,7,3446,More than 1,A,Platinum,111456
67165,Male,Rural,Bachelor,5L-10L,0,1,0,More than 1,A,Gold,73008
29446,Female,Urban,High School,2L-5L,1,6,4880,1,B,Gold,33312
72769,Male,Urban,Bachelor,5L-10L,1,4,6009,1,A,Silver,36972
83272,Male,Rural,Others,More than 10L,0,6,0,1,B,Platinum,34764
80996,Male,Urban,Bachelor,5L-10L,0,6,3496,More than 1,B,Silver,254880
63837,Female,Rural,Bachelor,More than 10L,0,8,4686,More than 1,A,Platinum,65280
62418,Male,Urban,High School,5L-10L,1,2,6223,1,A,Silver,35064
85943,Male,Urban,Bachelor,5L-10L,1,1,3091,More than 1,B,Silver,72876
46442,Male,Urban,High School,5L-10L,1,2,8818,More than 1,B,Platinum,113004
81513,Male,Urban,Bachelor,5L-10L,1,8,5210,1,A,Platinum,36372
43821,Male,Urban,High School,5L-10L,1,3,5937,1,A,Platinum,47364
17461,Male,Rural,Bachelor,5L-10L,0,1,0,More than 1,B,Silver,67824
74590,Female,Urban,High School,<=2L,1,2,6621,1,A,Platinum,31272
26533,Female,Rural,Bachelor,5L-10L,1,8,2321,1,A,Silver,30012
31386,Female,Rural,Bachelor,5L-10L,0,6,0,1,B,Silver,59460
69036,Male,Urban,High School,5L-10L,1,7,9473,More than 1,A,Platinum,198840
17198,Male,Rural,High School,5L-10L,1,3,0,More than 1,A,Platinum,69996
29178,Female,Urban,Others,5L-10L,1,5,9935,More than 1,A,Platinum,95280
49045,Male,Urban,Bachelor,5L-10L,1,0,4733,1,A,Gold,32868
84361,Female,Rural,High School,2L-5L,1,2,0,1,A,Platinum,36876
51278,Female,Urban,Bachelor,2L-5L,1,7,3937,More than 1,A,Silver,65796
7855,Male,Urban,Bachelor,More than 10L,0,6,6688,More than 1,B,Silver,60552
21366,Male,Urban,Bachelor,5L-10L,1,7,3127,1,B,Silver,34176
87206,Male,Urban,High School,5L-10L,1,4,2557,1,A,Gold,31224
86738,Female,Rural,Bachelor,5L-10L,1,2,4227,1,C,Gold,56244
50210,Male,Urban,High School,2L-5L,0,3,6535,1,A,Silver,30204
6325,Male,Urban,Bachelor,5L-10L,1,5,0,1,B,Platinum,36540
39388,Male,Urban,High School,5L-10L,1,2,13011,More than 1,A,Gold,288264
589,Male,Urban,High School,2L-5L,1,1,4116,More than 1,A,Platinum,175620
76128,Male,Urban,High School,5L-10L,0,7,3979,More than 1,A,Gold,300468
44903,Male,Urban,High School,2L-5L,0,7,2398,1,A,Platinum,43728
3802,Male,Urban,High School,2L-5L,1,2,4084,More than 1,A,Gold,89352
89328,Male,Rural,High School,5L-10L,1,5,0,More than 1,C,Platinum,105828
34839,Male,Urban,Bachelor,2L-5L,0,1,5066,1,C,Silver,39120
24314,Female,Rural,Bachelor,More than 10L,1,5,0,1,A,Silver,36192
62988,Male,Urban,High School,2L-5L,0,1,3770,More than 1,A,Platinum,62784
26686,Female,Urban,High School,2L-5L,1,7,4016,1,A,Platinum,44388
4954,Male,Urban,High School,5L-10L,1,5,7547,More than 1,C,Platinum,97140
32577,Male,Rural,High School,5L-10L,1,2,6188,More than 1,A,Platinum,94932
73264,Female,Urban,High School,More than 10L,0,5,4116,1,A,Platinum,52296
47546,Male,Urban,Bachelor,More than 10L,0,6,7020,1,B,Silver,50880
85699,Female,Urban,Bachelor,<=2L,0,5,3870,More than 1,A,Platinum,94356
7084,Female,Rural,High School,5L-10L,1,2,5645,1,C,Platinum,57012
8540,Male,Urban,Others,2L-5L,1,5,6401,1,A,Gold,32388
26077,Male,Rural,High School,2L-5L,1,4,2473,More than 1,C,Silver,67512
47516,Male,Urban,High School,5L-10L,1,3,15048,1,C,Platinum,63060
84867,Female,Urban,Bachelor,5L-10L,0,4,3700,More than 1,A,Gold,102648
43203,Male,Rural,Bachelor,More than 10L,1,0,2923,1,A,Silver,53316
37685,Female,Urban,High School,2L-5L,0,6,4177,1,A,Platinum,51048
59482,Female,Rural,Bachelor,5L-10L,1,4,0,1,B,Silver,51576
59243,Male,Urban,Bachelor,5L-10L,0,7,3627,More than 1,A,Platinum,103332
11741,Male,Rural,High School,5L-10L,1,2,0,1,C,Silver,54396
55142,Male,Rural,Bachelor,More than 10L,1,0,0,1,C,Gold,37608
36376,Male,Urban,Bachelor,2L-5L,1,4,3728,More than 1,A,Platinum,98064
19565,Female,Urban,High School,5L-10L,1,2,4158,1,A,Platinum,52872
7532,Male,Rural,Bachelor,More than 10L,1,1,2390,1,A,Silver,38016
78114,Male,Rural,High School,5L-10L,0,5,0,More than 1,B,Platinum,69336
83336,Female,Rural,High School,2L-5L,0,2,3770,1,A,Platinum,48732
85060,Female,Urban,High School,5L-10L,1,4,0,1,B,Platinum,34332
26974,Female,Urban,Bachelor,5L-10L,0,4,7446,More than 1,A,Platinum,134388
73039,Male,Rural,Bachelor,More than 10L,1,3,0,More than 1,A,Platinum,66336
18424,Female,Urban,Bachelor,5L-10L,1,7,4014,More than 1,B,Silver,106404
56376,Male,Urban,Bachelor,5L-10L,0,1,5376,1,A,Platinum,35676
58834,Male,Urban,High School,5L-10L,1,4,3786,1,A,Platinum,48480
21575,Female,Urban,High School,More than 10L,0,8,2601,More than 1,A,Platinum,98340
19358,Male,Rural,High School,2L-5L,0,0,4555,More than 1,A,Silver,106932
15965,Male,Urban,Bachelor,5L-10L,0,7,6048,More than 1,A,Gold,73272
4378,Male,Urban,High School,2L-5L,0,8,2839,More than 1,B,Silver,105180
33700,Male,Rural,High School,More than 10L,0,4,0,More than 1,B,Platinum,67548
39531,Female,Urban,High School,5L-10L,0,7,4074,1,A,Platinum,49512
36603,Female,Urban,Bachelor,<=2L,1,6,4376,More than 1,A,Platinum,151944
74856,Female,Urban,High School,More than 10L,0,8,2280,More than 1,B,Platinum,62964
57998,Female,Urban,Bachelor,2L-5L,1,4,9117,More than 1,A,Platinum,78708
34291,Male,Urban,High School,<=2L,0,6,6929,1,B,Gold,53472
59556,Male,Urban,Bachelor,More than 10L,1,4,3807,More than 1,A,Silver,167676
56249,Female,Urban,Bachelor,2L-5L,1,6,5729,1,A,Gold,51000
56184,Male,Urban,High School,5L-10L,1,5,6772,1,A,Gold,43224
79700,Female,Urban,Bachelor,2L-5L,0,3,14667,More than 1,B,Gold,106308
13567,Male,Urban,Bachelor,More than 10L,1,6,4642,1,A,Gold,38256
52011,Female,Rural,Bachelor,2L-5L,1,7,3377,More than 1,B,Gold,66492
59515,Male,Urban,Bachelor,5L-10L,0,6,6713,More than 1,A,Platinum,109728
21917,Female,Urban,Bachelor,2L-5L,1,4,7179,More than 1,B,Platinum,118320
76794,Male,Urban,Bachelor,2L-5L,0,3,4080,1,B,Gold,36240
39910,Male,Urban,High School,5L-10L,0,2,5372,More than 1,A,Gold,198108
82158,Female,Urban,High School,2L-5L,0,6,5506,1,A,Platinum,55992
87228,Female,Rural,High School,5L-10L,1,2,2727,More than 1,C,Platinum,74556
51579,Male,Rural,High School,5L-10L,0,6,2579,1,A,Gold,29820
80463,Female,Urban,Others,More than 10L,1,1,4455,1,A,Gold,64980
14032,Female,Urban,High School,5L-10L,0,1,6373,1,A,Gold,52620
88552,Male,Urban,High School,5L-10L,0,4,7721,More than 1,A,Platinum,103140
77492,Female,Urban,High School,5L-10L,0,3,5224,More than 1,A,Platinum,107436
66176,Male,Urban,Bachelor,5L-10L,1,0,5785,1,B,Silver,54972
34726,Female,Urban,High School,5L-10L,0,5,3882,More than 1,A,Platinum,194172
69122,Male,Rural,Bachelor,5L-10L,1,3,3619,More than 1,A,Platinum,370704
4643,Female,Rural,Others,5L-10L,1,5,5745,More than 1,A,Gold,68616
27212,Male,Urban,Bachelor,2L-5L,0,6,5269,More than 1,B,Platinum,116424
52664,Male,Urban,High School,More than 10L,0,5,5955,1,A,Gold,47436
62158,Female,Urban,High School,5L-10L,1,7,4175,More than 1,B,Gold,63948
80322,Male,Rural,Others,5L-10L,1,0,2415,More than 1,A,Platinum,94716
41593,Male,Urban,High School,More than 10L,0,2,0,1,C,Silver,61092
11679,Male,Rural,High School,5L-10L,1,4,4597,1,A,Gold,33228
2086,Male,Rural,High School,More than 10L,0,1,0,More than 1,B,Platinum,66264
9008,Male,Urban,High School,More than 10L,0,2,6034,More than 1,A,Silver,101028
57554,Female,Urban,High School,5L-10L,1,2,7289,More than 1,A,Platinum,118332
60529,Female,Urban,High School,5L-10L,1,8,2639,1,A,Platinum,51144
39584,Female,Rural,High School,5L-10L,0,5,4793,1,A,Platinum,31524
47022,Female,Urban,High School,More than 10L,1,5,3744,1,A,Platinum,35052
68337,Female,Urban,Bachelor,5L-10L,0,7,0,1,A,Gold,34536
45613,Male,Urban,High School,5L-10L,0,5,5652,1,A,Silver,31392
86109,Male,Urban,High School,5L-10L,0,6,4266,1,B,Platinum,57996
63805,Female,Urban,High School,5L-10L,0,6,6672,More than 1,A,Silver,108024
41856,Male,Urban,Bachelor,2L-5L,1,6,7330,1,A,Silver,35592
1111,Male,Urban,High School,More than 10L,1,6,4683,More than 1,A,Platinum,58452
51712,Male,Rural,Bachelor,2L-5L,1,7,6636,More than 1,A,Gold,86940
3951,Male,Urban,High School,5L-10L,1,1,5819,1,A,Silver,61824
51266,Male,Urban,Bachelor,5L-10L,1,0,3600,1,C,Silver,54108
66248,Male,Rural,High School,2L-5L,0,6,0,1,A,Gold,44544
20510,Male,Urban,Bachelor,2L-5L,1,6,6180,More than 1,A,Silver,148860
42361,Male,Rural,Others,5L-10L,0,8,3552,More than 1,A,Gold,95724
38319,Female,Urban,High School,5L-10L,0,7,5238,1,A,Silver,49692
19888,Male,Rural,Bachelor,More than 10L,1,4,0,1,A,Platinum,36912
43284,Male,Urban,High School,5L-10L,1,5,3353,1,A,Platinum,46296
51128,Male,Rural,Bachelor,5L-10L,1,7,0,1,A,Platinum,41280
9704,Male,Rural,High School,More than 10L,1,8,2463,More than 1,B,Silver,69408
36875,Male,Rural,High School,5L-10L,0,0,0,1,A,Platinum,39864
40160,Female,Urban,Bachelor,5L-10L,0,4,8256,More than 1,A,Platinum,54372
32973,Male,Urban,High School,5L-10L,0,6,4662,More than 1,A,Platinum,103752
67865,Male,Urban,High School,5L-10L,1,4,0,1,C,Platinum,35688
49722,Male,Urban,High School,5L-10L,1,5,0,1,A,Silver,35424
2592,Male,Urban,High School,5L-10L,1,6,9922,1,A,Platinum,35304
12892,Female,Urban,High School,5L-10L,0,6,3817,More than 1,A,Silver,100836
51207,Female,Urban,High School,More than 10L,0,1,9293,More than 1,A,Platinum,132636
59746,Male,Urban,High School,5L-10L,1,6,2061,1,A,Silver,31260
51264,Male,Urban,Bachelor,5L-10L,1,5,4989,1,A,Platinum,30780
66234,Male,Rural,High School,5L-10L,1,8,3182,More than 1,A,Platinum,66072
62584,Female,Rural,Others,5L-10L,1,4,0,1,A,Platinum,51756
27431,Female,Rural,Bachelor,5L-10L,0,2,0,More than 1,B,Gold,104892
70402,Female,Urban,Bachelor,5L-10L,1,3,13129,More than 1,A,Gold,111624
81121,Female,Rural,High School,5L-10L,0,2,3373,More than 1,A,Platinum,67656
24307,Female,Rural,High School,More than 10L,0,8,2502,More than 1,C,Gold,127500
31296,Male,Urban,Bachelor,5L-10L,0,3,4939,1,A,Silver,32364
34483,Female,Urban,Bachelor,5L-10L,1,3,4372,1,A,Platinum,62400
83151,Female,Urban,Bachelor,2L-5L,1,4,5234,1,A,Silver,34968
29879,Female,Urban,High School,5L-10L,0,3,0,More than 1,A,Platinum,112980
75949,Male,Rural,High School,5L-10L,0,3,0,1,C,Gold,61812
22680,Female,Urban,High School,2L-5L,1,8,6852,1,A,Platinum,41028
87054,Male,Urban,High School,More than 10L,1,2,2908,More than 1,A,Platinum,98544
46068,Female,Urban,High School,2L-5L,1,6,4405,More than 1,A,Silver,56196
42024,Female,Urban,High School,5L-10L,0,6,4860,1,A,Platinum,33924
9082,Female,Urban,High School,5L-10L,1,1,0,1,A,Silver,37392
49021,Female,Urban,Bachelor,<=2L,0,7,9783,More than 1,B,Platinum,70668
7265,Female,Urban,High School,More than 10L,1,6,3889,More than 1,A,Platinum,88296
51837,Female,Urban,High School,5L-10L,1,6,3839,More than 1,A,Platinum,83112
65402,Female,Urban,Bachelor,2L-5L,1,7,2100,More than 1,B,Platinum,68244
62684,Male,Urban,Bachelor,5L-10L,0,4,2948,More than 1,A,Gold,47376
69433,Female,Rural,Bachelor,5L-10L,0,2,0,More than 1,C,Gold,100836
5514,Female,Urban,High School,2L-5L,1,7,4798,1,A,Platinum,64812
6118,Female,Urban,High School,5L-10L,0,6,0,1,A,Platinum,33504
15954,Male,Rural,High School,5L-10L,1,7,0,1,B,Silver,34212
23853,Female,Urban,High School,5L-10L,1,6,4897,1,A,Platinum,30120
4775,Male,Urban,High School,5L-10L,1,6,6175,1,A,Silver,34152
35146,Male,Rural,Bachelor,5L-10L,0,1,0,More than 1,A,Silver,65364
5500,Female,Rural,Bachelor,5L-10L,1,1,0,1,C,Platinum,51564
25837,Male,Urban,High School,5L-10L,1,0,3457,More than 1,A,Gold,46008
48547,Female,Urban,High School,5L-10L,0,7,6425,1,A,Gold,57708
40127,Male,Urban,High School,More than 10L,1,4,4672,More than 1,A,Silver,98340
74712,Male,Urban,High School,5L-10L,0,6,2447,More than 1,A,Silver,218232
67599,Male,Rural,High School,5L-10L,1,6,4076,1,C,Silver,53220
25238,Male,Urban,High School,2L-5L,1,6,7719,More than 1,C,Silver,64116
48288,Male,Rural,Bachelor,5L-10L,1,2,0,More than 1,B,Silver,62832
83102,Female,Urban,High School,5L-10L,1,1,0,1,C,Silver,33288
81423,Female,Urban,Bachelor,More than 10L,1,4,3432,More than 1,A,Gold,71712
76546,Male,Rural,Others,More than 10L,1,3,4841,1,A,Silver,33156
84734,Male,Urban,High School,5L-10L,0,1,3753,1,A,Platinum,51036
5409,Female,Rural,Bachelor,More than 10L,0,8,0,More than 1,B,Platinum,72444
44407,Male,Rural,High School,More than 10L,0,0,0,1,B,Platinum,28296
83044,Female,Urban,Others,2L-5L,0,1,3875,More than 1,C,Platinum,98232
50503,Male,Urban,Bachelor,5L-10L,1,6,0,More than 1,A,Gold,87900
88138,Male,Urban,Bachelor,2L-5L,1,2,11215,More than 1,A,Gold,117912
89351,Male,Rural,High School,More than 10L,0,6,0,1,B,Platinum,231672
88008,Male,Urban,High School,5L-10L,1,8,4217,More than 1,A,Silver,87504
40464,Female,Rural,High School,5L-10L,1,6,0,1,A,Platinum,49608
71775,Male,Rural,Bachelor,2L-5L,0,4,7551,More than 1,A,Platinum,109044
87141,Female,Urban,Bachelor,2L-5L,1,7,5727,More than 1,A,Platinum,214392
34607,Female,Urban,High School,2L-5L,1,6,6261,More than 1,C,Silver,164928
7215,Male,Urban,Bachelor,5L-10L,1,4,10299,More than 1,A,Platinum,100728
1864,Female,Urban,High School,5L-10L,1,3,6326,More than 1,A,Platinum,95568
40680,Female,Urban,High School,5L-10L,1,1,5597,1,A,Platinum,49152
32194,Male,Rural,High School,More than 10L,0,6,0,More than 1,B,Gold,64404
54081,Male,Rural,High School,5L-10L,0,0,0,1,A,Gold,43404
33697,Male,Rural,High School,5L-10L,0,6,0,More than 1,B,Platinum,78528
72746,Female,Urban,High School,5L-10L,0,1,6186,1,A,Silver,51408
36273,Male,Urban,High School,More than 10L,1,6,3691,1,B,Platinum,34176
63325,Male,Rural,Others,More than 10L,0,3,3249,More than 1,B,Platinum,101784
3751,Female,Rural,Bachelor,5L-10L,1,1,3041,1,B,Gold,53664
38026,Male,Rural,Others,2L-5L,0,6,0,1,B,Silver,33924
5629,Female,Urban,Bachelor,2L-5L,1,7,3530,1,B,Silver,35328
30110,Male,Urban,Others,5L-10L,0,5,2152,More than 1,A,Silver,66624
47656,Male,Urban,Bachelor,5L-10L,0,5,2253,More than 1,B,Silver,106200
53324,Male,Rural,Bachelor,2L-5L,1,2,2263,More than 1,B,Silver,104208
18135,Female,Rural,High School,More than 10L,0,7,5963,1,C,Platinum,47328
50175,Female,Rural,Bachelor,5L-10L,0,7,0,More than 1,B,Platinum,76968
69894,Male,Urban,Others,5L-10L,0,6,4704,1,A,Gold,73728
56737,Male,Urban,Bachelor,5L-10L,1,6,5318,1,A,Silver,33756
75060,Female,Urban,Bachelor,5L-10L,0,6,6222,More than 1,A,Platinum,64536
14313,Male,Urban,High School,5L-10L,1,6,6575,1,C,Silver,33324
9251,Female,Urban,Bachelor,2L-5L,0,4,4473,1,A,Platinum,68352
78578,Male,Urban,Bachelor,5L-10L,0,0,3807,More than 1,C,Platinum,102732
6734,Male,Urban,High School,5L-10L,1,6,4132,More than 1,A,Platinum,63840
53407,Female,Rural,High School,5L-10L,0,5,0,More than 1,B,Platinum,62616
40875,Female,Rural,Bachelor,5L-10L,0,7,0,More than 1,B,Platinum,98460
77037,Male,Urban,High School,2L-5L,1,2,8232,More than 1,C,Platinum,71820
901,Male,Urban,Bachelor,More than 10L,1,3,2998,More than 1,B,Silver,70224
67552,Male,Rural,High School,More than 10L,1,3,0,More than 1,B,Platinum,60912
53466,Male,Urban,Bachelor,5L-10L,1,7,3244,More than 1,C,Platinum,105300
65946,Female,Urban,High School,5L-10L,1,0,3138,More than 1,C,Silver,63852
46124,Female,Urban,Others,2L-5L,1,4,0,1,B,Silver,33552
6669,Male,Urban,High School,5L-10L,1,3,8020,More than 1,A,Gold,101940
4185,Female,Urban,High School,5L-10L,1,8,9572,More than 1,C,Platinum,34416
34776,Male,Rural,Bachelor,2L-5L,1,6,5909,More than 1,B,Silver,98520
10020,Female,Rural,Others,More than 10L,1,6,0,More than 1,B,Silver,63372
72250,Female,Urban,High School,2L-5L,1,5,5180,1,A,Gold,29304
37112,Male,Urban,Bachelor,<=2L,1,6,8403,More than 1,A,Platinum,252252
53028,Female,Rural,Bachelor,More than 10L,1,4,0,More than 1,A,Gold,100608
5741,Male,Rural,Bachelor,2L-5L,0,1,0,More than 1,B,Gold,69516
16516,Male,Rural,Bachelor,2L-5L,0,4,0,1,C,Gold,50208
77916,Female,Urban,High School,2L-5L,1,4,4669,More than 1,A,Silver,98700
2718,Male,Urban,Bachelor,5L-10L,0,7,4046,More than 1,A,Platinum,107136
27376,Female,Urban,Bachelor,5L-10L,1,6,5765,More than 1,A,Platinum,48360
39518,Male,Urban,High School,5L-10L,1,6,3243,More than 1,B,Platinum,96996
33616,Male,Rural,High School,5L-10L,1,6,3158,More than 1,C,Gold,70104
19237,Female,Urban,Bachelor,5L-10L,0,6,4414,More than 1,A,Platinum,97188
42920,Male,Rural,High School,More than 10L,1,6,3868,1,A,Platinum,55752
83952,Male,Urban,High School,5L-10L,0,6,6043,More than 1,C,Gold,116340
73014,Female,Rural,Bachelor,2L-5L,0,6,0,More than 1,B,Platinum,66144
41292,Male,Urban,High School,More than 10L,1,5,3945,More than 1,A,Platinum,88584
29045,Female,Urban,Bachelor,5L-10L,1,5,3090,More than 1,A,Platinum,64776
35872,Male,Rural,High School,More than 10L,0,5,2291,More than 1,B,Platinum,72624
18815,Male,Urban,High School,5L-10L,1,5,2309,1,A,Platinum,36372
52439,Male,Urban,High School,5L-10L,0,7,6386,1,B,Gold,37164
33443,Female,Rural,Bachelor,5L-10L,0,3,0,More than 1,A,Platinum,74448
55562,Female,Urban,High School,5L-10L,0,6,8706,More than 1,A,Platinum,100008
40781,Female,Urban,High School,5L-10L,1,7,0,More than 1,B,Gold,67224
55813,Male,Urban,High School,5L-10L,1,2,6331,1,A,Platinum,50604
53622,Male,Urban,High School,5L-10L,0,3,8692,More than 1,A,Gold,112776
5516,Male,Urban,High School,5L-10L,0,5,3702,1,A,Platinum,47952
82031,Female,Rural,High School,5L-10L,1,5,2555,More than 1,C,Platinum,115524
52204,Male,Urban,Bachelor,5L-10L,1,4,5478,1,A,Platinum,33336
37549,Male,Urban,Bachelor,More than 10L,0,2,5463,More than 1,A,Platinum,104472
73260,Female,Urban,High School,2L-5L,1,0,0,1,A,Gold,30756
29551,Female,Rural,High School,5L-10L,0,8,2043,More than 1,B,Platinum,69456
49578,Male,Rural,Others,More than 10L,1,6,0,More than 1,B,Platinum,59952
45971,Female,Rural,Others,More than 10L,0,6,6075,1,A,Silver,32772
80189,Female,Urban,Others,2L-5L,1,5,0,1,C,Platinum,31320
19752,Female,Urban,Bachelor,2L-5L,0,7,6367,More than 1,B,Platinum,72300
19581,Female,Urban,Bachelor,2L-5L,0,5,7116,More than 1,A,Silver,199692
53729,Female,Urban,Bachelor,2L-5L,1,4,5338,1,C,Platinum,33240
43259,Male,Urban,Bachelor,5L-10L,1,4,5950,1,A,Silver,61656
85968,Male,Urban,Bachelor,2L-5L,0,2,6332,1,A,Platinum,50904
29513,Male,Urban,High School,2L-5L,0,4,5016,More than 1,A,Gold,34092
43600,Female,Urban,High School,More than 10L,1,6,4222,1,A,Gold,62136
13824,Female,Urban,High School,5L-10L,0,0,9094,1,A,Silver,50688
40258,Male,Urban,High School,5L-10L,1,5,3380,More than 1,B,Gold,63312
22748,Male,Urban,High School,5L-10L,1,7,4501,1,A,Platinum,62532
74102,Female,Urban,High School,5L-10L,1,3,0,More than 1,A,Platinum,92340
5300,Male,Rural,Bachelor,5L-10L,1,7,0,1,A,Platinum,58488
85052,Female,Urban,High School,5L-10L,1,5,5515,1,A,Silver,33048
66724,Female,Urban,Bachelor,2L-5L,1,4,0,More than 1,A,Gold,62352
22291,Female,Rural,Bachelor,5L-10L,1,2,3885,More than 1,A,Platinum,68340
49283,Female,Urban,High School,More than 10L,0,6,7183,1,A,Gold,56292
88078,Male,Urban,High School,5L-10L,1,7,3801,1,B,Platinum,48432
61555,Male,Urban,High School,5L-10L,1,0,5918,1,A,Platinum,46392
46840,Male,Urban,High School,2L-5L,1,6,7752,More than 1,A,Gold,299004
48390,Male,Rural,Bachelor,More than 10L,1,7,0,More than 1,B,Silver,64620
88836,Female,Rural,Bachelor,5L-10L,1,4,2381,More than 1,A,Platinum,92616
61358,Female,Urban,High School,5L-10L,1,6,5204,1,C,Silver,33840
15449,Female,Urban,Others,5L-10L,1,7,5971,1,A,Gold,36672
47407,Male,Urban,High School,2L-5L,0,5,4432,1,A,Platinum,35784
38491,Male,Rural,Bachelor,5L-10L,1,6,0,More than 1,B,Gold,92160
36131,Female,Urban,Bachelor,5L-10L,0,7,9364,1,B,Silver,59964
87315,Female,Urban,High School,5L-10L,1,2,2550,More than 1,A,Platinum,48876
63510,Male,Urban,Bachelor,2L-5L,0,7,3846,More than 1,B,Gold,114060
4968,Male,Rural,Bachelor,More than 10L,1,7,3085,More than 1,C,Gold,76920
61445,Female,Urban,High School,5L-10L,1,7,8226,More than 1,A,Gold,160920
74645,Female,Urban,High School,5L-10L,0,4,14724,More than 1,A,Silver,158232
4975,Male,Rural,Bachelor,5L-10L,0,7,3285,1,A,Silver,46824
32254,Female,Urban,Bachelor,5L-10L,1,6,0,More than 1,B,Gold,191352
22082,Female,Urban,Bachelor,More than 10L,1,2,3678,1,A,Platinum,33276
77157,Male,Urban,High School,5L-10L,1,4,10816,More than 1,A,Silver,98652
79044,Male,Urban,High School,More than 10L,0,5,7302,1,A,Gold,54600
984,Male,Urban,Bachelor,5L-10L,1,3,4777,More than 1,A,Platinum,100044
76965,Male,Rural,Bachelor,5L-10L,0,7,2611,1,A,Gold,47088
67869,Female,Urban,High School,5L-10L,1,6,5137,1,A,Silver,31524
68801,Female,Urban,Bachelor,2L-5L,1,8,9354,More than 1,B,Silver,96084
7092,Female,Urban,Bachelor,5L-10L,1,4,5253,1,A,Gold,30756
79839,Female,Urban,High School,2L-5L,1,4,3589,More than 1,A,Platinum,93528
37273,Female,Urban,High School,More than 10L,1,5,0,1,A,Silver,38232
26414,Female,Urban,High School,5L-10L,0,8,5030,More than 1,C,Platinum,93684
15601,Male,Urban,High School,5L-10L,1,0,2131,1,A,Gold,45888
25959,Female,Urban,Bachelor,5L-10L,1,8,0,1,A,Platinum,51096
41988,Female,Urban,Bachelor,5L-10L,1,3,4738,1,A,Gold,37716
23219,Male,Urban,High School,2L-5L,1,8,5652,More than 1,C,Platinum,109224
17742,Male,Rural,Bachelor,5L-10L,0,2,2278,More than 1,A,Platinum,31044
60208,Male,Urban,High School,5L-10L,1,3,0,More than 1,B,Gold,66096
10237,Male,Rural,Bachelor,2L-5L,1,1,0,1,B,Gold,32832
86047,Male,Urban,High School,2L-5L,0,6,6566,More than 1,B,Platinum,66972
14276,Male,Rural,Bachelor,5L-10L,0,7,0,More than 1,B,Gold,67260
51996,Female,Rural,High School,5L-10L,1,4,3464,1,A,Platinum,43272
86147,Female,Rural,Bachelor,5L-10L,0,2,0,1,C,Silver,34164
26579,Male,Urban,High School,5L-10L,1,8,11146,More than 1,B,Platinum,91428
42269,Female,Urban,Bachelor,5L-10L,1,6,2005,1,A,Gold,31596
9465,Female,Rural,Bachelor,More than 10L,1,2,0,1,B,Platinum,61524
1660,Female,Urban,High School,2L-5L,0,0,5478,More than 1,C,Gold,128712
87327,Male,Rural,High School,5L-10L,1,6,5250,More than 1,A,Silver,97548
67280,Male,Urban,Others,5L-10L,1,3,5774,More than 1,B,Silver,102552
49298,Female,Rural,High School,2L-5L,0,6,6221,More than 1,C,Silver,103488
65748,Female,Urban,High School,5L-10L,1,8,10582,1,A,Platinum,65700
58081,Female,Rural,Bachelor,More than 10L,1,0,0,More than 1,A,Platinum,61896
5725,Female,Rural,High School,More than 10L,1,5,0,More than 1,B,Gold,62016
37285,Male,Rural,Bachelor,5L-10L,1,0,2351,More than 1,A,Gold,66744
4053,Male,Urban,Bachelor,5L-10L,1,5,5054,1,A,Gold,34956
32089,Male,Rural,High School,5L-10L,1,5,3871,1,C,Silver,49560
52399,Female,Rural,High School,More than 10L,0,4,2503,1,B,Gold,52260
18075,Male,Urban,High School,5L-10L,0,8,4111,1,C,Platinum,57648
77661,Female,Rural,Bachelor,5L-10L,0,2,0,More than 1,B,Gold,70140
19750,Male,Rural,High School,More than 10L,1,5,0,1,A,Platinum,32196
12970,Male,Urban,High School,2L-5L,1,2,6017,More than 1,A,Platinum,92856
41802,Female,Rural,Bachelor,5L-10L,1,3,17133,1,A,Silver,65232
29676,Female,Rural,Bachelor,5L-10L,1,1,2309,More than 1,A,Platinum,96576
32000,Male,Urban,High School,5L-10L,1,5,3256,More than 1,A,Gold,97992
22956,Male,Urban,High School,5L-10L,1,7,2069,More than 1,C,Platinum,95448
26493,Female,Rural,High School,5L-10L,1,8,0,More than 1,A,Platinum,58536
52882,Male,Urban,High School,5L-10L,1,6,11819,More than 1,A,Platinum,112716
55652,Male,Urban,Others,2L-5L,1,5,0,More than 1,A,Platinum,69024
56870,Male,Rural,High School,5L-10L,1,4,2102,1,A,Platinum,30012
33710,Female,Urban,Bachelor,5L-10L,1,0,0,1,B,Gold,43356
9176,Male,Urban,Bachelor,5L-10L,1,3,3917,More than 1,A,Platinum,36816
58297,Female,Rural,High School,5L-10L,1,8,4281,1,A,Platinum,66192
77662,Female,Urban,Bachelor,5L-10L,0,4,8105,More than 1,B,Platinum,108312
43292,Male,Rural,High School,5L-10L,0,1,0,1,A,Silver,36132
28177,Female,Rural,Bachelor,More than 10L,0,6,5516,More than 1,B,Platinum,77988
45158,Female,Rural,High School,More than 10L,0,0,5473,1,A,Silver,34992
12794,Male,Urban,Others,5L-10L,0,5,7348,1,A,Platinum,34584
22183,Male,Rural,Bachelor,More than 10L,0,4,0,1,A,Platinum,38100
39322,Male,Rural,Bachelor,5L-10L,1,7,0,More than 1,A,Platinum,152892
21960,Male,Rural,Bachelor,More than 10L,0,6,0,1,B,Platinum,33324
3075,Male,Rural,High School,More than 10L,1,6,0,More than 1,B,Gold,58188
87533,Male,Urban,Bachelor,2L-5L,1,6,5921,1,A,Gold,57396
18193,Male,Urban,High School,2L-5L,1,1,4839,1,A,Platinum,34680
53114,Female,Rural,Bachelor,5L-10L,1,5,3382,More than 1,B,Platinum,67284
70709,Male,Urban,High School,2L-5L,0,5,13122,More than 1,B,Platinum,95424
52175,Male,Urban,High School,5L-10L,1,8,5797,More than 1,A,Platinum,102540
77245,Male,Urban,High School,5L-10L,1,5,5599,1,B,Silver,35784
42463,Male,Urban,Bachelor,5L-10L,1,7,5957,1,C,Silver,57180
80592,Male,Urban,Bachelor,5L-10L,1,2,4890,1,A,Platinum,55440
7826,Male,Urban,Bachelor,5L-10L,1,3,3533,More than 1,B,Platinum,70224
17144,Female,Urban,High School,2L-5L,0,6,4575,1,A,Silver,47988
62130,Male,Rural,High School,5L-10L,0,5,0,1,B,Gold,49500
22031,Female,Urban,Bachelor,5L-10L,0,3,5557,1,A,Gold,36684
24723,Male,Urban,High School,2L-5L,1,7,5892,1,A,Silver,57936
3977,Female,Rural,Bachelor,2L-5L,0,5,0,1,C,Gold,59616
76658,Male,Urban,High School,2L-5L,1,5,6124,More than 1,A,Platinum,99024
36061,Male,Urban,High School,More than 10L,1,1,6269,1,A,Platinum,46800
2218,Male,Rural,Bachelor,5L-10L,1,5,0,1,B,Silver,37944
66156,Male,Urban,Bachelor,2L-5L,1,6,5389,1,B,Gold,37740
49495,Male,Urban,High School,5L-10L,1,1,5624,1,B,Platinum,32904
69535,Male,Urban,Bachelor,2L-5L,0,5,8485,1,A,Gold,56244
50150,Male,Rural,High School,5L-10L,0,7,0,More than 1,A,Platinum,66504
4800,Female,Urban,High School,5L-10L,1,2,0,1,A,Gold,37116
13351,Female,Urban,High School,5L-10L,0,7,4224,1,A,Platinum,51768
80182,Female,Urban,High School,5L-10L,0,2,6176,1,A,Platinum,45540
37477,Male,Urban,Bachelor,2L-5L,0,5,11641,More than 1,B,Platinum,113736
76784,Male,Rural,Bachelor,More than 10L,0,7,2815,More than 1,A,Gold,445680
80408,Male,Urban,Bachelor,More than 10L,1,4,2405,1,A,Platinum,67152
45874,Male,Urban,High School,5L-10L,1,5,4049,1,A,Silver,42384
41952,Female,Urban,Bachelor,5L-10L,0,7,5738,1,A,Silver,33816
16745,Female,Rural,Others,More than 10L,0,6,4532,1,A,Gold,46068
58517,Male,Urban,High School,More than 10L,0,6,6587,1,A,Gold,34980
63970,Male,Urban,Bachelor,2L-5L,0,3,6720,More than 1,B,Platinum,69156
25661,Female,Urban,High School,5L-10L,1,4,6157,1,A,Gold,45696
50830,Female,Urban,High School,5L-10L,0,1,5405,1,C,Platinum,54072
19832,Female,Urban,High School,5L-10L,0,3,6701,More than 1,C,Gold,89496
10102,Male,Urban,High School,2L-5L,0,2,10811,1,A,Platinum,64932
71896,Male,Rural,Bachelor,5L-10L,0,7,2988,More than 1,B,Platinum,60672
53933,Female,Urban,Bachelor,5L-10L,1,5,4605,More than 1,C,Silver,191076
78704,Female,Urban,High School,2L-5L,1,6,13640,More than 1,A,Platinum,287196
11463,Male,Urban,Bachelor,5L-10L,0,5,0,1,A,Silver,34224
47067,Female,Rural,Bachelor,5L-10L,1,1,0,More than 1,B,Platinum,90672
14592,Male,Urban,Bachelor,5L-10L,1,8,2019,1,A,Platinum,33336
84427,Female,Urban,Bachelor,5L-10L,1,8,4375,1,B,Silver,68904
28139,Female,Rural,Bachelor,5L-10L,0,5,5571,More than 1,B,Gold,68460
189,Female,Urban,High School,5L-10L,1,8,6100,1,A,Silver,52788
28567,Male,Urban,High School,5L-10L,0,2,5207,1,A,Silver,35376
14293,Male,Urban,High School,5L-10L,0,6,0,More than 1,B,Platinum,65388
84542,Male,Urban,High School,<=2L,1,4,5666,1,A,Platinum,56184
34217,Female,Urban,High School,2L-5L,1,5,7562,1,A,Silver,47796
553,Male,Urban,High School,5L-10L,1,5,3273,More than 1,B,Platinum,64404
1281,Female,Rural,Bachelor,5L-10L,1,6,0,More than 1,A,Platinum,92688
77983,Female,Rural,High School,More than 10L,1,6,4817,More than 1,A,Gold,95940
63504,Female,Rural,Bachelor,2L-5L,0,5,2793,More than 1,B,Silver,46392
35076,Female,Rural,Bachelor,2L-5L,1,0,0,1,A,Platinum,33168
273,Female,Rural,High School,5L-10L,0,1,0,1,B,Silver,35364
87253,Male,Urban,Bachelor,2L-5L,1,4,4186,1,B,Silver,56940
30783,Female,Urban,High School,2L-5L,1,3,2522,More than 1,A,Platinum,91932
40094,Male,Urban,Bachelor,2L-5L,1,6,5845,More than 1,A,Platinum,62508
38323,Female,Urban,High School,5L-10L,1,1,5631,1,A,Platinum,51996
5252,Male,Urban,Bachelor,<=2L,1,7,4069,1,A,Gold,56424
30165,Male,Rural,Bachelor,5L-10L,1,3,2328,More than 1,B,Silver,101724
69514,Male,Urban,Bachelor,5L-10L,1,7,2020,1,B,Silver,35592
10363,Male,Urban,High School,5L-10L,1,6,6154,More than 1,A,Gold,67272
64667,Female,Urban,High School,2L-5L,1,7,3826,More than 1,A,Silver,89580
68074,Male,Rural,Bachelor,5L-10L,1,7,2103,More than 1,B,Gold,100416
62467,Male,Rural,High School,5L-10L,1,0,2977,1,A,Gold,36276
17249,Male,Rural,Bachelor,More than 10L,1,8,3890,More than 1,B,Platinum,69300
31990,Male,Rural,High School,5L-10L,1,1,0,1,A,Platinum,50616
15078,Male,Rural,Others,5L-10L,0,3,4664,1,A,Silver,49068
88208,Female,Urban,High School,5L-10L,1,3,4977,1,A,Platinum,30192
76929,Female,Rural,Bachelor,5L-10L,1,5,3205,1,B,Gold,51204
71807,Female,Urban,High School,5L-10L,0,2,6015,1,C,Gold,33696
13628,Female,Urban,Bachelor,More than 10L,0,6,7147,1,A,Gold,68400
47402,Male,Rural,Bachelor,5L-10L,1,6,5107,1,C,Gold,31824
48172,Male,Urban,Bachelor,More than 10L,0,6,2568,1,A,Silver,33024
65081,Male,Rural,Bachelor,More than 10L,0,0,7090,1,A,Gold,49728
87210,Male,Urban,Bachelor,5L-10L,1,6,7564,More than 1,B,Silver,115464
79711,Male,Urban,High School,5L-10L,0,1,4566,1,A,Gold,51288
13296,Female,Urban,High School,5L-10L,0,7,8364,More than 1,A,Gold,116340
27697,Female,Urban,High School,2L-5L,1,5,4355,1,A,Platinum,42528
49447,Male,Rural,Others,5L-10L,1,0,2704,1,B,Silver,40608
37747,Male,Urban,Bachelor,<=2L,1,7,6386,More than 1,A,Gold,453900
3740,Female,Urban,High School,5L-10L,0,7,4142,More than 1,B,Platinum,151800
75817,Male,Rural,High School,5L-10L,1,7,0,1,C,Gold,32760
5508,Female,Urban,High School,5L-10L,1,2,4195,More than 1,B,Gold,72000
33948,Female,Urban,Bachelor,5L-10L,1,2,7577,1,A,Silver,34620
55394,Male,Urban,High School,5L-10L,0,5,2662,1,B,Platinum,64380
33794,Male,Urban,High School,5L-10L,0,0,3310,More than 1,A,Platinum,100848
2665,Female,Urban,High School,5L-10L,0,2,3986,More than 1,A,Platinum,64692
6168,Male,Urban,High School,2L-5L,0,4,7446,More than 1,C,Gold,158520
61446,Female,Urban,Bachelor,5L-10L,1,2,2880,1,A,Silver,33828
50344,Female,Urban,Others,2L-5L,1,5,4174,More than 1,B,Platinum,69948
67453,Male,Rural,High School,5L-10L,1,7,3758,More than 1,A,Gold,96744
75429,Female,Rural,Bachelor,5L-10L,1,1,0,More than 1,B,Platinum,58560
80142,Female,Urban,Bachelor,2L-5L,0,7,2924,More than 1,B,Platinum,61032
55273,Male,Urban,High School,More than 10L,0,5,6469,1,A,Silver,36276
11010,Female,Rural,Bachelor,5L-10L,0,6,2723,More than 1,B,Platinum,66516
79924,Male,Rural,Others,5L-10L,0,8,4281,More than 1,A,Platinum,60948
69045,Female,Rural,Bachelor,5L-10L,1,5,6416,1,A,Platinum,53496
53860,Female,Urban,High School,5L-10L,1,1,5043,More than 1,A,Platinum,195108
67949,Female,Rural,Bachelor,5L-10L,1,5,4685,More than 1,B,Platinum,92268
28987,Male,Urban,High School,5L-10L,0,7,3740,1,B,Gold,45816
26635,Female,Urban,High School,5L-10L,1,6,0,More than 1,A,Silver,108252
80731,Male,Rural,Others,5L-10L,1,6,0,1,B,Silver,42024
16182,Male,Urban,High School,5L-10L,0,6,3962,More than 1,C,Platinum,94836
26174,Male,Urban,Bachelor,5L-10L,1,5,3721,1,A,Gold,48252
79465,Male,Urban,High School,5L-10L,1,5,3509,1,A,Platinum,29952
57173,Male,Rural,High School,5L-10L,1,1,0,1,A,Platinum,37752
48625,Female,Urban,High School,5L-10L,0,6,0,More than 1,B,Gold,204264
82296,Female,Urban,Bachelor,5L-10L,0,2,5305,1,A,Silver,31092
64281,Female,Rural,High School,5L-10L,0,6,2386,More than 1,A,Platinum,95028
18165,Male,Urban,High School,5L-10L,0,5,12507,More than 1,A,Gold,80892
22179,Male,Rural,High School,5L-10L,0,5,0,More than 1,A,Platinum,98316
49488,Male,Urban,High School,2L-5L,1,2,5479,1,A,Silver,31716
5419,Female,Urban,High School,More than 10L,1,5,4315,1,A,Silver,34668
59163,Female,Urban,High School,2L-5L,0,6,4245,More than 1,A,Platinum,94200
1003,Female,Rural,Bachelor,2L-5L,0,6,2099,More than 1,B,Platinum,69600
82569,Male,Urban,High School,5L-10L,0,6,6511,1,A,Platinum,37692
10570,Female,Urban,Bachelor,5L-10L,1,2,3656,More than 1,B,Platinum,66696
79528,Male,Rural,Bachelor,2L-5L,1,1,0,1,A,Platinum,33372
4740,Male,Urban,Bachelor,5L-10L,0,7,9341,More than 1,A,Gold,101628
13707,Male,Urban,High School,5L-10L,0,4,0,1,B,Platinum,38796
29181,Male,Urban,Others,2L-5L,1,2,5685,1,A,Silver,33504
47824,Male,Urban,High School,2L-5L,1,6,5199,1,A,Silver,37896
76132,Male,Urban,Bachelor,2L-5L,1,5,9812,More than 1,A,Gold,180840
57765,Male,Rural,Bachelor,More than 10L,1,8,0,1,A,Gold,63948
57032,Female,Urban,Others,5L-10L,0,8,3401,1,A,Gold,35472
75467,Male,Rural,High School,5L-10L,1,8,5453,More than 1,A,Gold,104196
51607,Female,Rural,Bachelor,5L-10L,1,2,0,1,B,Silver,73332
19830,Female,Urban,High School,More than 10L,1,2,3339,More than 1,B,Platinum,73848
24663,Male,Urban,High School,5L-10L,1,2,4576,More than 1,A,Platinum,71892
25286,Male,Urban,High School,5L-10L,1,1,0,1,C,Platinum,39636
12474,Male,Urban,Bachelor,More than 10L,1,7,2386,More than 1,C,Silver,98508
2674,Male,Rural,Bachelor,More than 10L,1,3,3310,More than 1,B,Silver,80700
60662,Female,Urban,Bachelor,5L-10L,0,4,6373,More than 1,A,Gold,112152
62656,Female,Urban,High School,2L-5L,1,5,7690,1,B,Platinum,36120
85830,Female,Rural,High School,More than 10L,1,4,3609,1,A,Platinum,51528
70427,Female,Urban,High School,5L-10L,0,4,9567,More than 1,B,Gold,99972
43631,Male,Urban,Bachelor,2L-5L,1,0,0,More than 1,B,Platinum,66696
22062,Female,Urban,High School,5L-10L,0,6,4704,More than 1,A,Platinum,104988
41070,Female,Rural,High School,5L-10L,1,7,2409,1,A,Silver,38472
33676,Male,Urban,Bachelor,5L-10L,1,7,6028,1,A,Gold,54480
87255,Male,Urban,High School,More than 10L,1,5,0,1,B,Silver,46572
85026,Male,Urban,Bachelor,5L-10L,1,6,5407,1,B,Platinum,34332
89370,Female,Rural,Others,More than 10L,1,7,0,1,B,Platinum,34692
2929,Female,Urban,High School,2L-5L,1,3,10171,More than 1,A,Gold,70320
38343,Female,Urban,Bachelor,2L-5L,1,4,3937,More than 1,A,Platinum,87180
56852,Female,Urban,High School,2L-5L,0,0,0,More than 1,B,Silver,67908
56532,Male,Urban,Bachelor,5L-10L,1,7,5124,More than 1,A,Platinum,98496
70222,Male,Urban,High School,5L-10L,1,1,3894,More than 1,A,Platinum,115056
40503,Female,Urban,Bachelor,More than 10L,1,5,3382,1,A,Gold,35124
2558,Male,Rural,High School,5L-10L,1,3,2102,1,B,Platinum,33168
46021,Female,Urban,Bachelor,More than 10L,1,5,2562,More than 1,A,Gold,94920
688,Female,Rural,High School,5L-10L,0,7,0,More than 1,B,Platinum,109920
54178,Male,Rural,Others,5L-10L,0,4,3583,1,C,Gold,43200
64605,Female,Rural,High School,5L-10L,0,0,0,More than 1,A,Gold,65064
53217,Male,Urban,Bachelor,5L-10L,0,4,5144,More than 1,A,Platinum,73896
80119,Female,Urban,High School,5L-10L,0,7,2578,1,B,Gold,37836
6468,Female,Urban,Bachelor,2L-5L,1,3,4324,1,A,Silver,48924
26109,Female,Rural,High School,5L-10L,1,3,5574,More than 1,C,Platinum,65448
23463,Female,Rural,High School,5L-10L,1,3,3263,1,A,Silver,37740
13045,Female,Urban,Bachelor,5L-10L,1,1,5897,More than 1,A,Silver,271800
8138,Male,Urban,High School,5L-10L,0,3,4117,More than 1,C,Platinum,114696
84520,Male,Urban,Others,5L-10L,0,1,4805,1,A,Silver,31104
75844,Male,Urban,High School,2L-5L,1,2,3742,1,C,Gold,36156
15537,Male,Rural,Bachelor,5L-10L,1,4,3423,1,A,Platinum,49164
7366,Male,Urban,Bachelor,5L-10L,0,4,4040,More than 1,C,Gold,116184
88946,Male,Urban,Bachelor,5L-10L,1,3,6268,More than 1,A,Silver,54888
33072,Female,Urban,Bachelor,More than 10L,0,7,5630,More than 1,B,Gold,91680
41143,Male,Urban,High School,2L-5L,1,6,5115,1,A,Platinum,38832
87618,Female,Rural,High School,5L-10L,1,4,0,1,A,Gold,45876
61636,Male,Urban,High School,More than 10L,1,4,0,1,C,Gold,47628
11831,Female,Urban,High School,5L-10L,1,6,6751,More than 1,A,Platinum,68988
79948,Female,Urban,Bachelor,5L-10L,1,6,4087,1,A,Gold,63468
11464,Male,Urban,Bachelor,5L-10L,1,0,2981,More than 1,C,Silver,96048
52741,Male,Urban,Bachelor,More than 10L,1,2,3423,More than 1,A,Silver,94872
19194,Male,Rural,Bachelor,5L-10L,1,3,2177,More than 1,A,Gold,442128
76342,Male,Urban,High School,5L-10L,0,8,4270,1,A,Silver,53016
59306,Female,Urban,Others,5L-10L,0,5,5980,More than 1,B,Silver,78480
18252,Male,Urban,Bachelor,More than 10L,1,5,0,More than 1,B,Silver,68544
62827,Male,Rural,High School,5L-10L,1,5,5866,More than 1,B,Platinum,69396
88982,Female,Rural,High School,5L-10L,1,3,4973,1,A,Platinum,32412
54822,Male,Rural,Bachelor,5L-10L,1,1,2687,1,A,Platinum,47532
39220,Male,Urban,High School,5L-10L,0,4,4223,1,A,Silver,37968
31654,Female,Urban,High School,5L-10L,0,1,4885,More than 1,B,Platinum,60384
59343,Male,Urban,Bachelor,5L-10L,1,4,5019,1,A,Gold,42336
49714,Female,Urban,High School,5L-10L,1,6,5547,1,A,Platinum,58068
14243,Male,Rural,Bachelor,5L-10L,0,2,3962,More than 1,A,Gold,91764
43299,Male,Urban,High School,5L-10L,1,5,13025,More than 1,C,Platinum,161148
76568,Male,Rural,Bachelor,More than 10L,0,6,0,More than 1,A,Platinum,58260
30003,Female,Urban,Bachelor,5L-10L,0,2,6789,More than 1,A,Platinum,106320
13749,Female,Urban,Bachelor,5L-10L,1,0,7983,More than 1,A,Gold,98364
37232,Male,Rural,High School,5L-10L,0,4,5125,More than 1,B,Silver,91608
71260,Female,Rural,Bachelor,5L-10L,1,0,2167,More than 1,B,Silver,106020
64797,Male,Rural,Bachelor,5L-10L,1,7,2621,More than 1,B,Platinum,71604
71050,Male,Urban,High School,2L-5L,0,3,3228,More than 1,B,Platinum,477036
4708,Male,Urban,High School,2L-5L,1,4,4165,More than 1,A,Platinum,98988
10073,Male,Urban,Bachelor,2L-5L,0,2,2238,1,A,Gold,56712
43613,Male,Urban,High School,5L-10L,1,6,6735,1,A,Gold,31896
22909,Female,Rural,High School,5L-10L,0,7,0,More than 1,B,Platinum,59952
12768,Female,Urban,Others,5L-10L,0,2,5343,1,A,Silver,35976
9712,Female,Urban,Bachelor,5L-10L,0,7,5413,1,A,Gold,50424
54410,Male,Urban,High School,2L-5L,0,3,6430,1,A,Platinum,37524
63171,Female,Urban,Bachelor,2L-5L,0,7,5093,More than 1,B,Silver,35520
83949,Female,Urban,Others,More than 10L,1,8,0,1,B,Silver,48720
50624,Female,Urban,High School,More than 10L,0,1,9940,1,A,Platinum,47328
75783,Female,Rural,High School,5L-10L,0,7,2976,More than 1,B,Platinum,69804
31825,Male,Urban,Bachelor,5L-10L,0,1,12060,1,A,Silver,44196
10977,Male,Rural,Bachelor,5L-10L,0,5,0,More than 1,A,Platinum,60312
4996,Male,Urban,High School,2L-5L,1,1,5431,1,A,Gold,34644
24475,Male,Urban,High School,5L-10L,0,6,4472,More than 1,B,Platinum,113964
65366,Male,Urban,Bachelor,5L-10L,1,5,6888,More than 1,B,Silver,112980
73230,Male,Urban,High School,2L-5L,1,7,6467,More than 1,A,Platinum,105144
41166,Female,Urban,High School,5L-10L,0,5,5737,More than 1,A,Platinum,103668
42657,Male,Urban,Bachelor,5L-10L,1,6,0,More than 1,A,Platinum,49332
80738,Male,Rural,Bachelor,5L-10L,1,7,3969,1,B,Silver,50100
43343,Male,Urban,Bachelor,2L-5L,0,1,3304,1,A,Gold,40200
86097,Male,Rural,High School,<=2L,0,4,5664,1,A,Platinum,55788
34263,Male,Urban,High School,More than 10L,0,6,12290,More than 1,A,Gold,269520
68485,Female,Urban,Bachelor,2L-5L,1,4,5375,More than 1,A,Platinum,97608
6681,Female,Urban,Bachelor,5L-10L,1,7,4073,1,A,Silver,51540
84194,Male,Urban,Bachelor,2L-5L,0,1,7280,More than 1,A,Platinum,107412
66141,Male,Rural,Bachelor,5L-10L,0,1,0,1,C,Platinum,59136
2677,Female,Urban,Bachelor,5L-10L,0,6,4249,More than 1,A,Platinum,97344
29468,Male,Urban,Bachelor,5L-10L,1,3,5054,1,A,Platinum,34068
4729,Female,Rural,Bachelor,5L-10L,1,0,3341,1,B,Gold,45876
58865,Male,Rural,Bachelor,5L-10L,0,6,0,More than 1,A,Platinum,63396
9296,Male,Urban,High School,5L-10L,1,6,5929,1,A,Platinum,57912
46822,Male,Rural,Bachelor,More than 10L,0,2,0,More than 1,C,Platinum,105912
70919,Male,Urban,Bachelor,2L-5L,1,6,4958,More than 1,A,Platinum,131244
84378,Male,Urban,Bachelor,2L-5L,1,5,7302,More than 1,A,Platinum,100860
6038,Male,Urban,Bachelor,5L-10L,1,6,5948,More than 1,A,Platinum,184752
6679,Female,Urban,Others,<=2L,0,7,6901,1,A,Platinum,34404
49607,Male,Urban,Bachelor,More than 10L,1,6,0,1,C,Platinum,33780
42744,Male,Rural,High School,5L-10L,1,7,3307,More than 1,A,Platinum,69120
58242,Female,Urban,Bachelor,5L-10L,1,5,0,1,A,Platinum,51720
16322,Female,Urban,Others,2L-5L,1,4,5774,1,C,Gold,35520
6615,Female,Urban,High School,5L-10L,1,5,2521,1,A,Platinum,52668
81577,Male,Urban,High School,5L-10L,1,3,4352,1,A,Silver,51816
24262,Male,Urban,Bachelor,2L-5L,1,4,0,More than 1,B,Silver,73236
80917,Male,Urban,Bachelor,5L-10L,1,5,4804,More than 1,C,Platinum,94524
89098,Female,Rural,High School,More than 10L,1,6,3926,More than 1,A,Silver,90876
86462,Female,Urban,High School,5L-10L,1,6,3034,More than 1,A,Platinum,91128
12237,Male,Rural,Bachelor,5L-10L,1,4,2768,More than 1,A,Platinum,87372
21172,Male,Rural,Bachelor,2L-5L,1,5,3440,1,A,Platinum,52440
59373,Female,Urban,Bachelor,More than 10L,1,7,5879,1,B,Silver,36564
39242,Male,Rural,High School,More than 10L,0,7,0,More than 1,B,Gold,65436
8350,Male,Urban,Bachelor,5L-10L,1,6,2994,1,B,Gold,48372
7621,Female,Rural,High School,More than 10L,1,2,0,1,B,Silver,37284
78067,Male,Rural,Bachelor,More than 10L,0,1,0,1,A,Silver,32520
53555,Female,Rural,High School,5L-10L,0,7,4256,More than 1,A,Silver,101520
28406,Male,Urban,High School,2L-5L,0,2,5556,More than 1,B,Gold,93372
81656,Female,Urban,Bachelor,2L-5L,0,7,6555,1,C,Silver,50964
22010,Female,Urban,High School,More than 10L,0,5,6338,1,A,Platinum,48504
29911,Male,Rural,High School,5L-10L,1,5,5018,More than 1,A,Platinum,81804
30843,Male,Rural,High School,5L-10L,1,6,4035,More than 1,B,Platinum,68472
37937,Female,Urban,High School,2L-5L,0,4,5871,1,A,Silver,45108
43202,Female,Urban,High School,2L-5L,1,3,2749,More than 1,B,Platinum,65412
54729,Male,Rural,Bachelor,More than 10L,1,5,2957,1,B,Platinum,53400
17687,Female,Rural,High School,More than 10L,1,6,6583,1,C,Silver,52584
51117,Male,Urban,High School,2L-5L,0,3,8648,More than 1,B,Gold,109392
11425,Male,Urban,High School,2L-5L,1,2,11170,1,C,Platinum,57636
60633,Male,Urban,Bachelor,5L-10L,1,5,0,1,A,Gold,34236
53458,Male,Rural,High School,5L-10L,0,4,0,1,A,Silver,52368
50496,Male,Urban,Bachelor,5L-10L,1,8,4622,1,B,Silver,37440
77910,Male,Urban,Others,2L-5L,0,5,6049,1,A,Platinum,36444
46069,Male,Rural,High School,5L-10L,0,2,2998,More than 1,A,Platinum,83688
81709,Female,Urban,Bachelor,2L-5L,1,1,3648,1,A,Platinum,36744
54732,Male,Urban,High School,5L-10L,1,7,3326,More than 1,B,Silver,68136
36186,Female,Urban,Others,More than 10L,0,4,0,More than 1,B,Platinum,68820
61912,Female,Urban,Bachelor,5L-10L,1,6,4131,1,A,Silver,47472
2365,Female,Rural,High School,More than 10L,1,2,2767,More than 1,A,Platinum,66636
56760,Female,Urban,High School,5L-10L,1,1,5748,More than 1,A,Platinum,203976
11382,Male,Urban,High School,5L-10L,1,2,0,1,A,Gold,47784
56346,Female,Urban,Bachelor,More than 10L,1,1,2194,More than 1,A,Gold,99852
83335,Female,Urban,Bachelor,5L-10L,1,3,2775,More than 1,A,Silver,182352
81549,Female,Rural,Bachelor,More than 10L,0,8,0,More than 1,C,Gold,70560
26157,Male,Urban,Bachelor,2L-5L,1,2,6694,1,A,Gold,36300
57536,Male,Urban,High School,5L-10L,1,7,2459,More than 1,A,Silver,91272
21865,Male,Urban,High School,2L-5L,1,7,6043,1,A,Silver,55380
45267,Female,Rural,High School,5L-10L,1,1,0,1,A,Platinum,31200
3521,Male,Urban,High School,5L-10L,1,3,5544,More than 1,A,Platinum,96816
24903,Male,Urban,High School,<=2L,0,3,6786,1,A,Silver,55008
62603,Male,Rural,High School,5L-10L,1,1,0,More than 1,A,Platinum,31704
37305,Male,Urban,Bachelor,5L-10L,0,1,6409,More than 1,B,Platinum,104712
26960,Male,Urban,Others,2L-5L,1,6,4097,1,B,Silver,54564
47346,Female,Rural,High School,5L-10L,1,5,3184,More than 1,A,Platinum,57552
50147,Male,Rural,High School,5L-10L,1,6,0,More than 1,B,Gold,67140
69672,Female,Urban,High School,2L-5L,1,7,4006,More than 1,B,Silver,185244
149,Male,Urban,Bachelor,5L-10L,0,3,5528,1,A,Platinum,31452
83418,Male,Urban,Bachelor,5L-10L,1,5,4253,1,A,Gold,45648
59316,Female,Urban,Bachelor,5L-10L,0,3,2399,1,A,Silver,34476
42416,Female,Rural,Bachelor,5L-10L,0,0,0,1,B,Platinum,53196
35913,Female,Urban,High School,2L-5L,0,7,5147,More than 1,A,Gold,100056
76252,Male,Urban,High School,2L-5L,1,8,2484,More than 1,C,Gold,143028
61717,Female,Urban,Others,5L-10L,0,1,8545,More than 1,A,Gold,86208
60359,Male,Urban,Bachelor,5L-10L,1,8,9816,More than 1,A,Gold,125256
5799,Female,Rural,High School,5L-10L,0,2,6394,1,A,Platinum,59544
28202,Male,Urban,High School,5L-10L,1,6,5741,1,A,Silver,37056
5843,Male,Rural,Bachelor,More than 10L,1,3,3228,More than 1,B,Platinum,63720
81419,Male,Urban,High School,5L-10L,0,1,3226,More than 1,A,Platinum,99960
31499,Female,Rural,High School,2L-5L,1,2,6235,More than 1,A,Platinum,67500
55114,Male,Urban,Bachelor,5L-10L,1,1,5341,1,A,Gold,29928
88297,Male,Rural,High School,5L-10L,1,8,4209,1,A,Silver,58812
26349,Male,Urban,High School,2L-5L,0,6,11329,1,C,Silver,34296
18924,Male,Urban,High School,2L-5L,1,5,3421,1,A,Platinum,30540
44468,Female,Urban,Bachelor,5L-10L,1,7,4663,More than 1,A,Platinum,121188
45198,Male,Rural,High School,5L-10L,1,7,0,More than 1,B,Platinum,66564
70940,Female,Rural,Bachelor,2L-5L,0,3,2335,More than 1,B,Silver,74472
8370,Female,Urban,High School,<=2L,1,6,4137,More than 1,A,Silver,65208
70113,Female,Urban,High School,More than 10L,0,7,7033,More than 1,A,Platinum,119136
42473,Female,Urban,High School,5L-10L,1,5,4717,More than 1,A,Platinum,101448
50244,Female,Urban,High School,5L-10L,1,5,6911,More than 1,A,Platinum,102312
64550,Female,Urban,High School,5L-10L,1,5,5936,1,A,Platinum,31920
50575,Female,Urban,High School,5L-10L,1,6,6565,1,A,Platinum,47844
27092,Female,Urban,Bachelor,5L-10L,1,7,10515,More than 1,A,Platinum,91044
41369,Female,Urban,Bachelor,5L-10L,0,3,4089,More than 1,A,Platinum,111900
67355,Female,Rural,High School,5L-10L,0,8,2903,More than 1,B,Silver,74772
62770,Male,Urban,Bachelor,2L-5L,1,0,0,1,A,Silver,60876
75212,Male,Rural,High School,5L-10L,0,7,0,More than 1,A,Gold,82740
81097,Male,Urban,High School,5L-10L,1,5,4559,More than 1,A,Platinum,58032
52504,Male,Rural,High School,2L-5L,0,1,2226,More than 1,A,Gold,101700
40108,Female,Urban,Bachelor,2L-5L,0,0,8353,1,A,Gold,32928
60078,Male,Urban,High School,5L-10L,1,5,5624,1,A,Gold,33312
12530,Female,Rural,High School,More than 10L,1,0,0,1,A,Gold,32196
59872,Female,Urban,Bachelor,5L-10L,0,6,6568,1,A,Platinum,50496
40163,Female,Urban,Bachelor,5L-10L,1,6,3937,More than 1,C,Platinum,189840
31283,Male,Rural,Bachelor,5L-10L,0,5,0,1,B,Platinum,54768
88310,Male,Urban,Bachelor,5L-10L,0,6,0,1,C,Platinum,51768
58391,Female,Rural,High School,More than 10L,0,8,0,More than 1,A,Silver,70236
54265,Female,Urban,Bachelor,5L-10L,0,5,3658,1,A,Silver,35364
89017,Female,Urban,High School,More than 10L,1,4,5100,1,A,Platinum,35352
80401,Female,Urban,Bachelor,More than 10L,0,4,6248,1,A,Platinum,31344
38207,Female,Urban,High School,5L-10L,1,3,3798,More than 1,C,Platinum,348060
81915,Male,Urban,Bachelor,2L-5L,1,5,0,1,B,Silver,45756
60481,Female,Rural,Bachelor,5L-10L,1,5,8765,1,A,Platinum,44796
57350,Female,Rural,High School,5L-10L,1,6,0,1,A,Gold,38112
32749,Female,Rural,High School,5L-10L,1,4,5966,1,A,Gold,49716
55415,Female,Urban,High School,5L-10L,1,1,0,1,A,Silver,34032
65822,Female,Urban,High School,2L-5L,1,5,5082,More than 1,A,Platinum,95820
49987,Male,Rural,Others,2L-5L,0,3,0,More than 1,A,Gold,68640
86876,Female,Urban,High School,2L-5L,1,6,4550,1,C,Platinum,34128
37011,Female,Rural,Bachelor,2L-5L,1,1,0,More than 1,B,Silver,38964
84359,Male,Urban,High School,5L-10L,1,6,5219,1,B,Silver,39492
85407,Female,Rural,Others,5L-10L,1,5,2116,1,B,Platinum,32208
39443,Male,Urban,Bachelor,More than 10L,1,6,6166,1,B,Silver,47508
79573,Male,Rural,Bachelor,5L-10L,0,7,0,1,A,Platinum,46620
4584,Female,Urban,Bachelor,2L-5L,1,6,6559,1,A,Platinum,60432
6140,Male,Urban,Others,5L-10L,0,8,6722,More than 1,A,Gold,119388
64861,Female,Rural,Bachelor,More than 10L,0,8,3017,1,B,Gold,51096
88743,Male,Urban,High School,5L-10L,1,8,6896,More than 1,A,Platinum,88308
32331,Male,Rural,High School,5L-10L,0,8,3584,More than 1,A,Platinum,67656
22891,Male,Urban,High School,2L-5L,1,7,0,More than 1,B,Silver,61596
57155,Male,Urban,Bachelor,5L-10L,1,3,2986,1,A,Silver,34608
34961,Female,Urban,High School,5L-10L,1,5,0,1,B,Platinum,34692
46023,Male,Urban,Bachelor,2L-5L,1,3,0,1,A,Platinum,33804
48134,Female,Rural,Bachelor,5L-10L,0,0,5412,1,A,Gold,35856
3707,Male,Urban,High School,More than 10L,1,8,3804,1,B,Silver,42888
84394,Male,Urban,High School,5L-10L,0,5,0,More than 1,A,Platinum,141600
64776,Male,Urban,High School,5L-10L,0,5,0,1,A,Gold,45540
59429,Male,Urban,High School,5L-10L,0,2,16193,More than 1,B,Platinum,112068
11103,Female,Urban,Bachelor,5L-10L,1,4,5465,1,A,Platinum,32892
63829,Female,Urban,High School,2L-5L,0,6,4123,More than 1,A,Gold,96744
69870,Male,Urban,High School,5L-10L,1,1,2361,1,A,Gold,33576
2877,Female,Urban,High School,5L-10L,1,6,2305,1,B,Gold,50280
62631,Female,Urban,High School,2L-5L,0,8,3657,More than 1,B,Platinum,68544
22592,Female,Urban,Bachelor,2L-5L,1,7,10557,More than 1,A,Silver,107748
84459,Male,Urban,Others,5L-10L,1,1,4519,1,A,Gold,37872
43359,Male,Urban,Bachelor,5L-10L,1,6,2678,1,C,Gold,53832
9788,Male,Urban,Bachelor,<=2L,0,3,5720,More than 1,C,Gold,73872
85168,Female,Urban,High School,5L-10L,0,4,0,1,B,Silver,35916
22052,Male,Urban,High School,5L-10L,1,2,6482,More than 1,A,Platinum,100692
75699,Male,Rural,Others,5L-10L,0,8,3095,More than 1,C,Platinum,59784
56528,Male,Urban,High School,5L-10L,1,4,4415,More than 1,A,Platinum,126228
48454,Male,Rural,High School,5L-10L,0,2,0,1,A,Gold,33672
54300,Female,Urban,High School,5L-10L,0,7,5949,1,A,Gold,57156
12316,Male,Rural,Bachelor,5L-10L,1,7,3127,More than 1,A,Platinum,77592
7223,Male,Rural,High School,2L-5L,0,4,0,1,B,Platinum,31428
65691,Male,Urban,Bachelor,5L-10L,1,6,5509,1,A,Platinum,35436
11989,Male,Urban,Bachelor,5L-10L,1,2,7223,More than 1,A,Silver,104664
27866,Female,Rural,High School,5L-10L,1,5,6279,1,A,Platinum,38400
49358,Male,Urban,High School,5L-10L,1,5,4029,More than 1,A,Platinum,97116
8667,Male,Urban,Bachelor,5L-10L,1,7,0,More than 1,A,Platinum,102744
47600,Male,Rural,Bachelor,5L-10L,1,6,2593,1,A,Gold,37992
47692,Female,Urban,High School,More than 10L,1,7,6224,More than 1,A,Gold,129348
81796,Male,Urban,High School,5L-10L,1,7,6873,More than 1,A,Platinum,113520
59981,Male,Rural,High School,5L-10L,1,1,0,1,A,Platinum,34560
63070,Female,Urban,Bachelor,5L-10L,0,1,5704,More than 1,A,Platinum,99348
41164,Male,Urban,High School,2L-5L,1,6,5067,More than 1,B,Platinum,99156
29365,Male,Urban,Bachelor,5L-10L,1,8,4034,1,A,Platinum,59064
4449,Male,Urban,High School,More than 10L,1,6,6560,More than 1,B,Platinum,449520
71733,Male,Rural,High School,5L-10L,0,2,2169,More than 1,B,Platinum,61776
85798,Female,Urban,High School,2L-5L,0,5,6137,1,B,Platinum,51096
87576,Male,Urban,High School,5L-10L,0,6,16446,More than 1,A,Platinum,112608
2176,Male,Rural,Bachelor,5L-10L,0,0,4195,1,A,Platinum,58104
8720,Male,Rural,High School,5L-10L,1,8,0,More than 1,A,Platinum,202032
41014,Male,Rural,High School,5L-10L,1,5,5712,1,A,Silver,36612
26990,Male,Rural,Bachelor,5L-10L,0,2,0,More than 1,A,Gold,65832
5294,Female,Urban,High School,More than 10L,1,5,8629,More than 1,A,Platinum,98088
10411,Female,Urban,Bachelor,<=2L,0,0,3832,More than 1,A,Platinum,57216
85304,Male,Rural,High School,5L-10L,0,7,0,More than 1,A,Silver,60900
79742,Female,Urban,High School,2L-5L,0,2,10883,1,A,Platinum,63084
19135,Female,Urban,High School,More than 10L,0,6,2634,More than 1,B,Silver,58128
65451,Male,Rural,High School,More than 10L,1,2,0,1,A,Gold,35184
48295,Female,Urban,High School,More than 10L,0,1,13458,More than 1,C,Platinum,112152
54952,Male,Urban,Bachelor,2L-5L,1,5,6105,More than 1,B,Platinum,101196
86926,Female,Urban,High School,5L-10L,1,5,5241,1,A,Platinum,31320
41600,Male,Urban,Bachelor,2L-5L,0,6,6706,1,A,Gold,47136
79119,Male,Urban,Bachelor,5L-10L,1,6,8306,More than 1,A,Platinum,123744
66405,Female,Urban,Bachelor,5L-10L,0,5,0,1,C,Gold,31152
6058,Female,Urban,High School,5L-10L,0,4,3613,More than 1,B,Platinum,93012
52726,Female,Rural,High School,5L-10L,1,7,2275,More than 1,A,Platinum,70068
5193,Male,Urban,High School,5L-10L,1,8,0,More than 1,B,Platinum,67236
78560,Male,Urban,High School,2L-5L,1,4,5437,1,A,Platinum,60768
42933,Female,Rural,High School,2L-5L,1,2,3031,More than 1,A,Platinum,292248
19466,Male,Urban,High School,2L-5L,0,8,11309,1,A,Gold,52560
27863,Female,Rural,Bachelor,More than 10L,1,1,3210,More than 1,A,Silver,70212
75351,Female,Urban,Others,5L-10L,0,1,10752,More than 1,A,Silver,114516
72492,Female,Rural,High School,5L-10L,0,1,0,1,A,Silver,45360
87130,Male,Urban,Bachelor,5L-10L,1,5,5468,More than 1,A,Platinum,88740
53980,Female,Urban,High School,2L-5L,1,3,7042,More than 1,A,Gold,100176
13908,Male,Urban,High School,More than 10L,0,7,19536,More than 1,B,Silver,95340
35354,Male,Rural,High School,5L-10L,1,4,2182,1,A,Silver,48984
87836,Female,Urban,High School,5L-10L,0,5,5260,1,A,Gold,32172
70102,Male,Urban,Bachelor,5L-10L,1,2,5915,More than 1,C,Platinum,102000
43300,Female,Rural,Bachelor,5L-10L,1,5,0,More than 1,B,Platinum,72024
22808,Male,Rural,High School,More than 10L,0,8,0,More than 1,B,Silver,63348
22862,Female,Urban,Others,5L-10L,0,3,6327,1,A,Silver,50148
62,Male,Rural,High School,5L-10L,1,0,2852,1,A,Silver,49896
58882,Male,Rural,Bachelor,More than 10L,1,8,0,More than 1,A,Platinum,68544
34251,Female,Urban,High School,More than 10L,1,6,4961,1,C,Gold,38448
37334,Female,Urban,Others,More than 10L,1,4,5349,1,A,Gold,37668
78276,Male,Urban,Bachelor,More than 10L,0,5,6816,More than 1,A,Gold,126984
52816,Female,Urban,Bachelor,More than 10L,1,5,2523,More than 1,C,Platinum,68748
76374,Female,Urban,High School,5L-10L,1,0,0,1,A,Silver,35268
16122,Male,Rural,Bachelor,5L-10L,1,7,2573,More than 1,A,Platinum,64164
85503,Male,Urban,High School,5L-10L,0,7,5444,More than 1,A,Gold,44556
1253,Female,Urban,High School,5L-10L,0,7,6408,1,A,Silver,43260
5667,Female,Urban,High School,5L-10L,1,2,6550,1,A,Gold,42672
82325,Male,Urban,High School,More than 10L,0,5,6978,More than 1,A,Gold,105120
12863,Male,Rural,Bachelor,5L-10L,0,5,2111,1,B,Platinum,32580
17644,Male,Urban,High School,5L-10L,0,7,8837,More than 1,B,Silver,155952
21735,Female,Urban,High School,<=2L,1,7,3982,1,A,Silver,50976
548,Male,Urban,Bachelor,More than 10L,0,4,6095,More than 1,A,Platinum,101172
12908,Female,Urban,Bachelor,5L-10L,1,5,5785,1,A,Platinum,58728
70290,Female,Rural,Bachelor,More than 10L,1,2,0,1,A,Silver,50796
53198,Female,Urban,High School,2L-5L,0,4,14389,More than 1,A,Platinum,126096
8629,Female,Urban,Bachelor,5L-10L,1,8,2213,More than 1,B,Platinum,71472
50733,Male,Rural,Bachelor,5L-10L,1,1,8481,More than 1,A,Platinum,103752
28134,Male,Rural,Bachelor,5L-10L,0,7,0,More than 1,B,Gold,65064
23112,Male,Urban,Bachelor,2L-5L,0,7,5874,1,B,Platinum,28860
7017,Female,Urban,Bachelor,5L-10L,0,2,4990,More than 1,A,Gold,393012
31969,Female,Urban,High School,2L-5L,0,3,7763,1,A,Platinum,58932
9469,Male,Rural,Others,5L-10L,1,1,0,1,A,Gold,44256
10199,Male,Urban,High School,5L-10L,1,5,7683,More than 1,A,Platinum,113028
13603,Female,Urban,High School,5L-10L,1,6,5516,1,A,Platinum,37428
16909,Male,Urban,High School,2L-5L,0,8,5765,1,A,Silver,36828
67671,Male,Rural,High School,5L-10L,0,6,2655,1,A,Platinum,40596
8698,Male,Urban,High School,5L-10L,0,4,6902,1,A,Platinum,64116
42613,Male,Urban,Bachelor,5L-10L,1,6,5806,1,A,Platinum,32724
57627,Male,Rural,Bachelor,5L-10L,1,3,0,1,A,Platinum,58848
1307,Female,Rural,High School,5L-10L,0,8,0,1,A,Platinum,52416
65778,Female,Rural,Bachelor,5L-10L,0,8,8896,More than 1,A,Platinum,101700
30903,Male,Urban,Others,2L-5L,1,2,0,1,A,Platinum,32040
25515,Male,Urban,High School,2L-5L,1,6,3779,More than 1,A,Platinum,58440
28930,Male,Rural,Bachelor,5L-10L,0,7,0,More than 1,A,Silver,65652
50813,Male,Urban,High School,5L-10L,1,5,2987,More than 1,A,Platinum,47148
34398,Male,Urban,Bachelor,5L-10L,1,6,0,1,B,Silver,32796
85207,Female,Urban,Bachelor,5L-10L,1,4,2820,More than 1,A,Silver,101160
54079,Female,Urban,High School,5L-10L,0,2,6492,1,A,Gold,37032
51477,Male,Urban,Bachelor,2L-5L,0,2,2028,More than 1,B,Gold,118512
60776,Female,Urban,High School,5L-10L,0,2,3778,More than 1,A,Gold,408960
79136,Female,Urban,High School,5L-10L,0,4,5700,More than 1,A,Silver,74220
23777,Male,Urban,Others,More than 10L,1,6,0,1,A,Platinum,36876
29267,Male,Urban,Bachelor,5L-10L,1,5,2415,1,A,Gold,43596
34898,Male,Urban,Bachelor,5L-10L,1,4,3593,More than 1,A,Platinum,154620
31898,Male,Urban,Bachelor,2L-5L,1,5,7120,More than 1,C,Silver,201456
12252,Male,Urban,Others,2L-5L,0,8,0,More than 1,B,Platinum,69360
337,Male,Rural,Bachelor,More than 10L,0,8,0,More than 1,B,Gold,59964
62378,Male,Rural,Bachelor,5L-10L,0,7,0,1,B,Platinum,50088
45448,Male,Urban,Bachelor,5L-10L,0,3,3964,1,C,Platinum,53460
43974,Female,Rural,Bachelor,More than 10L,1,2,2541,1,A,Platinum,59928
36166,Female,Urban,High School,5L-10L,0,2,6447,More than 1,A,Platinum,98208
16375,Male,Urban,High School,5L-10L,1,0,6185,More than 1,A,Platinum,97188
75291,Female,Urban,High School,5L-10L,0,7,4116,More than 1,A,Platinum,75408
87646,Male,Urban,High School,2L-5L,0,4,5639,More than 1,B,Platinum,116508
55651,Male,Urban,High School,5L-10L,1,0,3898,More than 1,B,Platinum,114468
13661,Female,Rural,Bachelor,More than 10L,1,0,2976,1,B,Platinum,63600
43784,Male,Urban,Others,5L-10L,1,6,7352,1,C,Gold,38424
12387,Female,Urban,High School,5L-10L,1,7,7434,More than 1,B,Platinum,111972
43629,Female,Urban,High School,5L-10L,1,6,2003,More than 1,A,Platinum,106872
39710,Female,Urban,High School,5L-10L,1,7,3201,More than 1,A,Platinum,91080
52572,Male,Rural,Others,5L-10L,1,5,0,1,A,Platinum,32436
48312,Female,Urban,High School,5L-10L,1,4,6223,More than 1,A,Platinum,92148
86357,Female,Urban,High School,More than 10L,1,8,10011,1,A,Gold,64608
71722,Male,Rural,Bachelor,5L-10L,0,0,2082,1,A,Gold,48900
61130,Male,Urban,Bachelor,More than 10L,1,2,12925,1,C,Platinum,60576
69188,Female,Urban,Bachelor,5L-10L,0,4,3413,More than 1,A,Platinum,109680
9197,Male,Urban,Bachelor,5L-10L,1,2,4214,More than 1,A,Silver,98880
24959,Female,Urban,Bachelor,More than 10L,1,6,0,1,A,Silver,57288
46952,Male,Urban,High School,5L-10L,1,4,5787,1,C,Platinum,41220
60854,Female,Urban,Bachelor,5L-10L,0,5,5489,More than 1,A,Gold,105696
15494,Female,Rural,Bachelor,2L-5L,0,6,7626,More than 1,A,Gold,110148
45515,Male,Urban,High School,5L-10L,1,1,4251,More than 1,A,Gold,93072
65558,Male,Urban,High School,2L-5L,1,7,0,More than 1,C,Silver,70524
79988,Female,Urban,Bachelor,2L-5L,0,4,10713,More than 1,A,Platinum,99216
662,Female,Urban,High School,5L-10L,0,6,0,1,B,Platinum,96060
13855,Female,Urban,High School,2L-5L,0,4,8699,More than 1,A,Gold,70272
48050,Female,Urban,High School,2L-5L,1,2,4504,More than 1,C,Platinum,88584
66379,Male,Urban,Bachelor,5L-10L,1,4,3460,1,A,Gold,43848
60897,Female,Urban,High School,5L-10L,0,1,6293,1,A,Silver,96804
26064,Female,Urban,Bachelor,2L-5L,1,6,5410,1,B,Gold,33960
23534,Male,Urban,High School,2L-5L,0,4,5780,1,A,Silver,33576
53064,Female,Urban,High School,2L-5L,1,0,2255,More than 1,A,Silver,68232
21947,Male,Urban,Bachelor,More than 10L,0,0,3497,1,A,Gold,38220
63213,Female,Urban,High School,5L-10L,1,8,6223,1,A,Silver,63840
67619,Female,Rural,Bachelor,More than 10L,1,5,0,1,A,Silver,36480
13052,Male,Rural,Bachelor,5L-10L,1,6,3162,More than 1,B,Silver,69612
21842,Female,Rural,Others,More than 10L,1,7,0,1,B,Platinum,38484
52496,Female,Urban,High School,5L-10L,1,1,0,1,C,Platinum,34428
82629,Male,Urban,Bachelor,5L-10L,1,3,0,More than 1,B,Platinum,69000
42534,Male,Rural,High School,2L-5L,1,2,2564,1,B,Gold,50904
18937,Male,Urban,Bachelor,More than 10L,1,6,2431,1,B,Silver,38376
29567,Male,Rural,Bachelor,More than 10L,1,7,0,1,B,Platinum,33528
53381,Female,Rural,High School,5L-10L,1,4,6108,1,A,Platinum,44604
68187,Male,Urban,Others,More than 10L,1,2,11008,1,C,Gold,52272
11861,Male,Rural,High School,5L-10L,0,2,0,1,A,Platinum,57024
81197,Male,Rural,High School,2L-5L,1,1,0,1,B,Platinum,31872
9847,Male,Urban,High School,5L-10L,1,6,3915,1,B,Gold,39960
43304,Male,Urban,High School,5L-10L,1,1,0,1,A,Silver,62100
50877,Male,Rural,High School,5L-10L,0,8,0,1,B,Platinum,38412
85844,Female,Rural,High School,5L-10L,0,4,0,More than 1,C,Gold,93300
29895,Female,Urban,High School,5L-10L,0,8,5148,More than 1,C,Platinum,101268
68902,Female,Rural,High School,5L-10L,1,6,3839,1,B,Platinum,53964
48917,Male,Urban,Bachelor,5L-10L,1,3,5242,1,A,Platinum,30900
58644,Male,Urban,Bachelor,5L-10L,1,8,5383,1,A,Silver,44544
35331,Female,Rural,Bachelor,5L-10L,0,7,3862,1,B,Silver,51636
51459,Male,Urban,High School,More than 10L,0,0,10484,1,A,Gold,34608
69436,Female,Urban,Bachelor,5L-10L,0,5,5432,1,B,Platinum,56412
70935,Male,Urban,High School,2L-5L,0,5,5823,More than 1,A,Platinum,106236
66321,Male,Urban,Bachelor,5L-10L,1,5,4213,More than 1,C,Gold,106140
4866,Female,Urban,High School,5L-10L,0,8,10443,1,B,Silver,66348
1675,Male,Urban,Bachelor,5L-10L,1,2,0,More than 1,B,Gold,57516
4742,Male,Rural,High School,5L-10L,1,4,5682,1,A,Platinum,59280
66101,Male,Urban,High School,2L-5L,1,2,5456,1,A,Silver,35256
68930,Male,Rural,Bachelor,5L-10L,0,2,0,1,A,Gold,49104
54105,Male,Rural,Bachelor,5L-10L,1,4,0,1,A,Silver,32088
26350,Female,Urban,High School,5L-10L,0,5,7050,More than 1,A,Gold,96960
28149,Male,Rural,Others,More than 10L,1,4,3050,More than 1,C,Platinum,62280
22241,Male,Rural,Others,5L-10L,1,0,4316,More than 1,A,Platinum,56400
88092,Female,Urban,Bachelor,<=2L,0,1,5712,1,A,Silver,45984
33735,Male,Rural,Bachelor,More than 10L,1,1,0,1,A,Gold,33672
3548,Male,Rural,Bachelor,5L-10L,0,5,0,1,A,Platinum,50940
16633,Female,Urban,Bachelor,5L-10L,1,2,3347,1,A,Platinum,45972
79687,Male,Rural,Bachelor,5L-10L,1,4,0,1,A,Platinum,51576
40511,Male,Urban,Bachelor,5L-10L,1,6,2188,1,A,Silver,49536
41129,Female,Urban,Bachelor,5L-10L,0,3,5718,More than 1,A,Platinum,71496
59934,Male,Urban,Bachelor,5L-10L,1,4,5519,1,A,Platinum,36000
27207,Male,Urban,Bachelor,5L-10L,1,6,3756,1,C,Silver,43008
49945,Male,Urban,Others,5L-10L,1,1,3551,More than 1,A,Platinum,95796
1597,Male,Urban,Bachelor,5L-10L,1,1,0,1,B,Silver,35940
84252,Male,Urban,Bachelor,5L-10L,1,8,2132,More than 1,B,Gold,60420
79030,Female,Urban,Bachelor,5L-10L,1,8,5431,1,B,Platinum,51216
29259,Male,Rural,High School,5L-10L,1,7,2879,More than 1,B,Gold,60384
330,Male,Urban,Bachelor,2L-5L,1,8,15046,More than 1,A,Platinum,155520
25999,Female,Urban,High School,5L-10L,1,0,0,More than 1,B,Silver,62880
49142,Male,Urban,Others,5L-10L,1,1,3322,1,A,Platinum,68664
8635,Male,Urban,High School,5L-10L,1,8,6361,1,A,Platinum,47868
34062,Female,Rural,Bachelor,More than 10L,1,6,2610,1,A,Platinum,57720
28341,Male,Urban,Bachelor,More than 10L,1,7,5209,1,B,Gold,51216
53950,Male,Urban,Bachelor,More than 10L,1,7,4926,More than 1,A,Gold,97716
57432,Male,Rural,Bachelor,2L-5L,1,4,0,More than 1,A,Platinum,70572
24323,Male,Urban,High School,2L-5L,1,4,5368,1,A,Silver,32544
27726,Male,Urban,Bachelor,5L-10L,0,2,3490,More than 1,A,Platinum,102216
41605,Male,Urban,Bachelor,2L-5L,1,6,5485,1,A,Platinum,51384
22464,Male,Rural,Bachelor,2L-5L,1,6,0,More than 1,B,Gold,63852
78522,Male,Urban,Bachelor,2L-5L,1,4,5297,1,B,Silver,29796
77167,Male,Urban,Bachelor,2L-5L,1,4,0,More than 1,B,Platinum,64872
49481,Female,Urban,Bachelor,2L-5L,1,2,5350,More than 1,B,Silver,201540
48450,Female,Rural,High School,5L-10L,1,6,4029,More than 1,A,Silver,98604
19605,Male,Urban,Bachelor,2L-5L,1,7,5269,1,A,Platinum,31368
76209,Male,Urban,High School,5L-10L,0,8,11508,More than 1,A,Platinum,93564
88699,Male,Urban,High School,5L-10L,1,8,2709,More than 1,A,Gold,102204
20887,Male,Urban,High School,5L-10L,1,5,2019,1,C,Gold,38544
88652,Female,Rural,High School,5L-10L,1,7,3661,More than 1,B,Silver,91752
55770,Male,Urban,High School,5L-10L,0,0,4997,More than 1,A,Platinum,65064
46539,Male,Urban,Bachelor,2L-5L,1,6,3884,More than 1,A,Platinum,74460
86206,Male,Urban,High School,More than 10L,0,6,2625,1,A,Silver,29292
20151,Male,Urban,Bachelor,5L-10L,1,7,7940,1,A,Platinum,39636
86101,Male,Urban,Bachelor,5L-10L,1,5,4570,1,B,Silver,44472
11101,Male,Urban,Bachelor,5L-10L,0,3,22843,More than 1,A,Gold,105780
47197,Male,Urban,Bachelor,2L-5L,0,7,10444,More than 1,B,Platinum,102684
49716,Female,Urban,High School,5L-10L,0,0,5019,1,A,Gold,43116
64389,Female,Urban,Bachelor,More than 10L,1,6,0,1,A,Silver,55428
51386,Male,Urban,Bachelor,5L-10L,1,4,0,1,A,Gold,51180
20781,Male,Urban,High School,5L-10L,1,6,2788,1,A,Silver,38292
62160,Male,Rural,Bachelor,2L-5L,1,7,3022,More than 1,B,Gold,67692
8185,Female,Urban,Bachelor,5L-10L,0,6,4086,More than 1,C,Gold,307920
34731,Male,Rural,High School,More than 10L,1,3,2547,More than 1,A,Platinum,64572
80730,Female,Urban,Bachelor,More than 10L,0,8,0,More than 1,A,Gold,109644
11428,Male,Urban,Bachelor,5L-10L,0,4,3305,More than 1,A,Platinum,111588
86200,Male,Rural,Bachelor,5L-10L,1,6,0,More than 1,B,Platinum,66996
38611,Female,Urban,High School,5L-10L,1,3,8005,1,A,Gold,51516
39672,Female,Urban,High School,2L-5L,1,2,3040,More than 1,A,Platinum,95832
46144,Female,Urban,Bachelor,5L-10L,1,8,11170,1,B,Silver,71352
3261,Female,Urban,High School,5L-10L,1,8,4010,1,B,Gold,39684
76615,Male,Urban,Bachelor,5L-10L,1,8,3807,1,A,Silver,51996
83825,Female,Rural,High School,5L-10L,0,7,0,More than 1,B,Platinum,63888
33911,Male,Urban,High School,5L-10L,1,5,4653,1,A,Gold,32292
36188,Female,Urban,High School,5L-10L,0,5,6164,More than 1,A,Platinum,104124
51546,Male,Urban,High School,More than 10L,1,4,0,More than 1,B,Platinum,61476
50470,Male,Urban,High School,2L-5L,1,5,3806,More than 1,A,Platinum,93036
7911,Female,Urban,High School,2L-5L,1,4,6443,1,A,Platinum,51732
53953,Male,Urban,High School,5L-10L,1,2,4311,More than 1,A,Platinum,60960
14223,Male,Urban,High School,2L-5L,1,0,0,More than 1,C,Platinum,96996
64913,Male,Rural,Bachelor,5L-10L,1,7,2045,1,C,Platinum,37992
28498,Female,Urban,High School,2L-5L,0,6,4935,1,A,Silver,32064
19338,Male,Urban,High School,5L-10L,1,7,7195,1,A,Silver,34668
68552,Female,Rural,Bachelor,5L-10L,0,6,2138,More than 1,B,Silver,65736
37633,Male,Rural,Bachelor,5L-10L,1,4,0,1,C,Gold,33996
18540,Female,Urban,High School,2L-5L,1,7,12168,More than 1,C,Gold,101316
3108,Male,Urban,Bachelor,5L-10L,1,5,10680,More than 1,A,Platinum,134568
88872,Male,Rural,Bachelor,5L-10L,1,3,5971,1,A,Silver,37188
66301,Male,Urban,High School,2L-5L,1,2,6917,1,A,Gold,51876
66572,Male,Urban,Bachelor,2L-5L,0,8,5793,More than 1,B,Platinum,32532
44447,Female,Rural,Bachelor,5L-10L,0,6,0,More than 1,A,Platinum,106872
10945,Male,Urban,High School,5L-10L,1,7,3677,More than 1,A,Gold,70464
19629,Male,Rural,Bachelor,More than 10L,1,2,0,More than 1,B,Platinum,58920
1944,Male,Rural,Bachelor,5L-10L,1,7,10030,More than 1,A,Silver,50244
30939,Male,Urban,High School,More than 10L,1,4,6518,More than 1,A,Platinum,105096
89263,Female,Urban,Bachelor,5L-10L,1,7,3722,More than 1,A,Platinum,206112
51530,Male,Urban,Others,2L-5L,0,8,6349,1,A,Gold,61416
35597,Male,Rural,High School,2L-5L,0,7,0,More than 1,B,Platinum,71988
22467,Female,Urban,Bachelor,2L-5L,1,4,7887,More than 1,B,Silver,188172
82633,Male,Urban,Bachelor,5L-10L,1,6,2684,More than 1,B,Silver,67056
34534,Male,Urban,Bachelor,5L-10L,1,8,6347,1,B,Gold,48840
46102,Male,Urban,Bachelor,2L-5L,1,7,3973,More than 1,A,Gold,64152
60162,Female,Urban,High School,More than 10L,0,4,7010,More than 1,A,Silver,117936
88887,Male,Urban,Bachelor,5L-10L,1,6,2284,1,B,Silver,70836
7750,Male,Urban,High School,5L-10L,0,4,4122,1,A,Gold,47580
12867,Female,Urban,Bachelor,2L-5L,1,2,3561,1,A,Platinum,47172
25563,Male,Urban,High School,5L-10L,1,2,2077,1,A,Gold,34644
60600,Male,Rural,Bachelor,More than 10L,1,8,0,1,B,Gold,50136
28442,Female,Urban,Others,More than 10L,1,6,4850,1,B,Silver,35244
82321,Male,Urban,Bachelor,5L-10L,1,5,0,More than 1,C,Gold,63528
4040,Female,Rural,High School,5L-10L,0,6,3516,1,B,Platinum,46620
77998,Male,Urban,High School,5L-10L,0,8,19025,1,A,Gold,42288
61412,Male,Urban,Bachelor,5L-10L,1,7,6927,More than 1,A,Gold,72432
45801,Female,Urban,Bachelor,More than 10L,0,3,6892,More than 1,A,Gold,60864
19106,Male,Rural,High School,5L-10L,1,0,4609,1,B,Platinum,46752
22157,Male,Rural,Bachelor,5L-10L,0,7,0,More than 1,B,Silver,168468
36456,Female,Rural,Bachelor,More than 10L,1,2,2292,More than 1,A,Gold,96120
66500,Male,Urban,Bachelor,5L-10L,1,5,3778,More than 1,A,Platinum,100440
61410,Female,Urban,Bachelor,5L-10L,0,5,5108,More than 1,A,Silver,181500
80546,Female,Urban,Bachelor,2L-5L,1,5,5976,More than 1,A,Platinum,94272
53171,Male,Rural,High School,More than 10L,1,7,0,More than 1,B,Silver,65004
49243,Male,Urban,Others,5L-10L,1,4,7121,More than 1,A,Silver,98676
61087,Male,Rural,High School,More than 10L,1,7,0,More than 1,B,Silver,69552
54627,Female,Rural,Others,5L-10L,1,5,3174,More than 1,A,Gold,62724
71517,Female,Rural,High School,More than 10L,1,4,0,1,A,Silver,48576
52447,Male,Rural,Bachelor,More than 10L,1,4,7063,1,A,Platinum,59652
18470,Male,Rural,High School,5L-10L,1,1,0,More than 1,A,Silver,61116
36943,Female,Urban,High School,2L-5L,0,3,6994,More than 1,A,Silver,112452
79493,Female,Rural,Bachelor,More than 10L,1,3,0,1,C,Gold,35484
85161,Female,Urban,High School,2L-5L,1,8,6700,1,A,Silver,51684
40050,Female,Rural,High School,More than 10L,0,1,3180,1,A,Silver,39744
39418,Female,Rural,High School,5L-10L,1,2,4073,1,A,Silver,52716
1120,Male,Rural,Others,5L-10L,1,7,2266,1,A,Platinum,52392
34575,Male,Urban,High School,2L-5L,1,6,3954,More than 1,A,Silver,61740
58704,Male,Urban,High School,2L-5L,0,8,7286,More than 1,A,Silver,101916
60909,Male,Urban,High School,5L-10L,1,5,2936,1,B,Gold,29220
16257,Male,Urban,Bachelor,5L-10L,1,0,5909,1,A,Gold,53868
45599,Female,Urban,High School,5L-10L,1,0,0,More than 1,A,Silver,73392
81273,Female,Rural,Bachelor,More than 10L,0,7,5032,More than 1,B,Gold,68208
48545,Female,Urban,High School,More than 10L,0,3,4929,1,C,Silver,31968
24551,Male,Urban,High School,More than 10L,1,0,0,1,B,Platinum,30948
76577,Female,Rural,Bachelor,5L-10L,1,6,2681,1,A,Silver,51612
47113,Female,Urban,Bachelor,More than 10L,0,8,6062,More than 1,A,Gold,102444
31085,Male,Urban,High School,5L-10L,1,5,2146,1,C,Silver,35496
73904,Female,Urban,Bachelor,2L-5L,0,1,0,1,C,Silver,34212
2859,Male,Rural,Bachelor,5L-10L,0,6,0,More than 1,A,Platinum,193464
28648,Female,Urban,High School,5L-10L,1,6,4405,1,A,Platinum,121176
55358,Female,Rural,Others,More than 10L,1,4,0,More than 1,B,Silver,71352
72478,Female,Rural,Bachelor,5L-10L,1,4,0,1,B,Silver,51660
34296,Male,Urban,High School,2L-5L,1,1,7292,More than 1,B,Platinum,117372
49348,Male,Urban,High School,5L-10L,1,5,6141,More than 1,A,Platinum,102360
75226,Male,Urban,High School,5L-10L,1,3,6064,More than 1,A,Platinum,101544
89082,Female,Urban,High School,More than 10L,0,7,3180,More than 1,C,Silver,85308
72334,Male,Urban,High School,2L-5L,1,6,6947,More than 1,A,Platinum,109008
86161,Male,Urban,Bachelor,More than 10L,1,6,3266,More than 1,B,Gold,63036
19563,Female,Urban,Bachelor,More than 10L,0,2,4044,More than 1,A,Platinum,103344
85711,Male,Urban,High School,5L-10L,0,6,0,More than 1,C,Platinum,106560
70225,Male,Urban,High School,5L-10L,1,2,3676,More than 1,C,Silver,77556
83339,Male,Urban,Bachelor,5L-10L,1,4,6437,More than 1,A,Platinum,100812
39820,Male,Rural,Bachelor,5L-10L,1,7,2635,More than 1,A,Platinum,90084
33168,Male,Urban,Bachelor,5L-10L,0,4,3946,1,B,Gold,48288
69431,Male,Urban,High School,2L-5L,1,2,5576,1,A,Platinum,47496
21051,Male,Urban,Bachelor,More than 10L,0,5,3875,1,A,Silver,30456
63635,Male,Rural,High School,5L-10L,1,2,6487,1,A,Silver,48612
72071,Female,Rural,Bachelor,More than 10L,1,7,0,More than 1,A,Platinum,90516
21066,Male,Urban,High School,2L-5L,0,6,8198,More than 1,B,Platinum,71160
62546,Female,Urban,High School,5L-10L,1,2,4109,1,A,Platinum,51816
78841,Female,Urban,Bachelor,5L-10L,0,5,3377,More than 1,B,Silver,95916
50999,Male,Urban,Bachelor,2L-5L,0,7,4075,1,A,Silver,64440
44714,Male,Urban,High School,5L-10L,1,5,7061,1,C,Silver,37452
49463,Male,Urban,High School,2L-5L,0,4,14294,More than 1,B,Platinum,101244
53073,Female,Urban,Bachelor,2L-5L,0,2,5340,1,B,Gold,32088
48948,Male,Urban,High School,<=2L,1,3,5704,1,A,Gold,32856
41618,Male,Rural,Others,5L-10L,1,4,0,1,A,Silver,30444
66410,Male,Rural,Bachelor,5L-10L,1,8,0,More than 1,B,Platinum,77460
68188,Male,Urban,High School,5L-10L,1,1,0,1,C,Silver,35028
7754,Male,Rural,Bachelor,5L-10L,1,4,2387,More than 1,A,Platinum,103884
79527,Female,Urban,High School,2L-5L,1,5,3631,More than 1,A,Gold,56736
58553,Male,Urban,High School,5L-10L,1,6,3904,1,C,Silver,47196
67036,Male,Urban,High School,5L-10L,0,6,5303,More than 1,A,Platinum,70992
6434,Male,Urban,High School,5L-10L,1,6,22788,1,B,Silver,33252
51766,Male,Urban,Bachelor,5L-10L,1,4,10452,More than 1,A,Gold,106260
19894,Female,Urban,Bachelor,2L-5L,1,3,3609,1,A,Silver,46656
8476,Female,Rural,High School,5L-10L,1,1,3015,More than 1,B,Platinum,71172
84274,Male,Urban,High School,5L-10L,1,2,4981,1,B,Silver,39348
309,Female,Rural,Bachelor,5L-10L,1,5,2794,More than 1,C,Platinum,139308
31458,Male,Urban,Bachelor,5L-10L,0,6,14455,More than 1,A,Silver,236436
10749,Male,Rural,High School,5L-10L,0,7,2424,More than 1,B,Platinum,68568
18390,Male,Rural,Bachelor,More than 10L,0,7,0,More than 1,B,Silver,65232
75090,Male,Urban,Bachelor,More than 10L,0,1,5540,1,A,Silver,34272
26012,Male,Rural,High School,5L-10L,0,5,6530,More than 1,B,Platinum,66432
56948,Male,Urban,High School,5L-10L,0,4,2059,More than 1,A,Gold,94044
4,Female,Rural,High School,5L-10L,0,7,0,More than 1,A,Platinum,97920
55259,Male,Urban,High School,5L-10L,1,8,6629,1,B,Gold,39144
25346,Male,Urban,High School,5L-10L,0,7,3042,More than 1,A,Platinum,101232
14916,Male,Urban,High School,5L-10L,0,6,6455,More than 1,A,Platinum,91392
60725,Female,Urban,High School,5L-10L,1,2,0,More than 1,B,Silver,46572
9863,Male,Rural,Bachelor,More than 10L,0,6,2743,1,B,Platinum,40500
45594,Female,Urban,Bachelor,5L-10L,0,5,4809,1,A,Silver,31428
22744,Male,Urban,Bachelor,5L-10L,0,1,5654,More than 1,C,Gold,188688
51794,Female,Rural,High School,2L-5L,1,4,2219,More than 1,B,Platinum,72792
51258,Male,Rural,High School,2L-5L,1,1,2757,1,B,Gold,54456
79872,Male,Urban,Bachelor,2L-5L,0,7,2021,1,B,Platinum,46788
19176,Female,Urban,Bachelor,2L-5L,0,3,2796,More than 1,A,Platinum,102252
23927,Female,Urban,High School,5L-10L,1,3,3429,More than 1,A,Platinum,89088
7081,Female,Urban,Bachelor,5L-10L,1,7,7757,More than 1,A,Platinum,98592
31469,Male,Rural,Bachelor,2L-5L,1,4,2726,1,A,Platinum,47028
76125,Male,Urban,Bachelor,More than 10L,1,2,4171,More than 1,B,Silver,77952
51129,Male,Urban,High School,5L-10L,0,4,3947,More than 1,A,Platinum,92880
51453,Male,Urban,Others,5L-10L,1,5,3877,More than 1,A,Silver,99108
3937,Male,Urban,High School,5L-10L,1,8,2314,1,C,Platinum,33948
7071,Male,Urban,Bachelor,5L-10L,1,1,2391,1,B,Platinum,36672
19302,Male,Urban,High School,2L-5L,1,5,4114,More than 1,A,Platinum,106272
40388,Female,Urban,Others,5L-10L,1,1,5026,More than 1,A,Platinum,75312
87038,Male,Urban,High School,5L-10L,0,2,5375,More than 1,B,Gold,101808
38900,Female,Rural,Others,5L-10L,0,6,0,More than 1,B,Platinum,62640
24701,Female,Rural,Bachelor,2L-5L,1,1,0,More than 1,A,Platinum,109296
21356,Male,Urban,Bachelor,2L-5L,1,5,4696,1,A,Platinum,31944
17216,Female,Urban,Bachelor,2L-5L,1,3,3988,More than 1,A,Gold,82368
8220,Male,Urban,Bachelor,5L-10L,1,4,0,1,A,Platinum,49212
20471,Female,Urban,High School,5L-10L,1,1,5394,1,C,Silver,34872
32215,Male,Urban,Bachelor,5L-10L,1,6,2701,1,A,Platinum,53748
14628,Male,Urban,Bachelor,2L-5L,1,8,2825,More than 1,B,Silver,72576
19481,Male,Urban,High School,2L-5L,1,4,7197,1,A,Gold,35292
68765,Female,Urban,High School,More than 10L,0,3,6438,More than 1,A,Gold,92232
75398,Female,Rural,High School,5L-10L,0,6,0,1,B,Silver,38508
86432,Male,Rural,High School,5L-10L,1,6,0,1,B,Platinum,42732
37997,Male,Urban,High School,5L-10L,1,6,0,More than 1,B,Platinum,65004
1162,Male,Urban,Others,2L-5L,1,5,6024,1,B,Platinum,38160
28440,Male,Urban,High School,5L-10L,1,4,5775,More than 1,A,Platinum,183168
25455,Male,Urban,Bachelor,5L-10L,1,6,5908,More than 1,A,Platinum,96720
7233,Male,Rural,Bachelor,2L-5L,1,8,0,More than 1,B,Silver,68940
88313,Female,Urban,Bachelor,5L-10L,0,4,11587,More than 1,A,Platinum,107652
9924,Male,Rural,High School,5L-10L,1,4,2830,1,A,Silver,37296
397,Female,Urban,Bachelor,5L-10L,1,6,0,1,B,Silver,32892
37798,Female,Urban,High School,5L-10L,1,1,5201,1,A,Platinum,35376
17356,Male,Urban,High School,5L-10L,1,6,4518,1,A,Gold,44160
38509,Male,Urban,High School,5L-10L,0,1,5858,More than 1,A,Silver,115104
78166,Female,Urban,High School,5L-10L,1,5,7594,More than 1,A,Silver,98628
71850,Female,Rural,Bachelor,More than 10L,0,6,0,More than 1,B,Platinum,63636
57076,Female,Rural,High School,5L-10L,0,5,0,More than 1,B,Platinum,67272
69152,Male,Urban,High School,5L-10L,0,0,8342,More than 1,A,Platinum,55380
75064,Male,Rural,High School,5L-10L,1,0,0,More than 1,B,Platinum,93900
32578,Female,Urban,Bachelor,More than 10L,1,4,0,More than 1,A,Platinum,136308
659,Female,Urban,Bachelor,2L-5L,0,8,6761,More than 1,A,Platinum,283860
45794,Female,Urban,Bachelor,More than 10L,0,6,6265,More than 1,A,Platinum,94980
65768,Male,Urban,Bachelor,5L-10L,0,6,2181,More than 1,A,Platinum,43716
63082,Female,Urban,High School,2L-5L,1,6,5171,1,A,Silver,33384
42811,Male,Urban,Bachelor,2L-5L,1,6,7745,More than 1,A,Gold,85968
5045,Female,Urban,High School,2L-5L,1,7,3666,More than 1,B,Gold,144984
84480,Female,Urban,High School,5L-10L,1,7,6345,More than 1,A,Silver,95316
47055,Female,Urban,Bachelor,2L-5L,0,6,7246,1,A,Gold,45912
55329,Female,Rural,Bachelor,5L-10L,1,7,2203,1,B,Platinum,53652
24192,Male,Urban,High School,5L-10L,0,8,3881,More than 1,C,Platinum,62028
33612,Male,Rural,Bachelor,5L-10L,0,5,8660,More than 1,A,Silver,106332
29408,Male,Rural,High School,2L-5L,1,3,12599,More than 1,A,Platinum,65904
37098,Female,Urban,High School,More than 10L,0,6,2320,1,A,Platinum,43404
41433,Female,Urban,Bachelor,5L-10L,1,3,6157,More than 1,A,Gold,95268
4456,Male,Rural,Bachelor,5L-10L,1,7,2691,1,B,Gold,33660
66137,Male,Urban,Bachelor,5L-10L,0,6,5389,1,A,Gold,44676
55507,Male,Urban,High School,5L-10L,1,8,8985,More than 1,A,Platinum,64608
34458,Male,Urban,High School,5L-10L,0,1,5055,More than 1,A,Silver,67716
75913,Female,Urban,Bachelor,2L-5L,1,8,3014,More than 1,B,Silver,69468
18746,Female,Rural,High School,5L-10L,1,5,2122,1,A,Platinum,35244
58656,Male,Urban,Bachelor,More than 10L,0,7,7481,More than 1,A,Silver,179916
37830,Female,Urban,High School,5L-10L,1,8,9792,More than 1,A,Gold,97728
72215,Male,Urban,High School,<=2L,1,6,7569,1,A,Platinum,59616
12777,Female,Rural,Bachelor,5L-10L,1,7,2423,1,C,Silver,52044
7418,Female,Rural,Bachelor,More than 10L,1,6,0,1,A,Platinum,40068
37412,Male,Rural,Bachelor,More than 10L,1,5,2394,More than 1,C,Gold,75240
75236,Female,Urban,High School,2L-5L,1,6,4328,1,C,Silver,36396
60367,Male,Urban,Bachelor,5L-10L,0,3,4029,More than 1,A,Platinum,53340
13684,Male,Urban,Bachelor,2L-5L,0,1,4223,1,A,Platinum,48492
73949,Male,Urban,High School,2L-5L,0,3,12429,More than 1,A,Platinum,192408
45769,Male,Rural,Bachelor,5L-10L,1,7,2147,1,C,Gold,42000
71768,Female,Urban,Bachelor,2L-5L,0,5,4128,More than 1,A,Platinum,60228
67746,Female,Urban,Bachelor,5L-10L,0,2,6330,More than 1,A,Platinum,99048
81786,Male,Urban,High School,5L-10L,1,6,0,1,C,Platinum,33516
57829,Female,Rural,High School,More than 10L,0,7,0,More than 1,B,Platinum,65580
7775,Female,Rural,High School,More than 10L,0,7,7759,More than 1,B,Silver,115500
61137,Male,Urban,Bachelor,5L-10L,1,5,6743,More than 1,B,Gold,101388
17718,Male,Urban,High School,5L-10L,1,6,6287,More than 1,A,Platinum,446940
34297,Male,Rural,Bachelor,5L-10L,1,7,4622,1,A,Platinum,64668
13190,Female,Rural,Bachelor,2L-5L,0,6,0,1,B,Platinum,31548
12248,Male,Rural,Others,More than 10L,1,0,0,1,A,Gold,35220
21771,Female,Urban,High School,<=2L,1,1,9585,1,A,Silver,66528
29301,Male,Urban,Bachelor,5L-10L,1,4,5239,1,A,Gold,33216
39788,Male,Urban,Bachelor,5L-10L,1,2,0,1,B,Platinum,31776
35829,Male,Rural,Bachelor,5L-10L,1,0,2041,More than 1,B,Platinum,68832
39064,Male,Rural,Bachelor,5L-10L,1,4,0,1,B,Silver,41544
85124,Male,Rural,Bachelor,5L-10L,1,6,0,1,C,Platinum,97524
31330,Male,Urban,High School,5L-10L,0,1,5683,1,A,Platinum,55356
8102,Female,Urban,Bachelor,5L-10L,1,1,10111,1,A,Platinum,56988
43881,Male,Urban,High School,2L-5L,0,7,6195,More than 1,A,Platinum,101460
57111,Male,Urban,High School,5L-10L,0,8,9691,More than 1,B,Platinum,98208
47821,Male,Urban,High School,2L-5L,0,8,3941,More than 1,A,Gold,107700
79111,Female,Rural,Bachelor,More than 10L,1,5,0,1,A,Platinum,47796
56095,Female,Urban,High School,5L-10L,0,5,11665,More than 1,A,Platinum,313320
36301,Female,Urban,High School,<=2L,0,5,6238,1,A,Platinum,51900
40499,Male,Rural,High School,More than 10L,1,1,3030,More than 1,A,Platinum,112056
87834,Male,Urban,High School,2L-5L,1,6,5338,More than 1,A,Gold,64476
36435,Male,Rural,Bachelor,5L-10L,1,2,3073,1,A,Platinum,42852
52841,Female,Rural,High School,5L-10L,1,2,6886,1,A,Platinum,51264
43183,Female,Rural,Bachelor,5L-10L,1,5,4884,1,A,Gold,33720
5122,Male,Urban,Bachelor,2L-5L,0,6,5197,1,A,Platinum,35424
65348,Female,Rural,High School,5L-10L,1,4,0,More than 1,C,Silver,76500
37146,Female,Urban,High School,<=2L,1,2,5300,1,B,Silver,66132
76184,Male,Urban,High School,2L-5L,0,5,8743,More than 1,A,Platinum,110124
88429,Female,Rural,High School,5L-10L,1,6,2976,1,A,Silver,72492
87803,Female,Urban,Bachelor,5L-10L,1,2,5295,More than 1,A,Platinum,69888
17044,Female,Urban,Bachelor,2L-5L,1,5,5473,More than 1,A,Platinum,99084
40031,Male,Rural,Bachelor,More than 10L,0,2,5778,1,A,Gold,36684
43017,Male,Urban,Bachelor,5L-10L,1,5,6713,More than 1,A,Gold,177456
55131,Male,Urban,Bachelor,5L-10L,0,3,0,1,A,Silver,39228
63006,Female,Rural,High School,5L-10L,1,7,0,1,A,Platinum,63288
464,Female,Urban,High School,More than 10L,0,8,5876,More than 1,B,Gold,62184
23613,Male,Urban,Bachelor,5L-10L,0,7,5165,1,A,Platinum,54048
47348,Male,Rural,Bachelor,More than 10L,0,4,4185,1,A,Platinum,38976
7014,Female,Urban,High School,5L-10L,1,1,2948,1,A,Silver,64236
68235,Male,Urban,Bachelor,<=2L,0,2,6242,More than 1,A,Platinum,107592
29258,Male,Urban,High School,5L-10L,1,7,5428,1,A,Gold,35088
60910,Male,Urban,Bachelor,5L-10L,1,5,4918,1,A,Gold,33744
53874,Male,Urban,High School,5L-10L,0,2,5655,More than 1,A,Platinum,510456
22692,Male,Urban,Bachelor,5L-10L,1,8,0,1,B,Silver,43428
55714,Male,Urban,Bachelor,5L-10L,1,5,4208,More than 1,B,Platinum,71064
25601,Female,Urban,High School,5L-10L,0,8,6592,1,C,Gold,55224
52329,Female,Urban,Others,5L-10L,1,0,3736,1,A,Silver,39444
34222,Male,Rural,Others,5L-10L,0,7,0,More than 1,B,Gold,69168
77410,Male,Urban,Bachelor,2L-5L,0,8,3975,More than 1,B,Silver,127692
47225,Male,Rural,High School,5L-10L,0,7,0,1,A,Silver,34800
16954,Male,Urban,High School,<=2L,1,3,7906,1,A,Silver,29568
29786,Male,Urban,Bachelor,5L-10L,0,8,6711,1,A,Gold,50916
873,Male,Rural,High School,5L-10L,1,7,0,1,A,Platinum,33540
21567,Female,Urban,High School,More than 10L,1,7,8130,More than 1,A,Gold,55920
48387,Male,Rural,Bachelor,More than 10L,1,4,0,More than 1,A,Platinum,64536
88564,Female,Urban,Bachelor,2L-5L,0,1,3480,More than 1,A,Platinum,94488
57701,Female,Urban,High School,5L-10L,1,7,6162,More than 1,A,Silver,107136
43312,Female,Urban,Bachelor,2L-5L,0,5,5397,More than 1,B,Gold,102348
12090,Male,Urban,High School,5L-10L,0,5,3965,More than 1,A,Platinum,104208
77805,Female,Urban,High School,5L-10L,1,8,3942,More than 1,A,Gold,89196
39698,Female,Rural,High School,2L-5L,0,2,5584,1,B,Silver,49416
82073,Female,Urban,High School,2L-5L,0,3,4653,More than 1,A,Silver,341004
65793,Male,Rural,High School,5L-10L,0,4,0,1,A,Gold,31932
80396,Male,Rural,Bachelor,More than 10L,1,7,0,More than 1,B,Silver,69276
52242,Male,Rural,Bachelor,More than 10L,1,6,2700,1,B,Silver,70224
56502,Male,Urban,High School,2L-5L,1,4,4004,1,B,Silver,76596
14027,Female,Rural,Others,5L-10L,1,8,0,1,B,Silver,39792
58163,Female,Rural,Bachelor,5L-10L,1,7,2070,More than 1,A,Gold,72840
45694,Male,Rural,High School,5L-10L,1,7,0,More than 1,B,Gold,67752
33473,Male,Rural,Bachelor,5L-10L,1,0,0,1,B,Silver,37956
36558,Male,Rural,High School,5L-10L,1,3,0,1,A,Platinum,32688
21889,Female,Urban,High School,5L-10L,1,0,7693,1,B,Silver,65424
88929,Female,Rural,High School,2L-5L,1,5,7181,More than 1,B,Gold,59244
47629,Male,Urban,Bachelor,<=2L,0,7,6335,1,A,Platinum,54720
14885,Female,Rural,Bachelor,2L-5L,0,6,3550,More than 1,B,Silver,70440
27874,Male,Rural,High School,More than 10L,1,8,2269,More than 1,B,Platinum,78852
48807,Male,Urban,Bachelor,5L-10L,0,2,7440,1,A,Silver,36948
4406,Male,Rural,High School,5L-10L,1,6,2988,1,B,Gold,53352
63193,Female,Urban,High School,2L-5L,0,1,5873,1,A,Gold,35628
79933,Male,Rural,High School,5L-10L,0,8,0,1,A,Platinum,30492
84957,Male,Rural,High School,5L-10L,1,5,0,1,A,Gold,34008
37135,Female,Rural,Others,5L-10L,1,6,0,1,B,Platinum,36408
47174,Female,Rural,Bachelor,5L-10L,1,8,0,More than 1,B,Gold,71016
69176,Male,Urban,Bachelor,5L-10L,1,6,0,1,B,Silver,32904
54388,Male,Urban,Bachelor,5L-10L,1,7,6016,More than 1,B,Platinum,62772
6806,Female,Urban,High School,5L-10L,0,6,5779,More than 1,A,Platinum,107244
38093,Male,Rural,High School,2L-5L,1,8,7000,More than 1,A,Gold,92580
32691,Female,Urban,Bachelor,5L-10L,1,5,3869,More than 1,A,Platinum,100224
19659,Male,Urban,High School,5L-10L,1,7,3569,More than 1,A,Platinum,64776
29675,Male,Urban,High School,5L-10L,0,6,6875,1,C,Platinum,34968
46905,Female,Urban,Bachelor,5L-10L,1,5,2988,More than 1,B,Silver,68880
6378,Female,Urban,High School,<=2L,1,2,7603,More than 1,A,Platinum,68328
16724,Female,Urban,High School,5L-10L,1,8,4271,1,C,Gold,51468
1814,Male,Rural,High School,5L-10L,1,1,0,1,B,Silver,47712
43387,Male,Urban,High School,2L-5L,0,1,4078,More than 1,B,Silver,64836
16598,Female,Urban,High School,5L-10L,1,1,6540,More than 1,A,Silver,66636
8546,Male,Urban,High School,5L-10L,0,6,4079,1,A,Platinum,62112
75870,Female,Urban,Bachelor,5L-10L,0,8,4681,More than 1,A,Platinum,108468
11547,Male,Rural,High School,5L-10L,0,1,0,More than 1,A,Platinum,62172
35381,Female,Rural,Bachelor,5L-10L,0,3,0,1,B,Platinum,45228
67289,Female,Rural,Bachelor,More than 10L,0,3,2645,More than 1,B,Gold,77520
56800,Male,Urban,Bachelor,5L-10L,1,6,2163,1,A,Silver,45564
13375,Male,Rural,Bachelor,5L-10L,1,8,0,More than 1,A,Platinum,66936
45115,Female,Rural,Bachelor,5L-10L,1,7,2315,More than 1,A,Silver,61224
42150,Male,Urban,High School,2L-5L,1,5,8485,More than 1,B,Silver,57744
67573,Female,Urban,High School,5L-10L,1,4,3544,More than 1,C,Platinum,90960
86224,Female,Rural,Bachelor,5L-10L,0,5,6141,1,A,Silver,33684
23773,Female,Rural,Bachelor,5L-10L,1,3,0,1,B,Silver,42288
17468,Male,Urban,High School,5L-10L,0,6,6438,1,A,Silver,59436
68405,Male,Urban,High School,5L-10L,1,0,4779,More than 1,A,Silver,100872
7225,Female,Rural,High School,5L-10L,1,2,3833,More than 1,B,Gold,70188
9330,Female,Urban,High School,5L-10L,1,6,4873,1,A,Platinum,32472
49048,Male,Urban,Bachelor,5L-10L,0,3,5968,1,A,Silver,36084
40566,Male,Rural,Others,2L-5L,1,4,0,More than 1,B,Silver,71580
60742,Female,Rural,Bachelor,5L-10L,1,3,0,More than 1,B,Silver,71316
43439,Male,Urban,High School,5L-10L,1,3,2429,More than 1,B,Gold,99840
37675,Male,Rural,High School,5L-10L,1,6,3676,1,B,Platinum,35832
41440,Female,Urban,Bachelor,More than 10L,1,2,4955,More than 1,B,Platinum,68208
3812,Female,Rural,Bachelor,More than 10L,0,5,7354,More than 1,B,Silver,90768
40879,Female,Urban,Bachelor,5L-10L,0,6,5633,1,A,Silver,34644
1076,Female,Rural,Bachelor,5L-10L,1,3,3733,More than 1,B,Platinum,95088
55251,Male,Urban,High School,2L-5L,0,8,6365,More than 1,B,Platinum,62820
45660,Female,Urban,High School,5L-10L,0,6,0,1,B,Platinum,66120
70824,Male,Urban,Bachelor,5L-10L,1,8,4066,More than 1,A,Silver,70872
59705,Male,Urban,High School,5L-10L,1,6,5578,1,A,Silver,34200
21445,Male,Urban,Bachelor,5L-10L,1,5,0,More than 1,B,Silver,67620
29346,Female,Urban,Bachelor,5L-10L,1,2,5596,1,A,Platinum,46716
21267,Male,Rural,Bachelor,More than 10L,1,6,0,1,B,Silver,35184
21399,Male,Rural,Others,More than 10L,0,7,0,More than 1,A,Gold,94908
35960,Male,Rural,High School,5L-10L,0,4,2167,1,C,Platinum,52476
7894,Male,Urban,Bachelor,5L-10L,1,7,3487,More than 1,B,Platinum,70968
23867,Male,Urban,High School,2L-5L,1,1,5204,1,A,Gold,32484
23143,Female,Urban,Bachelor,2L-5L,0,2,6173,More than 1,B,Gold,71844
6121,Male,Urban,High School,5L-10L,0,7,2868,More than 1,A,Silver,65916
53718,Female,Urban,High School,5L-10L,1,2,4727,1,C,Platinum,36372
80992,Female,Urban,High School,5L-10L,0,7,6525,1,A,Silver,33180
25138,Male,Urban,High School,5L-10L,1,3,3079,More than 1,A,Platinum,79572
70942,Male,Urban,Bachelor,5L-10L,0,6,5534,1,A,Gold,34656
62095,Female,Urban,High School,5L-10L,0,1,5933,More than 1,C,Platinum,107664
86053,Female,Urban,High School,5L-10L,0,5,8713,1,A,Silver,31020
18348,Male,Urban,High School,2L-5L,0,4,3358,1,B,Silver,59160
48981,Male,Urban,Bachelor,More than 10L,0,8,4371,More than 1,A,Platinum,97764
29483,Male,Urban,Bachelor,5L-10L,1,3,3795,1,B,Platinum,50988
51043,Male,Urban,High School,5L-10L,1,1,8187,1,A,Platinum,44412
73277,Female,Urban,High School,5L-10L,1,6,6425,1,B,Gold,57984
38510,Female,Urban,Bachelor,5L-10L,1,6,5788,More than 1,B,Silver,73020
24838,Male,Urban,Bachelor,5L-10L,1,0,3111,More than 1,B,Gold,70596
60345,Male,Urban,High School,More than 10L,1,6,6264,More than 1,A,Platinum,100068
37308,Male,Urban,High School,5L-10L,1,6,0,1,C,Platinum,33612
4970,Female,Rural,Others,5L-10L,1,6,0,More than 1,A,Silver,63240
42622,Female,Urban,High School,2L-5L,0,3,3535,More than 1,A,Gold,64644
9887,Male,Rural,Bachelor,5L-10L,0,0,0,More than 1,A,Silver,66060
26994,Male,Rural,Others,More than 10L,1,2,0,1,B,Platinum,32820
14060,Female,Urban,High School,5L-10L,0,5,2531,More than 1,A,Platinum,101352
48641,Female,Urban,Bachelor,5L-10L,1,0,0,More than 1,B,Silver,72084
49928,Male,Urban,Bachelor,5L-10L,1,7,0,More than 1,B,Platinum,71424
71692,Male,Urban,Others,5L-10L,0,3,5541,1,A,Platinum,32232
39780,Female,Urban,High School,5L-10L,0,6,6521,1,A,Gold,35352
61167,Female,Urban,High School,<=2L,1,1,4711,More than 1,A,Platinum,54732
81968,Female,Rural,Bachelor,More than 10L,1,1,0,More than 1,A,Silver,72336
5336,Male,Rural,Bachelor,5L-10L,0,7,2669,More than 1,B,Silver,73200
48356,Female,Rural,Bachelor,More than 10L,1,3,0,More than 1,B,Platinum,64044
17593,Male,Rural,High School,More than 10L,1,6,2034,1,B,Platinum,31728
83837,Female,Rural,High School,5L-10L,0,8,0,More than 1,B,Platinum,60516
28311,Female,Urban,High School,5L-10L,0,5,3860,More than 1,B,Platinum,72072
15933,Female,Rural,High School,More than 10L,1,4,0,1,A,Gold,49812
68682,Female,Rural,Bachelor,5L-10L,0,7,0,More than 1,B,Platinum,35688
35075,Male,Urban,Others,2L-5L,1,4,4063,1,A,Gold,48876
45909,Male,Urban,Bachelor,5L-10L,0,5,4975,More than 1,A,Gold,287172
35811,Female,Urban,High School,5L-10L,0,6,9857,More than 1,A,Platinum,93588
34960,Male,Urban,High School,5L-10L,1,3,6875,1,C,Silver,34884
61972,Female,Urban,High School,5L-10L,0,0,10418,More than 1,A,Platinum,66480
39077,Female,Urban,High School,5L-10L,0,6,8395,More than 1,A,Platinum,118212
48739,Male,Urban,Bachelor,More than 10L,0,6,3784,More than 1,B,Platinum,62256
51378,Male,Urban,Others,2L-5L,1,1,0,1,A,Platinum,29532
19054,Male,Rural,High School,More than 10L,1,2,10329,More than 1,A,Silver,110544
61528,Male,Urban,High School,More than 10L,1,6,0,1,B,Silver,35844
35339,Female,Urban,High School,5L-10L,1,2,2984,More than 1,C,Silver,107496
58456,Male,Urban,High School,5L-10L,1,0,4460,1,A,Gold,33228
81699,Male,Rural,High School,5L-10L,0,8,2220,More than 1,A,Platinum,79380
56919,Female,Urban,Bachelor,More than 10L,0,1,3841,More than 1,B,Gold,29844
58885,Male,Rural,Bachelor,5L-10L,1,3,2645,More than 1,B,Platinum,66612
76920,Female,Rural,Bachelor,2L-5L,0,6,3505,More than 1,B,Silver,71232
84340,Male,Rural,High School,2L-5L,1,4,3415,More than 1,B,Silver,74952
2281,Male,Rural,High School,5L-10L,0,5,2025,More than 1,B,Gold,57468
54751,Male,Urban,High School,5L-10L,0,5,2675,More than 1,B,Platinum,116592
27350,Female,Urban,High School,2L-5L,0,2,5441,More than 1,A,Gold,175812
59554,Female,Rural,High School,2L-5L,0,6,2964,More than 1,B,Silver,67212
59333,Female,Urban,Bachelor,5L-10L,1,1,5932,1,A,Silver,34848
18632,Male,Urban,High School,5L-10L,1,2,6046,1,A,Platinum,38412
38905,Male,Urban,Bachelor,5L-10L,1,1,2394,1,A,Gold,32736
77985,Male,Urban,High School,5L-10L,0,5,8641,More than 1,A,Platinum,111432
40758,Male,Urban,Bachelor,2L-5L,1,4,2742,More than 1,B,Silver,66348
36379,Male,Urban,High School,5L-10L,1,7,7237,More than 1,A,Platinum,65172
5729,Female,Rural,Bachelor,5L-10L,1,0,0,1,B,Platinum,33648
25131,Female,Urban,High School,More than 10L,0,7,5690,1,A,Platinum,36768
48156,Female,Rural,High School,5L-10L,1,7,2512,1,A,Platinum,33540
31519,Female,Urban,Bachelor,5L-10L,0,2,6971,1,A,Silver,31644
63344,Male,Urban,High School,5L-10L,0,5,4394,More than 1,A,Platinum,96108
57791,Male,Rural,Bachelor,5L-10L,0,8,0,1,C,Silver,30804
13393,Female,Rural,Bachelor,2L-5L,1,3,0,1,B,Platinum,106800
27892,Male,Urban,High School,5L-10L,1,5,3921,More than 1,A,Silver,99012
11533,Female,Rural,Bachelor,5L-10L,1,6,3514,1,A,Gold,51300
5000,Male,Rural,Bachelor,5L-10L,1,7,0,1,B,Gold,69048
30035,Male,Rural,Bachelor,5L-10L,1,2,4898,1,A,Silver,50628
38009,Female,Urban,High School,5L-10L,0,2,0,1,A,Silver,32148
32364,Female,Urban,High School,5L-10L,0,4,5165,More than 1,A,Silver,102444
38693,Female,Urban,Bachelor,5L-10L,0,8,6911,More than 1,C,Platinum,151596
81566,Male,Rural,Bachelor,5L-10L,1,6,2987,More than 1,A,Platinum,96192
44432,Male,Urban,Bachelor,More than 10L,0,0,3833,1,A,Platinum,52656
456,Male,Urban,Bachelor,5L-10L,1,4,7116,More than 1,A,Platinum,70908
70692,Female,Urban,Others,2L-5L,1,7,5228,1,A,Platinum,94500
66182,Male,Urban,High School,2L-5L,1,5,5584,1,A,Silver,33312
10355,Male,Urban,High School,5L-10L,0,1,4100,1,A,Platinum,32652
70989,Male,Urban,Bachelor,2L-5L,1,0,9553,More than 1,B,Silver,91584
66483,Female,Rural,Bachelor,5L-10L,1,4,0,More than 1,B,Gold,50700
68068,Male,Urban,Bachelor,2L-5L,1,6,6763,1,A,Gold,55524
10264,Female,Rural,High School,5L-10L,0,2,0,More than 1,B,Platinum,115896
57151,Female,Urban,High School,5L-10L,0,6,9977,1,A,Silver,50784
18378,Male,Urban,High School,More than 10L,1,6,3543,More than 1,A,Silver,107256
22864,Female,Urban,High School,2L-5L,1,3,5273,1,A,Platinum,32652
81095,Male,Urban,High School,5L-10L,0,1,9787,1,B,Platinum,31356
36300,Male,Urban,High School,5L-10L,1,1,7080,More than 1,B,Gold,102324
84054,Male,Rural,High School,5L-10L,0,4,5869,1,B,Silver,49296
32060,Male,Urban,High School,5L-10L,1,2,10626,More than 1,A,Platinum,108012
17615,Male,Rural,High School,5L-10L,0,6,0,More than 1,A,Gold,99600
81406,Male,Urban,Bachelor,More than 10L,1,7,2520,More than 1,B,Platinum,69804
25337,Male,Urban,High School,5L-10L,0,2,5457,1,A,Platinum,41256
81752,Male,Rural,High School,5L-10L,1,5,0,1,C,Platinum,37656
59355,Male,Urban,High School,5L-10L,1,5,10491,More than 1,A,Platinum,56172
52279,Male,Urban,Bachelor,More than 10L,0,2,5904,More than 1,A,Platinum,107232
62217,Female,Urban,High School,More than 10L,1,6,2352,1,A,Silver,33036
53750,Female,Rural,Bachelor,5L-10L,1,2,0,1,A,Platinum,44424
64941,Male,Rural,Bachelor,5L-10L,1,1,2118,More than 1,A,Silver,68508
81645,Male,Urban,Bachelor,2L-5L,0,2,4208,More than 1,B,Silver,100512
10904,Male,Urban,High School,5L-10L,1,0,5181,1,A,Silver,32952
57463,Female,Urban,High School,2L-5L,1,7,5920,More than 1,A,Gold,107472
86924,Male,Rural,Bachelor,More than 10L,1,6,3933,More than 1,A,Platinum,88452
71327,Male,Urban,Others,2L-5L,1,6,5556,1,A,Gold,31380
77630,Male,Urban,Bachelor,2L-5L,0,4,8911,1,B,Platinum,33168
43344,Male,Rural,Bachelor,5L-10L,0,8,0,More than 1,A,Gold,94008
51068,Male,Rural,High School,5L-10L,1,5,2524,More than 1,C,Gold,70440
493,Female,Rural,Bachelor,5L-10L,1,3,0,1,A,Platinum,30768
40692,Male,Urban,Bachelor,5L-10L,1,0,2913,More than 1,B,Platinum,85392
44443,Male,Rural,Others,5L-10L,1,7,0,1,B,Gold,34584
48119,Male,Urban,High School,5L-10L,1,8,2581,More than 1,A,Platinum,94344
47889,Female,Rural,Bachelor,More than 10L,0,0,5284,More than 1,C,Platinum,71376
39133,Female,Rural,Bachelor,5L-10L,0,7,0,1,A,Gold,47292
76107,Female,Rural,Bachelor,2L-5L,1,6,2557,More than 1,B,Platinum,73704
61397,Male,Rural,Bachelor,More than 10L,1,8,0,More than 1,B,Platinum,63492
44590,Female,Rural,Others,5L-10L,1,6,3333,More than 1,A,Platinum,57900
2660,Male,Urban,Bachelor,5L-10L,1,8,6629,1,C,Gold,61764
12093,Female,Urban,High School,5L-10L,0,2,4292,1,A,Gold,49356
79731,Female,Urban,High School,More than 10L,1,1,8175,1,A,Platinum,32352
29554,Male,Urban,Bachelor,2L-5L,0,2,9619,More than 1,C,Platinum,205752
10129,Male,Urban,High School,5L-10L,1,1,5569,1,A,Platinum,30432
47702,Female,Urban,Bachelor,More than 10L,0,5,4210,1,C,Silver,61284
25554,Female,Urban,Bachelor,2L-5L,0,8,5649,1,A,Silver,44244
46177,Female,Urban,Bachelor,5L-10L,1,6,2684,More than 1,A,Platinum,100080
24580,Female,Urban,High School,More than 10L,0,6,3517,More than 1,A,Silver,107448
72105,Male,Urban,High School,2L-5L,1,4,0,1,B,Silver,34224
13274,Female,Rural,High School,5L-10L,0,6,0,1,A,Platinum,43260
20761,Male,Urban,Bachelor,5L-10L,0,6,4069,1,A,Platinum,47496
70960,Male,Urban,Bachelor,5L-10L,1,5,2600,1,A,Gold,57168
228,Male,Rural,High School,5L-10L,0,7,0,More than 1,C,Gold,68988
69123,Male,Rural,Others,More than 10L,1,6,3711,More than 1,A,Platinum,69012
42647,Female,Urban,High School,2L-5L,1,1,3875,1,C,Silver,60156
3492,Female,Rural,Bachelor,5L-10L,1,1,0,More than 1,C,Platinum,94332
75362,Female,Urban,Bachelor,5L-10L,0,6,4734,More than 1,A,Platinum,100260
77200,Female,Urban,High School,2L-5L,1,2,6398,More than 1,A,Platinum,95316
8850,Male,Rural,Bachelor,5L-10L,1,7,5086,More than 1,A,Platinum,91320
69676,Male,Rural,Bachelor,5L-10L,1,6,0,More than 1,B,Platinum,65916
35562,Male,Urban,Bachelor,5L-10L,0,5,5191,1,A,Gold,38508
2707,Male,Urban,Bachelor,2L-5L,1,7,5612,More than 1,C,Platinum,60372
47881,Male,Rural,High School,5L-10L,0,2,0,1,A,Silver,33288
53449,Male,Rural,High School,5L-10L,1,6,0,1,C,Gold,31680
51748,Male,Urban,Bachelor,5L-10L,0,4,3617,More than 1,B,Silver,61476
49758,Female,Urban,High School,2L-5L,0,4,6047,More than 1,A,Platinum,98712
79565,Male,Rural,Bachelor,5L-10L,1,6,4021,1,A,Silver,52128
4823,Male,Urban,Bachelor,2L-5L,1,5,6688,More than 1,A,Silver,101544
5324,Female,Rural,Bachelor,5L-10L,1,0,2797,1,B,Gold,57912
48634,Male,Urban,Bachelor,5L-10L,1,8,5861,More than 1,A,Gold,228984
47680,Male,Urban,High School,5L-10L,1,6,2172,1,A,Platinum,33336
14096,Male,Urban,Bachelor,More than 10L,0,7,0,More than 1,A,Platinum,96816
416,Female,Urban,High School,5L-10L,0,4,6130,More than 1,B,Silver,297492
53814,Female,Urban,High School,2L-5L,1,7,0,More than 1,B,Platinum,67944
67108,Female,Urban,High School,2L-5L,1,6,3643,More than 1,B,Silver,75708
53999,Female,Urban,High School,2L-5L,1,4,5379,1,A,Platinum,31836
28401,Male,Urban,Bachelor,5L-10L,1,8,6131,More than 1,C,Silver,67656
41161,Male,Urban,Bachelor,5L-10L,1,1,0,1,C,Platinum,34200
74819,Female,Urban,Bachelor,5L-10L,1,4,3410,More than 1,B,Platinum,112344
13388,Male,Urban,Bachelor,5L-10L,1,5,2660,1,C,Platinum,56028
14735,Male,Rural,High School,5L-10L,0,7,0,1,B,Platinum,52308
19298,Male,Rural,High School,5L-10L,0,5,4564,1,A,Platinum,43164
18972,Female,Urban,High School,2L-5L,1,1,3289,More than 1,A,Platinum,63180
31876,Male,Urban,Others,5L-10L,0,2,3636,1,A,Platinum,33348
51044,Female,Urban,Bachelor,5L-10L,0,2,7828,More than 1,A,Platinum,177936
14184,Female,Urban,Bachelor,2L-5L,0,1,2584,1,A,Gold,44352
36828,Male,Urban,Bachelor,5L-10L,0,2,5034,1,A,Platinum,35100
39039,Female,Urban,High School,5L-10L,0,0,4776,More than 1,A,Gold,92628
12933,Male,Urban,High School,5L-10L,1,8,5825,More than 1,C,Platinum,95328
15541,Male,Urban,Bachelor,More than 10L,0,7,4110,More than 1,B,Platinum,157452
31014,Female,Urban,Others,2L-5L,0,6,4428,1,A,Platinum,49500
15969,Male,Rural,High School,More than 10L,0,6,0,1,A,Platinum,55128
18910,Female,Urban,Bachelor,5L-10L,1,1,2444,1,B,Gold,38580
68035,Female,Rural,High School,5L-10L,1,6,2897,More than 1,C,Platinum,59988
60022,Male,Urban,High School,5L-10L,1,7,0,1,B,Platinum,46404
52834,Male,Rural,High School,5L-10L,1,6,0,1,A,Silver,33192
88631,Male,Urban,High School,5L-10L,1,6,14300,More than 1,A,Platinum,224580
14684,Female,Urban,Others,2L-5L,1,1,5244,1,A,Silver,31848
33923,Male,Urban,Bachelor,2L-5L,1,6,3826,1,A,Platinum,54816
66230,Male,Urban,High School,2L-5L,1,5,4650,1,A,Platinum,33276
21414,Male,Urban,High School,5L-10L,1,4,5321,1,A,Gold,34884
35483,Male,Urban,Bachelor,2L-5L,1,1,7304,More than 1,A,Platinum,72192
4069,Male,Urban,High School,5L-10L,0,6,5498,More than 1,A,Platinum,101220
4650,Male,Urban,High School,2L-5L,0,5,5098,1,A,Gold,31164
33313,Male,Urban,Bachelor,More than 10L,1,4,3553,More than 1,A,Platinum,65604
60632,Male,Urban,Bachelor,<=2L,1,4,5001,More than 1,A,Platinum,65280
84972,Male,Rural,High School,5L-10L,1,5,0,More than 1,B,Platinum,120720
9610,Female,Rural,High School,5L-10L,0,7,6645,More than 1,A,Platinum,67800
48954,Female,Urban,Bachelor,2L-5L,0,2,6586,More than 1,B,Platinum,69108
76135,Female,Rural,Bachelor,5L-10L,0,2,3155,1,A,Silver,50280
4046,Male,Urban,High School,2L-5L,1,5,5636,1,A,Silver,31788
5753,Male,Rural,High School,More than 10L,1,6,2262,More than 1,B,Platinum,69216
65034,Male,Rural,Bachelor,5L-10L,1,5,2465,More than 1,A,Gold,73032
34055,Male,Urban,Bachelor,5L-10L,0,6,11672,More than 1,A,Platinum,109128
47747,Female,Rural,Bachelor,5L-10L,0,2,5836,More than 1,A,Platinum,86316
30357,Male,Rural,Bachelor,More than 10L,1,6,2205,More than 1,B,Gold,66648
53527,Male,Urban,High School,5L-10L,0,2,6349,More than 1,A,Platinum,98184
52124,Female,Urban,Bachelor,5L-10L,0,5,7464,1,A,Platinum,49188
73895,Female,Rural,High School,5L-10L,1,5,0,1,B,Gold,44604
74497,Male,Urban,Bachelor,2L-5L,0,6,5408,More than 1,B,Platinum,106692
62863,Male,Urban,Bachelor,5L-10L,1,0,0,1,A,Gold,36456
13987,Male,Urban,Bachelor,<=2L,1,4,8089,More than 1,B,Platinum,64860
31061,Male,Urban,Bachelor,5L-10L,1,2,5456,1,A,Gold,34476
38490,Female,Urban,Bachelor,2L-5L,0,8,9176,More than 1,A,Silver,129648
56853,Female,Urban,High School,2L-5L,1,6,4644,1,A,Platinum,33024
54789,Female,Urban,Bachelor,5L-10L,0,1,5224,More than 1,A,Platinum,63708
78645,Male,Urban,Bachelor,5L-10L,1,7,5295,1,A,Platinum,33000
22555,Female,Rural,Bachelor,5L-10L,1,6,0,1,A,Platinum,33660
22243,Female,Urban,High School,2L-5L,0,2,8893,More than 1,B,Platinum,104244
12661,Male,Urban,High School,5L-10L,1,4,12040,More than 1,A,Platinum,373224
45743,Male,Urban,Bachelor,5L-10L,1,4,3933,More than 1,C,Silver,56208
15617,Female,Urban,High School,More than 10L,0,4,0,More than 1,A,Gold,96012
1933,Male,Urban,Bachelor,5L-10L,1,1,4149,1,A,Platinum,44928
2538,Male,Urban,Bachelor,5L-10L,0,6,6010,More than 1,B,Silver,50364
42175,Male,Rural,Others,5L-10L,1,5,0,1,A,Platinum,37680
4258,Male,Urban,High School,5L-10L,1,3,4849,More than 1,C,Platinum,69024
44323,Male,Urban,High School,2L-5L,1,6,6474,More than 1,A,Silver,96468
62465,Female,Urban,High School,5L-10L,1,2,7606,1,C,Platinum,46152
22924,Male,Rural,Bachelor,5L-10L,1,1,3852,1,B,Silver,30168
58986,Male,Urban,High School,2L-5L,1,2,5872,1,A,Gold,33972
39151,Male,Rural,High School,More than 10L,0,2,0,More than 1,A,Platinum,68148
88876,Female,Rural,High School,5L-10L,1,4,0,More than 1,B,Platinum,78336
57956,Female,Urban,Bachelor,5L-10L,0,8,4063,More than 1,A,Platinum,115476
21347,Female,Urban,High School,5L-10L,1,5,4420,1,A,Platinum,48564
74025,Male,Rural,High School,5L-10L,1,1,0,1,A,Platinum,37368
26210,Female,Urban,Bachelor,2L-5L,0,5,4961,1,A,Silver,32412
85740,Female,Rural,Bachelor,More than 10L,0,4,2710,More than 1,B,Silver,77424
20206,Male,Urban,High School,2L-5L,0,7,0,1,C,Gold,56880
71201,Female,Urban,Others,2L-5L,0,4,2554,1,B,Silver,39864
10303,Female,Urban,High School,2L-5L,0,1,3720,More than 1,C,Platinum,102408
89085,Female,Rural,Bachelor,5L-10L,1,5,0,More than 1,A,Gold,69732
59443,Male,Rural,Bachelor,More than 10L,0,4,0,1,B,Silver,55488
43226,Female,Urban,Bachelor,5L-10L,1,7,6758,1,A,Silver,50856
20186,Male,Urban,Bachelor,5L-10L,1,5,0,More than 1,B,Silver,66708
56073,Male,Rural,Bachelor,5L-10L,1,6,3343,More than 1,A,Platinum,99252
84785,Male,Urban,High School,5L-10L,0,7,2292,More than 1,B,Platinum,69888
55624,Female,Urban,Bachelor,5L-10L,1,7,7608,More than 1,B,Platinum,95316
52633,Female,Urban,Bachelor,5L-10L,1,1,4039,1,A,Gold,32268
7314,Male,Rural,High School,5L-10L,1,7,2164,1,A,Platinum,42852
88370,Female,Rural,High School,More than 10L,1,3,0,1,B,Platinum,36960
57637,Male,Rural,Bachelor,2L-5L,1,6,3696,More than 1,B,Platinum,61932
45711,Male,Rural,Bachelor,More than 10L,1,0,2230,More than 1,B,Gold,69084
65919,Female,Rural,Bachelor,5L-10L,0,8,0,1,B,Silver,60576
13267,Female,Urban,Bachelor,5L-10L,1,5,7104,1,A,Platinum,54480
55557,Male,Rural,Bachelor,2L-5L,0,7,4299,More than 1,B,Silver,65028
84316,Female,Urban,Bachelor,5L-10L,1,6,3756,More than 1,A,Platinum,63552
72018,Female,Rural,Bachelor,More than 10L,0,7,0,1,B,Gold,37104
76099,Male,Urban,High School,More than 10L,0,7,6316,1,A,Gold,46608
67482,Female,Rural,Bachelor,More than 10L,0,7,3051,More than 1,B,Platinum,70584
18941,Male,Urban,High School,5L-10L,1,2,3151,More than 1,A,Platinum,338064
1620,Female,Rural,High School,5L-10L,1,5,0,More than 1,B,Platinum,77244
43845,Female,Urban,Bachelor,5L-10L,0,6,4305,More than 1,A,Platinum,103488
68983,Male,Urban,High School,5L-10L,0,8,6446,1,A,Gold,31968
39990,Male,Rural,High School,More than 10L,1,6,5304,1,C,Platinum,36480
6506,Female,Urban,High School,More than 10L,0,3,7575,More than 1,A,Silver,111732
29792,Male,Rural,Bachelor,More than 10L,0,6,3100,More than 1,A,Platinum,56436
44358,Male,Rural,Others,More than 10L,1,0,0,1,B,Platinum,34404
76061,Female,Rural,Bachelor,5L-10L,0,6,0,More than 1,C,Platinum,84300
69111,Male,Urban,Bachelor,5L-10L,1,5,4272,1,B,Platinum,46692
39916,Male,Urban,Bachelor,5L-10L,0,4,5372,More than 1,A,Gold,364068
26085,Female,Rural,Bachelor,5L-10L,0,1,0,1,A,Silver,45024
64416,Female,Urban,Bachelor,2L-5L,0,7,6024,More than 1,A,Silver,95436
87391,Female,Urban,High School,5L-10L,0,7,0,1,C,Gold,34692
15555,Male,Urban,High School,2L-5L,0,1,3951,More than 1,B,Platinum,113700
53907,Male,Rural,Bachelor,More than 10L,1,7,9400,1,B,Silver,47604
29484,Female,Rural,Others,5L-10L,0,1,3598,More than 1,A,Platinum,68136
53037,Male,Urban,High School,5L-10L,1,4,4150,1,A,Platinum,48192
53548,Male,Urban,High School,5L-10L,1,8,5657,1,A,Platinum,52092
60429,Male,Urban,Bachelor,5L-10L,1,6,5968,1,A,Platinum,44220
70528,Male,Rural,Bachelor,5L-10L,1,7,2158,1,B,Platinum,62964
84006,Female,Urban,Others,More than 10L,0,6,0,1,A,Platinum,29268
46188,Female,Rural,High School,2L-5L,1,7,0,More than 1,B,Silver,271728
84902,Female,Urban,High School,5L-10L,0,6,14747,More than 1,C,Platinum,108384
3759,Male,Rural,Others,5L-10L,1,4,0,More than 1,A,Platinum,59388
34920,Female,Rural,High School,5L-10L,0,2,5109,1,A,Platinum,34740
33329,Male,Urban,High School,5L-10L,1,5,3177,More than 1,A,Platinum,101604
29302,Male,Urban,Others,More than 10L,1,6,2353,1,C,Silver,34284
20334,Male,Urban,Bachelor,2L-5L,0,5,4502,More than 1,B,Platinum,158472
43241,Male,Rural,Bachelor,More than 10L,1,8,2976,More than 1,A,Platinum,96108
48580,Male,Urban,High School,More than 10L,1,6,5988,1,A,Gold,36696
87562,Female,Rural,High School,5L-10L,0,6,0,1,A,Silver,47400
82147,Male,Urban,High School,5L-10L,0,6,5024,More than 1,A,Platinum,171768
88316,Male,Urban,High School,2L-5L,0,7,4328,1,B,Silver,72372
31146,Female,Rural,High School,2L-5L,0,4,0,More than 1,B,Silver,71268
81012,Female,Rural,High School,5L-10L,0,8,0,More than 1,A,Silver,159024
71150,Female,Urban,High School,5L-10L,0,6,8055,More than 1,A,Platinum,115260
20890,Male,Urban,Others,2L-5L,1,5,7370,1,C,Gold,35988
20688,Female,Urban,Bachelor,More than 10L,1,5,3451,1,A,Platinum,43644
84322,Female,Rural,High School,5L-10L,0,8,0,1,B,Platinum,49716
34847,Male,Urban,High School,More than 10L,1,5,4162,More than 1,B,Platinum,65184
41586,Male,Urban,Bachelor,5L-10L,1,4,2125,More than 1,B,Gold,105192
58480,Male,Urban,Bachelor,5L-10L,0,6,8364,More than 1,B,Silver,64788
74423,Female,Urban,High School,More than 10L,1,1,0,1,A,Platinum,35844
11267,Male,Rural,High School,5L-10L,1,4,0,1,A,Platinum,55800
63707,Male,Urban,Bachelor,5L-10L,0,8,5963,1,A,Gold,47160
26126,Male,Urban,Bachelor,5L-10L,0,4,6815,1,A,Platinum,46464
2191,Female,Urban,Bachelor,5L-10L,1,6,2980,More than 1,A,Platinum,97728
35123,Male,Rural,High School,5L-10L,1,6,6430,More than 1,B,Platinum,98640
62325,Female,Rural,High School,2L-5L,1,5,2489,More than 1,A,Platinum,68112
53529,Male,Urban,High School,5L-10L,0,6,3876,More than 1,A,Platinum,97620
80634,Male,Rural,High School,5L-10L,1,1,0,More than 1,A,Gold,59640
32394,Male,Urban,Bachelor,5L-10L,0,2,4440,More than 1,A,Platinum,102864
76231,Male,Urban,Bachelor,2L-5L,1,3,2311,More than 1,B,Platinum,117084
64719,Male,Urban,Bachelor,5L-10L,1,5,2002,1,A,Silver,45552
76592,Female,Rural,High School,5L-10L,1,3,0,More than 1,A,Silver,98892
9957,Female,Urban,Bachelor,2L-5L,1,6,5987,1,B,Silver,35592
50232,Female,Urban,High School,2L-5L,1,1,2587,More than 1,A,Platinum,54480
9364,Female,Rural,Bachelor,More than 10L,0,3,5842,More than 1,A,Platinum,87732
5128,Male,Urban,Bachelor,5L-10L,1,5,3945,More than 1,A,Gold,48336
66954,Male,Rural,Bachelor,5L-10L,0,1,0,More than 1,B,Gold,60420
21587,Male,Rural,Bachelor,5L-10L,1,4,2092,1,B,Silver,34500
82499,Male,Urban,High School,5L-10L,0,1,2038,More than 1,A,Gold,101136
67867,Male,Rural,Bachelor,5L-10L,0,4,0,1,A,Platinum,35232
29639,Male,Urban,High School,2L-5L,1,4,6604,More than 1,A,Gold,97188
56493,Female,Rural,High School,5L-10L,1,3,3373,More than 1,A,Platinum,64380
70632,Male,Urban,High School,2L-5L,0,2,4377,1,A,Platinum,45240
38797,Female,Urban,High School,5L-10L,0,4,5809,More than 1,A,Platinum,102228
28861,Male,Urban,High School,5L-10L,1,8,6570,More than 1,A,Platinum,104112
76769,Male,Urban,Bachelor,5L-10L,0,2,5869,More than 1,A,Gold,156660
9480,Male,Urban,High School,2L-5L,1,6,4083,1,A,Gold,49536
53893,Female,Urban,High School,2L-5L,0,1,0,1,C,Platinum,57264
35807,Male,Rural,Bachelor,5L-10L,0,7,0,1,A,Platinum,32040
30207,Male,Urban,Bachelor,More than 10L,1,2,3773,1,A,Silver,45624
55966,Female,Rural,High School,2L-5L,1,3,5361,1,B,Silver,62652
54778,Male,Urban,High School,5L-10L,0,5,9982,1,A,Platinum,39480
72617,Female,Urban,Bachelor,More than 10L,1,4,5125,More than 1,A,Platinum,116112
20463,Female,Urban,Bachelor,5L-10L,0,8,6621,More than 1,B,Platinum,101400
29271,Male,Urban,Bachelor,2L-5L,0,3,6971,More than 1,A,Gold,109572
8958,Male,Urban,Bachelor,5L-10L,0,2,3980,1,B,Silver,58668
42381,Female,Urban,Others,5L-10L,1,2,0,More than 1,B,Silver,71136
84917,Female,Rural,Bachelor,5L-10L,1,5,0,More than 1,C,Platinum,98772
34425,Male,Urban,High School,5L-10L,1,4,5723,1,A,Gold,46020
21712,Female,Urban,Bachelor,2L-5L,0,4,5800,More than 1,A,Platinum,65052
6691,Male,Urban,High School,5L-10L,0,5,10343,More than 1,A,Gold,70788
80796,Female,Rural,Others,5L-10L,1,5,0,More than 1,B,Platinum,68220
54128,Male,Rural,High School,More than 10L,1,1,0,1,A,Gold,31284
10311,Male,Urban,High School,5L-10L,0,7,5977,1,A,Platinum,71880
79876,Male,Rural,Bachelor,More than 10L,0,5,4159,More than 1,A,Platinum,103740
24181,Male,Urban,Bachelor,5L-10L,1,8,3279,More than 1,A,Platinum,87156
32838,Male,Urban,Bachelor,2L-5L,0,3,9466,1,A,Gold,62352
53131,Male,Urban,High School,2L-5L,1,7,6102,More than 1,C,Platinum,46392
62151,Male,Rural,High School,5L-10L,1,3,0,1,A,Gold,31560
68299,Male,Rural,Others,5L-10L,1,6,3815,1,B,Silver,46896
28455,Male,Urban,High School,5L-10L,1,2,3709,1,A,Platinum,39804
24191,Female,Urban,High School,5L-10L,0,8,5899,More than 1,A,Silver,100416
6292,Male,Rural,High School,5L-10L,1,2,0,More than 1,B,Platinum,73464
22875,Female,Urban,High School,More than 10L,1,5,2619,More than 1,B,Gold,68616
52758,Female,Urban,Bachelor,More than 10L,0,6,8034,More than 1,A,Gold,124980
15973,Male,Rural,High School,5L-10L,1,5,3061,More than 1,B,Silver,61308
51031,Male,Urban,High School,5L-10L,1,8,5715,More than 1,A,Platinum,164412
65277,Female,Urban,High School,5L-10L,0,2,10029,More than 1,A,Gold,319272
25051,Male,Rural,Bachelor,More than 10L,1,1,0,1,A,Gold,36120
33521,Female,Urban,High School,2L-5L,1,8,0,More than 1,A,Platinum,103020
84583,Male,Urban,High School,More than 10L,0,4,10952,More than 1,A,Platinum,176460
9605,Male,Urban,High School,5L-10L,0,1,2130,More than 1,C,Gold,103596
26008,Female,Rural,High School,5L-10L,0,3,4080,More than 1,B,Gold,102348
48179,Male,Urban,High School,5L-10L,0,6,5587,1,A,Platinum,36636
84292,Male,Rural,Bachelor,5L-10L,0,4,2011,1,B,Platinum,31308
32,Male,Rural,Others,5L-10L,1,4,4834,1,C,Platinum,34824
73831,Female,Rural,High School,More than 10L,0,8,0,1,A,Platinum,58968
39979,Female,Urban,High School,5L-10L,1,7,0,More than 1,B,Platinum,67308
74589,Male,Urban,High School,5L-10L,1,6,8932,More than 1,A,Platinum,105468
30327,Female,Urban,Bachelor,2L-5L,1,3,7181,More than 1,A,Platinum,99180
51653,Male,Urban,High School,5L-10L,1,6,2061,1,A,Platinum,34848
8458,Female,Urban,High School,5L-10L,0,1,8962,1,A,Silver,34404
34942,Female,Urban,Bachelor,<=2L,0,5,21982,More than 1,A,Platinum,91836
77795,Male,Urban,High School,2L-5L,0,6,5358,More than 1,A,Platinum,107532
44788,Male,Urban,High School,2L-5L,0,2,5670,1,A,Platinum,47916
30781,Male,Rural,High School,More than 10L,0,4,0,1,A,Silver,33348
54959,Male,Urban,Bachelor,5L-10L,1,3,5307,1,A,Gold,34860
66308,Male,Urban,Bachelor,5L-10L,0,5,6050,1,A,Silver,101928
287,Female,Urban,High School,5L-10L,1,4,10558,1,A,Gold,57780
77539,Male,Urban,High School,2L-5L,0,0,5885,1,A,Gold,33264
77702,Female,Rural,High School,More than 10L,1,2,7041,More than 1,B,Gold,67464
46598,Female,Urban,High School,5L-10L,1,7,3946,More than 1,B,Gold,91488
62874,Male,Rural,High School,More than 10L,0,6,0,1,A,Platinum,47232
73641,Male,Rural,High School,5L-10L,1,1,0,1,B,Platinum,34872
4371,Male,Rural,Others,5L-10L,1,6,3193,1,A,Silver,51672
46089,Female,Urban,Bachelor,2L-5L,0,6,9224,More than 1,B,Gold,491220
23239,Male,Urban,High School,5L-10L,0,7,0,1,B,Gold,47112
18852,Male,Urban,High School,5L-10L,0,7,6758,1,A,Silver,37392
61628,Male,Urban,High School,5L-10L,1,5,3168,1,C,Silver,40488
45431,Male,Urban,High School,2L-5L,1,6,0,1,A,Gold,33036
15213,Male,Urban,Bachelor,5L-10L,0,4,4205,More than 1,A,Gold,99216
22135,Female,Urban,High School,5L-10L,1,6,0,1,A,Platinum,38364
18800,Male,Urban,High School,More than 10L,0,1,5776,1,A,Platinum,31968
65230,Male,Urban,High School,5L-10L,0,1,7247,1,A,Silver,55812
18045,Male,Urban,Bachelor,More than 10L,1,2,6216,1,A,Platinum,32244
42869,Female,Rural,High School,More than 10L,0,5,7744,More than 1,B,Platinum,113868
54977,Male,Urban,Bachelor,2L-5L,0,8,6978,More than 1,A,Platinum,130476
35446,Male,Rural,High School,More than 10L,1,2,3232,1,A,Gold,53592
31734,Male,Urban,High School,5L-10L,1,1,5810,More than 1,A,Platinum,98244
9874,Male,Urban,High School,5L-10L,1,1,7204,More than 1,B,Silver,98988
61682,Female,Urban,Bachelor,2L-5L,0,3,5626,More than 1,A,Platinum,107196
76566,Male,Urban,Bachelor,5L-10L,0,6,6739,More than 1,A,Platinum,68832
87720,Male,Urban,High School,2L-5L,1,3,5944,More than 1,A,Platinum,167448
9968,Female,Urban,High School,5L-10L,1,6,10627,1,C,Silver,53112
54526,Female,Urban,High School,5L-10L,1,4,13452,More than 1,A,Platinum,91272
10153,Male,Rural,Bachelor,5L-10L,1,8,0,1,A,Gold,52704
67537,Male,Urban,High School,5L-10L,0,1,4197,1,A,Platinum,41040
64127,Male,Urban,High School,2L-5L,0,4,4827,More than 1,A,Gold,103992
2887,Male,Rural,Bachelor,2L-5L,1,4,2833,More than 1,B,Gold,67440
88833,Female,Rural,Bachelor,More than 10L,1,7,0,1,B,Silver,64080
49771,Female,Urban,Bachelor,<=2L,1,7,3496,More than 1,A,Silver,63336
8658,Male,Rural,Bachelor,More than 10L,0,0,0,1,B,Platinum,53196
76511,Male,Urban,High School,5L-10L,0,7,2182,1,A,Silver,47208
28007,Female,Rural,Others,More than 10L,0,6,2644,1,B,Platinum,55260
50971,Male,Urban,High School,5L-10L,1,6,3679,More than 1,B,Platinum,73116
77694,Female,Rural,High School,5L-10L,1,6,7972,More than 1,B,Platinum,97812
53075,Male,Urban,Bachelor,2L-5L,1,6,10053,1,A,Silver,47076
30991,Male,Urban,Bachelor,More than 10L,0,8,3060,1,A,Silver,50112
85758,Male,Rural,High School,2L-5L,1,7,0,1,A,Silver,35316
10346,Male,Rural,Bachelor,5L-10L,1,6,2596,1,B,Gold,33732
34756,Female,Rural,Bachelor,5L-10L,1,1,6815,1,A,Platinum,124956
20533,Male,Urban,High School,5L-10L,0,5,5986,More than 1,A,Platinum,105276
49816,Male,Rural,High School,5L-10L,1,0,0,1,C,Gold,41580
63342,Male,Urban,Bachelor,5L-10L,0,4,4988,1,A,Platinum,34920
56359,Male,Urban,Bachelor,More than 10L,0,7,4033,More than 1,A,Platinum,100224
56960,Male,Rural,Others,5L-10L,0,2,5403,1,A,Gold,46956
71907,Male,Urban,High School,5L-10L,0,2,5069,More than 1,A,Platinum,95532
19345,Male,Rural,Bachelor,5L-10L,1,5,4149,1,C,Gold,35064
78392,Female,Urban,Bachelor,More than 10L,1,0,0,More than 1,A,Gold,66816
39021,Female,Rural,High School,2L-5L,0,7,0,1,A,Gold,36804
80684,Female,Urban,High School,5L-10L,1,4,6066,1,A,Platinum,51564
54005,Male,Urban,High School,2L-5L,0,1,8578,1,B,Silver,53832
36752,Female,Rural,Bachelor,5L-10L,1,4,0,More than 1,A,Platinum,47280
36596,Male,Rural,Bachelor,5L-10L,1,3,2198,1,B,Platinum,56424
42159,Male,Urban,Others,5L-10L,1,4,3987,More than 1,A,Gold,92988
56366,Female,Rural,High School,More than 10L,0,7,0,1,B,Platinum,47292
78628,Female,Rural,Bachelor,5L-10L,0,4,0,More than 1,A,Silver,100092
65505,Female,Urban,Bachelor,5L-10L,1,6,8076,More than 1,A,Platinum,102540
10008,Male,Rural,Bachelor,More than 10L,1,7,0,1,B,Silver,46848
59830,Male,Rural,Bachelor,5L-10L,1,6,0,1,A,Platinum,43044
56426,Male,Rural,Bachelor,More than 10L,1,2,3219,More than 1,B,Silver,65748
85481,Male,Rural,Bachelor,5L-10L,0,1,0,1,A,Platinum,36780
18328,Male,Rural,High School,5L-10L,0,6,0,More than 1,A,Platinum,61668
50473,Female,Rural,High School,5L-10L,1,7,12344,1,A,Platinum,53088
85778,Male,Urban,High School,More than 10L,1,1,4929,1,B,Platinum,36648
84049,Male,Rural,Others,5L-10L,0,6,0,1,B,Silver,34860
59505,Male,Urban,High School,2L-5L,0,6,6350,1,A,Platinum,56424
78874,Female,Rural,Bachelor,More than 10L,0,6,2634,More than 1,B,Platinum,91188
30130,Female,Urban,High School,5L-10L,1,1,4262,1,B,Gold,30900
67224,Male,Urban,High School,5L-10L,1,2,6308,More than 1,A,Platinum,262524
5421,Female,Rural,Bachelor,5L-10L,0,4,0,1,A,Gold,53148
26719,Female,Urban,High School,<=2L,0,6,5191,More than 1,C,Silver,190188
71518,Male,Rural,Bachelor,More than 10L,1,0,0,1,C,Silver,49980
63825,Male,Urban,High School,2L-5L,1,7,5777,1,B,Platinum,43440
18307,Male,Urban,High School,5L-10L,1,6,0,1,A,Silver,33600
46058,Female,Urban,Bachelor,2L-5L,0,6,0,More than 1,B,Silver,110496
35444,Female,Urban,High School,More than 10L,0,1,3935,More than 1,A,Platinum,105564
82335,Female,Urban,High School,5L-10L,1,7,6399,1,A,Platinum,31476
58770,Female,Rural,Bachelor,2L-5L,1,6,0,More than 1,B,Silver,75924
45619,Female,Rural,Bachelor,More than 10L,1,7,0,1,B,Silver,62604
50664,Male,Urban,Bachelor,5L-10L,0,0,5801,1,A,Silver,52620
80075,Male,Urban,Bachelor,5L-10L,0,6,3126,More than 1,A,Silver,128580
40101,Female,Rural,High School,More than 10L,0,7,2804,More than 1,B,Platinum,70992
49884,Female,Urban,High School,5L-10L,1,7,7727,1,A,Platinum,48768
70680,Female,Rural,Bachelor,5L-10L,0,0,0,More than 1,B,Platinum,91224
76012,Female,Urban,High School,2L-5L,1,6,4970,1,A,Gold,36792
62530,Male,Urban,High School,5L-10L,1,5,3496,More than 1,A,Platinum,98376
22044,Male,Urban,Bachelor,2L-5L,0,0,5919,1,A,Platinum,44844
84924,Female,Urban,Bachelor,5L-10L,0,8,8104,More than 1,A,Platinum,100752
16640,Male,Rural,High School,2L-5L,0,6,5374,More than 1,A,Gold,90276
67102,Female,Rural,High School,More than 10L,1,1,0,More than 1,B,Platinum,73248
71129,Female,Rural,High School,5L-10L,1,4,0,More than 1,B,Platinum,80124
68614,Female,Urban,High School,2L-5L,0,7,3893,More than 1,A,Platinum,56232
61303,Male,Urban,Bachelor,5L-10L,1,1,5985,1,C,Platinum,35340
58407,Female,Urban,High School,5L-10L,1,6,3816,More than 1,A,Gold,94764
85032,Male,Urban,High School,5L-10L,1,4,6177,More than 1,A,Platinum,98496
43256,Male,Urban,High School,More than 10L,1,5,3854,More than 1,A,Platinum,85428
7890,Male,Urban,Bachelor,5L-10L,1,6,3942,More than 1,A,Gold,67404
10503,Female,Urban,High School,5L-10L,0,5,4956,More than 1,A,Platinum,107724
34475,Male,Rural,Others,More than 10L,0,3,9952,More than 1,B,Silver,104388
64511,Male,Urban,Bachelor,5L-10L,0,5,6619,1,A,Platinum,91524
2638,Female,Rural,Bachelor,More than 10L,1,3,0,More than 1,B,Platinum,64272
29410,Male,Urban,Bachelor,5L-10L,0,5,17841,1,A,Gold,56136
47325,Female,Urban,High School,More than 10L,0,8,16365,More than 1,B,Platinum,119400
34144,Female,Rural,High School,5L-10L,1,2,3120,More than 1,B,Platinum,67200
524,Male,Urban,Others,5L-10L,0,4,5221,1,A,Gold,30792
65704,Male,Urban,High School,2L-5L,0,3,5813,More than 1,B,Platinum,99048
30288,Male,Rural,Bachelor,5L-10L,1,7,0,1,B,Silver,38616
73562,Female,Urban,Bachelor,5L-10L,1,5,3609,1,A,Platinum,31368
82403,Female,Urban,Bachelor,2L-5L,0,8,6296,More than 1,B,Platinum,108792
89346,Male,Urban,High School,5L-10L,1,5,7677,More than 1,A,Platinum,109296
58997,Female,Rural,Others,5L-10L,1,7,5970,1,A,Silver,47868
74470,Female,Urban,High School,More than 10L,0,0,2939,1,A,Platinum,31260
43174,Male,Rural,High School,5L-10L,1,5,3578,More than 1,B,Platinum,67452
9244,Female,Urban,High School,5L-10L,0,7,4690,More than 1,A,Platinum,104640
2659,Female,Urban,Bachelor,2L-5L,1,2,9453,More than 1,C,Silver,123288
56374,Female,Urban,Bachelor,5L-10L,1,2,2919,More than 1,A,Gold,98712
75921,Female,Rural,High School,More than 10L,0,6,0,More than 1,B,Platinum,64176
48654,Female,Urban,High School,More than 10L,0,8,9883,More than 1,A,Silver,196080
50182,Male,Urban,Bachelor,5L-10L,1,6,0,1,B,Silver,34836
33021,Male,Rural,High School,More than 10L,1,6,3506,More than 1,B,Platinum,94968
42677,Male,Urban,High School,5L-10L,1,2,6494,1,A,Silver,39588
67965,Male,Urban,High School,5L-10L,0,4,6372,1,A,Platinum,47040
57557,Female,Rural,Bachelor,2L-5L,1,8,6735,More than 1,B,Platinum,107964
61317,Female,Rural,Bachelor,More than 10L,1,4,0,More than 1,A,Platinum,67788
80989,Female,Urban,Others,5L-10L,1,2,3480,1,A,Gold,49116
61693,Female,Rural,Bachelor,5L-10L,1,6,0,More than 1,B,Silver,74880
63774,Male,Urban,Bachelor,5L-10L,1,7,5808,1,B,Silver,42696
24485,Female,Rural,High School,5L-10L,0,6,0,1,A,Silver,45396
23711,Male,Urban,High School,2L-5L,1,2,6096,More than 1,A,Platinum,100656
50769,Male,Urban,Bachelor,5L-10L,0,7,9385,More than 1,A,Platinum,89868
15306,Male,Urban,High School,5L-10L,1,1,5538,1,B,Gold,38484
61518,Male,Urban,Bachelor,5L-10L,1,5,3460,More than 1,C,Silver,108996
4168,Male,Urban,High School,2L-5L,1,6,7420,More than 1,B,Platinum,168768
73927,Female,Urban,Bachelor,2L-5L,1,5,4260,More than 1,B,Silver,63096
48880,Female,Urban,High School,2L-5L,0,1,0,1,C,Platinum,53532
53430,Male,Rural,Bachelor,5L-10L,1,6,5083,More than 1,B,Platinum,112056
4015,Female,Rural,High School,5L-10L,0,8,5314,1,B,Platinum,44160
3748,Female,Urban,Bachelor,5L-10L,0,8,11022,More than 1,A,Silver,120960
59489,Male,Urban,High School,More than 10L,1,6,4122,More than 1,A,Platinum,103248
21606,Female,Rural,High School,2L-5L,1,2,4633,More than 1,A,Platinum,62544
50555,Female,Rural,Bachelor,5L-10L,0,4,2670,More than 1,C,Platinum,68652
36517,Male,Rural,Bachelor,5L-10L,1,6,3046,More than 1,A,Gold,65940
54800,Female,Urban,High School,2L-5L,0,7,4391,1,B,Silver,36732
50688,Female,Urban,High School,5L-10L,0,8,6071,1,A,Gold,58884
12357,Male,Rural,Bachelor,More than 10L,0,3,0,1,B,Platinum,34200
46060,Male,Rural,Bachelor,5L-10L,1,7,3122,More than 1,B,Platinum,63948
79522,Female,Rural,Bachelor,5L-10L,1,3,0,More than 1,A,Platinum,62940
1895,Female,Urban,High School,5L-10L,0,2,6349,More than 1,A,Platinum,61428
66450,Female,Urban,Others,5L-10L,1,4,2143,More than 1,B,Silver,68304
69382,Male,Rural,High School,2L-5L,1,2,4305,1,A,Gold,129024
27400,Male,Urban,Bachelor,5L-10L,1,6,5659,More than 1,B,Gold,73020
40802,Male,Urban,High School,5L-10L,0,7,4393,More than 1,B,Gold,62496
21531,Male,Urban,High School,5L-10L,1,2,5874,More than 1,B,Platinum,86220
17875,Male,Urban,Bachelor,More than 10L,0,4,2092,1,A,Silver,37656
45415,Male,Urban,High School,5L-10L,1,4,3396,More than 1,A,Platinum,51552
82235,Female,Urban,High School,5L-10L,1,7,4574,More than 1,A,Platinum,116220
78447,Male,Rural,Bachelor,2L-5L,0,5,2175,More than 1,A,Platinum,97476
82648,Female,Urban,Bachelor,5L-10L,0,2,2510,More than 1,A,Platinum,95268
29228,Male,Rural,Others,2L-5L,1,2,0,More than 1,B,Platinum,52416
27502,Male,Urban,Bachelor,5L-10L,0,7,0,1,B,Platinum,52164
42056,Female,Rural,Bachelor,5L-10L,1,8,0,1,A,Platinum,35364
8952,Female,Urban,High School,More than 10L,1,5,5062,1,A,Platinum,32724
63351,Female,Urban,High School,2L-5L,1,4,6520,1,C,Silver,37680
29325,Male,Urban,High School,5L-10L,1,4,4584,1,A,Platinum,35916
56318,Male,Urban,High School,5L-10L,1,7,18519,1,A,Platinum,52428
55641,Female,Rural,Bachelor,More than 10L,0,5,2164,1,C,Platinum,52992
77831,Female,Urban,Bachelor,5L-10L,1,1,2989,1,A,Gold,40176
47800,Male,Urban,High School,5L-10L,1,8,3836,1,A,Silver,47148
9134,Male,Urban,High School,5L-10L,1,5,8457,1,C,Platinum,53496
67138,Male,Rural,High School,5L-10L,0,1,6566,1,B,Platinum,57012
17518,Female,Urban,Bachelor,5L-10L,0,6,5580,More than 1,A,Platinum,71856
44339,Female,Urban,High School,5L-10L,1,3,4108,More than 1,B,Silver,77952
85936,Female,Urban,High School,5L-10L,0,3,10460,More than 1,B,Gold,275484
69480,Male,Urban,Bachelor,5L-10L,1,8,3142,More than 1,A,Gold,101160
64611,Female,Rural,Others,2L-5L,1,0,0,1,A,Silver,33972
13197,Female,Urban,Bachelor,5L-10L,0,1,3738,1,A,Platinum,44508
56139,Male,Urban,High School,5L-10L,1,0,0,1,A,Platinum,32376
68053,Female,Urban,High School,5L-10L,0,7,5957,1,A,Silver,47916
50936,Female,Urban,High School,5L-10L,0,6,7047,1,A,Platinum,32556
31658,Male,Urban,High School,2L-5L,1,6,14538,More than 1,A,Platinum,106092
31326,Male,Urban,High School,5L-10L,0,2,6214,More than 1,A,Platinum,61968
16093,Female,Rural,High School,5L-10L,0,5,0,More than 1,B,Platinum,67944
57142,Male,Urban,Bachelor,5L-10L,1,7,11072,1,B,Silver,65784
53409,Male,Rural,High School,More than 10L,1,0,0,1,B,Platinum,37764
54635,Male,Urban,Bachelor,5L-10L,1,7,6181,More than 1,A,Platinum,72636
50255,Male,Urban,High School,5L-10L,0,8,10071,More than 1,A,Gold,62016
84846,Female,Urban,Bachelor,More than 10L,1,7,3360,1,A,Silver,35508
1774,Male,Urban,Bachelor,2L-5L,0,8,3932,More than 1,B,Gold,104256
1380,Male,Urban,High School,5L-10L,0,5,5097,1,A,Gold,28560
58425,Male,Urban,Bachelor,5L-10L,0,7,2824,1,A,Silver,50400
35250,Female,Rural,Bachelor,More than 10L,1,1,0,1,A,Platinum,56004
54444,Male,Urban,Others,2L-5L,1,5,6735,More than 1,A,Gold,63924
40866,Female,Rural,Bachelor,5L-10L,1,7,0,1,A,Platinum,44664
59231,Female,Urban,High School,2L-5L,0,4,5219,1,A,Platinum,33096
74275,Female,Urban,Bachelor,5L-10L,0,1,3920,1,A,Platinum,45300
80223,Female,Rural,High School,5L-10L,0,4,0,More than 1,B,Gold,67908
35944,Male,Urban,Bachelor,More than 10L,1,1,0,1,A,Platinum,34776
63895,Male,Urban,Bachelor,5L-10L,1,3,10488,More than 1,A,Platinum,106296
5151,Male,Urban,Bachelor,2L-5L,1,7,4882,More than 1,B,Platinum,74364
72270,Male,Urban,Bachelor,2L-5L,1,5,14663,More than 1,B,Platinum,104832
41657,Male,Rural,High School,2L-5L,1,4,3049,More than 1,B,Platinum,70080
52156,Female,Urban,High School,5L-10L,1,2,7139,1,A,Platinum,37104
66067,Male,Rural,High School,5L-10L,1,1,2815,1,B,Platinum,46668
86983,Female,Rural,Bachelor,More than 10L,0,7,0,1,A,Gold,32556
86697,Female,Rural,Bachelor,5L-10L,0,6,0,1,A,Gold,35952
36237,Female,Rural,Bachelor,5L-10L,1,3,0,More than 1,A,Platinum,72036
51230,Female,Urban,High School,More than 10L,1,2,6835,1,A,Platinum,66684
71925,Male,Rural,High School,More than 10L,0,7,6262,More than 1,A,Gold,173532
39533,Female,Urban,Bachelor,2L-5L,1,5,0,1,C,Platinum,30708
39236,Male,Urban,High School,More than 10L,0,7,0,1,A,Gold,36072
57706,Male,Urban,High School,2L-5L,1,6,6089,1,A,Silver,47028
11684,Female,Rural,Bachelor,More than 10L,0,6,5941,More than 1,A,Silver,74400
20080,Male,Urban,High School,More than 10L,1,1,4602,More than 1,A,Platinum,96360
29865,Male,Urban,High School,2L-5L,1,1,4072,1,A,Platinum,31488
72109,Female,Urban,High School,More than 10L,0,2,5781,1,B,Gold,45444
69242,Male,Rural,Bachelor,2L-5L,0,6,2243,1,B,Silver,53184
54883,Male,Urban,High School,2L-5L,0,7,5651,1,B,Platinum,36288
86954,Female,Urban,Bachelor,2L-5L,0,2,3858,More than 1,A,Platinum,101784
17657,Male,Urban,High School,2L-5L,0,3,4957,More than 1,A,Gold,58032
56521,Male,Rural,Bachelor,More than 10L,0,7,2048,1,A,Silver,40200
39303,Female,Rural,Bachelor,2L-5L,0,5,0,More than 1,B,Platinum,69276
8214,Male,Rural,High School,5L-10L,1,3,4595,More than 1,B,Gold,100236
19140,Male,Rural,Others,5L-10L,1,2,0,1,A,Silver,31464
72295,Female,Rural,High School,5L-10L,1,6,2594,More than 1,A,Platinum,62688
88048,Female,Urban,High School,5L-10L,1,6,4966,More than 1,A,Platinum,59928
19300,Male,Urban,Bachelor,More than 10L,0,1,0,1,A,Gold,33852
79656,Female,Urban,High School,More than 10L,0,5,0,1,B,Platinum,35808
86955,Female,Urban,Bachelor,5L-10L,1,5,0,1,A,Silver,35052
16216,Male,Urban,High School,5L-10L,1,6,3915,1,A,Silver,44664
23062,Male,Urban,Bachelor,More than 10L,0,7,6980,1,B,Gold,36780
49985,Male,Urban,Bachelor,2L-5L,1,2,9043,1,B,Silver,72228
4628,Female,Urban,High School,5L-10L,1,7,4065,More than 1,C,Silver,114900
81554,Female,Rural,High School,5L-10L,0,4,0,1,A,Gold,51924
75247,Male,Rural,Bachelor,More than 10L,1,6,3091,More than 1,C,Gold,82320
69863,Male,Rural,Bachelor,More than 10L,0,8,7083,More than 1,A,Platinum,141048
68239,Female,Urban,High School,5L-10L,1,4,5499,More than 1,A,Platinum,94056
58649,Male,Rural,Bachelor,5L-10L,1,0,2483,1,A,Platinum,43584
51427,Male,Urban,High School,5L-10L,0,8,8492,More than 1,A,Platinum,169332
65222,Female,Urban,High School,More than 10L,1,7,3802,More than 1,A,Platinum,69528
20655,Female,Rural,Bachelor,5L-10L,1,1,0,1,A,Platinum,49512
72134,Male,Rural,High School,More than 10L,1,8,0,1,B,Platinum,53436
45620,Female,Urban,High School,5L-10L,0,2,5886,More than 1,A,Gold,88488
76690,Female,Rural,Bachelor,5L-10L,1,5,2327,1,A,Gold,48552
58977,Male,Urban,High School,5L-10L,1,4,3335,More than 1,A,Platinum,60756
45092,Male,Rural,Others,5L-10L,1,5,2560,1,A,Gold,43920
18342,Female,Urban,Bachelor,5L-10L,0,4,5056,More than 1,B,Platinum,104952
58674,Male,Urban,High School,5L-10L,1,4,0,1,B,Platinum,34308
67829,Male,Rural,Bachelor,More than 10L,1,7,3463,More than 1,B,Platinum,112908
72306,Male,Urban,Bachelor,5L-10L,1,4,2641,More than 1,A,Platinum,110880
47911,Male,Urban,High School,2L-5L,0,2,5332,1,C,Silver,33516
67023,Female,Urban,Bachelor,More than 10L,0,1,2542,More than 1,C,Gold,99540
82695,Female,Urban,Bachelor,5L-10L,1,5,4437,1,A,Gold,36900
52779,Female,Rural,Bachelor,5L-10L,0,1,0,More than 1,A,Silver,97068
82905,Female,Rural,Bachelor,More than 10L,1,2,2460,More than 1,A,Silver,71700
46112,Male,Urban,Bachelor,2L-5L,1,2,0,1,C,Gold,33072
50919,Female,Rural,Bachelor,More than 10L,1,7,0,1,B,Gold,32544
66143,Male,Urban,High School,5L-10L,1,0,6740,More than 1,A,Silver,106572
13639,Male,Urban,High School,5L-10L,0,6,7593,More than 1,B,Silver,69576
33384,Male,Urban,High School,5L-10L,1,3,3859,More than 1,A,Platinum,95484
37934,Male,Urban,High School,5L-10L,1,4,7443,1,B,Silver,37452
54711,Female,Urban,Others,<=2L,0,5,6434,1,A,Silver,64764
42567,Male,Urban,High School,5L-10L,1,4,3923,More than 1,C,Platinum,61044
65289,Male,Urban,Bachelor,5L-10L,1,7,3025,More than 1,B,Gold,99660
36093,Male,Urban,Bachelor,<=2L,1,5,8751,More than 1,A,Platinum,62400
30806,Male,Rural,High School,5L-10L,0,4,2843,More than 1,A,Platinum,103572
16973,Female,Urban,Bachelor,5L-10L,1,6,3506,More than 1,A,Platinum,104916
57391,Female,Urban,High School,5L-10L,0,5,7580,More than 1,B,Platinum,92988
46407,Male,Urban,Others,5L-10L,1,1,6935,1,A,Silver,37332
63976,Female,Rural,High School,5L-10L,1,8,5438,More than 1,A,Silver,68496
47036,Male,Urban,Bachelor,5L-10L,0,7,2572,More than 1,B,Platinum,145716
31634,Male,Rural,Bachelor,2L-5L,0,7,0,More than 1,B,Platinum,65892
79623,Female,Urban,High School,5L-10L,0,6,29736,More than 1,A,Platinum,298356
4538,Male,Urban,Bachelor,5L-10L,1,6,6046,More than 1,B,Silver,63684
88689,Male,Rural,High School,5L-10L,1,1,6926,More than 1,C,Gold,112548
10128,Female,Rural,Others,More than 10L,0,5,0,More than 1,A,Platinum,35544
84996,Female,Rural,Bachelor,More than 10L,1,4,0,1,A,Platinum,49092
87800,Female,Urban,High School,5L-10L,0,2,5680,More than 1,A,Platinum,103536
53122,Male,Rural,High School,5L-10L,0,6,5300,1,A,Gold,41040
31712,Female,Rural,Bachelor,5L-10L,1,7,2091,More than 1,A,Silver,76680
87427,Male,Urban,Others,2L-5L,1,6,6325,1,B,Silver,38676
41771,Male,Rural,Bachelor,More than 10L,1,4,3563,More than 1,C,Silver,65832
6088,Male,Urban,High School,<=2L,0,4,3807,More than 1,A,Platinum,93408
72064,Male,Urban,High School,5L-10L,1,7,5551,More than 1,B,Gold,365340
29031,Female,Rural,Bachelor,More than 10L,1,6,0,1,C,Platinum,33852
41304,Female,Rural,Bachelor,2L-5L,0,8,3835,More than 1,A,Silver,99792
72115,Male,Urban,Bachelor,5L-10L,1,5,7402,More than 1,A,Platinum,107568
84109,Male,Urban,High School,5L-10L,0,3,7459,More than 1,C,Platinum,358236
83771,Female,Rural,Bachelor,More than 10L,1,0,0,1,B,Platinum,36192
33554,Female,Rural,Bachelor,More than 10L,0,6,5725,1,A,Gold,44172
25093,Female,Urban,Bachelor,5L-10L,0,7,4005,1,A,Silver,34440
86584,Male,Urban,Bachelor,2L-5L,0,6,9852,More than 1,A,Platinum,529152
58946,Female,Urban,Bachelor,5L-10L,0,4,10126,More than 1,A,Gold,112920
39748,Male,Urban,High School,5L-10L,1,2,2552,1,A,Silver,33480
74419,Female,Urban,Bachelor,5L-10L,1,7,7087,1,A,Platinum,52728
23053,Female,Urban,High School,5L-10L,0,6,6354,More than 1,A,Platinum,98496
56548,Female,Urban,High School,5L-10L,1,3,0,1,A,Gold,49368
38194,Male,Urban,Bachelor,5L-10L,0,5,4078,More than 1,A,Platinum,111816
12167,Female,Urban,High School,5L-10L,0,0,3126,More than 1,C,Gold,109428
39185,Female,Rural,Bachelor,5L-10L,1,3,6542,1,B,Silver,37164
62628,Female,Rural,Others,2L-5L,0,3,4215,More than 1,B,Silver,106152
9912,Female,Urban,High School,5L-10L,0,1,5241,More than 1,A,Platinum,101604
54106,Male,Rural,High School,More than 10L,0,1,0,More than 1,A,Platinum,52932
26813,Female,Urban,High School,5L-10L,1,5,4217,More than 1,A,Platinum,379224
35568,Female,Rural,Bachelor,More than 10L,1,8,2151,More than 1,B,Silver,71916
76116,Male,Urban,High School,5L-10L,1,5,5537,1,A,Gold,33972
4021,Female,Urban,High School,5L-10L,0,8,5276,More than 1,A,Gold,160092
22019,Female,Urban,Bachelor,More than 10L,0,5,7653,More than 1,A,Platinum,282888
66381,Male,Urban,Bachelor,5L-10L,0,7,3657,More than 1,A,Silver,109164
37862,Female,Urban,High School,5L-10L,1,7,0,More than 1,B,Silver,59748
9046,Female,Rural,High School,5L-10L,1,8,0,More than 1,A,Platinum,70404
62826,Female,Rural,High School,5L-10L,1,7,2589,More than 1,A,Silver,107616
12041,Male,Urban,High School,5L-10L,0,2,3935,More than 1,A,Platinum,59736
15994,Male,Rural,Bachelor,2L-5L,1,5,0,More than 1,B,Platinum,59880
60688,Male,Urban,High School,More than 10L,0,7,2516,More than 1,A,Platinum,99552
42635,Male,Urban,Bachelor,5L-10L,0,5,5123,More than 1,A,Silver,102936
8472,Female,Urban,Bachelor,5L-10L,0,6,4041,1,A,Platinum,53388
19418,Male,Urban,Bachelor,More than 10L,1,8,2365,1,B,Silver,33240
12699,Male,Urban,High School,5L-10L,0,4,7120,More than 1,A,Platinum,104184
89299,Male,Urban,Bachelor,5L-10L,1,6,0,1,A,Platinum,37536
66586,Male,Urban,High School,5L-10L,1,2,4867,More than 1,A,Platinum,89244
4759,Female,Rural,High School,More than 10L,1,6,3786,More than 1,B,Platinum,79032
22743,Female,Urban,High School,More than 10L,1,6,2907,1,A,Gold,45132
11299,Male,Urban,High School,5L-10L,1,0,6591,1,A,Silver,32832
64939,Male,Urban,High School,5L-10L,1,0,2279,More than 1,A,Platinum,50268
15095,Female,Urban,Bachelor,5L-10L,0,7,4065,More than 1,A,Silver,483684
73226,Male,Urban,High School,5L-10L,0,2,6003,1,C,Silver,35748
87453,Female,Rural,Bachelor,5L-10L,0,6,0,More than 1,A,Gold,70356
10656,Female,Urban,Bachelor,5L-10L,1,5,3938,More than 1,A,Platinum,73584
933,Male,Urban,High School,More than 10L,1,4,6576,1,C,Platinum,34080
17326,Male,Urban,High School,5L-10L,1,4,6229,More than 1,A,Gold,94992
25703,Female,Rural,High School,2L-5L,0,8,3490,More than 1,B,Platinum,79356
56978,Male,Rural,High School,5L-10L,0,2,2562,More than 1,A,Platinum,101808
51088,Male,Urban,High School,5L-10L,1,0,0,1,A,Gold,71928
27959,Female,Urban,Bachelor,5L-10L,0,6,6309,More than 1,B,Platinum,60000
30602,Male,Urban,Bachelor,5L-10L,0,5,0,1,B,Silver,31032
31772,Female,Urban,High School,5L-10L,0,5,2982,More than 1,A,Platinum,103068
40768,Male,Urban,High School,5L-10L,1,2,8382,More than 1,A,Gold,103800
31773,Male,Rural,Bachelor,5L-10L,0,2,4713,More than 1,A,Silver,97176
48964,Female,Urban,High School,More than 10L,0,7,6573,More than 1,B,Gold,97464
82581,Male,Rural,High School,5L-10L,1,6,2129,1,A,Platinum,33852
15582,Male,Urban,High School,5L-10L,1,5,2014,1,A,Silver,30396
9438,Male,Urban,Bachelor,5L-10L,0,3,0,More than 1,A,Gold,50568
88161,Male,Urban,Bachelor,More than 10L,1,6,0,More than 1,A,Platinum,54336
43452,Female,Urban,High School,5L-10L,0,8,5065,More than 1,A,Gold,105108
63844,Male,Rural,High School,5L-10L,1,6,0,More than 1,A,Platinum,92316
12573,Female,Rural,Bachelor,5L-10L,0,0,6055,1,A,Platinum,33396
42607,Female,Urban,Bachelor,More than 10L,0,6,5214,More than 1,A,Gold,384360
498,Male,Urban,Others,5L-10L,1,2,5104,1,B,Platinum,36660
19268,Male,Urban,Bachelor,5L-10L,1,0,5357,1,A,Silver,34872
45683,Male,Rural,High School,5L-10L,1,6,2287,1,A,Platinum,49800
27539,Male,Urban,Bachelor,More than 10L,0,7,5754,1,A,Silver,34092
81822,Male,Urban,Bachelor,More than 10L,1,1,6260,1,A,Platinum,46860
85494,Male,Urban,High School,2L-5L,1,2,2733,1,A,Silver,38652
52386,Female,Urban,High School,5L-10L,0,1,0,More than 1,B,Platinum,72684
86295,Female,Urban,High School,2L-5L,0,7,5858,More than 1,B,Gold,73620
61452,Female,Rural,Bachelor,5L-10L,0,8,4295,More than 1,A,Gold,104040
51436,Female,Rural,High School,5L-10L,0,7,5019,1,B,Gold,47568
11203,Female,Urban,High School,5L-10L,0,7,5360,More than 1,A,Silver,110736
46053,Male,Urban,Bachelor,5L-10L,1,6,3455,1,B,Silver,38532
70387,Male,Urban,Bachelor,More than 10L,1,2,4774,1,A,Gold,33168
50901,Female,Urban,Bachelor,<=2L,0,4,4101,More than 1,B,Silver,97848
20913,Male,Urban,Bachelor,2L-5L,0,3,6782,More than 1,A,Gold,100200
14074,Female,Rural,Bachelor,5L-10L,1,7,2274,More than 1,C,Platinum,66024
32798,Male,Urban,Others,5L-10L,0,7,0,1,B,Platinum,60096
40121,Male,Rural,Bachelor,2L-5L,1,7,3158,1,B,Platinum,50676
34309,Male,Rural,High School,2L-5L,1,7,2948,1,A,Platinum,55560
74059,Female,Rural,Bachelor,5L-10L,0,7,0,More than 1,A,Silver,171780
38290,Male,Urban,Bachelor,2L-5L,1,6,2546,More than 1,B,Silver,72252
59889,Male,Urban,Bachelor,5L-10L,1,6,2390,1,B,Gold,69624
57,Female,Rural,High School,5L-10L,0,5,2845,More than 1,A,Platinum,227160
70465,Female,Urban,Bachelor,2L-5L,1,7,6872,1,A,Gold,31224
34270,Male,Rural,Bachelor,More than 10L,1,4,2821,More than 1,B,Silver,67008
58484,Female,Rural,High School,2L-5L,1,2,5751,More than 1,C,Gold,92400
3159,Female,Urban,Bachelor,<=2L,1,2,5234,More than 1,A,Silver,101844
36743,Female,Urban,Others,5L-10L,1,0,3902,1,A,Gold,46212
70028,Male,Rural,Bachelor,5L-10L,0,5,2848,1,B,Gold,51852
31935,Female,Rural,Others,5L-10L,1,6,6497,1,B,Silver,35064
9185,Male,Rural,Others,5L-10L,1,1,0,1,A,Silver,48408
54250,Male,Urban,Bachelor,5L-10L,0,2,7543,More than 1,C,Gold,122316
31111,Female,Urban,High School,2L-5L,1,6,5459,1,B,Silver,32652
35700,Female,Urban,Bachelor,5L-10L,1,2,0,1,B,Platinum,37236
84791,Female,Urban,Bachelor,5L-10L,0,0,8019,More than 1,A,Platinum,71676
51421,Female,Urban,Others,5L-10L,0,8,14862,More than 1,A,Gold,66684
88775,Female,Urban,Others,5L-10L,0,7,6079,More than 1,A,Gold,91404
49822,Female,Urban,High School,5L-10L,1,3,6276,More than 1,A,Platinum,99216
18071,Female,Urban,High School,5L-10L,0,3,4276,More than 1,B,Platinum,61080
21069,Male,Rural,Bachelor,2L-5L,1,4,5679,More than 1,B,Gold,627108
14046,Female,Rural,Bachelor,More than 10L,0,5,3578,More than 1,A,Platinum,109440
87432,Male,Rural,High School,5L-10L,0,5,2955,More than 1,B,Platinum,69036
44316,Male,Urban,Bachelor,5L-10L,1,6,2999,1,A,Platinum,50856
73243,Male,Urban,High School,5L-10L,0,2,4220,More than 1,A,Gold,101316
59298,Male,Urban,High School,5L-10L,0,6,3691,1,A,Platinum,71544
77853,Female,Urban,Bachelor,5L-10L,0,2,0,1,A,Platinum,32304
41090,Female,Urban,High School,<=2L,1,4,5736,1,A,Silver,53592
39042,Female,Urban,High School,5L-10L,1,6,3236,1,A,Platinum,52464
12023,Female,Urban,Others,5L-10L,1,7,10851,More than 1,B,Silver,104100
79348,Male,Urban,Others,5L-10L,1,7,16326,More than 1,B,Gold,95712
56688,Male,Urban,Others,2L-5L,1,2,3442,1,A,Platinum,69036
77802,Female,Rural,High School,More than 10L,1,6,4587,More than 1,A,Silver,108624
47110,Male,Rural,Bachelor,More than 10L,1,4,3654,1,C,Platinum,59784
2570,Male,Urban,High School,<=2L,0,6,5922,More than 1,A,Silver,133416
86859,Male,Urban,High School,5L-10L,0,6,5431,1,A,Gold,30072
57107,Female,Urban,Bachelor,2L-5L,0,6,3204,More than 1,A,Gold,93672
81590,Male,Urban,High School,More than 10L,1,7,0,1,B,Platinum,28956
41443,Female,Rural,Others,5L-10L,1,0,0,1,A,Silver,33192
20806,Female,Urban,Bachelor,<=2L,0,6,5668,1,A,Platinum,43608
58110,Female,Rural,High School,5L-10L,0,6,3642,More than 1,A,Gold,104952
25485,Male,Urban,Bachelor,2L-5L,0,8,4023,More than 1,A,Silver,72840
76633,Male,Urban,High School,<=2L,0,4,3774,More than 1,A,Platinum,172248
23109,Female,Urban,High School,5L-10L,0,2,5026,More than 1,B,Silver,109428
7348,Female,Rural,Others,More than 10L,1,6,0,1,B,Silver,31608
46770,Male,Rural,Bachelor,5L-10L,1,4,0,More than 1,A,Platinum,91776
12427,Male,Urban,Bachelor,2L-5L,1,7,7640,More than 1,A,Platinum,286908
79462,Female,Rural,Bachelor,5L-10L,0,5,0,1,A,Gold,54384
31183,Male,Urban,Bachelor,5L-10L,0,6,2295,More than 1,A,Platinum,98460
86373,Female,Rural,Bachelor,5L-10L,1,7,3073,1,B,Silver,50052
29985,Male,Urban,High School,2L-5L,0,8,0,1,B,Platinum,33960
56313,Female,Rural,High School,5L-10L,1,4,4037,More than 1,A,Silver,69468
54273,Male,Urban,Others,5L-10L,1,1,0,More than 1,A,Platinum,60612
45988,Female,Urban,High School,5L-10L,0,7,3914,More than 1,A,Platinum,103680
9780,Male,Rural,Bachelor,2L-5L,0,6,3081,More than 1,B,Silver,74112
60451,Female,Urban,Bachelor,More than 10L,0,5,3084,More than 1,A,Platinum,105888
86389,Male,Urban,High School,More than 10L,1,5,0,1,A,Gold,36684
9515,Male,Urban,Bachelor,2L-5L,1,3,17709,1,B,Silver,65136
82940,Male,Urban,High School,5L-10L,1,5,4325,1,B,Silver,62724
7638,Male,Rural,Others,More than 10L,1,8,3102,1,B,Platinum,65976
89036,Male,Rural,Bachelor,5L-10L,0,5,0,More than 1,B,Platinum,62196
69248,Female,Rural,Bachelor,5L-10L,1,5,0,1,A,Gold,48480
76077,Male,Urban,Bachelor,5L-10L,1,7,2192,More than 1,B,Platinum,75732
35670,Female,Urban,Bachelor,5L-10L,0,1,15373,More than 1,A,Platinum,104724
49193,Female,Urban,Others,5L-10L,1,1,5400,1,A,Platinum,32988
31478,Female,Urban,High School,More than 10L,1,3,6558,1,A,Gold,30672
23856,Male,Urban,Bachelor,5L-10L,1,4,3578,More than 1,A,Silver,100860
22545,Male,Urban,High School,5L-10L,1,7,8761,More than 1,B,Silver,89676
87267,Male,Urban,Bachelor,More than 10L,0,7,8424,More than 1,A,Silver,126276
62964,Female,Rural,Bachelor,5L-10L,1,7,0,1,A,Platinum,45732
74966,Male,Urban,High School,5L-10L,0,7,4863,1,A,Platinum,32496
53026,Male,Rural,Bachelor,More than 10L,0,6,0,1,A,Silver,31848
81523,Male,Urban,High School,5L-10L,1,4,6838,1,A,Platinum,62856
77211,Male,Urban,High School,5L-10L,1,6,3744,More than 1,B,Platinum,69288
16075,Female,Rural,Bachelor,5L-10L,1,2,0,More than 1,A,Platinum,84444
7668,Female,Urban,Bachelor,More than 10L,1,5,3702,1,A,Platinum,37188
24682,Male,Urban,High School,5L-10L,0,1,7160,1,B,Silver,53196
79295,Female,Rural,High School,2L-5L,1,7,4493,More than 1,B,Silver,75072
18261,Male,Urban,High School,2L-5L,1,7,5815,More than 1,A,Silver,119844
46926,Male,Urban,High School,More than 10L,0,6,6401,1,A,Gold,34908
76369,Female,Rural,High School,5L-10L,1,8,2787,More than 1,A,Platinum,88536
5404,Female,Urban,High School,5L-10L,1,2,4002,1,A,Silver,37620
6517,Female,Rural,Bachelor,5L-10L,1,6,0,1,A,Platinum,44088
26234,Female,Urban,High School,2L-5L,0,5,10873,1,A,Silver,50472
72514,Female,Rural,Bachelor,More than 10L,1,5,4075,More than 1,B,Silver,71916
29593,Male,Rural,Others,More than 10L,1,3,0,1,B,Platinum,28572
25091,Female,Urban,Bachelor,5L-10L,0,0,5815,1,A,Gold,30552
69892,Male,Urban,Bachelor,5L-10L,0,8,2298,More than 1,A,Gold,110040
71307,Female,Urban,High School,More than 10L,0,7,7430,More than 1,A,Platinum,108372
32147,Male,Urban,High School,5L-10L,0,5,6617,More than 1,A,Platinum,67284
86822,Female,Urban,High School,2L-5L,0,6,5339,1,A,Platinum,34608
83910,Male,Urban,Bachelor,5L-10L,1,7,4416,1,A,Platinum,68160
73931,Female,Urban,Bachelor,5L-10L,0,6,7046,1,B,Silver,52380
83071,Male,Urban,High School,2L-5L,1,8,3715,More than 1,B,Silver,64860
48605,Male,Rural,Bachelor,5L-10L,1,8,5101,1,A,Platinum,46620
1625,Male,Urban,Bachelor,5L-10L,1,2,2237,1,A,Platinum,51144
13030,Male,Rural,Bachelor,5L-10L,1,2,0,1,A,Platinum,32724
32659,Male,Urban,Bachelor,5L-10L,0,3,3708,1,A,Platinum,32760
36688,Male,Urban,Bachelor,5L-10L,1,5,2129,1,A,Platinum,33564
45347,Male,Urban,High School,5L-10L,1,7,4925,More than 1,B,Platinum,70212
42569,Male,Rural,Bachelor,More than 10L,0,8,0,More than 1,B,Silver,70128
55475,Male,Urban,Bachelor,More than 10L,1,6,5853,1,A,Platinum,45408
10069,Female,Urban,Bachelor,2L-5L,0,4,21517,More than 1,A,Gold,74316
72537,Male,Urban,Bachelor,More than 10L,0,4,3722,More than 1,C,Gold,63048
53172,Female,Rural,Bachelor,5L-10L,0,7,5260,More than 1,B,Platinum,69876
55518,Male,Rural,High School,More than 10L,0,4,3502,More than 1,B,Platinum,60144
66116,Female,Urban,Bachelor,5L-10L,0,6,6558,More than 1,A,Platinum,66732
6902,Male,Rural,High School,5L-10L,0,1,0,1,A,Platinum,31452
84011,Female,Urban,High School,5L-10L,0,7,5168,1,A,Platinum,61404
8642,Male,Rural,High School,5L-10L,1,5,3242,1,A,Gold,59304
35230,Male,Rural,Bachelor,5L-10L,1,7,0,More than 1,A,Platinum,48684
73769,Female,Urban,High School,5L-10L,1,5,2028,More than 1,B,Platinum,74352
70119,Female,Rural,High School,More than 10L,0,2,0,1,B,Silver,59016
22027,Male,Urban,High School,5L-10L,1,5,6104,1,A,Silver,37440
42079,Female,Urban,High School,2L-5L,0,2,6523,More than 1,A,Platinum,92784
53521,Female,Urban,Bachelor,5L-10L,1,5,2216,More than 1,A,Silver,98652
88932,Male,Urban,Bachelor,5L-10L,0,4,21868,More than 1,A,Platinum,66276
64212,Male,Rural,High School,2L-5L,1,4,0,1,A,Platinum,32820
83298,Male,Urban,Bachelor,2L-5L,1,2,5820,More than 1,A,Platinum,65604
4492,Male,Urban,Bachelor,5L-10L,0,5,0,More than 1,A,Silver,64860
79174,Male,Urban,Others,5L-10L,1,6,4375,More than 1,B,Silver,75228
68555,Female,Rural,High School,2L-5L,0,5,0,More than 1,B,Silver,68100
34712,Male,Rural,High School,5L-10L,1,5,0,1,A,Platinum,33900
77144,Male,Rural,High School,5L-10L,1,4,4293,More than 1,C,Gold,78216
6620,Female,Rural,Bachelor,More than 10L,1,8,2073,More than 1,B,Gold,68448
4012,Male,Urban,Bachelor,5L-10L,1,6,2991,More than 1,A,Platinum,173652
1322,Female,Urban,High School,5L-10L,0,6,6508,1,A,Silver,31476
2878,Female,Rural,Bachelor,2L-5L,0,8,2606,More than 1,B,Platinum,115920
44139,Female,Urban,High School,2L-5L,0,6,4043,More than 1,B,Silver,93120
86946,Male,Urban,High School,5L-10L,0,2,5294,1,A,Gold,35400
1886,Female,Rural,Others,More than 10L,1,5,0,More than 1,A,Gold,71112
62447,Female,Urban,Bachelor,5L-10L,0,5,7626,More than 1,B,Silver,34572
75622,Male,Urban,Bachelor,2L-5L,1,6,2216,1,B,Silver,65724
24111,Female,Rural,Bachelor,5L-10L,0,6,2616,1,A,Gold,61740
85315,Male,Urban,Bachelor,5L-10L,1,2,6807,1,C,Silver,74064
53727,Male,Urban,Bachelor,5L-10L,1,6,5589,More than 1,A,Platinum,96336
45846,Male,Rural,High School,5L-10L,1,1,2039,More than 1,A,Platinum,149112
70010,Male,Rural,Bachelor,5L-10L,1,1,3940,More than 1,C,Platinum,286272
48468,Male,Urban,High School,2L-5L,0,1,6418,1,A,Silver,58560
16974,Male,Rural,High School,5L-10L,1,5,0,1,B,Silver,45984
73684,Female,Rural,High School,More than 10L,1,0,3244,1,A,Platinum,31296
82990,Female,Urban,Bachelor,5L-10L,0,2,4001,More than 1,A,Gold,93504
59974,Male,Rural,Others,5L-10L,1,7,3242,More than 1,A,Platinum,66456
66004,Female,Rural,High School,5L-10L,1,7,3263,More than 1,B,Platinum,70776
35653,Male,Rural,High School,5L-10L,1,8,2736,More than 1,A,Gold,93960
68515,Male,Urban,Bachelor,5L-10L,0,1,5616,More than 1,A,Gold,123720
4540,Female,Urban,Bachelor,5L-10L,0,5,0,More than 1,A,Platinum,99108
2327,Male,Urban,Bachelor,2L-5L,1,3,11230,1,A,Silver,59448
37171,Female,Urban,High School,5L-10L,1,6,3777,1,A,Gold,59952
70997,Male,Urban,High School,5L-10L,1,6,5124,More than 1,A,Platinum,108540
69005,Male,Rural,High School,5L-10L,1,4,0,1,A,Gold,35640
46417,Male,Rural,High School,More than 10L,0,5,0,1,A,Platinum,31752
72894,Male,Rural,High School,5L-10L,0,3,3077,1,B,Silver,50772
42331,Female,Rural,High School,5L-10L,1,8,0,More than 1,A,Gold,48408
86841,Female,Urban,High School,More than 10L,1,5,2413,More than 1,A,Gold,94932
55683,Male,Urban,Others,<=2L,1,8,12222,1,B,Silver,61104
13446,Male,Urban,Bachelor,5L-10L,1,7,7917,More than 1,C,Platinum,113112
2527,Male,Rural,High School,More than 10L,1,5,3767,More than 1,B,Gold,73272
88855,Male,Urban,High School,More than 10L,0,7,2190,1,B,Platinum,40800
30072,Female,Rural,High School,More than 10L,1,6,5327,1,A,Platinum,31284
55949,Male,Urban,Bachelor,5L-10L,1,1,4339,1,A,Platinum,73272
11744,Male,Urban,High School,5L-10L,1,7,3705,More than 1,A,Gold,59112
41256,Male,Rural,Bachelor,5L-10L,1,6,0,1,B,Silver,45564
9947,Male,Urban,High School,5L-10L,0,7,7139,1,A,Gold,51360
48826,Male,Urban,High School,5L-10L,1,2,3545,More than 1,A,Platinum,98484
72393,Male,Rural,High School,5L-10L,1,7,2928,More than 1,A,Silver,106368
439,Female,Rural,High School,More than 10L,0,5,0,More than 1,B,Platinum,106920
33203,Male,Urban,High School,5L-10L,1,6,5737,More than 1,A,Gold,107604
4479,Male,Urban,High School,2L-5L,1,2,5428,1,A,Platinum,39912
82095,Male,Urban,Bachelor,2L-5L,1,7,2812,1,B,Platinum,48972
37696,Male,Urban,Bachelor,2L-5L,1,8,2030,More than 1,C,Silver,139260
44239,Female,Urban,High School,2L-5L,1,7,6754,More than 1,A,Platinum,96168
49111,Female,Urban,High School,5L-10L,0,1,2613,More than 1,A,Platinum,71064
43083,Female,Urban,High School,More than 10L,1,7,4506,More than 1,B,Gold,71844
76948,Male,Rural,Bachelor,More than 10L,1,8,0,More than 1,A,Silver,99480
63760,Male,Urban,Bachelor,5L-10L,1,7,5340,1,A,Gold,45996
45174,Male,Urban,High School,5L-10L,0,6,5768,1,A,Platinum,44232
7528,Male,Urban,Bachelor,2L-5L,0,8,4191,1,B,Silver,51264
17864,Male,Urban,Bachelor,5L-10L,1,8,2709,More than 1,A,Platinum,64884
54849,Female,Rural,Bachelor,5L-10L,0,8,6169,More than 1,A,Silver,321336
26206,Female,Urban,High School,2L-5L,0,7,0,More than 1,B,Platinum,68412
33439,Female,Rural,High School,More than 10L,0,8,0,1,B,Silver,36744
69511,Male,Urban,Bachelor,5L-10L,0,5,5883,1,A,Platinum,34572
31590,Male,Urban,High School,5L-10L,1,3,0,More than 1,A,Gold,105864
19785,Male,Rural,Bachelor,More than 10L,1,5,0,1,C,Gold,33672
36309,Female,Urban,High School,2L-5L,0,6,5864,More than 1,A,Platinum,60852
46138,Female,Urban,High School,2L-5L,1,3,4968,More than 1,C,Silver,94644
40646,Male,Urban,High School,5L-10L,1,4,0,More than 1,B,Silver,65916
67673,Male,Urban,High School,5L-10L,1,4,2812,More than 1,A,Silver,168756
61202,Female,Urban,Bachelor,2L-5L,0,7,3701,More than 1,A,Silver,63600
18407,Male,Rural,High School,5L-10L,0,6,2967,1,A,Silver,34272
33371,Male,Rural,High School,More than 10L,1,3,2779,More than 1,B,Silver,60672
87170,Female,Urban,High School,5L-10L,0,6,4033,1,A,Platinum,51576
49522,Male,Urban,Bachelor,More than 10L,0,4,3194,More than 1,B,Silver,107004
80759,Female,Urban,Others,5L-10L,1,0,6317,1,A,Platinum,37224
51038,Male,Rural,High School,5L-10L,0,4,0,1,B,Silver,60048
57389,Female,Urban,Bachelor,5L-10L,1,1,0,1,C,Platinum,33312
73705,Male,Rural,Bachelor,5L-10L,1,4,0,1,B,Platinum,45624
10739,Male,Rural,Bachelor,5L-10L,1,5,3457,More than 1,B,Silver,62760
76016,Male,Rural,High School,5L-10L,1,1,0,1,A,Gold,31512
48369,Female,Urban,Bachelor,5L-10L,0,8,8768,More than 1,A,Silver,67416
22333,Female,Rural,Bachelor,5L-10L,1,2,0,1,A,Platinum,44184
3783,Male,Rural,High School,5L-10L,1,5,4388,1,A,Gold,37596
9306,Male,Urban,Bachelor,5L-10L,1,7,15881,More than 1,A,Gold,45864
21262,Male,Rural,High School,5L-10L,1,4,2755,More than 1,A,Gold,165084
81553,Male,Rural,High School,5L-10L,1,6,3671,More than 1,B,Platinum,59556
57337,Female,Urban,High School,5L-10L,0,5,5662,1,A,Platinum,32856
22949,Female,Rural,Bachelor,5L-10L,1,8,0,1,B,Silver,37296
54035,Female,Urban,Bachelor,2L-5L,0,1,3942,More than 1,A,Platinum,66396
89091,Male,Urban,Bachelor,5L-10L,0,2,4330,More than 1,A,Platinum,97440
82729,Male,Rural,High School,5L-10L,0,5,2469,More than 1,B,Platinum,91992
81740,Female,Rural,High School,5L-10L,1,5,7024,1,B,Silver,39108
32858,Female,Rural,High School,More than 10L,0,0,0,More than 1,C,Platinum,72432
67372,Male,Urban,High School,5L-10L,0,6,3372,More than 1,A,Platinum,434424
19680,Male,Urban,Bachelor,5L-10L,0,8,8947,More than 1,C,Platinum,108900
83321,Female,Rural,Bachelor,5L-10L,1,4,3671,1,B,Platinum,29868
20776,Female,Urban,High School,5L-10L,0,2,12912,More than 1,A,Platinum,466260
34429,Male,Urban,Others,<=2L,0,7,11641,More than 1,A,Silver,61728
86857,Male,Rural,High School,5L-10L,0,4,3579,1,B,Platinum,42888
47395,Male,Urban,Bachelor,2L-5L,1,6,6155,1,A,Platinum,34428
51832,Female,Urban,High School,5L-10L,1,6,5527,1,A,Gold,37776
2208,Male,Rural,High School,More than 10L,1,7,2165,1,A,Gold,50784
7560,Male,Urban,Bachelor,2L-5L,1,5,0,More than 1,B,Platinum,58224
67685,Female,Urban,High School,5L-10L,1,3,6510,More than 1,A,Gold,61284
80117,Female,Urban,High School,More than 10L,1,1,2129,1,B,Platinum,30960
28129,Male,Urban,High School,2L-5L,1,6,4457,1,B,Platinum,57888
3641,Male,Rural,Bachelor,More than 10L,1,1,2368,More than 1,B,Platinum,64104
78673,Male,Rural,Bachelor,More than 10L,1,1,0,More than 1,B,Platinum,67932
80767,Female,Rural,Bachelor,5L-10L,1,2,5134,1,A,Platinum,32220
71723,Male,Urban,High School,5L-10L,0,6,10275,More than 1,A,Gold,142284
61331,Female,Urban,High School,5L-10L,1,6,5657,1,A,Platinum,35844
25760,Male,Rural,High School,5L-10L,0,8,0,More than 1,A,Platinum,69432
42904,Female,Urban,High School,5L-10L,0,4,5148,1,C,Silver,34620
82377,Male,Rural,Bachelor,2L-5L,0,8,2236,More than 1,A,Platinum,64164
44826,Female,Urban,Bachelor,5L-10L,1,0,6759,1,A,Platinum,62064
72566,Male,Rural,Bachelor,More than 10L,1,5,0,1,A,Gold,35232
76755,Female,Urban,Bachelor,5L-10L,1,3,5639,1,B,Platinum,52140
18026,Male,Urban,High School,5L-10L,0,6,6520,1,A,Platinum,45408
4971,Female,Urban,High School,2L-5L,0,6,6273,More than 1,A,Platinum,93612
83989,Female,Urban,Bachelor,5L-10L,0,6,7427,More than 1,A,Platinum,107604
57837,Female,Urban,Bachelor,More than 10L,1,5,5165,More than 1,B,Silver,72540
80099,Male,Urban,Bachelor,5L-10L,1,5,5595,1,A,Platinum,29940
23248,Female,Rural,High School,5L-10L,1,7,0,1,B,Silver,45456
6406,Male,Urban,High School,5L-10L,0,6,6977,More than 1,A,Platinum,302652
81921,Male,Urban,Bachelor,2L-5L,1,7,6610,More than 1,A,Gold,104196
71817,Male,Urban,High School,5L-10L,1,7,10540,1,A,Platinum,55092
13457,Male,Urban,High School,5L-10L,1,6,6864,1,C,Platinum,35448
43802,Female,Urban,Bachelor,5L-10L,0,5,5302,More than 1,A,Platinum,104796
20494,Male,Rural,High School,2L-5L,0,0,0,1,B,Silver,60864
29584,Male,Rural,Bachelor,More than 10L,1,4,4506,1,A,Platinum,35724
86106,Male,Urban,Bachelor,5L-10L,0,0,0,1,C,Platinum,58224
71838,Male,Urban,Bachelor,5L-10L,1,1,4036,More than 1,A,Silver,107940
60355,Female,Urban,Others,<=2L,1,2,3737,More than 1,A,Gold,62652
33170,Female,Urban,Bachelor,More than 10L,0,5,4124,More than 1,A,Silver,81888
67584,Male,Urban,Bachelor,5L-10L,1,3,6578,1,B,Gold,35520
87318,Female,Urban,Bachelor,2L-5L,0,4,3986,1,A,Platinum,42660
47632,Female,Urban,Bachelor,2L-5L,1,7,4897,1,B,Silver,32628
60750,Male,Urban,High School,5L-10L,1,3,3480,1,A,Platinum,57660
6071,Female,Urban,High School,5L-10L,1,1,7619,1,C,Silver,53748
33669,Male,Rural,Others,5L-10L,0,0,9107,1,A,Platinum,40104
72038,Male,Urban,Bachelor,5L-10L,1,8,9074,More than 1,A,Gold,60612
35770,Male,Urban,High School,5L-10L,1,8,8768,More than 1,A,Platinum,99420
26836,Female,Urban,Bachelor,5L-10L,1,6,6449,1,A,Gold,63216
59232,Female,Rural,Bachelor,5L-10L,1,5,2043,1,A,Gold,63708
54608,Female,Rural,High School,5L-10L,1,1,0,1,A,Silver,31056
51892,Male,Rural,High School,5L-10L,1,3,0,1,A,Gold,32196
82722,Male,Rural,High School,5L-10L,0,6,4948,1,A,Gold,35856
62510,Female,Urban,Others,5L-10L,1,2,2743,More than 1,A,Silver,94092
58889,Female,Urban,High School,2L-5L,0,3,3119,1,A,Silver,64824
40252,Male,Urban,Bachelor,5L-10L,1,3,2744,More than 1,A,Platinum,95484
55205,Male,Urban,High School,2L-5L,0,5,5018,More than 1,A,Platinum,68688
88480,Female,Urban,High School,2L-5L,1,5,3997,More than 1,C,Platinum,92916
45934,Female,Rural,High School,5L-10L,0,5,3678,More than 1,B,Silver,66480
31649,Male,Rural,Bachelor,2L-5L,1,4,0,1,B,Silver,53052
40086,Female,Urban,Bachelor,5L-10L,1,3,6623,More than 1,A,Platinum,64956
79680,Female,Urban,High School,More than 10L,0,7,9081,More than 1,A,Platinum,117168
74486,Male,Rural,High School,5L-10L,0,1,2484,More than 1,A,Gold,94908
48651,Female,Rural,High School,5L-10L,0,6,0,1,A,Gold,31080
55800,Male,Urban,Bachelor,2L-5L,0,4,10184,More than 1,A,Platinum,63840
5762,Female,Rural,High School,5L-10L,1,7,0,1,A,Platinum,51048
62051,Female,Urban,High School,5L-10L,0,6,5602,More than 1,A,Silver,98724
29379,Male,Rural,Bachelor,More than 10L,1,5,3363,More than 1,B,Silver,69708
25790,Male,Rural,High School,More than 10L,1,7,2945,More than 1,B,Platinum,72936
12674,Male,Urban,High School,5L-10L,0,6,10444,More than 1,A,Platinum,110544
83203,Male,Rural,High School,5L-10L,1,5,3415,1,A,Silver,32856
78576,Male,Urban,Others,5L-10L,1,5,5339,1,A,Silver,34272
18908,Female,Rural,Bachelor,5L-10L,0,7,3162,More than 1,B,Silver,65628
53668,Female,Rural,Bachelor,5L-10L,1,5,0,More than 1,B,Silver,65340
8577,Male,Urban,High School,5L-10L,0,8,2194,1,C,Gold,31068
4583,Male,Urban,High School,2L-5L,0,6,11201,More than 1,B,Platinum,99624
6465,Male,Urban,Bachelor,<=2L,0,6,3725,More than 1,A,Silver,259404
41339,Male,Urban,High School,5L-10L,1,5,5112,1,A,Platinum,36024
89127,Male,Urban,Bachelor,5L-10L,0,7,4291,More than 1,A,Platinum,66972
80281,Male,Rural,Others,5L-10L,1,6,4677,More than 1,A,Gold,92952
86712,Male,Rural,High School,5L-10L,0,2,5891,More than 1,B,Platinum,67920
34113,Female,Rural,Bachelor,5L-10L,0,5,6853,More than 1,A,Gold,90288
54286,Male,Urban,High School,2L-5L,1,7,5744,1,A,Platinum,44580
60362,Female,Urban,High School,5L-10L,0,2,5588,1,A,Platinum,30144
57044,Male,Urban,High School,2L-5L,0,5,5872,1,A,Silver,30972
69049,Male,Rural,Bachelor,5L-10L,1,3,0,More than 1,A,Silver,75420
35299,Male,Urban,Bachelor,5L-10L,1,6,0,More than 1,B,Gold,159960
6441,Male,Rural,Others,2L-5L,1,4,0,1,B,Silver,38292
76326,Female,Urban,High School,2L-5L,1,4,4066,More than 1,A,Platinum,98916
77268,Male,Rural,Bachelor,5L-10L,0,3,2722,More than 1,A,Platinum,110556
29509,Male,Rural,High School,More than 10L,1,6,3777,1,A,Silver,51720
81617,Female,Urban,High School,5L-10L,0,8,11061,More than 1,A,Platinum,174504
40548,Female,Rural,High School,5L-10L,1,1,0,1,A,Platinum,36852
63953,Male,Urban,High School,5L-10L,1,0,5272,1,B,Platinum,44292
24833,Female,Rural,Bachelor,2L-5L,0,8,3833,More than 1,B,Platinum,68448
29299,Male,Urban,Bachelor,5L-10L,0,1,5298,More than 1,A,Platinum,90552
11355,Male,Urban,Bachelor,5L-10L,1,0,2046,More than 1,B,Silver,62220
47244,Male,Urban,High School,5L-10L,0,2,4177,1,A,Platinum,49344
25059,Male,Urban,High School,5L-10L,0,4,6053,More than 1,A,Platinum,101604
71554,Male,Urban,High School,5L-10L,1,6,2129,1,A,Platinum,36504
11927,Male,Urban,High School,More than 10L,0,2,4546,1,B,Platinum,31512
26618,Male,Urban,High School,2L-5L,1,1,3300,More than 1,B,Silver,72732
67533,Female,Urban,Bachelor,5L-10L,1,6,5235,More than 1,A,Platinum,60120
41252,Male,Urban,Others,5L-10L,1,8,3601,1,C,Gold,35832
57608,Male,Urban,High School,More than 10L,1,1,5519,1,A,Gold,32184
73879,Male,Urban,Bachelor,5L-10L,1,2,5634,More than 1,A,Platinum,66120
51296,Female,Rural,High School,More than 10L,1,1,0,1,B,Platinum,37056
44377,Male,Urban,High School,5L-10L,0,1,6473,More than 1,A,Platinum,72840
8032,Female,Urban,High School,5L-10L,1,3,3642,1,A,Gold,31476
70046,Female,Urban,Bachelor,5L-10L,0,7,2561,1,A,Gold,36000
26156,Male,Urban,Bachelor,5L-10L,1,7,8528,More than 1,B,Gold,103668
62575,Female,Rural,High School,2L-5L,0,3,5601,1,C,Gold,60252
49528,Male,Urban,Bachelor,2L-5L,1,3,4446,More than 1,A,Platinum,63468
85942,Female,Rural,High School,5L-10L,0,2,0,1,C,Silver,43452
30383,Male,Rural,Bachelor,2L-5L,1,0,3308,More than 1,A,Gold,63528
3390,Male,Urban,Bachelor,5L-10L,1,5,5074,1,A,Silver,32700
77495,Male,Urban,High School,5L-10L,0,5,4171,More than 1,B,Platinum,100200
17441,Female,Urban,High School,2L-5L,1,2,8195,1,A,Platinum,36264
58068,Female,Rural,High School,5L-10L,0,1,0,More than 1,A,Silver,111360
19782,Male,Urban,Bachelor,5L-10L,1,1,5295,1,A,Platinum,36360
25413,Male,Urban,Bachelor,5L-10L,0,1,3991,More than 1,A,Platinum,104724
77580,Female,Rural,Bachelor,5L-10L,0,4,2604,More than 1,C,Platinum,99108
20137,Male,Urban,High School,More than 10L,0,4,4918,1,A,Platinum,43908
38540,Female,Urban,High School,5L-10L,0,5,7879,More than 1,A,Platinum,98268
73588,Female,Rural,Bachelor,2L-5L,1,6,0,1,B,Platinum,67692
5116,Male,Urban,Bachelor,2L-5L,1,4,12065,1,A,Gold,56208
15077,Female,Rural,Bachelor,2L-5L,0,2,3673,More than 1,A,Silver,52080
48554,Male,Rural,High School,5L-10L,1,2,0,1,A,Gold,36432
7426,Female,Urban,Bachelor,5L-10L,1,5,4082,1,A,Platinum,36552
10301,Male,Urban,Bachelor,5L-10L,1,7,3647,More than 1,B,Platinum,103284
74036,Male,Rural,High School,More than 10L,0,7,7232,More than 1,B,Gold,104652
44805,Female,Urban,High School,5L-10L,0,1,8832,More than 1,A,Platinum,138900
83966,Male,Rural,Bachelor,2L-5L,1,2,0,1,A,Platinum,32640
82250,Female,Rural,Others,5L-10L,1,8,0,1,A,Platinum,89544
21653,Female,Urban,Bachelor,More than 10L,1,6,0,1,A,Platinum,51180
55823,Female,Urban,Bachelor,More than 10L,1,5,3438,1,A,Platinum,40932
11870,Female,Urban,High School,5L-10L,1,6,6225,More than 1,A,Platinum,64332
87679,Female,Urban,Bachelor,5L-10L,0,2,2149,1,A,Gold,52956
86887,Male,Rural,Others,5L-10L,1,6,5736,1,A,Gold,37944
11286,Male,Urban,High School,5L-10L,0,6,3055,More than 1,A,Platinum,96492
62146,Female,Urban,High School,2L-5L,1,8,3907,More than 1,B,Silver,286284
88569,Male,Urban,Bachelor,More than 10L,1,2,2860,More than 1,C,Gold,199932
66166,Male,Rural,Bachelor,More than 10L,0,7,5741,1,A,Gold,34308
22363,Male,Rural,Bachelor,5L-10L,1,5,0,1,B,Platinum,46332
79394,Male,Rural,Bachelor,5L-10L,0,4,4258,More than 1,B,Platinum,58752
18379,Female,Rural,High School,5L-10L,0,5,0,More than 1,C,Platinum,71256
53833,Male,Urban,High School,5L-10L,1,0,4132,1,A,Platinum,37344
30952,Male,Rural,Bachelor,5L-10L,0,2,2215,1,B,Platinum,41856
75397,Male,Urban,High School,2L-5L,0,5,6340,More than 1,A,Platinum,98076
57587,Female,Urban,High School,More than 10L,1,5,5182,1,B,Silver,31164
46396,Male,Urban,High School,5L-10L,0,3,5350,1,A,Silver,37476
47545,Female,Rural,High School,5L-10L,1,2,0,More than 1,A,Platinum,49116
53524,Male,Urban,High School,5L-10L,0,0,4315,More than 1,A,Platinum,68028
42165,Female,Urban,Bachelor,More than 10L,0,8,0,1,B,Platinum,56400
57747,Female,Rural,High School,More than 10L,1,7,3218,More than 1,A,Gold,102480
77176,Male,Urban,Bachelor,5L-10L,0,8,3952,More than 1,A,Gold,101172
23398,Female,Urban,Bachelor,2L-5L,1,7,0,More than 1,B,Silver,126288
41013,Female,Urban,Bachelor,2L-5L,1,6,6558,1,A,Silver,38220
27635,Male,Rural,High School,5L-10L,1,6,2841,1,A,Gold,56580
84295,Male,Urban,Bachelor,5L-10L,1,6,11568,More than 1,C,Gold,295992
64266,Female,Rural,High School,2L-5L,0,1,0,1,B,Silver,58440
56893,Male,Urban,High School,2L-5L,1,7,5842,More than 1,A,Platinum,100152
72575,Male,Urban,High School,5L-10L,0,1,3669,More than 1,A,Gold,100596
65930,Male,Urban,Bachelor,5L-10L,1,3,10825,More than 1,B,Gold,148896
80050,Male,Urban,High School,2L-5L,0,7,10272,More than 1,B,Gold,69108
19860,Male,Rural,Bachelor,5L-10L,1,5,0,1,B,Silver,29688
53107,Male,Rural,Bachelor,More than 10L,1,8,2805,1,B,Platinum,99348
38735,Female,Urban,Bachelor,5L-10L,1,0,5129,1,A,Silver,33156
86598,Female,Rural,High School,More than 10L,1,6,0,1,C,Platinum,34164
46301,Female,Urban,High School,5L-10L,0,6,0,1,C,Gold,34356
74839,Male,Urban,High School,5L-10L,0,4,9656,More than 1,B,Silver,100740
26737,Female,Urban,High School,More than 10L,1,7,6219,More than 1,A,Gold,97956
44068,Female,Urban,High School,More than 10L,1,5,0,More than 1,B,Platinum,63864
60826,Female,Rural,Bachelor,More than 10L,1,3,0,More than 1,B,Platinum,64068
78043,Male,Urban,Bachelor,5L-10L,0,6,4456,1,A,Platinum,48180
20306,Male,Urban,Bachelor,2L-5L,0,5,6206,More than 1,A,Platinum,97188
28394,Male,Rural,High School,2L-5L,0,7,2507,More than 1,B,Silver,73632
25067,Male,Urban,High School,5L-10L,0,6,4216,1,B,Gold,39288
71467,Female,Urban,High School,2L-5L,0,3,3222,1,B,Silver,34104
26693,Female,Urban,Bachelor,5L-10L,1,4,0,1,A,Silver,50724
61132,Male,Rural,Bachelor,5L-10L,0,2,6188,1,A,Platinum,50508
72563,Male,Rural,Bachelor,5L-10L,0,1,3267,More than 1,A,Platinum,62280
32958,Male,Urban,High School,More than 10L,0,3,6614,More than 1,A,Platinum,522312
82160,Male,Rural,Others,5L-10L,0,7,4111,More than 1,B,Platinum,70308
48650,Male,Urban,High School,2L-5L,1,7,8420,More than 1,A,Platinum,62964
5916,Female,Urban,Others,5L-10L,1,7,5164,1,A,Gold,48060
59941,Male,Urban,Bachelor,5L-10L,1,2,5939,1,A,Platinum,38976
28561,Female,Urban,High School,More than 10L,1,1,2129,1,A,Gold,32628
9115,Female,Urban,High School,5L-10L,1,5,3309,1,A,Silver,44280
24153,Female,Rural,High School,More than 10L,0,7,3217,More than 1,B,Platinum,69924
15891,Male,Urban,High School,5L-10L,0,7,4105,More than 1,A,Platinum,65436
59990,Male,Rural,High School,More than 10L,1,5,3776,1,A,Silver,51012
48396,Male,Rural,Others,5L-10L,1,8,5492,1,A,Gold,66276
48445,Female,Urban,High School,5L-10L,1,5,5741,1,A,Silver,50424
80023,Male,Urban,Others,5L-10L,0,3,6466,More than 1,A,Gold,70092
42492,Male,Rural,Bachelor,More than 10L,1,4,0,More than 1,B,Silver,101508
78583,Male,Urban,Bachelor,5L-10L,0,4,17584,More than 1,A,Platinum,104400
9900,Male,Urban,High School,5L-10L,0,3,5206,1,A,Silver,33888
33668,Female,Urban,High School,5L-10L,1,5,0,More than 1,A,Gold,108504
88467,Male,Rural,Bachelor,5L-10L,1,0,0,More than 1,A,Platinum,70164
7408,Female,Urban,High School,More than 10L,0,6,9050,1,A,Gold,49920
54684,Male,Rural,Bachelor,2L-5L,0,2,6017,More than 1,B,Silver,97548
1552,Male,Urban,Bachelor,5L-10L,1,6,3935,More than 1,C,Silver,99084
8584,Male,Urban,Others,5L-10L,1,6,3045,1,A,Silver,41964
73103,Male,Rural,Bachelor,5L-10L,1,4,0,1,C,Gold,38976
42580,Male,Rural,Bachelor,5L-10L,1,7,0,More than 1,A,Platinum,32016
68200,Male,Urban,Bachelor,2L-5L,0,0,5827,1,B,Silver,53148
61212,Female,Rural,High School,5L-10L,1,0,0,1,B,Gold,47724
4510,Male,Urban,High School,5L-10L,0,8,4082,More than 1,A,Gold,93744
23641,Female,Urban,Others,5L-10L,1,4,4562,1,A,Gold,35040
67864,Female,Rural,High School,More than 10L,0,3,0,1,A,Gold,33408
86764,Male,Urban,Bachelor,2L-5L,1,4,6161,1,C,Gold,34176
64235,Female,Urban,High School,5L-10L,0,2,6278,More than 1,A,Platinum,71340
44378,Male,Urban,High School,5L-10L,1,0,6261,1,A,Gold,43836
31310,Male,Rural,Bachelor,5L-10L,1,1,0,1,B,Gold,44592
36463,Male,Rural,Bachelor,5L-10L,1,7,3882,More than 1,A,Gold,109500
11995,Male,Urban,High School,2L-5L,1,6,6271,1,A,Platinum,61500
17699,Male,Rural,High School,5L-10L,1,8,0,1,C,Silver,50556
54705,Male,Rural,High School,5L-10L,1,2,3362,More than 1,B,Silver,62892
83751,Male,Urban,High School,5L-10L,0,6,6237,More than 1,A,Platinum,52704
41849,Male,Urban,Bachelor,5L-10L,0,8,0,More than 1,A,Platinum,94176
57583,Female,Urban,Bachelor,2L-5L,0,5,11538,1,B,Platinum,80808
68154,Female,Rural,High School,More than 10L,0,3,0,More than 1,C,Platinum,66756
17909,Female,Urban,Bachelor,5L-10L,1,0,0,More than 1,A,Silver,62208
79545,Male,Urban,Bachelor,2L-5L,0,8,10637,More than 1,B,Silver,116304
4747,Male,Urban,Bachelor,2L-5L,0,6,5058,More than 1,B,Platinum,58356
36374,Male,Urban,High School,2L-5L,1,6,5118,More than 1,A,Platinum,100728
83367,Female,Urban,High School,5L-10L,0,6,6017,1,A,Platinum,54048
61008,Male,Rural,High School,More than 10L,0,4,2329,1,B,Platinum,46020
18048,Female,Rural,High School,5L-10L,1,1,6415,1,A,Platinum,47664
71998,Female,Urban,Bachelor,2L-5L,1,1,4354,1,C,Silver,30852
34084,Male,Urban,Bachelor,5L-10L,1,5,4238,More than 1,B,Platinum,101316
83471,Male,Urban,Others,5L-10L,0,3,6671,1,A,Gold,54048
3445,Male,Urban,Others,5L-10L,0,6,6544,1,B,Silver,44028
63040,Female,Urban,High School,5L-10L,1,0,0,1,A,Platinum,34080
5811,Female,Urban,High School,More than 10L,1,1,2713,More than 1,A,Gold,105180
44384,Female,Rural,Bachelor,More than 10L,0,6,0,More than 1,C,Gold,32172
72239,Female,Urban,High School,5L-10L,1,7,4041,More than 1,B,Platinum,248592
87743,Female,Urban,Others,More than 10L,1,7,3889,More than 1,A,Platinum,86184
44917,Female,Rural,High School,5L-10L,1,5,5531,1,A,Platinum,59040
5977,Male,Urban,Bachelor,More than 10L,1,5,3578,1,A,Platinum,35076
65733,Female,Urban,Others,5L-10L,1,1,4079,1,A,Silver,37608
77823,Female,Rural,High School,5L-10L,1,0,0,1,B,Platinum,54888
62996,Female,Urban,Others,5L-10L,0,8,4068,More than 1,B,Silver,30108
74636,Female,Urban,High School,2L-5L,0,6,5879,More than 1,A,Platinum,103104
41995,Male,Urban,High School,2L-5L,1,1,3420,1,C,Platinum,33252
30320,Female,Urban,Bachelor,5L-10L,0,2,0,More than 1,B,Gold,51516
66770,Male,Urban,High School,5L-10L,1,4,3642,More than 1,B,Platinum,69972
2001,Male,Urban,High School,More than 10L,0,6,7195,1,A,Platinum,58704
76662,Male,Rural,Bachelor,5L-10L,0,7,4131,More than 1,C,Platinum,74472
54064,Female,Rural,High School,More than 10L,1,2,5448,1,A,Silver,50568
67222,Female,Rural,Bachelor,2L-5L,0,3,5436,1,A,Silver,34884
77810,Male,Rural,High School,5L-10L,0,2,0,1,B,Gold,36924
37453,Female,Rural,High School,More than 10L,1,5,2880,1,A,Gold,49068
24592,Male,Urban,High School,5L-10L,0,2,3696,1,B,Gold,45408
4579,Male,Urban,High School,5L-10L,1,3,6097,1,B,Platinum,35916
56950,Female,Urban,Bachelor,<=2L,0,6,3963,More than 1,A,Platinum,59136
33820,Male,Urban,Others,More than 10L,0,6,4039,1,A,Gold,48036
53838,Female,Urban,Bachelor,<=2L,0,2,6075,1,B,Platinum,36636
55123,Female,Urban,High School,5L-10L,1,6,4572,1,A,Platinum,33180
71490,Female,Rural,Bachelor,5L-10L,0,8,0,More than 1,B,Gold,74988
812,Male,Urban,High School,5L-10L,0,5,2210,1,A,Platinum,35424
29875,Male,Rural,High School,5L-10L,1,1,3873,More than 1,A,Platinum,96252
23325,Male,Urban,High School,More than 10L,1,1,4242,More than 1,A,Gold,102084
49992,Male,Rural,Bachelor,5L-10L,0,4,2627,More than 1,B,Gold,98688
68950,Female,Rural,Bachelor,5L-10L,0,2,4537,More than 1,A,Platinum,79668
75561,Female,Rural,High School,5L-10L,0,7,0,More than 1,A,Platinum,65400
70600,Male,Rural,High School,More than 10L,1,2,0,More than 1,B,Platinum,68496
39219,Female,Rural,Bachelor,5L-10L,0,5,0,1,C,Gold,32580
39389,Male,Urban,High School,2L-5L,1,1,6470,1,A,Gold,38976
31915,Male,Urban,Bachelor,5L-10L,1,7,8467,1,A,Gold,46020
23731,Male,Urban,High School,2L-5L,0,5,7587,1,A,Platinum,65652
21875,Female,Urban,High School,2L-5L,0,7,4660,More than 1,C,Gold,113184
66297,Male,Urban,High School,5L-10L,1,8,4289,1,B,Platinum,66720
16033,Male,Urban,High School,5L-10L,1,7,6340,More than 1,A,Silver,33204
44512,Male,Urban,High School,5L-10L,1,5,10582,More than 1,A,Gold,97584
38677,Female,Urban,Others,5L-10L,0,6,5099,More than 1,B,Platinum,100752
23872,Female,Urban,Bachelor,5L-10L,0,5,6762,More than 1,A,Platinum,98220
27319,Male,Rural,High School,5L-10L,1,3,3458,More than 1,B,Silver,71520
33976,Male,Urban,Bachelor,5L-10L,0,6,5140,More than 1,A,Silver,114288
31653,Male,Urban,Bachelor,5L-10L,1,6,5507,1,A,Platinum,31056
64373,Female,Urban,High School,More than 10L,1,6,5119,1,A,Gold,34272
37719,Male,Urban,Others,More than 10L,1,5,2979,More than 1,B,Gold,63156
89145,Female,Urban,High School,5L-10L,1,0,4369,1,A,Platinum,39564
59647,Female,Urban,High School,2L-5L,1,7,0,1,B,Gold,34776
45014,Male,Rural,High School,5L-10L,1,0,0,1,B,Platinum,31140
67611,Female,Urban,Bachelor,5L-10L,1,5,6313,1,C,Gold,58248
13836,Female,Urban,High School,5L-10L,1,5,5261,1,A,Gold,31620
69228,Female,Urban,High School,More than 10L,0,3,3626,More than 1,A,Silver,85476
35907,Male,Urban,Bachelor,5L-10L,1,8,7891,1,B,Platinum,44616
78883,Male,Urban,Bachelor,5L-10L,1,6,0,More than 1,A,Silver,98616
8740,Male,Urban,High School,2L-5L,1,6,6691,1,C,Platinum,55464
45155,Female,Urban,Bachelor,<=2L,1,3,10816,More than 1,A,Platinum,130656
13299,Female,Urban,High School,5L-10L,0,4,6819,1,C,Silver,40608
72445,Male,Urban,Bachelor,5L-10L,1,5,0,More than 1,B,Gold,207252
12007,Male,Rural,High School,5L-10L,0,6,3422,1,B,Platinum,63396
60730,Female,Rural,Bachelor,5L-10L,0,2,0,1,A,Silver,31656
66591,Female,Urban,High School,5L-10L,1,2,3194,More than 1,A,Platinum,95112
16152,Male,Urban,High School,5L-10L,1,2,7182,1,B,Gold,60144
45756,Male,Rural,Others,5L-10L,0,6,2543,1,C,Platinum,56508
88895,Male,Urban,Bachelor,5L-10L,1,7,6465,More than 1,A,Platinum,73080
67395,Male,Rural,High School,More than 10L,0,2,4971,More than 1,A,Gold,94392
35875,Female,Urban,Bachelor,5L-10L,0,3,4134,More than 1,A,Platinum,48036
52787,Female,Rural,Bachelor,More than 10L,1,2,0,More than 1,B,Platinum,67008
58057,Male,Urban,Bachelor,More than 10L,1,5,15090,1,A,Platinum,31980
75182,Male,Urban,High School,2L-5L,1,1,11799,More than 1,C,Gold,174324
47206,Female,Urban,High School,5L-10L,0,2,6912,1,B,Silver,37896
82361,Male,Urban,High School,5L-10L,0,6,11576,More than 1,B,Platinum,98868
1644,Male,Rural,Bachelor,5L-10L,1,7,2618,More than 1,B,Silver,75000
80828,Female,Urban,Bachelor,2L-5L,1,2,4839,1,A,Silver,33828
3259,Male,Urban,High School,2L-5L,1,8,4234,More than 1,A,Platinum,65460
62113,Female,Rural,Bachelor,5L-10L,0,0,2838,1,A,Platinum,60984
80387,Female,Rural,High School,2L-5L,0,1,6452,More than 1,A,Gold,91164
12947,Male,Urban,High School,5L-10L,1,6,6390,More than 1,C,Platinum,523812
64505,Female,Urban,Bachelor,5L-10L,1,6,5721,1,A,Platinum,58812
39177,Male,Urban,High School,2L-5L,1,8,7536,More than 1,A,Gold,63072
26878,Male,Urban,Bachelor,5L-10L,1,8,5469,More than 1,B,Silver,73524
38935,Male,Rural,High School,5L-10L,1,4,0,More than 1,A,Silver,93876
13604,Male,Urban,Bachelor,5L-10L,0,5,10267,More than 1,A,Platinum,280944
20657,Female,Urban,High School,5L-10L,1,6,6315,1,A,Silver,35124
48120,Male,Urban,Bachelor,2L-5L,0,2,5124,More than 1,A,Platinum,29484
5063,Male,Rural,High School,5L-10L,1,8,3013,1,A,Platinum,59988
27532,Male,Urban,High School,2L-5L,1,0,2193,1,A,Gold,48084
76799,Female,Urban,High School,2L-5L,1,6,4571,1,A,Platinum,31392
57427,Female,Urban,Bachelor,2L-5L,0,6,5836,More than 1,B,Gold,90972
53731,Male,Urban,Bachelor,5L-10L,1,7,5551,More than 1,A,Gold,97536
18778,Female,Rural,High School,2L-5L,0,8,6121,More than 1,C,Silver,66348
82126,Male,Rural,Bachelor,5L-10L,1,6,2403,More than 1,A,Gold,71232
35603,Female,Rural,Bachelor,5L-10L,1,6,2174,More than 1,B,Gold,74916
12760,Male,Urban,Bachelor,5L-10L,0,4,0,More than 1,A,Platinum,68160
68303,Male,Urban,Bachelor,5L-10L,1,6,5558,More than 1,A,Gold,100284
43716,Female,Urban,High School,2L-5L,0,6,0,More than 1,B,Silver,91716
8595,Male,Urban,High School,2L-5L,0,2,6113,More than 1,C,Gold,98772
36162,Male,Urban,Bachelor,5L-10L,1,7,3503,More than 1,A,Platinum,99792
74426,Female,Rural,Others,5L-10L,1,6,0,1,C,Platinum,35232
39553,Female,Urban,Bachelor,5L-10L,0,3,7256,More than 1,B,Silver,70836
48895,Female,Urban,Bachelor,2L-5L,1,5,7694,More than 1,A,Platinum,63180
68090,Female,Urban,Others,2L-5L,0,3,3348,1,B,Platinum,54336
52018,Male,Rural,Bachelor,5L-10L,0,4,0,More than 1,A,Platinum,210540
11990,Female,Rural,Others,More than 10L,1,6,5144,1,C,Gold,33588
81836,Female,Rural,High School,2L-5L,1,4,0,1,B,Platinum,41112
36581,Male,Urban,Others,More than 10L,1,1,3155,1,A,Platinum,38580
50584,Male,Urban,Bachelor,2L-5L,0,3,3728,More than 1,A,Platinum,97536
87909,Male,Urban,Bachelor,More than 10L,1,5,0,More than 1,A,Platinum,94164
52238,Male,Urban,Bachelor,5L-10L,1,5,8726,More than 1,A,Platinum,64104
83490,Male,Rural,High School,5L-10L,1,0,2985,More than 1,B,Gold,64980
20026,Male,Rural,Bachelor,5L-10L,1,7,3309,1,A,Gold,43008
88539,Male,Urban,High School,2L-5L,1,6,7188,More than 1,B,Platinum,104808
58031,Female,Urban,High School,2L-5L,0,8,5115,1,A,Silver,33252
68646,Female,Urban,High School,5L-10L,1,2,4975,More than 1,C,Gold,73116
59765,Female,Rural,High School,5L-10L,1,7,2300,More than 1,B,Platinum,67932
65906,Male,Urban,Bachelor,5L-10L,1,3,2512,1,B,Silver,51504
50045,Female,Rural,Bachelor,5L-10L,1,7,0,1,B,Platinum,46704
39362,Female,Rural,High School,5L-10L,0,3,0,1,C,Platinum,36192
49643,Male,Rural,Bachelor,5L-10L,1,3,3743,More than 1,A,Platinum,89592
30242,Female,Rural,Bachelor,5L-10L,1,6,2056,1,A,Platinum,41628
86923,Male,Urban,Bachelor,2L-5L,1,8,2592,More than 1,B,Silver,63912
71296,Female,Urban,Bachelor,More than 10L,1,1,3903,1,A,Platinum,46536
36610,Female,Urban,Bachelor,2L-5L,1,1,3934,More than 1,A,Platinum,70224
87988,Female,Rural,Bachelor,5L-10L,1,0,2383,1,A,Platinum,49704
88445,Male,Urban,High School,5L-10L,1,2,3966,More than 1,C,Gold,94020
14354,Male,Urban,Bachelor,5L-10L,1,8,3805,More than 1,A,Platinum,96300
83288,Female,Urban,Bachelor,5L-10L,1,7,4895,1,C,Platinum,33408
52252,Female,Urban,Bachelor,5L-10L,1,7,5496,1,B,Silver,33708
38830,Male,Urban,Bachelor,5L-10L,0,2,0,1,B,Platinum,31140
88875,Male,Rural,Bachelor,5L-10L,1,7,0,1,A,Platinum,34092
69533,Female,Urban,High School,2L-5L,1,1,5423,More than 1,A,Silver,100548
78296,Male,Urban,High School,2L-5L,0,5,6391,More than 1,A,Silver,102396
65693,Female,Urban,Bachelor,5L-10L,1,6,6751,More than 1,A,Platinum,61080
69394,Female,Urban,High School,5L-10L,1,6,3923,1,A,Platinum,52596
44355,Male,Rural,Bachelor,5L-10L,0,1,0,1,B,Gold,50388
74405,Female,Urban,High School,5L-10L,0,1,4166,1,A,Platinum,52776
52735,Female,Urban,High School,5L-10L,0,3,2283,More than 1,B,Platinum,110424
78320,Female,Rural,High School,More than 10L,1,5,3069,More than 1,B,Gold,82980
67735,Male,Rural,High School,5L-10L,0,1,11029,More than 1,B,Platinum,108636
6773,Female,Urban,High School,5L-10L,1,6,10206,1,A,Platinum,53784
85779,Female,Rural,Bachelor,5L-10L,1,4,0,1,B,Platinum,42504
53440,Male,Urban,High School,5L-10L,0,5,4230,More than 1,A,Platinum,257892
44277,Male,Urban,High School,5L-10L,1,6,5780,1,A,Platinum,30048
8887,Female,Urban,Bachelor,5L-10L,0,2,4009,More than 1,A,Platinum,101712
47221,Male,Urban,High School,5L-10L,1,6,5031,1,B,Platinum,36492
7404,Female,Rural,Bachelor,5L-10L,1,2,0,More than 1,B,Platinum,59076
57635,Female,Urban,Others,5L-10L,1,2,0,More than 1,A,Gold,69252
22903,Female,Urban,Bachelor,2L-5L,1,8,2101,More than 1,B,Silver,62760
63214,Male,Urban,High School,<=2L,0,6,13556,1,B,Silver,49668
48286,Female,Rural,High School,5L-10L,1,5,2062,More than 1,B,Gold,73824
54934,Male,Urban,High School,5L-10L,0,6,4428,1,A,Silver,52944
31494,Male,Rural,High School,5L-10L,0,6,0,1,A,Silver,42120
58836,Male,Rural,High School,More than 10L,1,5,0,1,B,Platinum,38040
73360,Female,Rural,Others,5L-10L,1,3,0,1,B,Platinum,32616
28838,Male,Urban,Bachelor,2L-5L,1,3,4199,More than 1,A,Platinum,67164
1506,Female,Urban,High School,2L-5L,1,6,3194,More than 1,A,Silver,116052
49505,Male,Urban,Bachelor,5L-10L,1,2,5736,More than 1,A,Platinum,63144
43720,Male,Urban,Bachelor,2L-5L,1,6,5002,1,A,Platinum,33672
80336,Male,Urban,Bachelor,5L-10L,1,6,0,1,A,Silver,45732
30669,Male,Urban,Bachelor,More than 10L,1,7,9631,1,B,Silver,63684
66877,Male,Urban,Others,2L-5L,0,2,0,1,B,Silver,33600
52050,Female,Rural,Bachelor,5L-10L,0,7,0,1,B,Platinum,34500
87730,Male,Urban,High School,2L-5L,1,1,6516,1,A,Gold,43752
43634,Female,Urban,High School,More than 10L,1,0,2021,1,A,Silver,39816
42434,Female,Urban,High School,5L-10L,0,7,6443,More than 1,A,Platinum,103128
52670,Female,Urban,High School,5L-10L,1,5,6313,1,A,Gold,35052
50230,Female,Urban,High School,More than 10L,0,6,13828,1,A,Gold,54264
80254,Female,Rural,High School,More than 10L,0,4,0,1,C,Silver,60408
47502,Male,Rural,High School,More than 10L,1,3,2026,More than 1,B,Platinum,70776
25338,Female,Rural,High School,2L-5L,1,2,0,1,B,Silver,35160
83569,Male,Urban,Bachelor,5L-10L,0,2,4587,1,A,Platinum,56904
84652,Male,Rural,Bachelor,More than 10L,1,2,3354,1,A,Platinum,54612
26947,Male,Urban,Bachelor,2L-5L,1,7,5301,More than 1,A,Silver,76176
15763,Female,Urban,Bachelor,5L-10L,1,5,9500,More than 1,A,Silver,64512
23658,Male,Urban,Bachelor,5L-10L,0,8,12499,More than 1,A,Gold,169416
58523,Male,Urban,High School,5L-10L,1,6,8733,More than 1,A,Gold,110316
73404,Female,Rural,High School,2L-5L,1,8,0,More than 1,B,Platinum,102348
64014,Female,Urban,Bachelor,2L-5L,1,6,5435,More than 1,A,Platinum,98244
67538,Female,Rural,High School,5L-10L,1,1,0,1,B,Gold,31008
53197,Female,Urban,Bachelor,2L-5L,0,6,4394,More than 1,A,Platinum,61524
11302,Female,Urban,Bachelor,5L-10L,1,6,3660,More than 1,A,Platinum,88716
41656,Male,Urban,Bachelor,5L-10L,1,2,3140,More than 1,C,Silver,68556
48373,Male,Urban,Bachelor,2L-5L,1,7,2071,1,B,Silver,31272
62454,Male,Urban,Bachelor,2L-5L,1,7,4216,More than 1,B,Platinum,65856
46155,Male,Rural,Bachelor,5L-10L,0,6,0,1,C,Platinum,47208
47727,Male,Urban,Bachelor,5L-10L,0,8,2074,1,A,Platinum,32052
6182,Male,Urban,High School,2L-5L,1,8,9477,More than 1,A,Platinum,104268
31865,Male,Rural,High School,5L-10L,1,7,0,More than 1,A,Gold,99540
64104,Female,Urban,Bachelor,5L-10L,0,6,3790,1,A,Silver,32688
27066,Male,Urban,High School,5L-10L,1,1,0,1,C,Platinum,33900
79631,Male,Rural,Bachelor,2L-5L,1,7,3890,More than 1,A,Platinum,91620
23013,Male,Urban,Others,2L-5L,0,1,6735,More than 1,C,Gold,30696
6761,Male,Rural,Bachelor,2L-5L,1,7,6857,More than 1,B,Platinum,67080
63821,Male,Urban,High School,2L-5L,0,0,3526,More than 1,A,Gold,128496
89159,Female,Urban,Bachelor,2L-5L,0,6,0,1,A,Silver,33564
50432,Female,Rural,Bachelor,More than 10L,1,1,3648,More than 1,B,Platinum,98148
67969,Male,Rural,Bachelor,2L-5L,1,0,4282,More than 1,B,Gold,77988
30050,Male,Rural,Bachelor,5L-10L,1,4,4013,1,A,Gold,34284
62142,Female,Rural,Bachelor,5L-10L,1,5,3377,More than 1,C,Gold,63048
52527,Male,Urban,Bachelor,5L-10L,0,2,4530,1,A,Platinum,49176
83487,Female,Urban,Bachelor,2L-5L,1,6,4003,More than 1,A,Silver,32880
20367,Female,Urban,Bachelor,5L-10L,0,5,5205,1,A,Platinum,33408
84983,Male,Rural,Bachelor,5L-10L,0,8,6443,1,B,Silver,37740
60491,Male,Urban,Bachelor,5L-10L,1,8,3915,1,A,Platinum,52140
26776,Female,Rural,Bachelor,5L-10L,1,6,0,1,A,Gold,70020
8096,Female,Urban,High School,More than 10L,1,3,4229,More than 1,A,Gold,65664
76647,Male,Urban,Bachelor,5L-10L,1,8,2514,More than 1,B,Platinum,70968
61810,Male,Urban,High School,2L-5L,1,6,6752,1,B,Platinum,43920
4684,Male,Rural,Others,5L-10L,1,7,0,1,A,Platinum,53376
70189,Female,Urban,High School,5L-10L,1,4,6356,More than 1,B,Gold,362196
3725,Male,Rural,High School,5L-10L,0,6,2922,More than 1,A,Platinum,120120
61457,Male,Urban,Bachelor,5L-10L,1,3,4162,1,A,Platinum,51960
63984,Male,Urban,Bachelor,5L-10L,1,1,6579,1,A,Silver,51924
33991,Male,Rural,Bachelor,5L-10L,1,7,3249,More than 1,B,Platinum,64908
68436,Female,Rural,Bachelor,5L-10L,1,1,2574,More than 1,B,Platinum,88644
63045,Female,Urban,Bachelor,5L-10L,0,0,3605,More than 1,B,Platinum,67008
51308,Male,Rural,Bachelor,More than 10L,1,3,0,More than 1,B,Platinum,67008
70652,Male,Urban,Bachelor,5L-10L,0,6,0,More than 1,C,Platinum,86664
66291,Male,Urban,High School,5L-10L,1,5,0,1,B,Gold,35892
72144,Female,Urban,High School,5L-10L,0,7,6784,More than 1,A,Gold,66660
73315,Female,Urban,Bachelor,5L-10L,0,2,4886,More than 1,B,Platinum,97404
3448,Female,Rural,Bachelor,5L-10L,0,4,4795,1,A,Platinum,31980
21602,Male,Urban,High School,2L-5L,0,0,3670,1,B,Silver,59424
41911,Female,Rural,High School,More than 10L,0,2,0,More than 1,B,Platinum,116076
67826,Male,Rural,Bachelor,5L-10L,1,4,0,1,B,Platinum,46248
62967,Female,Urban,High School,5L-10L,0,6,10598,More than 1,A,Silver,63228
13136,Male,Rural,High School,5L-10L,0,7,4037,More than 1,C,Platinum,58716
25197,Male,Urban,Bachelor,5L-10L,0,0,9836,1,A,Silver,28860
76616,Female,Rural,Bachelor,More than 10L,1,7,2204,More than 1,B,Silver,77520
10169,Female,Urban,High School,More than 10L,0,1,12769,More than 1,C,Platinum,115536
78365,Male,Rural,Bachelor,More than 10L,0,7,4497,1,B,Silver,43740
43978,Male,Urban,Bachelor,5L-10L,0,2,3582,More than 1,A,Platinum,96900
44853,Female,Urban,Bachelor,5L-10L,0,2,23704,More than 1,B,Platinum,121416
39052,Male,Urban,Bachelor,2L-5L,0,4,4996,1,A,Platinum,34200
27010,Male,Rural,High School,5L-10L,0,8,6197,More than 1,A,Gold,105504
4618,Female,Rural,Bachelor,More than 10L,1,5,0,1,B,Platinum,34308
83432,Female,Rural,Bachelor,5L-10L,1,5,5330,More than 1,A,Platinum,102000
79486,Male,Urban,High School,More than 10L,1,3,3247,1,B,Gold,34044
76284,Male,Urban,Bachelor,5L-10L,0,3,10986,More than 1,B,Platinum,109980
82114,Female,Urban,High School,2L-5L,0,7,6431,More than 1,A,Silver,66720
50649,Male,Urban,High School,5L-10L,1,6,4045,1,A,Platinum,54228
2778,Male,Urban,High School,5L-10L,0,0,7430,More than 1,A,Gold,224544
63108,Male,Urban,Bachelor,5L-10L,1,5,2586,1,A,Platinum,61104
62199,Male,Rural,High School,5L-10L,1,8,5832,More than 1,A,Silver,90120
69413,Male,Urban,Bachelor,2L-5L,0,4,7077,More than 1,B,Platinum,62388
88966,Female,Urban,Bachelor,5L-10L,1,6,3826,More than 1,A,Silver,94164
5711,Female,Rural,High School,More than 10L,0,1,0,1,B,Platinum,32748
84942,Male,Urban,High School,2L-5L,0,2,6706,More than 1,B,Silver,170844
44502,Male,Urban,Bachelor,5L-10L,1,2,0,1,A,Silver,28272
87906,Female,Rural,High School,5L-10L,1,5,4877,1,A,Platinum,29916
21805,Male,Urban,Others,5L-10L,1,6,5202,1,B,Silver,31020
65627,Female,Rural,Bachelor,5L-10L,1,0,0,1,B,Platinum,34488
23285,Male,Urban,Bachelor,2L-5L,1,6,4994,1,A,Silver,49812
72278,Female,Urban,Bachelor,2L-5L,0,6,4361,More than 1,C,Gold,105888
55393,Male,Urban,High School,5L-10L,1,4,2801,More than 1,A,Gold,99900
61670,Male,Urban,Bachelor,5L-10L,1,5,6896,1,B,Platinum,49596
18663,Male,Urban,High School,5L-10L,1,1,4657,1,A,Gold,32916
35293,Male,Urban,High School,5L-10L,1,1,5297,1,C,Silver,36084
65876,Female,Urban,High School,5L-10L,1,1,3397,More than 1,B,Gold,76860
65136,Female,Urban,Bachelor,2L-5L,1,2,6887,1,C,Gold,70020
78368,Male,Urban,High School,2L-5L,1,2,5469,1,A,Silver,33660
7690,Male,Urban,High School,More than 10L,0,8,6038,More than 1,B,Platinum,92664
27601,Male,Rural,High School,More than 10L,1,6,3642,1,A,Platinum,53880
63175,Male,Urban,Bachelor,5L-10L,0,5,6650,1,C,Gold,53928
6581,Female,Urban,Bachelor,More than 10L,0,3,3934,More than 1,A,Platinum,106020
66014,Female,Rural,Bachelor,5L-10L,1,3,2005,1,A,Gold,33768
60808,Male,Rural,High School,5L-10L,1,6,2255,1,A,Gold,100716
85233,Female,Urban,Bachelor,5L-10L,0,5,8987,More than 1,B,Silver,98064
85448,Female,Rural,Bachelor,5L-10L,1,8,0,1,A,Silver,30996
72860,Male,Urban,Bachelor,5L-10L,1,4,12786,1,A,Silver,42924
39519,Female,Urban,Bachelor,More than 10L,0,2,5651,1,A,Gold,44532
48313,Female,Rural,Bachelor,2L-5L,0,7,20051,More than 1,B,Silver,67968
43604,Male,Urban,Bachelor,5L-10L,0,6,5382,More than 1,A,Gold,96000
3380,Male,Rural,High School,5L-10L,1,8,5320,More than 1,A,Silver,107940
735,Female,Rural,High School,5L-10L,1,0,0,1,C,Gold,56496
12925,Female,Urban,High School,5L-10L,1,7,2200,1,A,Platinum,30432
73675,Male,Rural,Bachelor,5L-10L,1,5,6377,More than 1,A,Silver,70164
12907,Male,Urban,High School,5L-10L,1,5,2812,More than 1,A,Gold,99768
79070,Female,Urban,Bachelor,5L-10L,1,6,6794,More than 1,A,Gold,97164
24119,Male,Urban,Bachelor,2L-5L,1,4,5276,More than 1,A,Silver,100848
36931,Male,Urban,Bachelor,<=2L,1,7,5624,1,A,Silver,51564
37000,Female,Urban,High School,More than 10L,1,6,2820,1,A,Platinum,51792
60048,Male,Rural,High School,5L-10L,0,4,0,More than 1,C,Platinum,395592
47554,Male,Urban,High School,5L-10L,1,4,2036,1,B,Silver,34248
43231,Female,Urban,Bachelor,5L-10L,0,7,8996,More than 1,A,Platinum,117804
28849,Female,Rural,Others,2L-5L,0,3,2269,1,B,Silver,39744
71961,Female,Rural,High School,5L-10L,0,3,2552,More than 1,A,Platinum,110400
49608,Female,Urban,High School,More than 10L,0,0,12725,More than 1,A,Platinum,104040
44534,Female,Urban,High School,2L-5L,0,1,9886,1,A,Platinum,55044
54970,Female,Urban,High School,5L-10L,0,8,8965,More than 1,A,Silver,72132
11767,Male,Rural,Bachelor,5L-10L,1,3,8597,1,A,Platinum,50412
2120,Male,Urban,Bachelor,5L-10L,0,3,4208,More than 1,A,Silver,95832
84562,Male,Urban,Bachelor,2L-5L,1,3,3430,1,C,Silver,38400
77905,Male,Rural,Bachelor,More than 10L,1,3,0,More than 1,A,Platinum,62400
65904,Male,Urban,Bachelor,5L-10L,1,4,5431,1,B,Gold,35484
47689,Male,Rural,High School,5L-10L,1,4,5670,More than 1,A,Platinum,66060
43156,Female,Urban,High School,<=2L,1,2,5161,1,A,Silver,46980
84461,Female,Urban,High School,5L-10L,0,1,2330,1,B,Gold,38448
26399,Male,Rural,High School,2L-5L,0,7,2364,More than 1,B,Platinum,66780
65764,Male,Urban,High School,<=2L,0,4,3712,More than 1,A,Silver,102816
8131,Male,Rural,High School,5L-10L,1,1,0,More than 1,A,Silver,60648
2658,Female,Rural,High School,2L-5L,0,3,0,More than 1,B,Platinum,59868
73229,Male,Rural,Bachelor,5L-10L,0,2,7333,1,A,Platinum,56772
76148,Female,Rural,Bachelor,5L-10L,0,7,0,More than 1,A,Gold,99432
38085,Female,Urban,High School,5L-10L,1,1,5232,More than 1,A,Gold,382044
54741,Female,Urban,High School,More than 10L,0,3,6791,1,A,Platinum,55188
44755,Male,Urban,Bachelor,5L-10L,1,6,0,1,C,Silver,44400
15570,Female,Rural,High School,5L-10L,0,0,0,1,A,Platinum,43656
35037,Female,Urban,High School,2L-5L,0,2,0,1,B,Platinum,32856
58621,Female,Urban,Bachelor,5L-10L,1,2,6392,1,A,Platinum,32904
75118,Male,Rural,Bachelor,5L-10L,1,5,4715,1,A,Platinum,46080
57815,Female,Rural,Bachelor,5L-10L,0,4,0,More than 1,A,Silver,98832
63550,Female,Rural,Bachelor,5L-10L,1,0,0,More than 1,A,Platinum,121968
15085,Male,Rural,Bachelor,More than 10L,0,6,0,1,B,Platinum,35688
39397,Female,Rural,High School,2L-5L,1,2,0,1,B,Silver,31380
86306,Female,Urban,Others,5L-10L,1,0,19851,1,B,Gold,64044
67750,Female,Urban,Others,2L-5L,0,2,4814,1,A,Platinum,62640
58036,Male,Rural,Bachelor,5L-10L,1,5,0,1,B,Gold,49080
7446,Male,Urban,High School,5L-10L,1,5,7210,More than 1,A,Platinum,68664
27819,Male,Urban,High School,5L-10L,1,8,4490,More than 1,A,Gold,112968
23410,Female,Rural,Bachelor,5L-10L,0,4,0,1,C,Platinum,37656
38573,Female,Urban,High School,5L-10L,0,7,2423,More than 1,A,Gold,94392
87956,Male,Urban,Bachelor,5L-10L,0,8,5782,1,A,Silver,47340
78616,Male,Rural,High School,5L-10L,1,2,6817,1,A,Platinum,54096
38068,Male,Rural,Bachelor,5L-10L,1,3,0,1,A,Gold,36888
72733,Male,Urban,Bachelor,2L-5L,1,0,5443,1,A,Platinum,36624
45720,Male,Rural,Bachelor,5L-10L,0,4,0,More than 1,A,Gold,70740
14398,Male,Urban,Bachelor,5L-10L,1,8,6228,More than 1,A,Gold,33228
77024,Male,Urban,High School,5L-10L,1,1,4215,1,A,Gold,51672
299,Male,Rural,High School,5L-10L,1,5,8392,More than 1,A,Gold,99132
32989,Male,Urban,High School,5L-10L,1,5,4040,1,A,Platinum,102072
12531,Female,Rural,High School,5L-10L,0,7,9965,More than 1,A,Gold,96204
13312,Male,Urban,High School,2L-5L,1,6,6486,1,A,Platinum,51360
35546,Female,Rural,High School,5L-10L,1,6,0,More than 1,A,Silver,66012
80345,Female,Rural,High School,5L-10L,1,8,0,More than 1,C,Platinum,95556
10421,Female,Urban,Bachelor,5L-10L,1,1,11089,1,A,Platinum,52500
902,Female,Rural,High School,5L-10L,1,5,3769,1,C,Gold,58332
31431,Male,Urban,Bachelor,5L-10L,0,6,4740,1,A,Platinum,32508
37911,Female,Urban,High School,2L-5L,1,2,3845,More than 1,A,Gold,102984
21556,Male,Urban,High School,5L-10L,1,1,6582,More than 1,B,Gold,65136
67193,Male,Urban,Bachelor,5L-10L,1,1,5563,1,A,Platinum,31608
72179,Female,Urban,Bachelor,5L-10L,1,5,4132,More than 1,B,Silver,73992
16172,Male,Urban,High School,5L-10L,0,6,2206,1,A,Platinum,33684
33337,Male,Urban,High School,5L-10L,1,7,8293,1,A,Platinum,47448
71003,Female,Rural,High School,5L-10L,0,2,0,1,A,Platinum,32304
84243,Female,Urban,High School,More than 10L,0,6,3474,More than 1,B,Gold,93144
15051,Female,Urban,High School,5L-10L,1,7,5331,1,A,Silver,35112
5952,Female,Rural,High School,5L-10L,1,3,2077,1,B,Gold,34512
78783,Female,Urban,High School,More than 10L,0,4,12035,More than 1,A,Platinum,164916
14092,Male,Rural,Others,More than 10L,1,6,0,More than 1,B,Platinum,63888
79844,Male,Rural,Bachelor,More than 10L,0,6,2089,1,B,Platinum,45312
77350,Male,Urban,High School,2L-5L,1,1,6592,1,C,Platinum,45444
3509,Male,Urban,Bachelor,5L-10L,1,6,0,1,C,Platinum,34128
34012,Male,Rural,Bachelor,5L-10L,0,6,2081,1,B,Gold,35208
11287,Female,Rural,High School,5L-10L,1,4,4145,1,A,Platinum,60648
60635,Female,Urban,High School,2L-5L,0,5,6962,More than 1,B,Platinum,252756
88056,Female,Rural,Bachelor,5L-10L,0,7,4372,More than 1,B,Platinum,342660
45042,Male,Rural,High School,5L-10L,0,5,0,More than 1,A,Platinum,71472
47794,Female,Urban,High School,2L-5L,1,5,3988,1,A,Platinum,42012
56050,Female,Rural,Others,5L-10L,1,7,0,More than 1,A,Platinum,66660
15488,Female,Urban,Others,2L-5L,0,5,5335,1,A,Silver,36204
43808,Male,Rural,Bachelor,5L-10L,1,4,2833,More than 1,A,Platinum,94968
12038,Female,Urban,Bachelor,5L-10L,0,5,6023,More than 1,A,Platinum,187248
77889,Male,Urban,High School,More than 10L,1,1,4558,More than 1,A,Silver,63036
85190,Male,Urban,Bachelor,2L-5L,0,2,5120,1,A,Platinum,33540
10347,Male,Urban,High School,5L-10L,1,7,4048,More than 1,A,Platinum,89040
86517,Female,Urban,High School,5L-10L,1,7,2880,More than 1,A,Silver,63396
50494,Male,Urban,Bachelor,2L-5L,0,7,0,More than 1,B,Platinum,68076
60586,Female,Urban,High School,5L-10L,1,0,5102,1,A,Platinum,34716
87179,Female,Urban,Bachelor,5L-10L,1,6,0,More than 1,A,Gold,88584
63566,Male,Urban,Bachelor,5L-10L,0,6,6539,1,A,Silver,46884
12306,Female,Urban,Bachelor,2L-5L,0,7,6299,1,B,Platinum,59664
88167,Female,Rural,Bachelor,5L-10L,0,5,3895,More than 1,A,Silver,94704
66847,Male,Rural,High School,More than 10L,1,2,0,1,A,Silver,32052
87542,Female,Rural,Bachelor,2L-5L,0,4,2068,More than 1,B,Platinum,75300
56007,Male,Rural,Bachelor,5L-10L,0,6,2004,More than 1,A,Platinum,104628
20984,Female,Rural,Bachelor,2L-5L,0,8,0,1,B,Silver,40296
68185,Female,Rural,High School,More than 10L,0,6,5328,More than 1,A,Platinum,101592
18560,Male,Urban,Bachelor,2L-5L,0,6,19326,1,B,Silver,70812
36738,Female,Urban,Bachelor,5L-10L,1,8,4083,1,A,Gold,64512
18058,Female,Rural,High School,2L-5L,0,7,6437,1,A,Gold,48264
45148,Female,Urban,High School,2L-5L,0,2,20107,1,C,Gold,48384
82640,Male,Rural,High School,More than 10L,0,4,0,More than 1,A,Gold,96540
48273,Female,Urban,Bachelor,<=2L,1,7,7675,1,A,Platinum,31896
49275,Female,Rural,High School,5L-10L,1,4,0,More than 1,A,Gold,352752
28738,Female,Urban,High School,More than 10L,0,2,3878,More than 1,B,Platinum,112548
7627,Male,Urban,Bachelor,5L-10L,1,8,5740,More than 1,B,Platinum,106836
49870,Male,Urban,Bachelor,5L-10L,1,8,3486,1,A,Platinum,52968
11335,Male,Urban,High School,More than 10L,1,2,9716,More than 1,A,Platinum,63648
88079,Male,Urban,High School,5L-10L,1,4,5876,1,A,Gold,33420
28243,Male,Urban,Bachelor,More than 10L,0,4,6176,More than 1,A,Gold,97956
49064,Male,Urban,High School,2L-5L,0,6,7251,More than 1,B,Platinum,71196
18773,Female,Urban,High School,5L-10L,0,0,2837,More than 1,B,Platinum,64548
75644,Male,Rural,High School,More than 10L,1,2,2344,1,B,Platinum,46536
54892,Female,Urban,Bachelor,2L-5L,1,6,8012,More than 1,C,Platinum,64536
84389,Female,Urban,High School,2L-5L,0,7,0,More than 1,A,Silver,99480
35777,Female,Urban,High School,5L-10L,1,4,3927,1,A,Silver,43824
52738,Female,Urban,High School,More than 10L,1,5,2019,1,C,Platinum,52080
33355,Male,Urban,Bachelor,5L-10L,1,5,7736,1,C,Gold,60516
41061,Male,Urban,Bachelor,2L-5L,1,6,5304,1,A,Gold,33192
68520,Male,Urban,Bachelor,5L-10L,1,1,7360,1,A,Platinum,35712
45362,Male,Urban,High School,5L-10L,0,4,4211,More than 1,A,Platinum,92112
63205,Female,Rural,High School,2L-5L,1,0,0,1,C,Gold,56652
48848,Male,Urban,High School,5L-10L,1,4,6216,More than 1,A,Platinum,103200
35572,Female,Urban,High School,2L-5L,0,6,0,1,A,Silver,32964
49933,Male,Rural,Bachelor,5L-10L,0,7,0,1,A,Silver,103212
52837,Male,Rural,Bachelor,5L-10L,0,6,0,1,A,Platinum,37992
34659,Female,Rural,High School,5L-10L,1,8,0,1,B,Platinum,36936
38716,Male,Urban,Bachelor,5L-10L,0,4,6186,More than 1,B,Platinum,68832
52901,Male,Rural,Others,2L-5L,0,5,3134,1,B,Silver,64392
19260,Male,Urban,Bachelor,5L-10L,1,4,4279,More than 1,A,Platinum,60216
20153,Male,Rural,High School,5L-10L,1,6,2360,1,B,Platinum,38136
62495,Female,Urban,Bachelor,5L-10L,0,8,2773,More than 1,C,Gold,103320
12492,Female,Urban,High School,2L-5L,1,7,2817,1,B,Platinum,33696
25395,Male,Rural,Bachelor,5L-10L,0,8,5489,More than 1,A,Platinum,97920
62404,Male,Urban,High School,5L-10L,0,6,2920,1,A,Silver,29700
23926,Male,Urban,Bachelor,More than 10L,0,4,4111,More than 1,A,Platinum,105828
83774,Female,Rural,High School,More than 10L,1,6,2178,1,A,Silver,33372
79085,Male,Urban,Bachelor,5L-10L,1,5,6638,More than 1,A,Platinum,185280
8712,Male,Urban,High School,2L-5L,1,4,4025,1,C,Platinum,33456
45233,Female,Rural,High School,5L-10L,1,7,2160,More than 1,B,Platinum,70548
14656,Female,Urban,Bachelor,2L-5L,0,5,6492,1,B,Silver,50772
6915,Male,Urban,Bachelor,5L-10L,1,4,6368,1,B,Silver,39768
74347,Female,Rural,Others,5L-10L,0,6,2443,1,A,Silver,34812
70432,Male,Urban,Bachelor,2L-5L,0,5,5522,1,A,Platinum,30576
80070,Female,Rural,Bachelor,5L-10L,1,1,3861,More than 1,B,Platinum,68676
43180,Female,Urban,High School,5L-10L,0,6,0,1,A,Platinum,34080
19287,Female,Rural,High School,5L-10L,1,1,6076,More than 1,A,Gold,71256
66657,Female,Rural,High School,5L-10L,1,5,0,1,B,Silver,71400
13680,Male,Urban,Bachelor,2L-5L,1,2,6891,More than 1,C,Gold,444468
5340,Female,Urban,High School,5L-10L,1,7,0,More than 1,B,Gold,73584
10526,Male,Rural,Bachelor,5L-10L,1,2,2762,More than 1,A,Silver,74220
89026,Male,Rural,Bachelor,2L-5L,1,3,0,1,A,Platinum,37908
51085,Male,Rural,High School,More than 10L,1,8,2621,1,B,Platinum,49248
84679,Male,Rural,Bachelor,5L-10L,1,3,3185,More than 1,B,Silver,70488
23548,Male,Rural,Bachelor,5L-10L,1,4,0,1,A,Platinum,51408
20647,Female,Urban,High School,5L-10L,0,2,4196,1,A,Platinum,37332
56352,Male,Urban,High School,5L-10L,0,8,9198,More than 1,A,Platinum,106260
74248,Female,Urban,High School,5L-10L,0,1,5269,1,A,Silver,34308
35323,Male,Rural,Bachelor,5L-10L,1,6,3052,1,A,Silver,58332
53047,Male,Urban,High School,2L-5L,0,7,5614,1,B,Silver,38088
88974,Male,Urban,High School,5L-10L,0,7,8742,More than 1,B,Gold,111828
81784,Female,Urban,Bachelor,More than 10L,1,8,0,1,B,Silver,37932
42964,Female,Rural,High School,5L-10L,1,7,4588,1,A,Platinum,40872
79195,Female,Urban,High School,<=2L,1,1,5474,More than 1,A,Gold,88776
51929,Female,Urban,High School,5L-10L,1,1,11537,1,A,Platinum,36072
15925,Male,Urban,Bachelor,More than 10L,0,6,0,More than 1,B,Platinum,65508
42477,Female,Rural,High School,5L-10L,1,5,2501,More than 1,B,Platinum,101124
87587,Male,Urban,Bachelor,More than 10L,1,3,4501,1,A,Platinum,31044
27046,Male,Urban,Others,2L-5L,1,1,4246,More than 1,A,Platinum,30792
27237,Female,Rural,Others,2L-5L,0,3,5578,1,A,Silver,35220
23796,Female,Urban,High School,5L-10L,1,2,4209,More than 1,C,Gold,110904
71548,Female,Urban,Bachelor,<=2L,1,7,4094,1,A,Platinum,56112
12200,Male,Urban,High School,5L-10L,0,5,4050,More than 1,A,Platinum,338220
13635,Male,Rural,Bachelor,5L-10L,0,6,0,More than 1,B,Silver,93096
42180,Male,Urban,Bachelor,2L-5L,1,6,6449,More than 1,A,Platinum,106956
81323,Female,Urban,High School,5L-10L,0,1,3440,More than 1,C,Platinum,257868
74859,Male,Rural,High School,2L-5L,1,7,4179,1,B,Platinum,32784
23281,Female,Rural,High School,5L-10L,0,6,5886,More than 1,A,Platinum,60888
68380,Male,Urban,High School,2L-5L,0,3,5876,1,A,Silver,32988
31751,Female,Urban,Others,5L-10L,1,6,6080,1,B,Platinum,34536
27714,Male,Urban,Bachelor,2L-5L,1,5,6657,More than 1,A,Silver,106320
33789,Male,Rural,High School,5L-10L,0,1,0,More than 1,A,Gold,69072
17446,Male,Urban,High School,5L-10L,1,5,5315,More than 1,A,Platinum,97296
37971,Female,Urban,Bachelor,More than 10L,0,7,3741,More than 1,A,Platinum,44604
13873,Male,Urban,Bachelor,5L-10L,1,5,0,More than 1,B,Silver,71688
33801,Male,Urban,Bachelor,5L-10L,0,6,5190,1,A,Gold,29748
49428,Male,Rural,High School,5L-10L,1,5,2061,1,A,Platinum,53568
36422,Male,Urban,High School,<=2L,0,2,6723,1,A,Silver,49440
10682,Male,Urban,High School,5L-10L,0,7,0,1,B,Silver,50592
13962,Female,Rural,High School,5L-10L,0,2,5273,1,A,Platinum,64812
1303,Female,Rural,High School,5L-10L,1,6,0,More than 1,A,Platinum,222972
81729,Female,Urban,Bachelor,More than 10L,0,1,16338,More than 1,A,Platinum,167520
8706,Male,Urban,Bachelor,5L-10L,0,4,3777,More than 1,B,Platinum,89748
24831,Male,Urban,Bachelor,5L-10L,1,1,8741,1,A,Gold,55164
67439,Male,Rural,High School,More than 10L,0,7,0,More than 1,B,Platinum,69696
54495,Male,Urban,Bachelor,5L-10L,0,1,6601,More than 1,C,Gold,230940
23683,Male,Urban,High School,2L-5L,1,3,0,More than 1,B,Platinum,66960
77121,Male,Rural,High School,5L-10L,1,5,3360,1,A,Platinum,31152
62086,Female,Urban,Bachelor,2L-5L,1,4,6903,1,C,Silver,33264
79515,Female,Urban,High School,5L-10L,1,7,9714,More than 1,A,Gold,103344
89164,Male,Urban,High School,More than 10L,0,8,6237,More than 1,A,Platinum,169728
30852,Male,Rural,Bachelor,5L-10L,0,4,5568,More than 1,A,Gold,88200
53863,Male,Rural,Bachelor,5L-10L,1,8,3400,More than 1,B,Platinum,67440
84366,Female,Urban,Others,More than 10L,0,5,3988,More than 1,B,Platinum,95724
70291,Female,Urban,High School,5L-10L,1,2,7779,More than 1,A,Platinum,99624
8836,Male,Urban,High School,2L-5L,0,5,3712,More than 1,A,Platinum,66360
77327,Male,Urban,High School,<=2L,1,7,7154,More than 1,A,Platinum,70188
59748,Female,Rural,High School,5L-10L,1,7,0,1,B,Gold,34404
14204,Female,Rural,Bachelor,More than 10L,0,6,0,More than 1,B,Gold,72372
51891,Female,Urban,High School,5L-10L,0,6,8988,More than 1,A,Platinum,63216
88718,Male,Urban,High School,More than 10L,0,7,3830,1,B,Platinum,30456
85066,Female,Urban,High School,5L-10L,0,6,7597,1,B,Gold,57960
9629,Female,Rural,High School,5L-10L,1,5,0,More than 1,A,Gold,88380
62704,Female,Urban,High School,5L-10L,0,7,5228,More than 1,A,Silver,102396
15857,Female,Urban,High School,5L-10L,0,6,0,1,C,Gold,35688
61890,Male,Urban,Bachelor,More than 10L,1,1,0,1,C,Platinum,34212
49713,Male,Urban,Bachelor,2L-5L,1,7,4163,More than 1,B,Silver,73452
40124,Female,Urban,High School,2L-5L,0,6,6106,1,A,Platinum,65664
53626,Male,Rural,High School,More than 10L,1,6,0,1,B,Platinum,69540
45299,Male,Urban,Bachelor,More than 10L,1,6,4201,More than 1,B,Platinum,75444
5082,Male,Rural,High School,5L-10L,1,6,0,More than 1,A,Platinum,97920
75635,Male,Urban,High School,2L-5L,0,6,6095,1,B,Platinum,38856
75292,Female,Urban,Bachelor,5L-10L,0,2,2343,More than 1,A,Platinum,95736
83243,Female,Urban,Bachelor,5L-10L,0,6,4617,More than 1,A,Platinum,102336
53463,Female,Urban,Bachelor,5L-10L,1,3,2471,More than 1,A,Platinum,63024
33732,Male,Rural,High School,5L-10L,1,6,4136,More than 1,B,Platinum,66444
80047,Female,Urban,Bachelor,5L-10L,1,6,5671,More than 1,A,Platinum,63732
11680,Male,Urban,High School,More than 10L,1,5,6385,More than 1,A,Gold,108588
64545,Female,Urban,Bachelor,5L-10L,1,6,11184,More than 1,A,Platinum,100776
82036,Female,Urban,High School,2L-5L,0,1,5010,1,A,Gold,43380
47018,Male,Rural,Bachelor,More than 10L,1,2,5219,1,A,Platinum,56640
73063,Male,Urban,Others,More than 10L,1,2,3949,1,A,Platinum,46272
46642,Female,Urban,High School,2L-5L,0,1,2176,More than 1,A,Gold,89580
72602,Male,Urban,High School,5L-10L,0,8,4190,More than 1,A,Platinum,104508
70686,Female,Urban,High School,2L-5L,1,4,6921,1,A,Silver,48132
44906,Female,Urban,High School,2L-5L,1,4,5256,More than 1,A,Platinum,30216
45070,Male,Urban,High School,5L-10L,1,6,2470,1,A,Platinum,44496
60645,Male,Rural,Bachelor,5L-10L,0,2,0,More than 1,A,Platinum,74136
28476,Female,Urban,High School,2L-5L,1,4,4944,More than 1,A,Platinum,97608
25567,Female,Urban,Bachelor,2L-5L,1,3,2549,More than 1,B,Platinum,74796
42013,Male,Urban,Bachelor,5L-10L,0,1,6826,More than 1,A,Platinum,75132
81620,Male,Urban,High School,5L-10L,1,6,2053,1,A,Silver,34776
62957,Male,Urban,High School,More than 10L,1,8,6866,More than 1,B,Platinum,145488
27951,Male,Urban,Bachelor,2L-5L,1,6,8814,More than 1,A,Platinum,163824
65832,Male,Rural,Bachelor,More than 10L,0,6,0,1,A,Silver,29808
3060,Female,Urban,High School,5L-10L,0,1,9031,More than 1,A,Gold,104256
53966,Female,Urban,High School,5L-10L,1,4,4607,1,A,Platinum,41148
32141,Male,Rural,Bachelor,5L-10L,1,5,2600,1,B,Platinum,43224
57830,Female,Urban,Bachelor,5L-10L,0,5,9883,More than 1,A,Platinum,108996
45228,Female,Urban,High School,More than 10L,1,4,2971,1,A,Platinum,48540
39937,Female,Rural,Bachelor,More than 10L,0,6,5478,More than 1,B,Platinum,38808
27995,Male,Urban,Bachelor,5L-10L,1,5,4138,1,A,Gold,50508
22471,Female,Urban,Others,5L-10L,1,4,3858,1,A,Platinum,49032
40721,Male,Urban,High School,5L-10L,1,7,2380,More than 1,A,Gold,65436
12147,Female,Urban,Bachelor,5L-10L,1,4,6125,More than 1,B,Platinum,159276
2146,Male,Urban,Bachelor,5L-10L,1,0,3102,More than 1,B,Platinum,35616
4415,Female,Rural,High School,5L-10L,0,5,10678,More than 1,A,Silver,97980
53525,Female,Rural,Others,More than 10L,1,1,0,More than 1,A,Platinum,67380
53586,Male,Rural,High School,More than 10L,0,4,0,1,A,Platinum,33132
83458,Male,Rural,Bachelor,5L-10L,1,6,0,1,B,Platinum,36228
73275,Male,Urban,High School,5L-10L,1,6,7090,1,C,Silver,36708
4483,Male,Rural,Bachelor,More than 10L,1,5,3148,More than 1,B,Platinum,67728
65481,Female,Urban,Bachelor,<=2L,1,6,7088,More than 1,C,Platinum,98412
13106,Male,Rural,Bachelor,5L-10L,0,1,2721,1,A,Platinum,48408
25535,Female,Rural,Bachelor,More than 10L,1,1,2613,More than 1,A,Silver,101112
26713,Female,Rural,High School,5L-10L,0,1,8450,More than 1,A,Gold,67584
4701,Male,Rural,High School,5L-10L,1,3,2036,1,C,Silver,37212
63095,Male,Rural,Bachelor,5L-10L,1,1,0,1,B,Silver,42588
64558,Male,Rural,Bachelor,5L-10L,1,1,3239,More than 1,B,Platinum,68268
55100,Male,Urban,High School,5L-10L,0,5,7035,1,C,Platinum,50196
69501,Male,Urban,High School,5L-10L,0,0,6495,1,A,Silver,34188
79867,Male,Urban,Bachelor,More than 10L,1,4,5829,1,A,Platinum,30240
51708,Male,Rural,Bachelor,More than 10L,1,6,3167,More than 1,B,Silver,72720
13897,Female,Urban,High School,5L-10L,0,6,8429,More than 1,A,Silver,88368
62782,Male,Urban,High School,2L-5L,0,5,7917,More than 1,A,Silver,358872
33936,Male,Urban,Bachelor,2L-5L,0,4,4409,More than 1,A,Silver,99276
86753,Female,Rural,Bachelor,More than 10L,1,4,3776,More than 1,B,Platinum,95532
38575,Male,Rural,Bachelor,5L-10L,1,5,2611,More than 1,A,Silver,97296
13404,Male,Urban,High School,5L-10L,1,4,3874,1,A,Platinum,44580
68684,Female,Urban,Others,More than 10L,1,3,0,1,A,Silver,68796
8354,Female,Urban,Others,2L-5L,0,2,10854,More than 1,A,Platinum,61344
34863,Female,Rural,Bachelor,2L-5L,1,6,2740,More than 1,B,Silver,71028
88300,Male,Urban,Bachelor,5L-10L,1,5,6292,1,A,Platinum,46752
42034,Female,Rural,Bachelor,5L-10L,1,6,4132,More than 1,B,Silver,70308
60860,Male,Urban,Bachelor,2L-5L,0,6,5435,More than 1,A,Platinum,100704
40006,Male,Urban,High School,5L-10L,1,6,3906,1,A,Platinum,45816
19553,Female,Urban,Bachelor,5L-10L,0,4,5505,1,A,Silver,32352
25474,Male,Urban,Bachelor,2L-5L,0,4,6875,1,B,Silver,49248
29905,Male,Rural,Bachelor,5L-10L,1,5,0,More than 1,A,Platinum,94908
16103,Female,Urban,Bachelor,5L-10L,1,7,6988,More than 1,A,Platinum,62088
54605,Female,Urban,High School,2L-5L,0,1,6900,More than 1,A,Silver,103536
49075,Male,Rural,Bachelor,5L-10L,1,8,0,1,B,Silver,37584
51804,Female,Urban,Bachelor,5L-10L,0,5,11471,More than 1,A,Silver,111348
63764,Male,Urban,Bachelor,2L-5L,1,6,5648,1,A,Platinum,34116
15469,Female,Rural,High School,2L-5L,1,5,0,More than 1,A,Gold,59880
61450,Female,Rural,High School,5L-10L,0,0,0,1,B,Gold,45300
42577,Male,Urban,High School,2L-5L,1,6,5707,1,A,Platinum,67488
34540,Female,Rural,High School,More than 10L,0,6,2872,More than 1,A,Platinum,101904
37108,Male,Rural,Bachelor,5L-10L,0,7,4243,More than 1,B,Gold,97848
63293,Male,Urban,High School,2L-5L,0,5,7341,More than 1,A,Platinum,62268
60727,Female,Urban,High School,5L-10L,1,7,10250,More than 1,A,Platinum,105828
12453,Female,Urban,High School,5L-10L,1,6,5906,More than 1,A,Platinum,87792
78241,Female,Rural,High School,More than 10L,1,1,0,More than 1,B,Platinum,70368
11543,Male,Rural,High School,5L-10L,0,4,2026,More than 1,B,Gold,61692
30996,Male,Urban,High School,2L-5L,0,5,4142,1,A,Gold,49848
65298,Male,Rural,High School,2L-5L,1,3,6479,1,A,Platinum,47556
31126,Female,Urban,Bachelor,5L-10L,1,8,6909,More than 1,A,Platinum,285636
13967,Male,Urban,Bachelor,2L-5L,1,4,3339,More than 1,B,Platinum,104460
78486,Male,Urban,High School,2L-5L,1,7,3689,More than 1,A,Platinum,277344
2017,Male,Urban,High School,5L-10L,1,1,4453,1,A,Platinum,49332
78772,Female,Urban,High School,5L-10L,1,5,6137,1,A,Gold,43104
2833,Female,Rural,Bachelor,5L-10L,0,2,6439,1,A,Platinum,35940
87381,Male,Urban,High School,5L-10L,1,7,3921,More than 1,A,Silver,60876
21525,Female,Rural,Bachelor,5L-10L,0,5,2739,1,B,Platinum,34716
10134,Female,Rural,High School,More than 10L,0,2,6564,1,A,Platinum,28848
6043,Male,Urban,High School,2L-5L,1,6,6086,More than 1,C,Platinum,101400
33109,Male,Rural,High School,5L-10L,1,0,0,1,A,Silver,28392
49774,Male,Urban,Bachelor,2L-5L,1,2,2887,1,C,Silver,62940
71975,Female,Rural,Bachelor,2L-5L,0,5,5433,1,A,Platinum,40860
11340,Male,Rural,High School,5L-10L,1,6,0,More than 1,B,Silver,71832
6804,Female,Rural,Others,2L-5L,0,1,5409,More than 1,B,Silver,64644
32594,Female,Urban,Bachelor,More than 10L,1,6,4388,More than 1,A,Silver,430344
56667,Female,Rural,Bachelor,More than 10L,1,2,0,More than 1,A,Platinum,66780
32905,Male,Urban,Bachelor,2L-5L,1,5,6052,More than 1,A,Platinum,100800
18810,Male,Urban,Others,2L-5L,1,5,4770,1,B,Silver,32172
63310,Male,Urban,Bachelor,2L-5L,1,2,3559,More than 1,B,Platinum,59016
19040,Male,Urban,Bachelor,2L-5L,1,7,2361,1,A,Gold,51120
83322,Female,Urban,High School,More than 10L,0,8,4824,1,C,Silver,32076
40813,Female,Urban,High School,5L-10L,0,2,3846,More than 1,A,Platinum,97248
13482,Male,Urban,High School,5L-10L,1,5,10488,More than 1,A,Platinum,233988
24863,Male,Urban,High School,5L-10L,1,2,5663,1,B,Gold,109932
38142,Female,Rural,Bachelor,5L-10L,1,4,0,More than 1,A,Platinum,92832
47111,Female,Urban,Bachelor,5L-10L,0,7,8175,More than 1,A,Platinum,99576
31074,Female,Rural,Bachelor,5L-10L,0,7,0,1,B,Silver,50160
46884,Male,Urban,High School,More than 10L,1,5,5160,1,C,Gold,36276
49509,Male,Urban,High School,More than 10L,1,2,3831,1,A,Gold,42372
83329,Female,Urban,Others,5L-10L,1,3,0,1,B,Silver,35928
14827,Male,Urban,Bachelor,5L-10L,1,5,6390,More than 1,A,Platinum,121740
68778,Male,Urban,Bachelor,5L-10L,1,3,4431,More than 1,C,Platinum,95772
61614,Female,Urban,High School,2L-5L,1,6,0,More than 1,C,Gold,59832
33496,Male,Urban,High School,5L-10L,1,7,3817,1,A,Platinum,32196
66634,Female,Rural,Bachelor,2L-5L,0,7,0,1,B,Silver,41448
73784,Male,Rural,Others,More than 10L,1,4,2119,1,A,Platinum,29208
34777,Female,Rural,High School,More than 10L,0,8,3083,1,B,Gold,49272
86743,Male,Urban,High School,2L-5L,0,2,5619,More than 1,A,Platinum,62484
27182,Male,Rural,Bachelor,5L-10L,1,3,0,1,A,Platinum,53388
63874,Male,Urban,High School,More than 10L,1,4,5776,1,A,Gold,31380
6802,Male,Rural,Bachelor,5L-10L,1,6,4260,1,B,Platinum,63660
58208,Male,Urban,High School,2L-5L,1,7,8700,More than 1,A,Silver,167736
87350,Male,Urban,Bachelor,5L-10L,1,5,5689,More than 1,A,Platinum,107124
40712,Male,Urban,Bachelor,5L-10L,0,1,4048,1,A,Platinum,33264
8324,Male,Urban,Bachelor,More than 10L,0,8,4017,More than 1,B,Gold,103776
17495,Male,Urban,High School,5L-10L,0,5,2288,1,B,Platinum,33360
89031,Male,Urban,High School,5L-10L,1,2,2421,1,A,Platinum,45300
87763,Male,Urban,High School,5L-10L,1,2,6156,1,A,Platinum,63516
57229,Female,Urban,High School,2L-5L,0,7,5066,More than 1,A,Silver,111396
17153,Male,Rural,High School,5L-10L,1,5,0,1,A,Platinum,31284
24107,Male,Urban,Bachelor,2L-5L,0,2,7211,More than 1,A,Platinum,68208
47297,Male,Urban,High School,5L-10L,1,1,5368,1,C,Gold,37944
54829,Male,Urban,Bachelor,2L-5L,1,5,5314,More than 1,A,Platinum,98580
2771,Female,Urban,High School,5L-10L,0,5,8883,More than 1,A,Platinum,71028
2978,Male,Urban,High School,5L-10L,0,5,9055,More than 1,A,Platinum,177204
23110,Female,Rural,Bachelor,More than 10L,0,8,5480,More than 1,B,Platinum,70752
38285,Male,Urban,Bachelor,5L-10L,1,7,3420,More than 1,A,Platinum,95580
86866,Female,Rural,Bachelor,5L-10L,0,6,6690,More than 1,A,Platinum,103704
39728,Male,Urban,Bachelor,5L-10L,1,7,3850,1,A,Platinum,32916
22883,Female,Urban,High School,5L-10L,0,7,8406,More than 1,B,Gold,108660
59263,Female,Rural,Bachelor,5L-10L,1,6,0,1,A,Silver,48144
61275,Male,Rural,Bachelor,2L-5L,1,8,5408,1,A,Platinum,54096
42342,Female,Urban,High School,5L-10L,1,6,7570,More than 1,A,Gold,90528
33146,Female,Rural,High School,5L-10L,1,6,3052,1,C,Silver,57972
74085,Male,Urban,Bachelor,More than 10L,1,6,9408,More than 1,A,Platinum,118260
13522,Male,Urban,High School,5L-10L,1,2,2943,More than 1,A,Platinum,62556
84134,Female,Urban,High School,<=2L,1,5,10980,1,A,Platinum,54996
2355,Female,Urban,High School,5L-10L,0,8,6559,More than 1,C,Platinum,66312
78691,Male,Urban,High School,5L-10L,0,3,7099,1,A,Platinum,44748
28700,Female,Urban,High School,2L-5L,1,5,3876,1,A,Silver,42576
10704,Male,Rural,Bachelor,More than 10L,1,6,3926,More than 1,A,Platinum,87420
32087,Male,Urban,Bachelor,5L-10L,1,4,2508,1,B,Silver,56868
26933,Male,Urban,High School,<=2L,1,5,4560,1,A,Gold,56484
31552,Male,Urban,Bachelor,More than 10L,1,6,9593,More than 1,A,Platinum,59544
89200,Female,Urban,Bachelor,2L-5L,0,2,5114,More than 1,C,Platinum,228636
9015,Female,Rural,High School,More than 10L,1,2,0,More than 1,A,Silver,114156
86394,Female,Urban,High School,More than 10L,0,7,9354,More than 1,A,Silver,102072
22851,Male,Urban,Bachelor,2L-5L,0,3,3193,More than 1,B,Silver,103344
35036,Male,Urban,Bachelor,More than 10L,0,8,4489,1,B,Gold,59652
16017,Male,Urban,Bachelor,5L-10L,0,5,5786,1,C,Platinum,48168
8925,Male,Rural,High School,More than 10L,0,1,0,More than 1,B,Platinum,61872
21748,Male,Rural,High School,5L-10L,1,5,4842,1,B,Platinum,33684
52966,Female,Urban,Bachelor,5L-10L,0,6,11226,More than 1,A,Platinum,106440
50142,Female,Rural,Bachelor,More than 10L,0,4,0,1,B,Platinum,49272
13384,Female,Rural,High School,More than 10L,1,5,2170,More than 1,B,Platinum,72576
87131,Female,Rural,High School,5L-10L,1,8,4948,More than 1,B,Platinum,69552
45682,Male,Urban,High School,5L-10L,1,6,4156,More than 1,A,Gold,103788
50489,Female,Urban,Bachelor,5L-10L,1,8,5169,1,B,Silver,55680
74689,Female,Rural,Others,More than 10L,1,5,0,1,B,Silver,37392
80211,Female,Urban,High School,5L-10L,1,7,5467,More than 1,A,Silver,99828
45555,Male,Urban,Bachelor,2L-5L,0,6,11704,More than 1,A,Silver,63624
4639,Female,Rural,Bachelor,5L-10L,1,3,3282,More than 1,B,Silver,73260
30338,Female,Urban,High School,5L-10L,0,3,5707,More than 1,A,Gold,116748
9820,Male,Urban,Bachelor,More than 10L,0,4,5631,1,A,Platinum,47616
74307,Female,Rural,High School,5L-10L,1,2,4115,More than 1,C,Gold,58800
69758,Male,Rural,Bachelor,5L-10L,1,8,0,More than 1,B,Platinum,70776
53224,Female,Rural,High School,5L-10L,0,5,3527,More than 1,B,Platinum,70668
8981,Female,Urban,Bachelor,5L-10L,0,3,6916,1,A,Platinum,48192
71718,Male,Rural,Bachelor,More than 10L,1,5,0,More than 1,A,Silver,65436
1290,Female,Urban,Bachelor,5L-10L,0,6,6649,More than 1,A,Platinum,56364
2525,Male,Urban,High School,5L-10L,0,0,6127,More than 1,A,Platinum,106608
32224,Female,Urban,High School,5L-10L,1,7,6428,1,A,Platinum,56004
32806,Male,Rural,Bachelor,5L-10L,1,8,3377,More than 1,B,Platinum,67008
47607,Male,Urban,High School,2L-5L,1,6,5404,1,A,Platinum,32004
33643,Male,Urban,Bachelor,5L-10L,1,5,8213,More than 1,A,Platinum,67260
43272,Female,Urban,Bachelor,5L-10L,1,4,2731,More than 1,A,Silver,102540
72850,Female,Rural,High School,5L-10L,1,2,2331,More than 1,A,Gold,101520
64957,Female,Rural,High School,5L-10L,0,2,3697,More than 1,B,Gold,165444
4781,Male,Urban,High School,2L-5L,1,4,0,1,A,Silver,32448
72604,Male,Urban,High School,2L-5L,0,4,5768,1,C,Gold,30780
78499,Male,Urban,Others,5L-10L,1,1,3681,1,B,Silver,34416
59859,Female,Rural,Bachelor,More than 10L,0,7,0,1,B,Platinum,32340
85023,Female,Urban,High School,5L-10L,1,5,3256,More than 1,B,Silver,75108
84206,Female,Rural,Bachelor,More than 10L,0,7,0,1,A,Silver,33036
57493,Male,Urban,Bachelor,5L-10L,0,3,4950,More than 1,B,Platinum,90792
6413,Female,Urban,High School,2L-5L,1,5,3604,More than 1,A,Platinum,58920
51875,Male,Urban,High School,5L-10L,1,2,6481,1,B,Platinum,59016
74180,Male,Urban,High School,More than 10L,0,7,4951,1,A,Silver,36540
57264,Female,Rural,Bachelor,2L-5L,1,8,0,1,B,Platinum,60468
52186,Male,Urban,High School,5L-10L,1,5,5507,1,A,Gold,34176
40106,Male,Rural,High School,5L-10L,1,5,6165,1,B,Silver,33732
2979,Female,Urban,Bachelor,<=2L,1,5,5591,More than 1,A,Platinum,98652
23553,Male,Rural,Bachelor,More than 10L,1,3,3166,More than 1,B,Gold,69084
45864,Female,Urban,Bachelor,5L-10L,1,6,3781,More than 1,A,Platinum,69384
19754,Male,Urban,High School,5L-10L,1,7,8717,More than 1,A,Platinum,452640
20272,Male,Rural,Bachelor,5L-10L,1,1,0,1,B,Gold,63648
35816,Male,Urban,Others,5L-10L,1,4,4656,1,A,Platinum,36960
40336,Female,Urban,High School,5L-10L,0,0,5252,More than 1,A,Platinum,69624
58510,Male,Urban,Bachelor,More than 10L,0,4,0,1,A,Gold,32664
3876,Female,Rural,Bachelor,More than 10L,0,7,4044,More than 1,A,Platinum,74076
36136,Male,Urban,High School,5L-10L,1,7,3950,1,A,Silver,38436
55952,Female,Urban,High School,5L-10L,1,3,7618,More than 1,A,Gold,411516
58984,Male,Urban,Bachelor,5L-10L,1,4,5913,More than 1,A,Silver,98160
5081,Male,Urban,Bachelor,2L-5L,1,4,6931,More than 1,A,Platinum,60012
285,Female,Urban,High School,2L-5L,1,3,5005,1,A,Platinum,30900
87281,Male,Urban,High School,5L-10L,1,8,4033,1,C,Platinum,53496
58014,Male,Urban,Bachelor,5L-10L,1,1,4007,More than 1,B,Gold,64920
39059,Male,Rural,Bachelor,5L-10L,1,7,4045,More than 1,B,Platinum,70728
3917,Male,Rural,Bachelor,More than 10L,1,0,0,More than 1,A,Platinum,63288
14481,Male,Rural,Bachelor,5L-10L,0,5,0,1,B,Platinum,53100
3902,Male,Urban,Bachelor,5L-10L,1,7,2045,More than 1,A,Gold,96192
23561,Female,Rural,High School,5L-10L,1,3,0,More than 1,B,Gold,53580
30362,Male,Urban,Bachelor,More than 10L,0,6,4734,More than 1,A,Platinum,112344
63836,Female,Urban,High School,2L-5L,1,6,4159,1,B,Silver,55500
62553,Male,Rural,High School,More than 10L,1,4,2602,More than 1,A,Platinum,93564
50491,Male,Urban,High School,5L-10L,1,7,6121,1,A,Platinum,54420
62048,Male,Rural,High School,5L-10L,1,6,3253,1,A,Silver,58332
37212,Male,Urban,Bachelor,2L-5L,0,3,2626,More than 1,B,Gold,65328
54062,Male,Urban,High School,2L-5L,1,4,4304,More than 1,A,Platinum,95904
78548,Male,Urban,Bachelor,5L-10L,1,3,0,More than 1,A,Platinum,98676
24962,Male,Urban,Bachelor,5L-10L,1,6,5498,1,B,Silver,36240
73808,Female,Urban,Bachelor,5L-10L,0,6,10996,More than 1,A,Silver,101052
57876,Male,Rural,High School,5L-10L,1,1,0,1,B,Platinum,35340
31063,Female,Urban,Bachelor,2L-5L,1,1,5402,More than 1,A,Gold,59196
54609,Female,Urban,Others,5L-10L,0,5,2504,More than 1,A,Silver,114588
4711,Female,Urban,High School,5L-10L,0,5,7291,More than 1,A,Platinum,105588
65463,Male,Urban,High School,2L-5L,0,7,16337,1,A,Gold,48444
54131,Male,Rural,Bachelor,More than 10L,0,7,5105,1,C,Platinum,45216
78624,Female,Urban,High School,2L-5L,1,7,7306,More than 1,A,Silver,114768
55050,Female,Urban,High School,5L-10L,1,3,0,1,A,Platinum,59448
53768,Female,Urban,Bachelor,5L-10L,1,6,5232,1,A,Platinum,35760
18695,Male,Urban,High School,More than 10L,1,2,0,1,B,Platinum,31332
80383,Male,Urban,High School,5L-10L,0,7,2400,1,A,Platinum,36948
34663,Male,Urban,Others,More than 10L,1,4,3689,1,A,Platinum,30708
58221,Female,Rural,Bachelor,2L-5L,0,3,0,More than 1,A,Gold,88488
62111,Male,Rural,Bachelor,2L-5L,1,6,3422,More than 1,B,Silver,71652
20863,Female,Urban,Bachelor,5L-10L,1,7,5092,1,A,Gold,68724
84914,Male,Urban,Bachelor,2L-5L,1,6,4088,1,C,Platinum,31632
79647,Male,Urban,High School,2L-5L,1,3,4216,More than 1,A,Platinum,58776
34688,Male,Urban,Bachelor,5L-10L,1,6,0,1,B,Platinum,38148
71833,Male,Urban,Bachelor,2L-5L,0,8,4280,More than 1,A,Platinum,100476
36158,Male,Urban,High School,5L-10L,1,6,0,More than 1,A,Platinum,103740
40619,Female,Rural,High School,More than 10L,1,6,0,1,A,Gold,51024
79325,Male,Urban,Bachelor,More than 10L,0,8,4022,More than 1,A,Gold,89064
37806,Female,Rural,High School,5L-10L,1,8,0,1,A,Platinum,45396
64655,Male,Urban,High School,5L-10L,0,1,0,1,B,Platinum,49464
38005,Male,Urban,High School,2L-5L,1,2,4043,More than 1,B,Gold,64332
59973,Female,Urban,High School,2L-5L,0,6,5046,More than 1,A,Gold,99468
86637,Male,Urban,High School,2L-5L,1,8,6376,1,A,Silver,48564
69952,Female,Rural,High School,5L-10L,0,4,0,1,A,Silver,43680
17678,Male,Rural,Bachelor,2L-5L,0,1,2046,1,B,Silver,56916
26043,Female,Urban,Bachelor,2L-5L,0,6,4989,1,A,Platinum,40164
8470,Male,Urban,Bachelor,2L-5L,0,6,5546,More than 1,C,Platinum,103824
50841,Female,Urban,High School,5L-10L,0,5,4589,1,B,Platinum,37764
45374,Female,Urban,Bachelor,5L-10L,0,6,13048,More than 1,A,Platinum,101676
71348,Female,Urban,Bachelor,5L-10L,0,1,8644,More than 1,A,Gold,261876
14377,Male,Urban,Bachelor,5L-10L,0,2,6816,More than 1,C,Platinum,62064
48601,Male,Urban,High School,2L-5L,1,5,5880,1,C,Silver,39216
64535,Male,Urban,High School,5L-10L,0,3,5286,More than 1,A,Platinum,113388
47529,Male,Rural,Bachelor,5L-10L,1,5,0,More than 1,B,Silver,63708
48732,Male,Urban,Bachelor,2L-5L,1,8,5555,1,B,Platinum,34764
50908,Male,Urban,Bachelor,5L-10L,0,0,0,1,A,Gold,33960
56554,Female,Rural,Bachelor,5L-10L,0,7,2953,More than 1,B,Platinum,65772
82613,Male,Rural,Bachelor,5L-10L,0,7,0,1,B,Gold,43404
55581,Male,Urban,High School,5L-10L,1,3,6855,1,A,Platinum,60576
11658,Male,Urban,High School,5L-10L,1,7,9307,More than 1,B,Gold,104784
20319,Male,Urban,Bachelor,5L-10L,1,7,2474,1,C,Silver,48456
10307,Male,Rural,Others,5L-10L,1,7,0,1,B,Silver,36192
57933,Female,Urban,Bachelor,5L-10L,1,8,0,1,B,Silver,34872
62332,Female,Urban,High School,2L-5L,1,1,2070,More than 1,A,Platinum,258396
13737,Female,Rural,Bachelor,More than 10L,1,6,0,More than 1,B,Platinum,59676
16357,Female,Urban,High School,2L-5L,0,7,4124,More than 1,B,Gold,68988
66738,Male,Rural,Bachelor,5L-10L,1,3,0,1,A,Gold,39108
73312,Male,Rural,Bachelor,2L-5L,1,7,3552,1,B,Platinum,47448
51845,Male,Urban,Bachelor,More than 10L,0,5,5761,1,A,Platinum,29784
76227,Male,Urban,High School,More than 10L,1,7,3912,More than 1,C,Silver,58728
83561,Female,Urban,Bachelor,5L-10L,1,4,0,1,A,Platinum,32112
67554,Male,Rural,High School,5L-10L,1,8,3718,1,A,Gold,53232
8991,Female,Urban,High School,5L-10L,1,8,5557,More than 1,A,Gold,486792
49150,Male,Urban,High School,5L-10L,1,1,6837,1,B,Platinum,33948
7590,Female,Urban,High School,2L-5L,1,7,0,More than 1,B,Platinum,62892
15478,Female,Urban,High School,2L-5L,1,8,6761,More than 1,B,Platinum,71160
56191,Male,Urban,High School,5L-10L,1,4,5745,1,B,Gold,34200
18751,Male,Urban,High School,2L-5L,0,5,5730,1,B,Silver,31704
73964,Female,Urban,High School,5L-10L,1,8,0,1,B,Silver,32220
56027,Female,Rural,High School,5L-10L,1,8,0,1,B,Gold,31464
42561,Male,Rural,Bachelor,5L-10L,0,4,0,More than 1,A,Gold,94236
9221,Female,Urban,High School,2L-5L,0,4,7857,More than 1,B,Silver,142884
45562,Male,Rural,Bachelor,5L-10L,1,2,2627,1,A,Platinum,46116
18245,Male,Rural,Bachelor,5L-10L,1,0,2538,1,A,Gold,31536
48116,Male,Rural,Bachelor,5L-10L,1,7,0,1,A,Platinum,46296
42008,Female,Urban,Bachelor,2L-5L,0,5,6283,1,A,Platinum,42960
87641,Male,Urban,High School,2L-5L,1,4,6154,1,A,Gold,47796
83248,Female,Rural,Bachelor,2L-5L,1,6,5543,More than 1,A,Platinum,67416
80529,Male,Urban,High School,5L-10L,1,6,4895,1,A,Gold,32748
87862,Male,Rural,High School,5L-10L,0,6,7583,More than 1,A,Platinum,84384
58694,Female,Urban,Bachelor,5L-10L,0,3,4039,More than 1,A,Gold,90744
57108,Male,Urban,Bachelor,2L-5L,1,3,6190,More than 1,A,Platinum,115008
56990,Female,Urban,Bachelor,2L-5L,1,1,4604,1,A,Platinum,38484
87126,Male,Rural,High School,5L-10L,1,6,0,1,A,Gold,33348
9832,Female,Urban,High School,2L-5L,1,7,4633,1,C,Platinum,38232
18568,Male,Rural,High School,5L-10L,0,3,0,More than 1,B,Silver,66984
63531,Male,Urban,Others,2L-5L,1,5,3628,1,A,Platinum,42144
65178,Female,Urban,Bachelor,5L-10L,1,6,9177,1,A,Platinum,49728
33,Male,Rural,Bachelor,5L-10L,0,0,2854,1,B,Platinum,60156
75489,Male,Urban,Bachelor,5L-10L,1,6,4925,More than 1,A,Gold,106008
81139,Male,Urban,Bachelor,2L-5L,0,7,12112,More than 1,A,Platinum,164628
41915,Male,Urban,High School,2L-5L,0,3,5408,More than 1,A,Platinum,66516
52792,Female,Rural,High School,5L-10L,1,8,6674,More than 1,A,Platinum,67680
6403,Male,Urban,Bachelor,2L-5L,1,4,3975,More than 1,B,Gold,75684
6662,Male,Urban,Others,5L-10L,1,8,7906,1,B,Silver,31668
1779,Male,Urban,Others,5L-10L,1,6,5556,1,C,Platinum,32940
1759,Female,Rural,High School,More than 10L,0,3,0,1,A,Silver,53856
6210,Female,Rural,Bachelor,5L-10L,0,4,3899,More than 1,B,Silver,104652
53277,Male,Urban,Bachelor,5L-10L,0,4,5376,More than 1,A,Platinum,374580
67327,Male,Rural,Bachelor,More than 10L,1,1,0,1,A,Silver,46692
60510,Male,Urban,High School,2L-5L,1,3,7361,More than 1,B,Silver,100308
24648,Female,Rural,High School,More than 10L,1,2,0,1,A,Platinum,59460
26999,Male,Urban,Bachelor,5L-10L,1,7,0,More than 1,B,Platinum,64116
29279,Male,Urban,High School,5L-10L,1,0,6645,1,A,Gold,51144
32202,Male,Urban,Bachelor,2L-5L,1,3,9663,More than 1,A,Platinum,283824
76360,Male,Urban,High School,5L-10L,1,1,6310,1,A,Platinum,47112
49229,Male,Urban,Bachelor,5L-10L,0,5,5006,1,A,Platinum,31920
78494,Female,Urban,Bachelor,2L-5L,1,2,4991,1,A,Gold,47028
12013,Male,Urban,High School,5L-10L,1,1,5792,1,A,Platinum,38688
38884,Female,Rural,Bachelor,5L-10L,1,1,0,1,A,Platinum,50628
30487,Male,Urban,High School,5L-10L,1,3,5772,More than 1,A,Gold,104784
37516,Female,Rural,High School,More than 10L,1,6,4680,1,B,Platinum,39672
18959,Female,Urban,High School,More than 10L,1,7,5608,More than 1,A,Gold,98952
32660,Male,Rural,Bachelor,5L-10L,1,2,7107,1,A,Silver,49380
202,Male,Rural,Bachelor,5L-10L,1,8,2833,1,B,Silver,60720
58318,Male,Urban,Bachelor,5L-10L,1,5,4014,More than 1,A,Platinum,97032
12334,Female,Urban,High School,5L-10L,0,5,9417,More than 1,A,Gold,126876
41471,Female,Rural,Others,More than 10L,1,5,0,More than 1,C,Silver,67092
50749,Female,Rural,Bachelor,5L-10L,1,0,0,1,A,Gold,46140
86283,Male,Rural,High School,5L-10L,1,2,3519,1,B,Platinum,37512
49802,Male,Urban,Others,5L-10L,1,0,5079,1,A,Platinum,33444
53269,Female,Urban,High School,More than 10L,1,4,4719,1,B,Silver,35664
30555,Female,Urban,High School,5L-10L,1,1,7722,1,A,Gold,37620
8794,Male,Rural,High School,5L-10L,1,4,0,More than 1,A,Platinum,72324
41664,Male,Rural,High School,5L-10L,0,1,3434,More than 1,A,Platinum,89292
67858,Female,Rural,Bachelor,5L-10L,1,7,0,1,B,Platinum,48036
41060,Female,Urban,Bachelor,2L-5L,0,8,6659,More than 1,B,Platinum,173964
41690,Female,Urban,High School,5L-10L,1,2,0,1,C,Platinum,28968
18237,Female,Rural,High School,5L-10L,0,6,6661,More than 1,A,Gold,103560
26271,Female,Urban,High School,More than 10L,1,2,4647,More than 1,C,Platinum,163296
847,Female,Rural,High School,More than 10L,1,8,2368,1,B,Silver,40860
69933,Male,Rural,Others,2L-5L,0,3,2103,1,B,Silver,31032
74653,Female,Urban,High School,<=2L,0,8,6109,More than 1,A,Platinum,85308
49765,Male,Rural,Bachelor,More than 10L,1,0,0,1,A,Silver,45828
1920,Female,Urban,High School,5L-10L,1,8,3556,More than 1,A,Platinum,55512
52535,Female,Urban,Bachelor,5L-10L,0,2,5064,More than 1,A,Silver,67488
89090,Male,Urban,Bachelor,5L-10L,0,4,2935,More than 1,B,Silver,59940
49504,Female,Rural,Bachelor,2L-5L,1,7,5112,1,A,Silver,34512
43102,Female,Rural,Bachelor,2L-5L,0,4,0,More than 1,B,Silver,70608
43928,Female,Urban,High School,5L-10L,0,4,6511,1,A,Platinum,32928
46449,Female,Urban,High School,5L-10L,1,1,4379,1,C,Gold,45024
32144,Male,Rural,Others,2L-5L,1,2,0,1,A,Platinum,32496
25754,Female,Urban,High School,2L-5L,1,3,5415,1,A,Platinum,34656
6944,Female,Urban,High School,5L-10L,1,5,2982,More than 1,A,Silver,69036
51790,Male,Urban,High School,More than 10L,1,7,11157,More than 1,A,Platinum,68196
59906,Male,Rural,Bachelor,2L-5L,1,6,2118,1,B,Platinum,32112
1637,Male,Urban,High School,5L-10L,1,5,4472,More than 1,B,Platinum,84252
49450,Female,Rural,High School,5L-10L,1,1,0,1,B,Platinum,49524
60156,Male,Urban,High School,5L-10L,1,5,0,More than 1,A,Platinum,69000
24793,Male,Urban,High School,5L-10L,0,4,8739,More than 1,A,Platinum,62808
25296,Female,Rural,Bachelor,More than 10L,1,3,2132,1,A,Silver,37800
35512,Female,Rural,Bachelor,5L-10L,1,0,2032,More than 1,B,Gold,66660
6571,Female,Urban,Bachelor,More than 10L,1,5,0,More than 1,B,Gold,71184
76205,Male,Urban,High School,More than 10L,0,5,4570,More than 1,A,Platinum,93096
67697,Male,Rural,High School,5L-10L,1,8,3427,More than 1,A,Platinum,70332
58285,Male,Rural,Bachelor,5L-10L,1,8,0,More than 1,B,Platinum,64104
3718,Female,Rural,Bachelor,5L-10L,1,4,0,1,C,Gold,46248
13884,Male,Rural,High School,2L-5L,0,6,0,More than 1,A,Gold,66468
85612,Female,Urban,High School,5L-10L,0,8,0,More than 1,B,Silver,68076
72133,Male,Urban,High School,5L-10L,1,6,6206,More than 1,B,Silver,64524
7346,Female,Urban,High School,5L-10L,0,7,12861,More than 1,A,Gold,59892
8101,Male,Urban,High School,More than 10L,1,3,3969,1,B,Platinum,31536
12880,Female,Urban,High School,5L-10L,0,3,8523,More than 1,B,Silver,90972
52707,Male,Urban,High School,5L-10L,0,6,7745,More than 1,A,Platinum,96576
15635,Female,Urban,High School,More than 10L,1,4,6595,1,A,Platinum,30468
9565,Male,Rural,Bachelor,5L-10L,1,1,2058,More than 1,A,Platinum,93936
24566,Male,Urban,Bachelor,5L-10L,1,6,2052,1,B,Silver,32988
19601,Female,Rural,Bachelor,More than 10L,0,4,0,1,B,Silver,48600
66637,Male,Rural,Bachelor,5L-10L,1,2,0,More than 1,A,Gold,106344
85621,Male,Rural,Bachelor,5L-10L,0,1,2652,More than 1,A,Platinum,64392
46387,Female,Urban,Bachelor,5L-10L,1,6,4179,More than 1,A,Platinum,97248
3884,Female,Rural,Bachelor,5L-10L,1,1,2091,1,B,Platinum,33840
32656,Female,Rural,High School,5L-10L,1,3,4912,1,A,Platinum,29628
53764,Male,Rural,Others,5L-10L,1,3,0,More than 1,B,Silver,69108
49537,Female,Rural,Bachelor,2L-5L,0,6,3257,More than 1,B,Platinum,69936
58085,Female,Urban,High School,2L-5L,1,7,5482,1,A,Platinum,48456
86922,Male,Urban,Bachelor,5L-10L,1,6,6166,1,C,Platinum,41460
53036,Male,Urban,Bachelor,5L-10L,1,5,4096,More than 1,A,Silver,112272
14144,Female,Rural,High School,5L-10L,1,2,0,More than 1,A,Silver,89040
6733,Female,Urban,Others,5L-10L,0,2,0,1,A,Platinum,29856
51898,Male,Rural,Bachelor,5L-10L,0,6,5762,1,A,Gold,33672
4907,Female,Urban,High School,2L-5L,1,5,0,More than 1,A,Platinum,110040
61613,Male,Rural,Bachelor,5L-10L,1,7,2464,More than 1,A,Silver,64044
29718,Male,Urban,Others,2L-5L,1,4,5290,1,A,Platinum,31692
83331,Male,Urban,High School,5L-10L,0,1,4200,1,A,Gold,50760
36992,Female,Urban,Bachelor,5L-10L,1,5,5155,1,A,Silver,45504
71428,Male,Urban,High School,5L-10L,0,7,5720,1,A,Platinum,36348
62104,Female,Urban,High School,More than 10L,0,1,6361,More than 1,A,Platinum,90084
86809,Female,Rural,High School,5L-10L,1,5,0,More than 1,A,Silver,65568
23846,Male,Rural,High School,More than 10L,1,8,5948,More than 1,A,Platinum,65892
68779,Female,Urban,Bachelor,5L-10L,1,7,3839,More than 1,A,Gold,101460
60615,Male,Urban,High School,5L-10L,1,8,0,More than 1,B,Platinum,306924
33762,Female,Rural,High School,2L-5L,1,5,0,More than 1,C,Silver,69216
79947,Male,Urban,High School,2L-5L,0,5,5459,More than 1,A,Gold,282984
76523,Male,Urban,Bachelor,2L-5L,0,3,6296,More than 1,B,Silver,93768
43306,Male,Rural,High School,5L-10L,1,7,2051,1,B,Gold,40188
32603,Male,Urban,Bachelor,5L-10L,1,6,6141,1,A,Gold,28812
26204,Male,Urban,High School,5L-10L,0,1,5908,1,A,Gold,36132
44448,Female,Urban,Bachelor,More than 10L,0,1,4871,More than 1,A,Platinum,118500
12333,Male,Rural,Others,5L-10L,1,8,2031,1,B,Silver,42732
36464,Female,Rural,High School,5L-10L,0,8,0,1,B,Silver,35088
82748,Male,Rural,High School,More than 10L,1,1,2115,1,C,Platinum,33564
84313,Female,Rural,Bachelor,5L-10L,0,4,3660,More than 1,B,Gold,108180
86458,Male,Rural,High School,More than 10L,1,6,6067,1,B,Silver,47088
16221,Male,Urban,High School,5L-10L,1,6,3982,More than 1,A,Platinum,63324
78441,Male,Urban,High School,5L-10L,1,4,5602,More than 1,B,Platinum,53772
80754,Male,Rural,High School,5L-10L,1,5,0,More than 1,A,Silver,103620
49784,Male,Urban,High School,More than 10L,1,5,5003,1,A,Platinum,32904
31106,Male,Rural,Bachelor,5L-10L,0,1,2472,1,A,Platinum,48204
1588,Female,Rural,High School,5L-10L,0,7,4078,More than 1,B,Silver,97320
67318,Female,Urban,High School,5L-10L,0,0,5581,1,A,Gold,34440
17295,Female,Urban,Bachelor,2L-5L,0,5,12071,1,A,Platinum,53712
28500,Male,Urban,Bachelor,5L-10L,0,5,7328,1,A,Platinum,47232
45558,Female,Urban,Bachelor,5L-10L,1,6,5631,1,A,Gold,35568
8606,Female,Urban,High School,5L-10L,0,5,4102,1,A,Gold,47256
21441,Male,Rural,High School,5L-10L,1,0,0,1,A,Platinum,33528
7253,Male,Urban,High School,5L-10L,1,3,5662,More than 1,A,Platinum,108036
45863,Male,Rural,Bachelor,2L-5L,1,7,0,More than 1,B,Platinum,67008
16826,Male,Urban,High School,5L-10L,1,8,3912,More than 1,B,Platinum,68844
79805,Male,Urban,High School,5L-10L,1,2,0,1,A,Platinum,32520
88262,Male,Urban,Bachelor,5L-10L,0,8,0,1,B,Platinum,58140
13113,Female,Urban,Others,More than 10L,1,3,5542,1,B,Silver,37200
33745,Female,Urban,Others,2L-5L,1,4,2157,1,A,Silver,32928
84556,Female,Rural,High School,2L-5L,1,6,3984,More than 1,B,Silver,71580
60945,Female,Urban,High School,5L-10L,0,3,7027,1,A,Gold,67680
38339,Female,Urban,Bachelor,2L-5L,0,6,13768,More than 1,B,Platinum,107724
14085,Male,Rural,High School,5L-10L,1,0,6559,1,A,Platinum,31608
46735,Female,Urban,Bachelor,5L-10L,1,7,5376,More than 1,C,Platinum,115044
61804,Female,Rural,Bachelor,5L-10L,1,0,0,1,A,Platinum,34872
65062,Female,Rural,High School,5L-10L,0,4,0,1,C,Gold,32808
33048,Female,Urban,Bachelor,5L-10L,1,5,4918,1,A,Platinum,34140
81491,Male,Rural,High School,More than 10L,1,1,0,1,A,Platinum,33444
56570,Male,Urban,Bachelor,5L-10L,1,0,6120,1,A,Platinum,69348
16685,Male,Urban,Bachelor,5L-10L,1,6,4067,More than 1,A,Platinum,117516
46180,Female,Urban,High School,More than 10L,1,5,2206,1,A,Gold,47568
76493,Male,Rural,Others,5L-10L,0,2,0,1,B,Platinum,32928
55808,Male,Rural,Bachelor,5L-10L,1,6,0,1,A,Platinum,49392
27772,Female,Urban,High School,5L-10L,1,6,5741,More than 1,B,Platinum,104352
45772,Male,Rural,Bachelor,2L-5L,1,8,2599,More than 1,B,Gold,67836
74039,Male,Rural,Bachelor,More than 10L,1,0,0,More than 1,B,Silver,70188
70000,Female,Urban,Bachelor,5L-10L,1,4,6357,1,A,Gold,45360
59767,Male,Urban,High School,2L-5L,0,4,8558,1,A,Platinum,61500
19170,Female,Rural,High School,More than 10L,0,8,0,More than 1,B,Platinum,98820
77769,Female,Urban,High School,More than 10L,0,6,8346,More than 1,A,Platinum,229332
12030,Male,Urban,Bachelor,2L-5L,0,5,6528,More than 1,A,Platinum,63792
35731,Female,Rural,High School,More than 10L,1,6,3246,More than 1,C,Platinum,66888
1217,Male,Rural,Bachelor,5L-10L,1,6,0,1,C,Gold,34140
68311,Female,Urban,High School,5L-10L,0,2,8353,More than 1,A,Platinum,74220
68875,Male,Urban,Bachelor,2L-5L,1,1,4105,More than 1,A,Silver,78540
73592,Male,Urban,Bachelor,5L-10L,0,6,0,1,B,Platinum,31752
70687,Male,Urban,High School,More than 10L,0,3,3782,More than 1,A,Platinum,83148
39026,Male,Rural,High School,5L-10L,1,3,0,1,A,Gold,33576
50406,Female,Urban,High School,5L-10L,1,6,4452,More than 1,A,Platinum,67284
22104,Male,Rural,Bachelor,5L-10L,1,7,4019,More than 1,B,Silver,63180
63190,Male,Urban,High School,More than 10L,1,4,5967,More than 1,A,Platinum,104880
79147,Male,Urban,Bachelor,2L-5L,1,6,5871,1,A,Gold,34536
75710,Male,Urban,Bachelor,2L-5L,1,3,10734,1,B,Platinum,63768
39871,Female,Urban,Bachelor,2L-5L,1,4,2834,More than 1,B,Silver,70932
44584,Female,Urban,Bachelor,5L-10L,1,8,3037,More than 1,A,Gold,100956
14589,Male,Urban,High School,5L-10L,1,6,6845,1,C,Gold,52800
1668,Female,Urban,Bachelor,<=2L,0,6,7183,1,A,Platinum,41472
72290,Male,Rural,Bachelor,5L-10L,1,6,0,More than 1,B,Platinum,62712
62271,Male,Urban,Bachelor,5L-10L,1,4,4369,More than 1,A,Platinum,103344
84085,Female,Rural,Bachelor,2L-5L,1,7,2641,More than 1,B,Silver,71268
47102,Female,Urban,Others,5L-10L,0,5,8416,More than 1,A,Silver,109560
26143,Male,Urban,Bachelor,2L-5L,1,6,4340,More than 1,A,Platinum,65952
79728,Male,Rural,Bachelor,5L-10L,1,6,4042,1,C,Platinum,35124
81898,Male,Urban,High School,5L-10L,1,7,5653,More than 1,A,Gold,136800
80856,Male,Rural,High School,More than 10L,1,4,0,1,A,Platinum,36936
85717,Male,Rural,High School,5L-10L,1,8,0,1,C,Silver,65832
78110,Male,Urban,High School,5L-10L,1,5,4830,More than 1,A,Platinum,94368
10358,Female,Urban,Bachelor,2L-5L,0,4,2137,More than 1,B,Platinum,64584
36023,Female,Rural,High School,5L-10L,0,5,3818,More than 1,A,Gold,91308
43190,Male,Urban,High School,5L-10L,0,4,5150,More than 1,A,Platinum,131400
33578,Female,Rural,High School,5L-10L,1,8,2005,1,B,Platinum,34632
40820,Male,Urban,Bachelor,5L-10L,1,4,8154,More than 1,A,Silver,285312
29825,Male,Urban,High School,5L-10L,1,4,4039,More than 1,A,Platinum,99876
53957,Female,Rural,Bachelor,5L-10L,1,1,4709,1,A,Silver,36924
28744,Male,Rural,Bachelor,More than 10L,0,5,0,More than 1,A,Gold,62124
73073,Male,Rural,High School,More than 10L,1,1,0,1,A,Silver,34008
77907,Male,Urban,High School,5L-10L,0,6,4235,1,A,Platinum,47592
16200,Male,Urban,High School,5L-10L,1,8,6167,More than 1,A,Platinum,99180
37458,Female,Urban,High School,2L-5L,1,6,5937,1,C,Platinum,30804
69360,Female,Rural,High School,5L-10L,1,6,3140,More than 1,B,Gold,74616
37984,Female,Urban,Bachelor,<=2L,1,5,4961,More than 1,A,Platinum,60876
49326,Female,Rural,High School,2L-5L,1,6,2089,1,B,Platinum,38676
203,Male,Rural,High School,More than 10L,1,4,0,1,B,Silver,32940
40104,Female,Urban,Bachelor,5L-10L,1,7,5282,More than 1,B,Platinum,104472
20076,Female,Rural,Others,More than 10L,1,5,0,1,C,Silver,34860
65251,Female,Urban,High School,More than 10L,0,5,2272,More than 1,A,Silver,103020
59966,Female,Urban,High School,5L-10L,0,7,4657,More than 1,A,Gold,107352
44322,Female,Rural,High School,More than 10L,0,8,3778,1,B,Platinum,57480
87516,Female,Urban,High School,5L-10L,0,6,5450,1,B,Silver,38136
37539,Male,Urban,High School,5L-10L,0,3,3840,More than 1,A,Platinum,63168
74230,Female,Rural,Bachelor,More than 10L,1,2,2687,More than 1,A,Platinum,66468
68658,Male,Rural,Bachelor,5L-10L,1,4,0,More than 1,C,Silver,98928
56496,Female,Urban,High School,5L-10L,0,7,3907,1,A,Silver,37020
56985,Female,Urban,Bachelor,5L-10L,1,8,0,1,B,Silver,38280
30047,Female,Rural,High School,5L-10L,0,5,0,More than 1,A,Platinum,110520
36007,Female,Urban,High School,2L-5L,1,6,8662,1,A,Silver,30516
56776,Female,Urban,High School,2L-5L,1,4,6543,1,A,Silver,34032
35362,Female,Urban,Bachelor,5L-10L,1,2,6031,1,A,Silver,33108
86469,Male,Urban,High School,5L-10L,0,7,8437,More than 1,A,Silver,128400
35538,Male,Urban,Bachelor,5L-10L,0,8,0,More than 1,B,Silver,69744
60168,Male,Rural,High School,5L-10L,1,0,2066,1,A,Silver,32640
57768,Male,Urban,Bachelor,2L-5L,1,2,12251,1,B,Gold,67752
38095,Male,Urban,High School,5L-10L,0,3,3251,1,A,Silver,38220
39115,Male,Rural,High School,5L-10L,1,6,3262,1,A,Platinum,42276
65003,Male,Urban,Bachelor,More than 10L,0,7,11922,More than 1,A,Platinum,178788
20344,Male,Rural,High School,5L-10L,1,2,0,1,B,Platinum,43692
8895,Male,Urban,High School,5L-10L,1,2,2003,More than 1,A,Silver,64152
47647,Male,Rural,Bachelor,5L-10L,0,1,0,More than 1,A,Platinum,74460
61641,Male,Urban,High School,5L-10L,1,7,4050,1,A,Platinum,29268
66268,Female,Urban,High School,2L-5L,1,2,5365,More than 1,C,Platinum,291420
51679,Female,Urban,Bachelor,5L-10L,0,7,5736,More than 1,B,Silver,74316
17315,Male,Rural,High School,5L-10L,0,7,5183,1,A,Platinum,36348
36630,Female,Rural,High School,5L-10L,1,5,0,More than 1,A,Silver,76728
66064,Male,Urban,High School,5L-10L,1,7,2025,More than 1,A,Platinum,84384
63369,Female,Urban,Bachelor,2L-5L,1,7,2215,1,B,Silver,58092
26917,Female,Urban,High School,2L-5L,0,1,0,1,C,Gold,50172
8085,Male,Rural,High School,5L-10L,1,6,0,1,B,Platinum,46776
1376,Female,Urban,Bachelor,2L-5L,0,6,3831,More than 1,A,Platinum,105120
9451,Male,Rural,Others,5L-10L,0,5,2170,1,A,Platinum,51072
49619,Male,Rural,High School,5L-10L,1,8,2410,1,B,Gold,32352
2408,Male,Urban,High School,5L-10L,1,4,4736,1,A,Platinum,31548
79562,Female,Urban,High School,2L-5L,1,5,6044,1,A,Gold,44052
78213,Female,Rural,High School,2L-5L,1,4,3873,1,B,Silver,47712
10867,Female,Rural,Bachelor,5L-10L,0,1,2141,1,A,Gold,51048
20699,Female,Urban,Bachelor,2L-5L,1,8,5804,More than 1,A,Platinum,109440
84121,Male,Urban,High School,2L-5L,0,7,5285,More than 1,B,Silver,124416
26506,Female,Urban,High School,5L-10L,0,7,6119,1,C,Platinum,151920
27006,Male,Urban,Bachelor,More than 10L,1,3,4296,1,A,Gold,49224
84607,Female,Rural,Bachelor,5L-10L,1,7,5127,1,C,Gold,55008
30194,Male,Rural,Bachelor,More than 10L,1,6,4340,More than 1,C,Platinum,93228
68892,Female,Urban,Bachelor,2L-5L,0,4,5369,1,A,Platinum,58116
4393,Female,Rural,High School,More than 10L,0,2,5367,More than 1,A,Platinum,71508
87148,Female,Urban,High School,5L-10L,1,6,13094,More than 1,A,Platinum,95388
85064,Female,Urban,High School,5L-10L,1,6,6288,More than 1,C,Silver,116124
8959,Male,Urban,High School,5L-10L,1,5,2070,1,A,Platinum,66684
75504,Male,Rural,Others,More than 10L,1,8,4746,More than 1,A,Platinum,64524
14682,Female,Urban,Bachelor,2L-5L,1,7,9463,1,A,Platinum,63612
12906,Female,Rural,Bachelor,2L-5L,1,1,4143,1,C,Platinum,48216
57170,Male,Urban,High School,More than 10L,1,1,4122,More than 1,B,Silver,77904
38724,Male,Urban,Bachelor,2L-5L,1,4,3949,More than 1,B,Platinum,104664
66284,Male,Urban,High School,2L-5L,0,6,5701,1,B,Silver,51684
8051,Male,Urban,Bachelor,5L-10L,0,7,4938,1,A,Platinum,45216
53045,Male,Rural,Others,5L-10L,0,5,3585,1,C,Gold,55404
43661,Male,Urban,Bachelor,2L-5L,0,4,0,More than 1,B,Platinum,215772
65301,Male,Rural,Bachelor,More than 10L,1,7,2400,More than 1,A,Platinum,61476
25283,Female,Rural,Bachelor,5L-10L,1,6,2558,More than 1,B,Silver,73200
49139,Male,Urban,High School,5L-10L,1,6,4811,More than 1,A,Platinum,101616
71394,Male,Rural,Bachelor,5L-10L,1,2,0,More than 1,B,Platinum,69984
19658,Female,Urban,High School,2L-5L,0,5,6411,1,A,Gold,33744
74871,Male,Urban,High School,5L-10L,0,2,10299,More than 1,A,Platinum,422580
54191,Male,Rural,Bachelor,5L-10L,1,1,5991,1,B,Silver,35004
10590,Male,Urban,High School,5L-10L,1,6,5574,More than 1,A,Gold,110604
88783,Male,Urban,Others,5L-10L,1,7,6379,1,B,Gold,35160
75516,Female,Urban,High School,2L-5L,1,2,0,More than 1,B,Silver,75468
22429,Male,Urban,High School,More than 10L,1,6,0,1,B,Platinum,33804
25003,Female,Rural,High School,More than 10L,0,7,2176,1,B,Platinum,34404
34677,Female,Rural,Bachelor,5L-10L,1,4,0,More than 1,B,Gold,71484
37500,Male,Rural,Others,5L-10L,0,2,0,1,B,Platinum,31680
54262,Male,Urban,Bachelor,More than 10L,1,6,6233,More than 1,A,Gold,61692
6124,Male,Rural,Bachelor,More than 10L,1,1,0,1,A,Gold,35652
21989,Male,Urban,High School,5L-10L,1,4,5287,1,A,Silver,34908
17767,Male,Rural,Bachelor,More than 10L,0,1,0,1,A,Platinum,45720
5601,Male,Rural,High School,5L-10L,1,7,3980,More than 1,B,Silver,75420
82387,Male,Rural,Bachelor,More than 10L,0,5,0,More than 1,B,Platinum,62100
29017,Female,Rural,High School,2L-5L,1,7,3389,More than 1,B,Platinum,31284
77779,Male,Urban,High School,5L-10L,0,3,5026,1,A,Gold,30180
67347,Male,Rural,Bachelor,More than 10L,1,3,0,More than 1,A,Platinum,69240
60569,Male,Rural,Bachelor,5L-10L,1,4,0,More than 1,C,Platinum,165708
22056,Female,Urban,Bachelor,5L-10L,1,1,5249,1,B,Gold,29652
65695,Male,Rural,High School,5L-10L,1,6,0,More than 1,A,Gold,90360
28151,Female,Rural,High School,5L-10L,1,5,3416,More than 1,B,Platinum,57324
66912,Female,Urban,High School,5L-10L,1,7,5848,More than 1,A,Silver,104904
35504,Male,Urban,High School,5L-10L,0,2,3911,More than 1,C,Gold,167364
69844,Female,Urban,High School,5L-10L,0,8,0,More than 1,B,Gold,64716
20350,Female,Rural,High School,More than 10L,0,3,0,More than 1,C,Platinum,70344
23720,Male,Rural,Bachelor,5L-10L,0,8,0,1,A,Silver,50940
64401,Male,Urban,High School,5L-10L,1,6,3843,More than 1,A,Platinum,92916
64082,Male,Urban,High School,5L-10L,1,7,4279,More than 1,A,Gold,94392
56032,Male,Urban,Bachelor,5L-10L,0,4,6406,More than 1,A,Silver,109260
284,Female,Urban,High School,5L-10L,1,4,5843,More than 1,A,Platinum,96492
51752,Female,Rural,Bachelor,5L-10L,1,5,3265,More than 1,B,Gold,71832
29212,Female,Rural,High School,More than 10L,1,5,3167,1,B,Silver,45612
42078,Male,Rural,High School,More than 10L,1,3,0,1,A,Silver,33060
62875,Male,Rural,High School,More than 10L,0,7,4024,1,A,Gold,41628
80758,Female,Urban,Bachelor,5L-10L,1,8,3956,More than 1,A,Gold,105012
42733,Female,Urban,Bachelor,More than 10L,1,8,10240,1,A,Gold,48576
17337,Female,Rural,Bachelor,5L-10L,1,8,0,More than 1,A,Platinum,198720
88942,Male,Urban,Bachelor,5L-10L,1,0,0,1,A,Platinum,30648
51518,Male,Rural,High School,5L-10L,1,5,0,1,C,Gold,34656
72920,Female,Urban,Others,5L-10L,1,6,6315,1,B,Platinum,30432
15800,Female,Rural,High School,More than 10L,1,0,2477,1,A,Platinum,36852
56817,Male,Rural,High School,More than 10L,1,0,0,More than 1,B,Gold,66420
45243,Female,Urban,High School,2L-5L,1,6,4140,More than 1,C,Gold,100164
59253,Male,Urban,High School,5L-10L,1,5,6111,1,A,Platinum,36024
29580,Male,Urban,Others,2L-5L,0,8,4215,1,A,Platinum,56316
17366,Male,Rural,Bachelor,More than 10L,1,2,2138,1,A,Platinum,33300
63605,Female,Urban,High School,More than 10L,0,6,3422,More than 1,A,Platinum,103872
27157,Female,Urban,High School,5L-10L,1,2,13886,More than 1,B,Gold,96216
65364,Male,Urban,Bachelor,5L-10L,0,6,4246,More than 1,A,Platinum,98112
27270,Female,Urban,High School,5L-10L,1,6,2070,1,C,Platinum,31392
19145,Male,Rural,High School,5L-10L,0,5,4346,More than 1,A,Gold,104892
43038,Male,Rural,Bachelor,5L-10L,1,6,3874,1,A,Silver,51348
40215,Female,Rural,Bachelor,5L-10L,1,8,4125,1,A,Gold,50448
78753,Male,Urban,Bachelor,2L-5L,1,1,8353,More than 1,B,Gold,108228
19746,Female,Urban,High School,5L-10L,1,4,0,More than 1,B,Silver,67476
60153,Male,Urban,High School,2L-5L,0,2,3949,More than 1,A,Platinum,137844
36248,Male,Rural,High School,5L-10L,0,7,6331,More than 1,B,Silver,77448
13129,Male,Urban,Bachelor,5L-10L,1,2,3953,More than 1,A,Platinum,194004
14,Male,Urban,Bachelor,2L-5L,1,1,4615,More than 1,C,Silver,133344
31105,Male,Rural,High School,5L-10L,1,2,4153,More than 1,A,Gold,96912
75768,Male,Urban,High School,5L-10L,1,2,4189,1,A,Gold,55512
44055,Male,Urban,Bachelor,5L-10L,1,3,5869,1,C,Gold,63972
32401,Male,Rural,High School,5L-10L,0,7,0,1,A,Platinum,51852
80448,Female,Urban,Bachelor,5L-10L,1,0,4993,More than 1,A,Platinum,332700
43009,Female,Rural,Bachelor,More than 10L,0,2,2470,More than 1,B,Platinum,105588
37310,Female,Urban,High School,More than 10L,1,5,6795,More than 1,A,Platinum,229764
57436,Male,Urban,High School,5L-10L,0,2,3152,More than 1,A,Platinum,101172
80527,Female,Urban,Bachelor,5L-10L,0,7,2407,1,A,Platinum,51648
88719,Female,Urban,Bachelor,2L-5L,1,7,7562,More than 1,B,Platinum,106188
50702,Female,Urban,High School,5L-10L,0,5,5633,1,A,Platinum,35244
27418,Female,Urban,Bachelor,2L-5L,1,2,7576,More than 1,A,Platinum,78300
84242,Male,Urban,Others,More than 10L,0,6,0,More than 1,B,Silver,62796
87225,Male,Urban,High School,More than 10L,1,4,2443,More than 1,B,Gold,68760
64834,Female,Urban,High School,5L-10L,0,0,3753,1,A,Silver,49908
57685,Male,Rural,High School,5L-10L,1,4,4675,More than 1,A,Gold,111492
70345,Male,Urban,Bachelor,5L-10L,1,8,6208,1,A,Platinum,57120
76682,Male,Rural,High School,5L-10L,1,5,0,1,A,Platinum,37428
63503,Female,Urban,Bachelor,5L-10L,0,6,5471,More than 1,A,Platinum,97044
28723,Female,Rural,High School,5L-10L,1,0,2012,1,A,Gold,39432
40168,Female,Urban,High School,2L-5L,0,0,10159,1,A,Platinum,53016
53585,Female,Urban,Bachelor,5L-10L,1,7,5685,1,B,Silver,35040
39575,Female,Urban,High School,2L-5L,1,7,5837,1,B,Gold,45924
70062,Male,Urban,Bachelor,5L-10L,1,5,4224,1,B,Silver,30888
58582,Male,Urban,High School,5L-10L,0,7,4681,1,A,Gold,140580
15629,Male,Urban,High School,More than 10L,0,6,3430,1,B,Silver,38880
24624,Male,Rural,High School,5L-10L,1,4,0,More than 1,B,Platinum,72192
75222,Female,Urban,High School,2L-5L,1,6,4118,More than 1,C,Gold,102552
5665,Female,Urban,High School,5L-10L,1,5,5942,More than 1,A,Gold,95292
69679,Male,Urban,Bachelor,5L-10L,1,8,0,More than 1,B,Gold,60504
43283,Female,Urban,Others,More than 10L,0,6,0,1,A,Silver,33636
3135,Male,Urban,High School,2L-5L,1,6,0,More than 1,B,Silver,69564
14458,Female,Rural,Others,2L-5L,1,1,5139,More than 1,C,Silver,86832
89297,Male,Rural,High School,5L-10L,0,6,3205,More than 1,B,Silver,68748
16494,Female,Rural,Bachelor,5L-10L,1,1,0,More than 1,A,Silver,78264
30002,Male,Urban,Bachelor,5L-10L,0,5,4845,More than 1,B,Platinum,68424
86275,Female,Urban,High School,More than 10L,1,2,2085,More than 1,B,Gold,67236
53728,Female,Urban,High School,5L-10L,1,1,9945,1,A,Platinum,32160
22777,Female,Urban,High School,5L-10L,1,6,11627,1,A,Platinum,51312
76057,Female,Rural,High School,5L-10L,0,6,0,More than 1,B,Silver,59940
76365,Female,Rural,High School,More than 10L,1,1,0,1,A,Platinum,36324
86749,Male,Rural,High School,5L-10L,0,2,0,1,A,Silver,33864
61318,Female,Urban,Bachelor,5L-10L,0,3,2956,More than 1,A,Platinum,100140
77225,Male,Urban,High School,5L-10L,1,1,4242,1,C,Silver,39252
72821,Male,Rural,Bachelor,More than 10L,0,7,0,More than 1,A,Platinum,101352
40047,Male,Urban,High School,5L-10L,1,4,5263,1,A,Gold,34404
4454,Male,Urban,Bachelor,5L-10L,0,1,4073,More than 1,C,Platinum,92004
72633,Male,Urban,High School,5L-10L,0,1,4204,1,A,Silver,57396
46669,Male,Rural,Bachelor,More than 10L,1,6,0,1,B,Silver,39588
8183,Female,Rural,Bachelor,5L-10L,0,4,0,More than 1,A,Silver,102564
79296,Female,Urban,Bachelor,2L-5L,1,6,0,1,A,Platinum,34692
47751,Female,Rural,Bachelor,5L-10L,1,7,2510,More than 1,A,Platinum,74016
63768,Male,Rural,Bachelor,5L-10L,0,7,0,More than 1,B,Platinum,72840
43075,Male,Urban,Others,2L-5L,1,5,10165,More than 1,A,Platinum,134220
76484,Female,Urban,High School,5L-10L,0,8,3823,More than 1,B,Gold,146916
40067,Male,Urban,High School,2L-5L,0,6,3717,More than 1,C,Platinum,107496
37496,Female,Urban,High School,<=2L,0,3,8275,More than 1,A,Platinum,67272
55337,Male,Urban,Bachelor,5L-10L,1,8,2563,More than 1,B,Silver,66648
61340,Male,Urban,High School,2L-5L,1,6,7148,1,A,Platinum,34848
66653,Male,Urban,High School,More than 10L,1,8,2129,1,B,Platinum,37860
33899,Female,Urban,Bachelor,More than 10L,1,7,6352,More than 1,A,Gold,113112
14959,Female,Urban,High School,2L-5L,0,1,6380,1,B,Platinum,44124
59323,Female,Urban,Bachelor,5L-10L,1,4,5870,More than 1,A,Silver,91272
23159,Male,Urban,High School,2L-5L,1,3,6548,1,C,Gold,31116
54071,Female,Urban,High School,5L-10L,0,6,6500,More than 1,C,Platinum,162972
40766,Male,Urban,Bachelor,More than 10L,0,3,4093,More than 1,A,Gold,98796
40582,Male,Rural,Bachelor,5L-10L,0,4,6590,More than 1,A,Gold,100848
58891,Male,Urban,High School,5L-10L,1,7,6990,1,A,Silver,34236
9309,Male,Rural,High School,2L-5L,0,4,5597,1,A,Platinum,30468
67943,Male,Urban,High School,2L-5L,1,6,11087,More than 1,A,Platinum,117744
60411,Male,Urban,High School,More than 10L,1,6,5849,More than 1,A,Platinum,88788
56189,Male,Urban,High School,5L-10L,1,4,3970,More than 1,A,Gold,65376
43138,Male,Urban,Bachelor,5L-10L,0,2,2296,More than 1,B,Gold,110136
6194,Female,Rural,Bachelor,5L-10L,0,4,11465,1,B,Silver,44712
64313,Female,Rural,High School,5L-10L,0,7,0,More than 1,B,Silver,46128
38334,Female,Urban,High School,5L-10L,0,2,6614,More than 1,C,Silver,138936
88657,Female,Urban,Bachelor,2L-5L,0,3,3912,More than 1,A,Silver,395832
36447,Female,Urban,High School,5L-10L,0,1,0,More than 1,B,Gold,73440
25676,Male,Urban,High School,5L-10L,1,4,4938,1,A,Silver,64356
570,Male,Urban,Bachelor,2L-5L,1,0,4296,1,A,Silver,33516
23234,Male,Urban,Bachelor,5L-10L,1,6,9314,More than 1,A,Platinum,112416
40724,Female,Rural,Bachelor,5L-10L,0,8,2625,More than 1,B,Silver,58896
29001,Female,Urban,Bachelor,5L-10L,1,5,5842,1,C,Gold,30360
85453,Female,Urban,Bachelor,5L-10L,0,3,0,More than 1,A,Silver,102804
61432,Male,Urban,High School,5L-10L,1,1,7187,More than 1,A,Platinum,89004
58846,Male,Urban,Bachelor,5L-10L,1,8,4539,More than 1,A,Platinum,92424
73488,Male,Urban,Bachelor,More than 10L,0,7,5339,More than 1,B,Silver,125340
7477,Female,Rural,High School,More than 10L,1,4,0,1,B,Silver,32556
48854,Female,Rural,High School,2L-5L,1,4,0,1,C,Gold,33924
22455,Female,Rural,High School,5L-10L,1,6,0,More than 1,A,Gold,67464
31265,Female,Urban,High School,2L-5L,1,5,0,1,A,Silver,32568
81035,Female,Urban,Bachelor,5L-10L,0,3,3815,More than 1,A,Silver,69708
22219,Male,Urban,High School,More than 10L,1,7,8861,More than 1,A,Gold,58008
24545,Male,Urban,High School,5L-10L,1,4,5013,More than 1,C,Silver,63672
69384,Female,Urban,High School,More than 10L,1,5,0,More than 1,A,Silver,197064
63478,Male,Urban,Bachelor,5L-10L,0,1,2076,1,A,Silver,34188
83604,Male,Urban,Bachelor,2L-5L,1,7,7182,More than 1,B,Silver,97500
41637,Male,Rural,Others,5L-10L,1,0,0,1,A,Platinum,31572
78367,Male,Urban,Bachelor,More than 10L,1,2,5836,1,B,Gold,35580
62961,Female,Urban,Bachelor,5L-10L,0,2,10738,More than 1,A,Platinum,102060
62180,Male,Urban,High School,5L-10L,1,4,6141,More than 1,C,Silver,53988
83244,Male,Rural,High School,5L-10L,1,2,2684,1,A,Platinum,38064
73815,Female,Rural,Bachelor,5L-10L,1,7,0,More than 1,B,Gold,71388
4757,Female,Rural,High School,2L-5L,1,7,5001,1,B,Silver,55152
16136,Male,Urban,High School,More than 10L,1,0,6109,1,A,Gold,49368
6293,Male,Urban,High School,5L-10L,1,5,4027,1,A,Platinum,45756
69528,Female,Urban,High School,5L-10L,1,5,5439,More than 1,A,Platinum,92436
61563,Male,Rural,High School,5L-10L,1,3,5845,More than 1,A,Gold,32940
55987,Female,Urban,Bachelor,2L-5L,0,5,6296,1,C,Gold,62328
50638,Male,Urban,High School,5L-10L,0,2,0,1,A,Gold,34128
32906,Male,Rural,Bachelor,5L-10L,0,1,3410,More than 1,B,Platinum,65652
66520,Male,Rural,Bachelor,2L-5L,0,6,0,1,B,Platinum,53664
11243,Male,Urban,High School,More than 10L,1,8,6372,More than 1,A,Gold,104364
49043,Female,Rural,Bachelor,5L-10L,0,3,0,1,A,Platinum,416928
88628,Female,Rural,Bachelor,2L-5L,0,5,0,More than 1,C,Silver,71796
53753,Male,Urban,High School,2L-5L,1,2,3167,More than 1,B,Silver,65472
88962,Male,Urban,High School,2L-5L,1,6,5047,More than 1,B,Platinum,105540
71395,Female,Rural,High School,5L-10L,1,0,0,1,A,Platinum,42636
9413,Female,Urban,High School,5L-10L,1,7,9081,1,C,Platinum,59052
58109,Female,Urban,Others,5L-10L,1,6,4936,1,A,Silver,33024
34931,Female,Rural,High School,5L-10L,1,7,0,1,B,Platinum,67404
47749,Female,Rural,Bachelor,2L-5L,1,5,0,More than 1,B,Silver,71460
63247,Female,Urban,High School,5L-10L,1,7,6547,1,C,Gold,31800
34357,Male,Urban,High School,5L-10L,1,4,5399,1,A,Platinum,33204
15260,Male,Urban,High School,5L-10L,1,5,6095,1,A,Gold,42204
67550,Female,Rural,Bachelor,More than 10L,0,6,0,1,B,Platinum,33252
76126,Female,Urban,High School,5L-10L,0,4,2651,1,A,Gold,53460
53308,Female,Rural,High School,2L-5L,0,6,3118,1,B,Silver,83220
75645,Female,Urban,High School,5L-10L,1,8,0,More than 1,B,Platinum,75924
41599,Male,Rural,High School,5L-10L,1,1,3747,More than 1,A,Platinum,63012
368,Male,Urban,High School,5L-10L,1,4,2315,1,B,Silver,39108
41991,Female,Rural,High School,5L-10L,1,1,5018,1,A,Gold,32160
63648,Female,Rural,Others,5L-10L,1,3,0,1,B,Platinum,32988
26593,Male,Urban,Others,5L-10L,1,2,3840,1,A,Gold,33372
34886,Female,Rural,Bachelor,2L-5L,0,5,4804,1,A,Platinum,31968
77820,Male,Rural,Bachelor,More than 10L,1,6,0,1,B,Platinum,34848
6961,Female,Urban,Bachelor,More than 10L,0,8,0,More than 1,B,Gold,99312
43652,Female,Rural,High School,2L-5L,1,6,2144,More than 1,B,Platinum,70164
22369,Female,Urban,Bachelor,5L-10L,1,7,5059,More than 1,A,Platinum,103824
71512,Male,Rural,Bachelor,5L-10L,0,4,2252,1,B,Silver,32496
50160,Male,Rural,High School,More than 10L,1,3,0,More than 1,A,Silver,102276
10522,Male,Urban,High School,More than 10L,1,6,4708,1,A,Silver,36720
48432,Male,Urban,Bachelor,2L-5L,1,0,2248,1,A,Platinum,52260
84642,Male,Rural,Bachelor,2L-5L,0,1,3874,1,B,Silver,65244
77699,Male,Urban,High School,5L-10L,0,6,5696,1,A,Gold,129816
11765,Female,Rural,High School,5L-10L,1,8,0,More than 1,A,Platinum,73104
63396,Male,Urban,High School,5L-10L,1,3,8036,More than 1,B,Gold,111168
22235,Male,Rural,High School,5L-10L,1,4,4934,1,A,Platinum,31440
50414,Female,Rural,High School,2L-5L,0,7,0,1,A,Platinum,32676
5020,Male,Urban,High School,5L-10L,0,6,3254,More than 1,C,Gold,315216
15527,Female,Urban,Bachelor,5L-10L,1,6,3649,1,B,Silver,59076
27465,Male,Rural,High School,More than 10L,1,8,2578,More than 1,B,Silver,68712
7355,Male,Rural,High School,More than 10L,0,7,0,More than 1,B,Platinum,69180
18514,Male,Urban,Bachelor,More than 10L,1,5,3806,More than 1,A,Gold,99300
86416,Female,Rural,High School,5L-10L,1,6,6835,More than 1,A,Platinum,69000
7270,Male,Urban,Others,2L-5L,0,7,5954,1,A,Platinum,37824
33894,Female,Urban,Others,5L-10L,0,8,3908,1,A,Silver,33084
59487,Female,Rural,High School,5L-10L,1,5,0,1,A,Gold,47088
14579,Male,Urban,Bachelor,5L-10L,0,1,3860,More than 1,A,Silver,109116
71730,Male,Urban,Bachelor,5L-10L,0,3,9230,More than 1,A,Gold,119904
59537,Female,Urban,High School,5L-10L,0,8,6430,1,A,Gold,35412
17429,Female,Rural,Bachelor,More than 10L,1,1,0,1,B,Platinum,37932
6350,Female,Rural,High School,2L-5L,1,7,2283,1,B,Silver,40740
70877,Female,Urban,High School,5L-10L,0,8,0,More than 1,A,Platinum,92748
36305,Male,Urban,High School,2L-5L,1,7,5305,More than 1,A,Platinum,117684
1926,Female,Urban,High School,2L-5L,0,1,14880,More than 1,B,Platinum,72228
30481,Female,Urban,High School,2L-5L,1,3,10262,More than 1,A,Platinum,132804
930,Male,Urban,High School,5L-10L,1,7,5587,1,C,Platinum,34332
35611,Male,Rural,High School,5L-10L,1,1,4472,More than 1,B,Gold,68028
19472,Male,Rural,Bachelor,More than 10L,1,4,0,1,A,Gold,32184
44015,Female,Rural,Bachelor,More than 10L,0,8,5854,More than 1,B,Platinum,68868
42975,Male,Rural,Bachelor,2L-5L,1,2,6263,1,B,Platinum,52488
72881,Female,Urban,High School,5L-10L,1,4,4459,1,C,Silver,57948
41086,Female,Urban,Bachelor,More than 10L,0,8,3130,More than 1,A,Gold,98568
81166,Female,Urban,Bachelor,<=2L,1,5,5194,1,A,Silver,50868
27276,Male,Urban,High School,5L-10L,0,4,5670,More than 1,B,Platinum,111300
989,Male,Urban,High School,5L-10L,1,7,5809,More than 1,A,Platinum,107112
77559,Female,Urban,Bachelor,2L-5L,1,7,0,1,B,Platinum,44760
32306,Male,Urban,Bachelor,5L-10L,0,5,4043,1,A,Platinum,62748
51174,Female,Rural,Bachelor,5L-10L,1,1,9267,1,A,Gold,44616
88828,Male,Urban,Bachelor,5L-10L,0,8,2287,1,A,Silver,30120
7074,Female,Urban,High School,5L-10L,0,4,4486,More than 1,C,Platinum,91956
26650,Male,Urban,Bachelor,2L-5L,1,2,4474,More than 1,C,Silver,282936
35169,Female,Urban,Bachelor,5L-10L,0,7,4265,1,B,Platinum,55836
48849,Female,Urban,Bachelor,2L-5L,1,4,8108,More than 1,A,Platinum,427692
20379,Female,Urban,Bachelor,5L-10L,1,6,2411,More than 1,A,Platinum,85536
59185,Male,Urban,Bachelor,2L-5L,0,2,11152,More than 1,B,Platinum,143904
80829,Male,Urban,High School,5L-10L,1,5,5896,1,C,Silver,38736
73790,Female,Rural,Bachelor,2L-5L,1,4,0,1,B,Platinum,65856
22724,Male,Urban,Bachelor,5L-10L,1,5,5422,1,A,Platinum,33780
11553,Male,Rural,Others,More than 10L,0,6,3903,1,B,Silver,37164
7686,Male,Rural,Bachelor,5L-10L,1,6,4151,1,A,Silver,49308
15099,Male,Rural,Bachelor,5L-10L,1,2,3132,More than 1,A,Platinum,86052
65055,Male,Urban,Bachelor,5L-10L,0,8,2631,More than 1,A,Platinum,68880
57950,Female,Rural,Bachelor,5L-10L,0,1,0,More than 1,B,Silver,207912
70669,Male,Rural,Others,5L-10L,1,3,5384,1,B,Platinum,65832
86074,Male,Urban,High School,2L-5L,1,4,4232,1,A,Platinum,48384
87772,Male,Urban,Bachelor,More than 10L,1,6,2285,1,A,Platinum,38508
31594,Female,Rural,Bachelor,5L-10L,1,1,2319,More than 1,B,Gold,70908
3386,Female,Urban,High School,2L-5L,0,4,6042,1,A,Gold,32592
28371,Male,Rural,Bachelor,5L-10L,1,2,0,1,B,Gold,53772
40246,Female,Rural,High School,5L-10L,1,4,8850,1,C,Silver,50268
82094,Female,Urban,High School,5L-10L,0,1,3841,1,A,Platinum,49920
77477,Male,Rural,High School,More than 10L,1,6,2872,More than 1,A,Silver,69528
53848,Male,Urban,High School,5L-10L,1,2,5636,1,B,Silver,38688
23278,Female,Urban,High School,5L-10L,0,8,0,More than 1,B,Silver,68484
11481,Male,Urban,Bachelor,5L-10L,1,3,3215,More than 1,A,Gold,99432
7623,Female,Urban,Bachelor,5L-10L,1,1,0,1,A,Silver,35268
83874,Male,Urban,Bachelor,2L-5L,0,5,3626,More than 1,B,Gold,101256
69711,Female,Urban,High School,More than 10L,1,6,5675,1,A,Gold,58476
51229,Male,Rural,Bachelor,5L-10L,0,8,4717,More than 1,A,Silver,92736
78035,Female,Rural,Others,5L-10L,0,3,0,1,B,Silver,34860
35159,Female,Urban,High School,More than 10L,1,6,3458,More than 1,B,Silver,66432
29192,Female,Urban,High School,5L-10L,1,5,6277,1,A,Platinum,42372
79350,Female,Urban,Bachelor,2L-5L,0,5,8185,More than 1,C,Platinum,68520
5019,Male,Rural,Bachelor,More than 10L,1,1,2711,1,A,Gold,38328
66029,Male,Urban,High School,5L-10L,1,6,0,More than 1,A,Platinum,101052
45244,Female,Rural,High School,More than 10L,1,4,2057,1,B,Platinum,35064
58547,Female,Urban,High School,2L-5L,0,7,4022,More than 1,B,Silver,96768
35014,Male,Urban,High School,2L-5L,0,1,10436,More than 1,A,Silver,109212
32032,Male,Urban,Bachelor,2L-5L,0,5,0,More than 1,B,Platinum,71544
5638,Male,Rural,Bachelor,More than 10L,0,1,2405,More than 1,A,Gold,65724
54127,Female,Urban,Bachelor,5L-10L,1,4,5896,More than 1,A,Platinum,68940
48550,Female,Urban,Bachelor,5L-10L,0,7,7866,More than 1,B,Silver,199704
47086,Male,Urban,High School,More than 10L,0,6,8235,More than 1,C,Platinum,100188
36221,Male,Rural,High School,5L-10L,1,2,2426,More than 1,B,Platinum,66924
43050,Female,Urban,Bachelor,5L-10L,0,4,8988,More than 1,A,Platinum,118932
36685,Male,Urban,Bachelor,More than 10L,1,4,2920,1,A,Platinum,45768
84603,Female,Urban,Others,5L-10L,0,2,6843,1,A,Platinum,45888
3356,Male,Rural,Others,5L-10L,0,5,0,1,B,Gold,32328
42630,Male,Rural,Bachelor,2L-5L,0,5,3561,1,B,Silver,51564
66394,Female,Rural,Bachelor,5L-10L,1,1,5491,1,A,Silver,33996
53898,Male,Urban,Others,5L-10L,1,4,7324,1,A,Gold,34704
74341,Female,Rural,Bachelor,5L-10L,1,4,0,More than 1,B,Gold,74040
1199,Male,Rural,Bachelor,5L-10L,0,3,2395,More than 1,B,Platinum,62544
48881,Male,Urban,High School,5L-10L,0,6,7046,More than 1,A,Platinum,91308
75256,Female,Urban,Bachelor,5L-10L,1,1,0,More than 1,A,Platinum,67236
67462,Male,Rural,High School,5L-10L,1,8,0,1,B,Silver,33768
3107,Female,Urban,Bachelor,<=2L,0,5,11945,1,A,Silver,52764
29159,Male,Rural,Bachelor,5L-10L,1,4,0,1,A,Silver,34464
88934,Male,Urban,Bachelor,5L-10L,0,1,9031,More than 1,A,Gold,105036
18134,Female,Urban,High School,2L-5L,0,3,5406,1,A,Gold,39996
86258,Male,Urban,High School,5L-10L,1,4,3732,More than 1,A,Platinum,94608
35265,Male,Rural,Bachelor,5L-10L,1,7,0,More than 1,A,Silver,71304
36539,Male,Urban,High School,5L-10L,1,6,2684,More than 1,A,Platinum,99276
50415,Male,Urban,High School,5L-10L,0,5,6595,More than 1,A,Gold,63480
35416,Male,Urban,High School,More than 10L,0,6,10598,More than 1,A,Platinum,90876
56935,Male,Urban,Bachelor,2L-5L,0,5,5478,1,A,Silver,35508
50890,Male,Urban,Bachelor,5L-10L,1,7,2300,More than 1,B,Silver,62724
38356,Female,Rural,Bachelor,2L-5L,1,5,0,1,B,Silver,48456
35248,Female,Rural,High School,5L-10L,1,2,2436,1,A,Platinum,61872
49339,Male,Rural,High School,5L-10L,0,1,2032,1,A,Platinum,48912
8260,Female,Urban,Bachelor,2L-5L,0,6,9883,More than 1,C,Platinum,156768
17499,Male,Urban,Bachelor,5L-10L,0,6,6052,1,B,Silver,58080
48531,Male,Rural,Bachelor,More than 10L,0,0,0,1,A,Platinum,57504
28599,Male,Urban,Bachelor,More than 10L,1,8,3462,More than 1,A,Gold,112128
43826,Female,Rural,Bachelor,More than 10L,0,7,3684,1,B,Silver,47928
47576,Male,Urban,Bachelor,More than 10L,1,5,6776,1,C,Gold,57492
5302,Female,Rural,Bachelor,More than 10L,0,6,0,1,A,Gold,54684
64027,Male,Rural,High School,5L-10L,1,2,5882,1,A,Platinum,34344
16077,Female,Rural,Bachelor,5L-10L,0,6,0,More than 1,A,Silver,94980
82726,Male,Urban,High School,5L-10L,0,2,3523,More than 1,B,Gold,60576
62757,Female,Urban,High School,5L-10L,0,7,5422,More than 1,A,Silver,108216
43041,Female,Urban,High School,5L-10L,0,1,11199,1,A,Gold,45096
86792,Male,Rural,Bachelor,2L-5L,1,1,2430,1,A,Platinum,40080
14227,Male,Urban,High School,2L-5L,1,4,6039,More than 1,A,Platinum,108288
49060,Female,Urban,High School,5L-10L,0,1,6419,More than 1,A,Platinum,97464
87507,Male,Rural,Bachelor,More than 10L,1,8,3400,More than 1,A,Silver,104568
78767,Male,Urban,High School,5L-10L,1,2,6504,More than 1,A,Platinum,431160
25245,Male,Rural,Bachelor,5L-10L,0,0,3107,More than 1,B,Silver,69696
6471,Male,Rural,High School,5L-10L,1,4,0,More than 1,A,Silver,66168
40837,Female,Urban,High School,5L-10L,1,6,8103,More than 1,A,Silver,97680
34027,Female,Urban,High School,<=2L,1,6,7098,More than 1,A,Platinum,70980
78761,Female,Rural,High School,5L-10L,1,2,2976,More than 1,B,Silver,72072
76311,Male,Urban,Bachelor,5L-10L,1,5,2693,1,A,Silver,84900
53828,Male,Urban,High School,5L-10L,0,6,2476,More than 1,A,Silver,558060
39013,Female,Urban,High School,2L-5L,0,2,11490,More than 1,A,Silver,116892
12441,Female,Rural,High School,More than 10L,0,1,2816,More than 1,A,Silver,134736
9537,Male,Urban,Bachelor,5L-10L,0,3,2799,More than 1,C,Silver,473148
87416,Male,Urban,Bachelor,2L-5L,1,7,0,More than 1,B,Platinum,65016
46010,Male,Urban,Bachelor,2L-5L,0,5,7068,More than 1,B,Platinum,66300
53166,Male,Urban,High School,5L-10L,1,0,6542,1,A,Platinum,73452
44110,Male,Urban,High School,2L-5L,1,6,6379,More than 1,B,Silver,91752
60592,Male,Urban,Bachelor,5L-10L,1,2,3632,More than 1,B,Silver,189600
53018,Male,Urban,High School,5L-10L,1,5,6219,1,A,Platinum,67104
18542,Male,Rural,Others,5L-10L,0,0,0,1,A,Platinum,49032
48139,Male,Rural,High School,More than 10L,1,5,0,More than 1,B,Platinum,67860
81225,Male,Urban,High School,2L-5L,1,4,5061,1,C,Platinum,33720
75472,Male,Urban,High School,5L-10L,0,3,5982,1,A,Silver,33108
34541,Male,Rural,Bachelor,5L-10L,1,6,2143,1,A,Silver,39168
13055,Female,Urban,Bachelor,5L-10L,1,1,3246,More than 1,A,Silver,67812
45964,Male,Rural,High School,5L-10L,1,7,0,1,B,Silver,37536
68604,Female,Urban,High School,5L-10L,0,7,5883,More than 1,A,Platinum,106440
83402,Female,Urban,Bachelor,2L-5L,1,1,4043,1,A,Platinum,51120
58397,Male,Urban,Bachelor,5L-10L,1,6,3879,More than 1,A,Platinum,102852
64954,Male,Urban,High School,5L-10L,1,4,5966,More than 1,A,Gold,101244
70762,Male,Rural,Bachelor,5L-10L,0,7,0,More than 1,C,Platinum,59340
25715,Male,Urban,Bachelor,2L-5L,1,6,6648,1,A,Silver,63468
84207,Female,Urban,High School,2L-5L,1,1,6280,More than 1,A,Gold,76860
21169,Male,Urban,Bachelor,More than 10L,0,6,7120,1,B,Silver,62448
18769,Male,Urban,High School,2L-5L,1,6,3922,More than 1,B,Silver,81528
10025,Female,Urban,High School,<=2L,0,7,5080,More than 1,A,Platinum,133308
63260,Male,Urban,Bachelor,5L-10L,1,2,5298,1,A,Silver,32916
63121,Female,Urban,Bachelor,2L-5L,1,4,7645,More than 1,C,Platinum,160284
11594,Female,Urban,Bachelor,More than 10L,1,6,2146,More than 1,B,Platinum,99516
88408,Male,Urban,High School,5L-10L,1,4,3679,More than 1,B,Silver,68088
24997,Male,Rural,Bachelor,More than 10L,0,7,0,More than 1,B,Platinum,62748
17067,Female,Urban,High School,5L-10L,0,6,2532,More than 1,A,Platinum,70464
47668,Male,Urban,High School,2L-5L,1,2,5584,More than 1,A,Platinum,96048
73019,Male,Urban,High School,More than 10L,1,2,6058,1,A,Platinum,31104
54382,Female,Urban,Bachelor,5L-10L,0,5,4684,More than 1,B,Gold,108756
33344,Female,Rural,Bachelor,5L-10L,1,6,2823,More than 1,A,Gold,97284
76162,Female,Rural,High School,5L-10L,1,0,3728,More than 1,B,Gold,50292
12701,Female,Urban,Bachelor,5L-10L,1,6,0,1,A,Platinum,38328
84024,Female,Urban,Bachelor,5L-10L,0,5,8527,More than 1,A,Platinum,102000
22904,Female,Urban,Bachelor,2L-5L,0,8,5237,1,B,Silver,63300
87653,Male,Urban,High School,5L-10L,1,6,4659,1,A,Platinum,31392
51706,Male,Urban,High School,5L-10L,0,4,2196,More than 1,B,Platinum,108576
67941,Female,Rural,Others,5L-10L,0,1,0,1,A,Gold,37404
20320,Male,Urban,Bachelor,5L-10L,0,6,5921,More than 1,A,Silver,105192
24697,Male,Urban,Bachelor,2L-5L,1,7,5812,1,B,Platinum,36972
37698,Male,Rural,High School,5L-10L,1,6,0,More than 1,A,Gold,109356
50444,Male,Urban,High School,5L-10L,1,5,6465,More than 1,A,Platinum,101496
18794,Female,Urban,Bachelor,5L-10L,0,8,6415,More than 1,B,Platinum,73932
38601,Female,Urban,High School,5L-10L,1,5,3803,More than 1,A,Platinum,98844
4361,Male,Urban,High School,5L-10L,1,2,2797,1,A,Gold,33588
69832,Male,Rural,Bachelor,More than 10L,1,2,3073,More than 1,A,Silver,101268
79448,Male,Urban,Bachelor,5L-10L,1,5,9081,More than 1,B,Gold,433608
35809,Male,Rural,Others,2L-5L,0,7,0,1,B,Silver,53880
12411,Male,Rural,Bachelor,More than 10L,1,1,0,1,A,Platinum,28416
64980,Male,Urban,Bachelor,5L-10L,0,4,6061,More than 1,A,Silver,101676
80986,Male,Urban,High School,2L-5L,1,6,4537,More than 1,B,Silver,68304
67832,Female,Urban,Others,2L-5L,0,7,5848,1,B,Platinum,31164
36523,Female,Rural,High School,More than 10L,1,1,0,1,B,Platinum,37476
58597,Female,Urban,Bachelor,5L-10L,0,7,5779,1,B,Silver,36480
61392,Male,Urban,High School,5L-10L,1,7,2430,More than 1,B,Silver,96852
51315,Male,Urban,High School,More than 10L,1,3,2216,1,A,Silver,58800
53477,Female,Urban,High School,5L-10L,0,1,2724,1,A,Platinum,32508
37151,Female,Rural,Others,5L-10L,0,3,2015,1,A,Gold,34764
66706,Male,Rural,Bachelor,5L-10L,0,1,6230,More than 1,B,Silver,73284
21250,Female,Urban,High School,2L-5L,1,3,7928,More than 1,C,Silver,59724
67249,Male,Urban,Bachelor,5L-10L,1,3,0,1,C,Platinum,33180
32572,Male,Urban,Bachelor,5L-10L,0,1,3739,1,B,Gold,32496
55670,Male,Rural,Bachelor,5L-10L,1,0,2301,More than 1,A,Gold,60252
47596,Female,Urban,Bachelor,2L-5L,0,2,6093,More than 1,A,Silver,103956
54547,Male,Rural,Bachelor,5L-10L,1,4,3585,More than 1,B,Platinum,71340
4515,Male,Rural,High School,5L-10L,1,6,5865,1,A,Platinum,48876
19375,Female,Urban,Bachelor,2L-5L,0,8,10525,1,A,Silver,63216
78156,Female,Urban,Bachelor,5L-10L,0,7,7269,1,B,Gold,48216
62713,Male,Urban,Bachelor,2L-5L,1,5,4318,1,C,Gold,32460
58198,Female,Urban,High School,<=2L,1,8,3200,1,C,Platinum,64548
80295,Female,Rural,High School,More than 10L,0,7,2522,More than 1,A,Platinum,74760
70188,Female,Urban,High School,5L-10L,1,2,2777,1,A,Platinum,37824
26897,Male,Urban,High School,5L-10L,1,4,4566,More than 1,A,Platinum,151272
77171,Female,Urban,High School,5L-10L,1,5,5021,1,A,Gold,33840
69792,Male,Urban,Bachelor,5L-10L,0,5,0,More than 1,A,Silver,69996
76291,Male,Urban,Bachelor,5L-10L,1,5,0,More than 1,B,Silver,65700
48236,Male,Urban,High School,More than 10L,0,5,4312,1,A,Platinum,51024
16551,Male,Urban,Bachelor,More than 10L,1,4,3988,1,A,Silver,31104
81991,Female,Urban,High School,2L-5L,0,4,7048,1,A,Platinum,44616
32887,Male,Rural,Bachelor,5L-10L,1,7,5006,More than 1,C,Platinum,74652
63147,Male,Urban,Bachelor,5L-10L,0,2,5529,1,A,Platinum,36816
10799,Female,Urban,High School,5L-10L,1,4,3378,More than 1,A,Silver,484740
53766,Male,Urban,Others,2L-5L,0,4,7104,1,A,Platinum,59304
58685,Male,Rural,Bachelor,5L-10L,0,6,2353,More than 1,A,Platinum,76440
27088,Male,Rural,Others,5L-10L,1,2,0,1,A,Silver,37752
71594,Male,Urban,High School,5L-10L,1,8,2732,More than 1,A,Platinum,59256
14824,Female,Rural,Bachelor,5L-10L,0,8,0,1,B,Platinum,43548
29512,Female,Rural,High School,5L-10L,1,5,0,1,C,Platinum,33456
8657,Female,Urban,Bachelor,5L-10L,1,6,9167,More than 1,A,Gold,111564
23450,Female,Urban,High School,5L-10L,0,1,4081,More than 1,B,Silver,66840
60235,Female,Urban,Bachelor,5L-10L,0,3,3129,More than 1,C,Platinum,112392
11253,Male,Urban,Bachelor,2L-5L,0,5,4970,More than 1,A,Platinum,108792
74194,Female,Urban,High School,5L-10L,1,0,6586,1,A,Platinum,29244
17139,Female,Rural,High School,5L-10L,1,6,2227,More than 1,B,Gold,69564
14393,Male,Urban,High School,5L-10L,1,4,0,More than 1,A,Platinum,94332
60575,Male,Urban,Bachelor,2L-5L,0,6,5974,More than 1,A,Platinum,164568
80500,Female,Urban,Bachelor,2L-5L,0,7,6153,More than 1,A,Gold,104580
65421,Female,Rural,High School,5L-10L,0,0,2252,1,A,Silver,48072
45770,Male,Rural,High School,More than 10L,1,5,0,1,B,Platinum,45732
23949,Female,Urban,High School,More than 10L,1,1,2292,1,B,Silver,36024
4617,Male,Urban,Bachelor,5L-10L,0,7,0,1,B,Platinum,53964
1756,Male,Rural,High School,5L-10L,1,2,0,More than 1,B,Gold,56316
46228,Male,Urban,High School,More than 10L,1,7,6351,1,A,Platinum,37464
36030,Male,Urban,High School,5L-10L,1,1,5387,1,A,Platinum,35256
58357,Male,Urban,Bachelor,5L-10L,0,3,3910,1,A,Platinum,42756
35604,Male,Urban,Bachelor,More than 10L,0,8,8816,More than 1,A,Silver,106428
37461,Male,Rural,Bachelor,5L-10L,0,2,4650,1,C,Platinum,59508
1108,Male,Rural,Bachelor,5L-10L,1,6,0,More than 1,B,Platinum,66360
87286,Male,Urban,Others,2L-5L,0,4,7053,1,B,Gold,58596
41727,Female,Urban,Bachelor,5L-10L,1,6,6102,1,B,Gold,52260
620,Male,Urban,High School,5L-10L,0,7,4916,1,B,Platinum,38772
21256,Male,Rural,Bachelor,5L-10L,0,6,3344,1,C,Silver,56544
86279,Male,Urban,Others,5L-10L,0,6,2541,More than 1,B,Platinum,47136
29666,Female,Urban,High School,More than 10L,0,7,8168,More than 1,A,Silver,88092
26278,Female,Rural,Bachelor,5L-10L,1,2,0,More than 1,B,Platinum,72720
30803,Female,Urban,Bachelor,5L-10L,1,8,8346,More than 1,A,Platinum,124512
44490,Male,Rural,Bachelor,5L-10L,1,1,2121,1,A,Platinum,35784
42581,Female,Urban,High School,More than 10L,1,5,9910,1,A,Platinum,57468
3922,Male,Urban,High School,5L-10L,0,2,11666,More than 1,A,Platinum,111936
13086,Male,Urban,Bachelor,2L-5L,0,1,6388,More than 1,A,Silver,113688
75930,Female,Urban,Others,2L-5L,1,4,5580,1,A,Platinum,37392
84536,Male,Rural,Bachelor,5L-10L,0,7,2595,More than 1,B,Gold,90192
53890,Female,Urban,High School,5L-10L,0,3,5078,More than 1,C,Platinum,88008
34160,Female,Urban,High School,5L-10L,0,6,8547,More than 1,C,Silver,105588
72091,Male,Urban,Bachelor,2L-5L,0,0,0,More than 1,B,Gold,72072
80696,Male,Urban,Bachelor,2L-5L,1,4,4311,More than 1,B,Silver,111552
85351,Male,Rural,Bachelor,More than 10L,1,1,0,More than 1,A,Platinum,68100
29626,Male,Urban,Bachelor,5L-10L,0,8,5686,1,A,Gold,36528
61489,Male,Urban,Bachelor,2L-5L,1,6,4080,More than 1,B,Platinum,64056
28351,Female,Rural,High School,More than 10L,0,7,4163,More than 1,A,Silver,98856
75094,Male,Urban,High School,5L-10L,0,5,5000,1,A,Platinum,31128
16508,Male,Urban,Bachelor,5L-10L,0,6,7434,1,A,Platinum,41736
27245,Male,Urban,Bachelor,5L-10L,1,8,5131,More than 1,A,Gold,58932
23703,Male,Urban,Bachelor,5L-10L,1,4,3668,More than 1,A,Platinum,95472
12940,Male,Urban,High School,5L-10L,1,0,0,More than 1,B,Platinum,74964
40631,Male,Rural,Bachelor,More than 10L,1,3,0,1,A,Gold,33108
78914,Male,Urban,High School,More than 10L,1,3,6543,More than 1,A,Platinum,104136
58116,Male,Urban,Others,5L-10L,0,5,4248,More than 1,A,Platinum,104688
83522,Male,Urban,Bachelor,2L-5L,1,6,4311,1,A,Gold,46140
23565,Male,Urban,High School,5L-10L,1,8,9715,More than 1,A,Silver,456120
51236,Female,Rural,High School,5L-10L,0,1,0,More than 1,B,Silver,63900
82372,Male,Urban,High School,5L-10L,1,5,7865,More than 1,A,Platinum,95232
49574,Male,Rural,High School,More than 10L,1,1,2165,More than 1,A,Platinum,67140
62242,Male,Urban,High School,5L-10L,1,0,0,More than 1,B,Platinum,97044
36470,Male,Urban,High School,5L-10L,1,8,4003,1,B,Platinum,32148
59530,Male,Urban,High School,5L-10L,1,7,3899,1,A,Silver,40500
20829,Female,Rural,Others,More than 10L,1,6,0,More than 1,B,Platinum,67632
39645,Male,Urban,Bachelor,5L-10L,1,5,3576,1,A,Gold,32916
75389,Male,Urban,High School,More than 10L,1,5,2099,1,B,Platinum,31548
46370,Female,Urban,High School,5L-10L,1,5,6974,More than 1,A,Gold,104184
59648,Female,Urban,Bachelor,More than 10L,1,7,2583,1,B,Platinum,51552
23097,Male,Urban,High School,5L-10L,0,6,0,1,A,Platinum,34644
14238,Male,Rural,Bachelor,5L-10L,0,8,0,More than 1,B,Platinum,71916
69370,Male,Urban,High School,More than 10L,1,4,5527,1,A,Gold,39408
92,Male,Rural,High School,5L-10L,0,7,3563,More than 1,C,Silver,97164
33096,Male,Urban,High School,5L-10L,1,1,3667,1,A,Platinum,49872
16295,Female,Urban,Bachelor,5L-10L,0,7,10522,1,A,Silver,60384
4330,Female,Rural,Bachelor,5L-10L,1,6,4554,1,A,Platinum,50700
82477,Male,Urban,Others,5L-10L,1,8,4044,1,C,Gold,39384
32099,Female,Urban,High School,5L-10L,1,7,4229,More than 1,A,Platinum,87672
61861,Female,Urban,High School,5L-10L,1,3,5244,1,A,Platinum,34596
83232,Male,Urban,High School,5L-10L,0,8,7011,1,C,Gold,61716
27711,Male,Urban,High School,<=2L,1,3,4653,1,A,Platinum,33324
57967,Male,Urban,High School,2L-5L,0,3,6749,1,C,Platinum,290712
62854,Female,Urban,High School,More than 10L,0,8,10305,More than 1,A,Platinum,103920
49022,Male,Rural,High School,5L-10L,0,2,4274,More than 1,A,Gold,83436
83692,Male,Urban,Bachelor,5L-10L,0,6,12891,More than 1,A,Gold,183900
24212,Male,Urban,High School,5L-10L,0,6,4147,More than 1,A,Gold,214956
11819,Male,Urban,High School,5L-10L,0,1,6420,1,C,Platinum,59628
29808,Male,Urban,High School,More than 10L,0,6,8646,More than 1,A,Platinum,180960
31743,Female,Rural,High School,5L-10L,0,0,0,More than 1,B,Platinum,70464
7720,Male,Urban,High School,5L-10L,1,6,6777,More than 1,A,Gold,109908
60026,Male,Rural,High School,5L-10L,1,0,0,1,C,Silver,37656
19903,Female,Urban,Bachelor,5L-10L,1,8,0,More than 1,B,Platinum,66228
34419,Female,Rural,High School,5L-10L,1,0,3117,More than 1,B,Platinum,74928
73311,Male,Rural,High School,More than 10L,0,7,0,More than 1,B,Platinum,58248
70376,Male,Urban,High School,5L-10L,1,6,6373,More than 1,A,Platinum,63360
34161,Male,Urban,High School,5L-10L,1,8,6496,1,A,Platinum,57168
26452,Male,Urban,High School,5L-10L,1,7,3810,1,C,Gold,47196
87425,Female,Urban,High School,5L-10L,0,5,4029,1,A,Platinum,52140
50120,Male,Urban,High School,5L-10L,0,5,10603,More than 1,C,Gold,215940
69685,Male,Urban,Bachelor,2L-5L,0,0,6557,1,A,Silver,68088
40327,Female,Urban,Bachelor,5L-10L,0,6,2414,More than 1,B,Silver,72084
59744,Female,Rural,Others,2L-5L,1,6,3572,1,B,Platinum,44496
30446,Male,Urban,High School,2L-5L,1,6,9897,1,C,Gold,63024
27606,Male,Urban,Bachelor,5L-10L,0,5,2284,1,A,Platinum,41352
82659,Male,Urban,High School,5L-10L,1,2,7336,More than 1,A,Silver,97380
82053,Female,Urban,Bachelor,2L-5L,0,4,5750,More than 1,A,Silver,160116
66988,Female,Urban,High School,2L-5L,1,7,7065,More than 1,B,Silver,73032
39170,Male,Urban,High School,5L-10L,1,5,5624,1,A,Gold,35364
73287,Female,Urban,Bachelor,5L-10L,1,5,4042,1,A,Platinum,50592
59526,Male,Urban,High School,5L-10L,0,5,9641,More than 1,A,Gold,128820
8652,Male,Rural,High School,5L-10L,1,6,2875,More than 1,A,Platinum,89304
33394,Female,Rural,Bachelor,5L-10L,1,6,0,More than 1,B,Platinum,86304
45424,Female,Rural,Bachelor,5L-10L,0,6,3185,More than 1,B,Gold,67164
28976,Female,Urban,High School,More than 10L,1,4,0,1,A,Gold,36384
71053,Male,Urban,High School,5L-10L,1,4,3262,More than 1,A,Platinum,90384
57263,Male,Urban,High School,5L-10L,0,2,6084,More than 1,A,Silver,112032
79438,Male,Urban,High School,5L-10L,1,7,4507,1,A,Platinum,48156
16271,Male,Urban,Bachelor,5L-10L,1,7,3290,More than 1,B,Gold,70512
30600,Female,Rural,Others,5L-10L,1,4,0,More than 1,B,Silver,68148
54228,Female,Rural,Bachelor,5L-10L,1,7,2494,More than 1,A,Platinum,72300
64214,Female,Urban,High School,<=2L,1,1,5863,More than 1,A,Platinum,94932
74138,Female,Urban,Bachelor,2L-5L,1,1,4835,1,A,Platinum,57072
29450,Male,Rural,High School,5L-10L,0,4,0,1,A,Gold,32904
3136,Male,Urban,Bachelor,5L-10L,0,2,8596,More than 1,A,Gold,118668
1477,Female,Urban,High School,More than 10L,1,2,0,1,C,Platinum,52728
34180,Female,Rural,Bachelor,5L-10L,0,5,4123,More than 1,C,Gold,102396
56082,Male,Urban,Bachelor,More than 10L,1,4,7267,More than 1,A,Platinum,101916
28662,Male,Urban,Bachelor,5L-10L,1,2,0,1,A,Platinum,31596
10448,Male,Rural,High School,5L-10L,1,1,2609,1,A,Platinum,43068
31812,Male,Rural,High School,More than 10L,1,4,0,1,A,Platinum,38316
41752,Female,Rural,Bachelor,5L-10L,1,0,5172,1,A,Platinum,58404
23103,Male,Urban,High School,5L-10L,1,7,6729,1,A,Platinum,33048
53996,Female,Rural,High School,5L-10L,1,6,2033,1,A,Silver,36972
84217,Male,Urban,High School,5L-10L,1,6,4026,More than 1,A,Platinum,98124
87948,Female,Urban,Bachelor,More than 10L,0,3,5535,More than 1,A,Silver,93216
84486,Male,Urban,High School,2L-5L,1,4,5234,1,B,Silver,39192
15015,Female,Urban,Bachelor,More than 10L,1,6,11442,More than 1,A,Platinum,105672
53474,Female,Urban,High School,2L-5L,1,1,6305,More than 1,A,Platinum,91716
81476,Female,Urban,High School,More than 10L,0,5,8848,More than 1,A,Gold,110556
79043,Male,Urban,High School,More than 10L,1,4,6060,More than 1,C,Platinum,101124
22289,Female,Rural,High School,More than 10L,1,3,2760,More than 1,B,Silver,70224
40156,Male,Urban,Bachelor,5L-10L,0,6,6094,More than 1,C,Platinum,75132
46414,Female,Urban,High School,2L-5L,1,7,2645,1,B,Silver,37800
31255,Male,Urban,High School,5L-10L,1,3,9936,1,A,Silver,32292
20031,Male,Urban,Bachelor,5L-10L,1,6,11489,1,A,Platinum,62724
8588,Female,Urban,Bachelor,5L-10L,0,6,2093,More than 1,B,Silver,65460
30564,Male,Urban,Bachelor,2L-5L,0,5,5991,More than 1,B,Gold,100476
101,Female,Rural,High School,5L-10L,1,1,4861,1,A,Gold,35736
35244,Female,Rural,High School,5L-10L,1,0,5120,More than 1,B,Silver,85980
34348,Male,Rural,High School,More than 10L,0,6,0,1,B,Silver,54888
87043,Male,Rural,Bachelor,5L-10L,0,7,5952,More than 1,A,Platinum,98244
945,Male,Urban,High School,More than 10L,0,7,6472,1,C,Silver,41484
23174,Male,Urban,Bachelor,2L-5L,1,4,2912,More than 1,B,Silver,232632
87360,Female,Urban,Bachelor,5L-10L,0,7,5908,1,A,Silver,64752
28846,Female,Urban,High School,5L-10L,1,2,3086,1,A,Gold,41676
45066,Male,Urban,Bachelor,5L-10L,0,6,3749,More than 1,A,Platinum,189240
6993,Male,Urban,High School,5L-10L,1,1,5432,1,A,Platinum,33204
27109,Female,Urban,Bachelor,5L-10L,0,8,0,1,C,Platinum,29076
28420,Male,Urban,Others,5L-10L,1,7,4374,1,A,Silver,49356
88810,Female,Urban,High School,5L-10L,0,2,5771,More than 1,A,Silver,98568
81306,Male,Rural,High School,5L-10L,0,6,2010,More than 1,B,Platinum,64056
50766,Female,Rural,High School,2L-5L,1,4,3895,More than 1,C,Gold,111624
55379,Male,Rural,Bachelor,5L-10L,1,8,2481,1,C,Gold,37488
18804,Male,Urban,Bachelor,More than 10L,1,5,0,1,A,Silver,37728
6875,Female,Rural,Bachelor,More than 10L,0,6,0,More than 1,A,Platinum,62004
58154,Female,Urban,High School,5L-10L,0,7,5256,More than 1,A,Silver,107076
50571,Female,Urban,Bachelor,2L-5L,0,2,12409,More than 1,A,Platinum,104712
73058,Male,Rural,High School,More than 10L,0,7,3046,1,C,Platinum,45624
4228,Female,Urban,High School,2L-5L,0,3,11832,More than 1,A,Platinum,55464
48407,Female,Urban,High School,5L-10L,0,2,0,1,A,Gold,64224
5697,Male,Urban,High School,2L-5L,0,6,5291,1,A,Silver,48048
61840,Female,Rural,High School,2L-5L,0,7,5886,More than 1,A,Silver,89148
24724,Male,Urban,High School,5L-10L,1,4,4649,More than 1,A,Silver,101316
16194,Male,Urban,Bachelor,2L-5L,1,7,6074,More than 1,A,Platinum,111468
65548,Male,Urban,High School,2L-5L,0,7,4112,More than 1,A,Platinum,92712
17097,Male,Urban,High School,More than 10L,1,0,7130,More than 1,A,Gold,96804
16002,Male,Urban,High School,5L-10L,1,6,4414,1,A,Platinum,54708
39284,Male,Urban,Bachelor,5L-10L,1,8,6996,More than 1,C,Silver,106260
26876,Male,Rural,Bachelor,5L-10L,0,7,5449,More than 1,B,Gold,65976
74701,Male,Urban,Bachelor,2L-5L,1,6,0,More than 1,A,Silver,83760
43514,Male,Urban,Bachelor,5L-10L,0,4,6759,More than 1,A,Platinum,66300
71575,Male,Urban,Bachelor,5L-10L,1,7,6411,1,A,Silver,67104
58925,Male,Rural,Others,More than 10L,1,4,4660,1,A,Silver,39468
74638,Male,Urban,High School,5L-10L,1,3,5255,1,A,Platinum,37548
79137,Male,Urban,Bachelor,2L-5L,1,4,5077,1,A,Gold,40800
87298,Male,Rural,Bachelor,5L-10L,0,6,5810,More than 1,B,Platinum,63576
26133,Male,Rural,Bachelor,5L-10L,1,0,0,1,B,Silver,37428
36884,Female,Rural,Bachelor,5L-10L,1,6,3540,More than 1,A,Silver,343092
36215,Female,Rural,Bachelor,5L-10L,1,6,0,1,A,Platinum,38532
20375,Male,Urban,Bachelor,5L-10L,1,2,15226,More than 1,B,Gold,116028
81543,Male,Urban,High School,5L-10L,1,5,6034,1,A,Platinum,35388
77279,Female,Urban,High School,More than 10L,0,8,2938,More than 1,A,Platinum,32052
66895,Female,Urban,High School,2L-5L,1,4,0,More than 1,A,Gold,96876
5679,Female,Urban,Bachelor,2L-5L,1,4,5423,More than 1,A,Gold,230244
88649,Male,Rural,High School,5L-10L,0,7,3080,More than 1,B,Platinum,67656
73252,Female,Urban,Bachelor,5L-10L,0,6,6888,More than 1,B,Silver,106272
12983,Female,Urban,Bachelor,2L-5L,1,2,0,More than 1,C,Gold,99204
54500,Male,Urban,High School,5L-10L,1,5,3901,More than 1,B,Silver,101280
31179,Male,Urban,Bachelor,More than 10L,1,1,3158,1,A,Platinum,38136
30713,Female,Rural,High School,5L-10L,0,0,0,1,A,Platinum,36204
75896,Male,Urban,High School,5L-10L,1,2,2745,More than 1,C,Silver,74412
29866,Male,Urban,High School,2L-5L,1,6,3500,More than 1,A,Platinum,113364
85524,Male,Urban,Bachelor,5L-10L,1,8,2284,More than 1,B,Platinum,62760
22984,Female,Urban,High School,5L-10L,1,7,5463,More than 1,A,Platinum,101544
3021,Male,Urban,High School,5L-10L,1,5,0,More than 1,A,Platinum,51384
46411,Female,Urban,High School,<=2L,1,3,6883,More than 1,A,Platinum,194640
5595,Female,Rural,High School,5L-10L,0,7,2947,More than 1,B,Platinum,57276
66526,Female,Urban,Bachelor,2L-5L,0,7,5393,More than 1,B,Silver,62508
71047,Female,Urban,High School,2L-5L,1,6,3497,1,A,Silver,65448
15117,Female,Rural,High School,2L-5L,0,5,4070,1,C,Silver,50208
59766,Male,Urban,Bachelor,More than 10L,1,1,5650,1,C,Silver,31404
58347,Male,Urban,High School,5L-10L,1,8,0,1,B,Gold,32832
76993,Male,Urban,High School,2L-5L,0,3,0,More than 1,A,Gold,68100
16135,Female,Urban,High School,5L-10L,1,7,3133,More than 1,A,Gold,57984
22421,Male,Rural,Bachelor,5L-10L,1,3,5768,More than 1,A,Platinum,65652
78154,Female,Urban,Bachelor,5L-10L,1,8,6606,More than 1,A,Platinum,68208
16533,Male,Urban,High School,5L-10L,1,6,0,More than 1,B,Platinum,61440
52072,Female,Rural,High School,5L-10L,1,3,3427,More than 1,B,Platinum,62292
60516,Female,Urban,Others,More than 10L,1,0,0,1,A,Gold,31476
72814,Male,Urban,Bachelor,5L-10L,1,5,8172,More than 1,A,Platinum,92196
25906,Male,Rural,Bachelor,5L-10L,0,7,3196,More than 1,A,Platinum,68064
35402,Male,Urban,Bachelor,More than 10L,1,1,0,1,A,Platinum,38640
74482,Female,Urban,High School,5L-10L,0,7,3761,More than 1,A,Platinum,99420
15390,Male,Urban,High School,5L-10L,0,1,9376,More than 1,A,Platinum,110448
29914,Male,Urban,High School,5L-10L,0,5,3966,More than 1,A,Silver,89856
29290,Male,Urban,High School,More than 10L,0,4,9602,More than 1,A,Platinum,105384
10470,Male,Rural,Others,5L-10L,1,1,0,1,C,Gold,52740
39035,Male,Urban,Bachelor,More than 10L,1,2,5553,1,C,Gold,37008
28325,Male,Rural,High School,5L-10L,1,5,5727,1,B,Silver,33264
66486,Male,Rural,Bachelor,5L-10L,0,7,2783,More than 1,B,Platinum,65700
6631,Male,Rural,Others,More than 10L,1,2,6576,1,A,Platinum,36192
50148,Female,Urban,Bachelor,5L-10L,1,6,4422,1,B,Platinum,48312
20801,Male,Urban,Bachelor,More than 10L,1,1,5691,1,A,Silver,32304
16369,Male,Urban,High School,5L-10L,1,4,2117,1,A,Gold,31404
28886,Female,Urban,Bachelor,2L-5L,0,7,5219,1,A,Silver,31896
78677,Male,Urban,Bachelor,5L-10L,0,6,4039,1,C,Silver,49728
10688,Male,Urban,High School,5L-10L,0,6,23264,More than 1,A,Gold,108084
70642,Female,Urban,High School,More than 10L,1,2,0,More than 1,A,Platinum,129072
54506,Female,Urban,Bachelor,5L-10L,0,7,2100,More than 1,B,Gold,58080
59708,Male,Urban,High School,5L-10L,0,6,4431,1,C,Gold,32952
14707,Female,Rural,High School,More than 10L,1,2,0,More than 1,B,Gold,67692
10080,Male,Urban,High School,5L-10L,1,1,3699,More than 1,B,Platinum,63240
84363,Male,Rural,High School,2L-5L,1,4,2827,More than 1,B,Platinum,71640
84290,Male,Urban,High School,5L-10L,0,6,4375,1,B,Platinum,67140
75029,Male,Urban,High School,5L-10L,0,1,6430,More than 1,B,Gold,61176
82649,Female,Urban,High School,5L-10L,1,6,4824,1,C,Gold,33732
60943,Female,Urban,High School,5L-10L,0,0,3494,More than 1,A,Platinum,105924
86248,Male,Rural,High School,2L-5L,0,1,6764,More than 1,B,Gold,145464
48738,Male,Rural,Bachelor,5L-10L,0,6,0,1,C,Gold,58272
2578,Female,Urban,High School,2L-5L,1,6,3975,More than 1,A,Platinum,61920
30039,Female,Urban,High School,5L-10L,1,6,0,1,A,Silver,45288
21649,Male,Urban,Bachelor,2L-5L,1,3,7021,1,A,Gold,65040
47107,Male,Urban,Bachelor,5L-10L,0,5,15485,More than 1,A,Platinum,116316
47442,Male,Urban,High School,2L-5L,1,3,5120,More than 1,B,Platinum,98556
75254,Male,Rural,Bachelor,5L-10L,1,5,4874,1,B,Silver,33876
11216,Female,Rural,High School,5L-10L,1,1,0,1,C,Platinum,33012
41695,Male,Urban,High School,5L-10L,1,1,6221,1,A,Platinum,33504
30696,Male,Rural,High School,5L-10L,1,1,2134,1,A,Platinum,30972
80685,Male,Rural,Bachelor,5L-10L,1,8,2061,More than 1,B,Gold,79824
29826,Female,Rural,Bachelor,2L-5L,1,5,14671,More than 1,A,Silver,100320
85678,Male,Urban,High School,5L-10L,0,8,3887,More than 1,A,Platinum,104472
32318,Male,Urban,Bachelor,2L-5L,1,0,0,More than 1,B,Silver,95364
4825,Male,Urban,High School,5L-10L,0,7,10095,More than 1,A,Platinum,170316
33761,Female,Rural,Bachelor,5L-10L,1,7,2062,1,B,Silver,50496
3737,Female,Rural,High School,5L-10L,1,4,2434,More than 1,A,Platinum,60384
69158,Female,Urban,Others,2L-5L,0,7,5675,More than 1,A,Platinum,68724
52551,Male,Rural,High School,More than 10L,0,1,0,More than 1,A,Platinum,58356
26261,Male,Urban,High School,2L-5L,1,4,4645,1,C,Gold,32748
62096,Female,Rural,Bachelor,5L-10L,1,7,4903,1,B,Silver,54588
31203,Female,Rural,High School,5L-10L,0,0,2927,More than 1,A,Gold,98304
63221,Female,Urban,High School,2L-5L,1,8,5066,More than 1,B,Platinum,70248
27278,Female,Urban,Bachelor,5L-10L,0,0,5848,More than 1,A,Silver,96084
58626,Male,Urban,High School,2L-5L,1,6,6071,1,B,Silver,36096
39593,Male,Urban,Others,More than 10L,0,5,3887,1,A,Platinum,33516
78810,Female,Rural,Others,5L-10L,1,3,0,More than 1,A,Platinum,303840
20629,Male,Urban,High School,5L-10L,0,4,2487,1,B,Platinum,46092
74812,Female,Urban,High School,5L-10L,1,2,0,More than 1,A,Platinum,93372
19144,Male,Urban,Others,5L-10L,1,6,3423,More than 1,A,Gold,92700
83639,Female,Urban,Bachelor,5L-10L,1,7,2310,1,B,Platinum,54444
25290,Female,Rural,Others,5L-10L,1,0,0,1,B,Silver,41856
16732,Female,Urban,High School,5L-10L,1,4,3933,1,B,Platinum,36444
12327,Female,Urban,High School,2L-5L,1,3,5068,1,A,Gold,35460
71085,Male,Urban,High School,5L-10L,1,8,3607,More than 1,A,Platinum,98988
84083,Male,Rural,Bachelor,More than 10L,1,7,0,More than 1,B,Silver,63672
15942,Female,Urban,High School,5L-10L,0,4,8716,More than 1,A,Platinum,101448
45167,Male,Urban,Bachelor,2L-5L,1,2,6056,More than 1,C,Gold,84492
27259,Male,Urban,High School,5L-10L,1,5,3980,More than 1,B,Gold,63636
16742,Male,Urban,High School,5L-10L,0,6,4693,1,A,Gold,47712
32844,Male,Rural,Bachelor,5L-10L,1,4,2027,More than 1,A,Silver,99252
53660,Female,Urban,Bachelor,5L-10L,0,6,6205,1,A,Platinum,46488
28889,Male,Urban,Bachelor,<=2L,0,7,7996,More than 1,B,Silver,92784
44625,Female,Urban,Bachelor,5L-10L,0,5,4346,More than 1,A,Gold,108384
17667,Male,Rural,Bachelor,5L-10L,1,3,4581,1,A,Platinum,33228
1562,Female,Rural,High School,5L-10L,1,5,2984,More than 1,C,Gold,93648
84493,Female,Urban,Bachelor,5L-10L,1,4,6656,1,A,Platinum,54372
31178,Female,Urban,High School,5L-10L,1,2,10441,More than 1,A,Platinum,59220
64513,Male,Urban,High School,5L-10L,1,7,5651,1,A,Platinum,58116
67373,Female,Urban,High School,5L-10L,0,5,6739,More than 1,C,Platinum,99852
46694,Male,Rural,High School,5L-10L,1,8,3094,More than 1,A,Platinum,64680
61880,Male,Rural,High School,5L-10L,1,3,0,1,A,Gold,35592
3163,Female,Urban,Bachelor,2L-5L,0,2,8927,More than 1,B,Silver,98916
50398,Male,Urban,Bachelor,5L-10L,0,6,3009,More than 1,A,Gold,93108
24611,Female,Rural,High School,2L-5L,1,8,6679,More than 1,B,Silver,92496
64428,Female,Rural,Bachelor,5L-10L,1,1,2065,1,B,Platinum,35556
39118,Female,Urban,Bachelor,2L-5L,1,6,3918,More than 1,B,Silver,76596
33904,Male,Rural,High School,5L-10L,0,6,2951,More than 1,B,Platinum,58416
61142,Male,Rural,High School,5L-10L,1,2,2569,More than 1,A,Gold,115200
62480,Male,Rural,High School,5L-10L,0,4,2612,1,B,Platinum,56232
55115,Male,Urban,High School,5L-10L,1,6,2189,More than 1,A,Platinum,107280
44349,Female,Urban,High School,5L-10L,1,0,8053,More than 1,A,Platinum,110544
28483,Male,Urban,High School,5L-10L,1,2,3945,1,A,Platinum,45876
21360,Male,Rural,Others,More than 10L,0,1,2241,1,A,Gold,49512
25231,Male,Rural,Bachelor,More than 10L,0,1,0,1,A,Silver,35088
9941,Male,Urban,High School,2L-5L,0,1,6322,1,A,Platinum,32376
57810,Male,Urban,High School,2L-5L,0,6,5396,More than 1,A,Platinum,100656
25065,Male,Urban,Bachelor,5L-10L,0,5,6346,1,A,Platinum,43908
35020,Female,Urban,High School,2L-5L,1,7,2644,1,B,Platinum,36756
37035,Female,Rural,High School,2L-5L,1,5,5149,More than 1,B,Silver,142332
13994,Female,Urban,High School,More than 10L,1,5,5814,More than 1,C,Platinum,93648
28719,Male,Rural,Bachelor,5L-10L,1,6,4613,More than 1,A,Gold,99360
20842,Female,Urban,High School,More than 10L,1,7,3668,1,A,Platinum,46188
88545,Male,Urban,High School,More than 10L,0,6,5339,1,A,Silver,35772
51025,Male,Urban,Bachelor,5L-10L,1,0,5297,1,A,Platinum,35448
22742,Male,Urban,High School,5L-10L,1,5,3957,More than 1,A,Platinum,390360
85126,Male,Urban,Bachelor,2L-5L,1,7,2626,1,B,Gold,36672
41854,Female,Urban,Others,5L-10L,1,5,0,1,A,Gold,30852
31277,Female,Urban,High School,5L-10L,1,4,0,1,C,Platinum,48204
74006,Male,Urban,High School,5L-10L,0,4,5048,1,A,Silver,35388
41899,Female,Urban,High School,5L-10L,1,1,3575,More than 1,A,Gold,96000
48309,Female,Urban,Bachelor,5L-10L,1,4,8664,1,B,Platinum,48252
8217,Male,Urban,Others,2L-5L,1,2,5991,1,A,Silver,34524
29847,Male,Rural,High School,5L-10L,1,7,2166,More than 1,A,Platinum,55836
32929,Female,Rural,Bachelor,2L-5L,1,7,2167,1,B,Silver,62448
38932,Male,Rural,High School,More than 10L,1,4,0,More than 1,B,Platinum,65208
65577,Male,Urban,Bachelor,5L-10L,1,4,10152,More than 1,A,Platinum,73392
19331,Female,Urban,Bachelor,5L-10L,1,2,4140,More than 1,A,Gold,317640
35025,Female,Urban,Bachelor,More than 10L,1,8,9102,More than 1,A,Platinum,96180
2081,Male,Urban,Bachelor,5L-10L,1,4,5487,More than 1,A,Platinum,94344
8384,Female,Urban,Bachelor,2L-5L,0,7,3841,More than 1,B,Silver,104196
15502,Male,Urban,Bachelor,5L-10L,1,7,6768,1,A,Silver,60732
25492,Male,Urban,Bachelor,2L-5L,1,3,5892,1,C,Gold,30420
60711,Female,Urban,Bachelor,5L-10L,1,0,10806,More than 1,A,Gold,76428
14246,Female,Urban,High School,5L-10L,0,1,2289,1,B,Silver,28500
60247,Female,Urban,High School,2L-5L,1,1,3925,More than 1,A,Platinum,67428
21925,Male,Urban,Bachelor,5L-10L,1,5,3567,More than 1,A,Platinum,89880
35334,Female,Rural,Bachelor,5L-10L,1,4,0,More than 1,C,Gold,86508
9670,Male,Urban,High School,2L-5L,0,0,5119,More than 1,A,Platinum,64908
86703,Male,Rural,High School,5L-10L,1,8,5221,More than 1,A,Platinum,101280
17855,Female,Urban,High School,5L-10L,1,4,5581,1,A,Platinum,61884
49215,Male,Rural,High School,5L-10L,1,3,3597,More than 1,B,Platinum,73524
33963,Male,Urban,High School,2L-5L,1,7,3968,More than 1,A,Silver,110016
67320,Female,Urban,High School,2L-5L,1,2,3765,1,A,Platinum,64524
66532,Male,Urban,High School,2L-5L,1,1,6802,More than 1,A,Silver,103200
71031,Male,Urban,Bachelor,5L-10L,0,1,6407,More than 1,A,Gold,97032
52647,Male,Urban,Bachelor,2L-5L,1,6,5342,1,A,Gold,35136
37530,Male,Urban,High School,5L-10L,1,2,2121,More than 1,A,Platinum,192876
20291,Female,Urban,Bachelor,5L-10L,1,2,6902,1,A,Silver,56568
8259,Female,Urban,High School,5L-10L,0,2,6142,More than 1,B,Platinum,75432
83626,Female,Urban,High School,5L-10L,1,1,6134,1,A,Platinum,50748
17966,Male,Urban,Bachelor,5L-10L,1,4,5593,1,A,Silver,38676
27161,Male,Urban,High School,2L-5L,0,7,3711,More than 1,C,Platinum,116316
68536,Female,Urban,High School,5L-10L,0,3,6369,1,A,Silver,32184
127,Male,Rural,Bachelor,More than 10L,1,3,0,1,A,Platinum,35760
72694,Male,Urban,Bachelor,2L-5L,1,3,7088,More than 1,B,Platinum,104196
75517,Male,Rural,Bachelor,5L-10L,1,3,0,More than 1,A,Silver,34644
57000,Male,Rural,High School,5L-10L,0,6,3165,1,C,Platinum,31164
69238,Female,Urban,High School,5L-10L,0,5,4385,More than 1,A,Silver,103740
10740,Male,Rural,Bachelor,5L-10L,0,5,0,More than 1,A,Gold,77988
37436,Female,Rural,Bachelor,5L-10L,0,5,8052,1,A,Silver,65616
80596,Female,Rural,Bachelor,5L-10L,0,7,5160,More than 1,A,Platinum,94668
54269,Male,Urban,High School,2L-5L,0,6,3710,1,C,Gold,48192
6762,Female,Urban,High School,5L-10L,0,1,9211,More than 1,A,Platinum,105540
73599,Female,Rural,Bachelor,2L-5L,0,6,0,1,B,Silver,34188
68763,Male,Urban,High School,5L-10L,1,1,0,1,C,Gold,59820
36233,Female,Rural,High School,5L-10L,1,1,2032,1,A,Platinum,32340
52023,Female,Urban,High School,5L-10L,1,1,2800,More than 1,B,Silver,70704
30683,Female,Rural,Bachelor,2L-5L,1,6,4346,More than 1,B,Silver,72792
66567,Female,Urban,Bachelor,5L-10L,1,7,2290,More than 1,B,Silver,66084
18224,Male,Urban,High School,2L-5L,1,6,9847,1,C,Silver,49224
41731,Male,Rural,High School,5L-10L,1,3,3255,1,C,Silver,66000
48565,Female,Rural,Bachelor,2L-5L,1,2,5851,More than 1,B,Platinum,65724
46825,Female,Urban,High School,2L-5L,0,7,3591,1,A,Platinum,61704
87270,Male,Urban,High School,2L-5L,1,6,3348,1,A,Platinum,50220
42587,Male,Urban,High School,5L-10L,1,6,0,More than 1,A,Platinum,67524
70751,Female,Urban,Bachelor,More than 10L,1,6,0,1,B,Platinum,59532
35196,Male,Rural,Bachelor,5L-10L,1,5,2242,More than 1,A,Gold,331920
59331,Female,Urban,High School,More than 10L,1,7,3404,1,B,Silver,32796
5742,Male,Urban,High School,5L-10L,0,3,4555,1,A,Platinum,50640
1657,Male,Rural,Others,5L-10L,1,8,0,1,B,Platinum,49404
40650,Male,Rural,High School,5L-10L,0,6,0,1,A,Platinum,37128
82915,Male,Urban,High School,2L-5L,1,4,10747,1,A,Gold,32520
6120,Male,Urban,Bachelor,5L-10L,1,5,6749,1,A,Silver,61392
598,Male,Urban,Bachelor,5L-10L,1,7,4389,More than 1,A,Platinum,100548
81868,Male,Urban,Others,More than 10L,1,8,0,1,B,Gold,69504
11362,Male,Urban,High School,2L-5L,1,4,7127,1,A,Gold,49800
9246,Female,Urban,High School,2L-5L,0,6,4643,More than 1,A,Platinum,32748
80822,Female,Urban,High School,2L-5L,0,5,4943,More than 1,A,Platinum,141780
6222,Male,Urban,High School,5L-10L,1,4,2158,1,A,Silver,31368
28832,Male,Rural,Bachelor,More than 10L,1,3,0,More than 1,B,Platinum,73296
88353,Male,Urban,Bachelor,5L-10L,1,3,3999,1,A,Platinum,52752
49669,Male,Urban,High School,More than 10L,1,7,10204,More than 1,A,Platinum,162264
52750,Male,Urban,High School,5L-10L,1,0,5204,More than 1,B,Gold,138792
85806,Female,Urban,High School,5L-10L,0,6,0,More than 1,A,Platinum,75672
48271,Female,Rural,High School,5L-10L,0,6,0,More than 1,A,Silver,96108
1872,Male,Urban,Bachelor,More than 10L,1,6,4081,More than 1,A,Platinum,72792
44056,Female,Rural,Others,5L-10L,1,0,2072,1,A,Gold,34644
45944,Female,Urban,High School,More than 10L,0,6,6623,1,B,Gold,34476
11319,Female,Urban,Bachelor,<=2L,1,8,3472,More than 1,A,Platinum,95520
79416,Female,Urban,Bachelor,5L-10L,1,3,0,More than 1,A,Platinum,58980
15361,Female,Urban,Bachelor,2L-5L,1,4,6162,1,B,Gold,35628
24441,Female,Urban,Bachelor,2L-5L,0,5,6588,1,B,Platinum,123276
81261,Male,Urban,High School,5L-10L,1,0,2600,1,A,Platinum,47928
54836,Male,Urban,High School,5L-10L,1,6,2096,More than 1,B,Gold,284064
79365,Female,Urban,Bachelor,5L-10L,0,1,5722,More than 1,A,Gold,102228
1184,Male,Urban,High School,5L-10L,1,4,6697,More than 1,A,Platinum,99408
49526,Male,Urban,Bachelor,5L-10L,0,7,6031,More than 1,A,Platinum,105780
6019,Female,Urban,High School,5L-10L,0,1,11178,More than 1,A,Platinum,108780
25876,Female,Urban,High School,More than 10L,0,4,3139,More than 1,A,Gold,98964
15285,Male,Urban,High School,5L-10L,1,6,9577,1,A,Gold,46956
71161,Female,Urban,Bachelor,5L-10L,1,6,5232,More than 1,A,Silver,67620
11369,Female,Urban,High School,5L-10L,1,1,6885,1,A,Gold,53412
4890,Male,Urban,Bachelor,5L-10L,0,6,5808,More than 1,A,Platinum,595200
35286,Male,Urban,Bachelor,5L-10L,1,4,4968,More than 1,A,Platinum,101892
49311,Female,Rural,High School,5L-10L,0,1,4608,More than 1,A,Gold,67848
13219,Female,Rural,High School,5L-10L,0,0,0,More than 1,A,Gold,65052
16021,Female,Urban,Bachelor,2L-5L,0,6,4024,More than 1,A,Gold,91500
52442,Female,Urban,Bachelor,5L-10L,1,5,5521,1,A,Gold,34020
58617,Female,Urban,Bachelor,5L-10L,0,6,6589,More than 1,B,Gold,111180
55130,Female,Urban,Bachelor,5L-10L,0,8,5847,More than 1,A,Silver,100212
84373,Male,Rural,High School,More than 10L,0,6,2515,More than 1,A,Platinum,74652
41302,Male,Urban,High School,2L-5L,1,8,10665,More than 1,B,Gold,321576
16062,Male,Urban,Bachelor,2L-5L,1,3,4426,More than 1,B,Platinum,108744
63002,Female,Urban,High School,5L-10L,1,6,15310,1,A,Silver,45000
52028,Female,Urban,High School,5L-10L,1,2,3827,More than 1,A,Gold,68916
61758,Female,Urban,High School,5L-10L,1,5,6098,1,A,Gold,38832
13888,Male,Urban,High School,5L-10L,1,2,6585,1,A,Gold,31368
45105,Male,Rural,Bachelor,5L-10L,1,4,2622,More than 1,B,Silver,51384
61819,Male,Urban,Bachelor,2L-5L,1,7,3638,More than 1,B,Silver,75576
46760,Male,Urban,Bachelor,2L-5L,1,2,0,More than 1,B,Silver,68976
84825,Male,Urban,High School,5L-10L,0,4,4689,More than 1,A,Platinum,106080
5643,Female,Urban,High School,5L-10L,1,1,3999,1,A,Platinum,48924
10334,Female,Urban,Bachelor,5L-10L,0,6,4009,1,B,Platinum,58248
77411,Female,Urban,Bachelor,5L-10L,0,2,6272,More than 1,A,Gold,98904
44686,Female,Urban,Bachelor,5L-10L,0,7,16277,More than 1,B,Platinum,98160
78634,Male,Rural,Bachelor,More than 10L,1,2,6130,More than 1,C,Silver,66192
39192,Female,Urban,High School,More than 10L,1,5,0,1,A,Gold,35424
24406,Female,Urban,Bachelor,2L-5L,0,7,4327,More than 1,A,Platinum,179604
56401,Male,Urban,High School,5L-10L,1,0,7100,1,A,Gold,48540
63198,Female,Urban,High School,More than 10L,0,5,3789,1,A,Platinum,49212
4828,Female,Urban,High School,5L-10L,0,6,6210,More than 1,A,Platinum,97992
65559,Female,Rural,High School,5L-10L,1,6,2429,More than 1,A,Silver,67740
85413,Male,Rural,Others,5L-10L,1,0,0,1,C,Gold,35196
51170,Male,Urban,High School,5L-10L,0,4,12193,1,A,Gold,55884
76783,Male,Urban,High School,2L-5L,1,2,5587,More than 1,B,Platinum,63192
21315,Female,Rural,High School,5L-10L,1,7,3023,More than 1,B,Silver,68148
75662,Female,Urban,High School,5L-10L,1,7,2677,1,A,Platinum,63780
74113,Male,Urban,High School,5L-10L,1,8,4175,1,A,Silver,50880
81450,Male,Urban,High School,5L-10L,1,6,2260,1,A,Gold,32424
57437,Male,Urban,Bachelor,5L-10L,1,3,8713,More than 1,C,Gold,497856
85904,Male,Urban,High School,5L-10L,1,8,10818,1,A,Platinum,53436
6069,Female,Urban,High School,5L-10L,0,3,3782,1,C,Silver,56688
3128,Female,Rural,High School,5L-10L,1,7,10612,More than 1,B,Platinum,61872
46490,Female,Urban,Bachelor,2L-5L,1,6,4288,More than 1,A,Platinum,90528
13240,Female,Rural,High School,More than 10L,1,6,0,1,B,Silver,33648
34616,Female,Rural,High School,More than 10L,1,6,0,More than 1,B,Platinum,75204
14726,Female,Urban,High School,5L-10L,1,7,5747,More than 1,A,Platinum,51624
3105,Male,Urban,Bachelor,2L-5L,1,6,3980,1,B,Platinum,56736
58619,Male,Urban,Bachelor,More than 10L,0,7,0,More than 1,A,Gold,143700
20571,Female,Urban,Bachelor,2L-5L,1,4,6188,1,A,Platinum,61332
58624,Female,Rural,High School,More than 10L,0,4,2192,1,B,Gold,50124
29696,Male,Urban,Bachelor,5L-10L,1,7,3781,More than 1,A,Platinum,68844
48321,Female,Rural,High School,5L-10L,0,6,0,1,A,Gold,30948
46821,Female,Urban,Bachelor,5L-10L,1,7,5946,1,A,Platinum,47316
41177,Female,Urban,Bachelor,5L-10L,0,2,7152,1,B,Gold,73884
10051,Male,Rural,High School,5L-10L,1,7,0,1,B,Platinum,49200
88309,Male,Urban,Bachelor,5L-10L,1,5,6156,1,B,Silver,37896
20944,Male,Rural,Others,5L-10L,1,6,2383,More than 1,B,Silver,75024
67004,Male,Urban,High School,5L-10L,1,2,4414,More than 1,C,Gold,55164
35524,Female,Urban,High School,2L-5L,0,2,0,1,B,Platinum,33588
41980,Male,Urban,High School,2L-5L,0,5,3774,More than 1,C,Platinum,104232
76097,Female,Rural,Bachelor,More than 10L,0,8,0,1,A,Gold,34212
18008,Male,Urban,High School,2L-5L,0,1,5503,1,C,Platinum,39036
19510,Female,Rural,Others,5L-10L,1,7,0,1,A,Platinum,39612
24193,Male,Urban,High School,5L-10L,1,6,10048,More than 1,A,Gold,87708
75316,Female,Urban,Bachelor,5L-10L,0,5,5741,More than 1,A,Platinum,64920
86361,Female,Rural,Bachelor,2L-5L,0,2,0,More than 1,A,Silver,86280
37330,Female,Rural,High School,5L-10L,1,5,5650,1,B,Silver,39684
61033,Female,Urban,Bachelor,5L-10L,1,5,0,1,A,Gold,48228
79621,Female,Urban,Bachelor,More than 10L,0,5,5011,More than 1,A,Platinum,199200
47263,Male,Urban,High School,5L-10L,1,7,4165,More than 1,B,Gold,73140
13301,Female,Urban,Bachelor,2L-5L,1,1,5375,More than 1,B,Platinum,384600
19519,Female,Rural,High School,More than 10L,0,6,8461,1,A,Silver,69108
71883,Female,Rural,Bachelor,5L-10L,1,4,0,More than 1,B,Silver,65076
9191,Male,Urban,Bachelor,5L-10L,0,5,5604,1,A,Silver,35712
23682,Male,Rural,High School,5L-10L,1,6,4800,More than 1,A,Platinum,64752
47250,Male,Urban,High School,More than 10L,1,8,4002,1,B,Gold,35412
56103,Male,Rural,Others,5L-10L,1,6,0,1,B,Gold,35532
72186,Male,Urban,High School,5L-10L,1,1,3781,1,A,Platinum,46488
55385,Female,Urban,High School,More than 10L,0,3,9510,More than 1,A,Gold,103368
72329,Female,Rural,High School,5L-10L,1,5,0,1,A,Platinum,66672
67331,Female,Rural,Bachelor,More than 10L,1,5,0,1,A,Silver,33432
41672,Female,Urban,Bachelor,5L-10L,0,2,6638,More than 1,C,Gold,66696
70971,Female,Urban,High School,5L-10L,1,5,3998,More than 1,A,Platinum,86844
36786,Female,Urban,Bachelor,More than 10L,0,5,4159,More than 1,A,Platinum,88776
59640,Female,Urban,High School,5L-10L,0,4,6140,More than 1,A,Platinum,97104
25679,Female,Urban,High School,5L-10L,1,6,3825,1,A,Silver,42984
88671,Female,Urban,High School,5L-10L,1,4,3708,1,A,Platinum,42444
52384,Female,Rural,Bachelor,More than 10L,1,3,0,More than 1,A,Silver,69936
85439,Male,Urban,Bachelor,2L-5L,0,2,4952,More than 1,A,Silver,62076
61562,Female,Rural,High School,5L-10L,0,8,4783,1,A,Gold,37260
16808,Male,Rural,Bachelor,5L-10L,1,8,4140,More than 1,B,Platinum,71604
72304,Male,Urban,Bachelor,2L-5L,0,7,5390,More than 1,B,Platinum,97272
84151,Female,Urban,High School,More than 10L,1,7,4327,More than 1,A,Platinum,103704
84095,Male,Rural,Bachelor,2L-5L,0,7,3632,More than 1,B,Platinum,71436
42799,Female,Urban,High School,5L-10L,1,8,0,More than 1,A,Gold,63828
68726,Female,Urban,Others,2L-5L,1,2,0,More than 1,A,Silver,98136
78184,Male,Urban,High School,5L-10L,0,2,6152,More than 1,A,Silver,109908
87204,Female,Urban,High School,5L-10L,1,8,6402,1,A,Platinum,54516
25829,Male,Urban,Bachelor,5L-10L,0,3,2613,More than 1,A,Silver,168264
4209,Male,Urban,High School,2L-5L,0,1,5021,More than 1,B,Platinum,92592
29992,Male,Urban,Bachelor,2L-5L,0,5,3877,More than 1,A,Platinum,96480
74374,Female,Rural,Bachelor,More than 10L,1,0,0,1,A,Gold,37380
15083,Male,Urban,High School,2L-5L,0,6,4037,1,B,Platinum,51024
75493,Female,Rural,Bachelor,More than 10L,0,7,2066,1,A,Platinum,49416
63904,Male,Urban,High School,5L-10L,1,7,5569,1,B,Silver,36660
19997,Female,Rural,High School,2L-5L,0,3,3622,More than 1,B,Gold,69696
16372,Male,Urban,High School,2L-5L,1,6,0,1,B,Platinum,34224
10932,Male,Rural,Bachelor,5L-10L,0,2,3476,1,A,Silver,45132
38067,Female,Rural,Bachelor,More than 10L,1,8,2242,1,B,Platinum,56976
79633,Male,Urban,Bachelor,5L-10L,1,1,2360,More than 1,C,Platinum,54864
64462,Male,Rural,Bachelor,5L-10L,0,6,0,More than 1,A,Platinum,103308
57061,Female,Urban,Bachelor,More than 10L,1,6,2564,More than 1,A,Gold,92244
33980,Female,Rural,High School,More than 10L,1,6,3857,More than 1,A,Gold,99252
53167,Male,Rural,Others,5L-10L,1,7,0,1,A,Platinum,49728
88754,Male,Rural,High School,More than 10L,1,3,0,More than 1,A,Platinum,62940
10512,Male,Urban,Bachelor,5L-10L,1,5,6605,More than 1,A,Gold,101148
30433,Male,Urban,High School,2L-5L,1,2,0,1,A,Gold,33144
19245,Male,Rural,Bachelor,5L-10L,1,2,0,1,A,Silver,37920
67745,Female,Rural,Bachelor,5L-10L,0,6,0,1,A,Silver,53952
51414,Female,Rural,Bachelor,More than 10L,0,3,0,More than 1,A,Platinum,60588
12415,Male,Rural,Bachelor,5L-10L,1,1,2386,More than 1,A,Platinum,63048
14105,Male,Rural,Bachelor,5L-10L,0,0,0,1,A,Gold,31800
68128,Female,Rural,Bachelor,5L-10L,1,3,0,More than 1,C,Platinum,94068
40731,Male,Urban,High School,5L-10L,1,3,4150,More than 1,A,Silver,64344
45530,Male,Rural,Bachelor,5L-10L,0,4,5423,1,A,Silver,43296
88221,Male,Urban,Bachelor,5L-10L,0,0,6481,More than 1,A,Platinum,112548
24038,Male,Urban,Bachelor,2L-5L,0,1,0,More than 1,A,Gold,91116
82988,Male,Rural,Bachelor,5L-10L,1,3,2266,More than 1,B,Silver,63984
6796,Female,Urban,Bachelor,2L-5L,1,4,3793,More than 1,A,Platinum,98004
73583,Male,Urban,High School,5L-10L,0,7,7784,More than 1,B,Silver,105168
52228,Male,Rural,High School,5L-10L,1,7,0,More than 1,A,Platinum,98304
10156,Male,Urban,High School,5L-10L,1,6,6034,1,A,Platinum,30516
52727,Male,Urban,Bachelor,5L-10L,1,2,0,1,A,Silver,31512
69881,Female,Urban,High School,5L-10L,1,5,3904,More than 1,A,Platinum,96996
54449,Female,Rural,High School,5L-10L,0,2,2568,More than 1,B,Platinum,104376
27833,Male,Rural,Bachelor,5L-10L,1,6,0,More than 1,B,Gold,62052
42873,Male,Urban,High School,2L-5L,0,8,5343,More than 1,A,Platinum,72192
62911,Female,Rural,High School,More than 10L,0,6,0,1,C,Platinum,40044
7015,Female,Urban,High School,2L-5L,1,3,6387,1,A,Platinum,45756
54647,Female,Rural,Bachelor,5L-10L,0,1,0,1,A,Gold,36000
58089,Male,Rural,Bachelor,2L-5L,0,4,0,More than 1,B,Gold,65952
20660,Male,Rural,High School,More than 10L,1,1,0,1,A,Platinum,35928
60378,Female,Urban,Bachelor,2L-5L,1,6,2520,1,B,Platinum,66660
13342,Male,Urban,High School,More than 10L,0,3,5774,1,A,Silver,32148
21396,Male,Rural,High School,5L-10L,1,8,3857,More than 1,B,Platinum,67356
81630,Female,Urban,High School,2L-5L,1,4,5417,1,B,Gold,54276
71226,Male,Urban,High School,More than 10L,1,8,0,More than 1,B,Silver,68424
81405,Female,Urban,Bachelor,5L-10L,1,7,5159,More than 1,A,Platinum,102660
51690,Female,Urban,Bachelor,5L-10L,1,5,3076,More than 1,B,Silver,65892
353,Female,Urban,High School,5L-10L,1,4,4082,More than 1,B,Platinum,79380
68275,Male,Urban,Bachelor,2L-5L,1,6,2229,More than 1,B,Platinum,63564
36641,Female,Urban,Bachelor,5L-10L,0,5,6987,1,A,Platinum,52452
6453,Male,Rural,Others,5L-10L,1,1,0,1,A,Platinum,34596
76269,Female,Urban,Bachelor,2L-5L,1,7,5638,1,B,Silver,39300
20449,Male,Urban,Bachelor,More than 10L,0,7,2071,1,B,Silver,35748
56076,Female,Rural,High School,5L-10L,1,6,0,1,A,Silver,43404
71089,Female,Urban,Bachelor,5L-10L,0,5,25757,More than 1,A,Gold,70764
62975,Male,Rural,High School,5L-10L,1,7,0,1,C,Platinum,38772
8067,Female,Rural,Bachelor,5L-10L,0,1,3930,More than 1,C,Platinum,105180
68615,Male,Rural,Bachelor,More than 10L,1,6,0,1,A,Platinum,31500
19225,Male,Urban,High School,5L-10L,1,5,4050,More than 1,A,Platinum,96528
36020,Female,Urban,Others,5L-10L,0,7,8420,More than 1,B,Platinum,103896
80252,Male,Rural,Bachelor,5L-10L,0,3,3283,1,A,Platinum,46068
56861,Male,Urban,High School,5L-10L,1,7,11776,More than 1,A,Gold,106212
16583,Female,Urban,High School,2L-5L,0,6,4512,1,C,Gold,67212
75189,Male,Rural,Bachelor,5L-10L,0,7,3442,1,B,Platinum,49524
73792,Female,Urban,High School,5L-10L,1,3,6189,1,B,Silver,37068
40906,Female,Rural,High School,5L-10L,1,5,0,More than 1,B,Platinum,76740
48698,Male,Rural,Bachelor,5L-10L,1,5,0,1,A,Silver,44400
31455,Male,Urban,High School,More than 10L,0,0,7430,More than 1,A,Silver,97632
1305,Female,Urban,High School,More than 10L,0,2,6286,1,A,Platinum,46716
80574,Male,Rural,High School,5L-10L,0,8,0,1,A,Platinum,31656
77312,Female,Urban,High School,5L-10L,1,4,4329,More than 1,A,Platinum,102984
8609,Male,Urban,High School,2L-5L,0,4,5384,1,A,Silver,40716
14765,Female,Urban,High School,5L-10L,1,2,4551,1,B,Silver,35172
57807,Male,Urban,Bachelor,5L-10L,0,4,2554,More than 1,A,Platinum,93804
46344,Female,Urban,Bachelor,2L-5L,0,2,5933,More than 1,B,Gold,66540
36004,Male,Rural,Bachelor,5L-10L,0,8,0,More than 1,A,Platinum,99108
4611,Male,Urban,Bachelor,5L-10L,0,6,5976,1,A,Silver,41316
15658,Male,Urban,High School,More than 10L,1,4,6576,More than 1,A,Silver,70332
53334,Female,Rural,Bachelor,More than 10L,0,5,0,More than 1,C,Platinum,71112
86814,Female,Urban,High School,5L-10L,1,6,2797,1,C,Platinum,65124
49554,Female,Urban,Others,More than 10L,0,6,0,1,A,Gold,38796
63940,Male,Rural,High School,More than 10L,0,1,0,1,A,Platinum,30552
56277,Male,Urban,High School,5L-10L,1,5,5989,1,A,Gold,49320
40987,Male,Rural,Bachelor,2L-5L,1,2,0,1,A,Platinum,28824
66560,Male,Urban,Bachelor,5L-10L,1,7,3889,More than 1,A,Gold,103776
65660,Male,Urban,Bachelor,5L-10L,1,1,5869,More than 1,A,Gold,108072
69546,Female,Urban,Bachelor,2L-5L,0,6,8704,More than 1,A,Platinum,148452
68732,Male,Rural,High School,5L-10L,1,3,2973,More than 1,A,Platinum,65784
65491,Male,Urban,Bachelor,5L-10L,1,6,5945,1,A,Gold,38052
19980,Female,Rural,High School,5L-10L,1,7,2093,1,B,Silver,53376
16933,Female,Urban,High School,2L-5L,1,5,5263,1,A,Silver,32100
5446,Male,Urban,Bachelor,5L-10L,1,8,2244,More than 1,A,Gold,295116
25595,Male,Urban,High School,5L-10L,0,6,6337,1,B,Platinum,60828
18496,Female,Urban,High School,2L-5L,0,7,7069,More than 1,A,Silver,115296
57372,Male,Urban,Bachelor,5L-10L,1,7,5303,1,A,Silver,34008
83161,Male,Rural,High School,5L-10L,0,0,2541,1,B,Platinum,53520
62777,Male,Urban,High School,5L-10L,1,7,10268,More than 1,A,Gold,69636
57152,Male,Rural,Bachelor,5L-10L,1,6,2918,More than 1,B,Platinum,69264
45353,Male,Rural,High School,More than 10L,1,3,0,More than 1,B,Platinum,59496
71197,Male,Urban,High School,5L-10L,1,5,6510,1,A,Platinum,47844
88784,Female,Urban,High School,2L-5L,1,7,3729,More than 1,A,Platinum,179640
70019,Female,Urban,High School,2L-5L,1,6,2577,More than 1,A,Gold,318648
83083,Male,Urban,Bachelor,2L-5L,0,6,12269,1,A,Platinum,57348
40717,Male,Urban,High School,2L-5L,0,8,16302,More than 1,A,Gold,61680
53995,Male,Urban,High School,5L-10L,1,1,5607,1,A,Gold,47616
47966,Female,Urban,Bachelor,5L-10L,1,4,0,More than 1,B,Platinum,74064
54347,Male,Urban,High School,More than 10L,0,2,6608,1,A,Platinum,36372
26760,Male,Urban,High School,More than 10L,1,6,5573,1,A,Platinum,48768
71276,Male,Urban,Bachelor,2L-5L,1,6,5760,1,C,Silver,36156
31147,Female,Rural,High School,More than 10L,1,4,0,1,B,Silver,37920
46431,Male,Urban,High School,2L-5L,1,7,4649,More than 1,A,Silver,355128
43880,Male,Urban,High School,More than 10L,0,3,5751,1,A,Silver,36276
7470,Male,Urban,High School,5L-10L,1,6,0,1,C,Silver,39948
74651,Male,Urban,High School,2L-5L,0,6,6464,1,A,Gold,48348
7228,Male,Urban,Bachelor,2L-5L,0,6,6840,1,C,Platinum,35928
43877,Female,Urban,High School,2L-5L,0,7,9697,More than 1,B,Platinum,107364
50239,Female,Rural,Bachelor,5L-10L,0,8,0,More than 1,A,Silver,56856
83708,Female,Rural,High School,More than 10L,1,8,4760,1,A,Gold,37728
62224,Male,Rural,High School,5L-10L,1,6,0,1,C,Platinum,33060
1851,Female,Rural,Bachelor,5L-10L,1,8,0,1,A,Gold,40836
31062,Male,Urban,High School,2L-5L,1,4,5333,1,A,Silver,30660
27760,Female,Urban,High School,5L-10L,1,5,4076,More than 1,B,Silver,79560
30429,Female,Urban,High School,5L-10L,1,7,11877,More than 1,A,Platinum,107952
77329,Female,Urban,High School,More than 10L,0,1,5692,1,A,Silver,46908
18251,Male,Urban,High School,More than 10L,0,7,4000,More than 1,A,Platinum,416136
829,Male,Urban,Bachelor,5L-10L,1,7,6939,1,C,Gold,34524
86236,Female,Urban,High School,5L-10L,1,0,5864,More than 1,A,Platinum,55008
35762,Female,Urban,Bachelor,5L-10L,1,8,3646,More than 1,B,Gold,303732
74072,Female,Urban,Bachelor,5L-10L,1,4,5448,1,A,Silver,36072
42565,Male,Rural,High School,5L-10L,0,5,2673,More than 1,A,Gold,103200
70601,Female,Urban,Bachelor,5L-10L,0,4,0,1,A,Platinum,30972
60348,Male,Urban,Bachelor,5L-10L,1,7,2913,1,C,Gold,62616
62195,Female,Urban,High School,5L-10L,1,6,3745,More than 1,A,Gold,91932
78340,Female,Rural,High School,5L-10L,1,6,2019,More than 1,B,Gold,65268
69507,Male,Urban,Bachelor,5L-10L,0,1,9829,1,A,Silver,31752
87039,Male,Rural,High School,5L-10L,0,3,0,1,B,Silver,54924
60395,Female,Rural,Bachelor,More than 10L,1,4,2249,More than 1,A,Silver,59976
12856,Male,Urban,High School,2L-5L,1,7,0,1,B,Gold,37788
57414,Male,Urban,High School,5L-10L,1,0,6318,1,A,Gold,36624
11776,Male,Rural,Others,5L-10L,1,5,0,1,A,Gold,34824
15480,Female,Urban,High School,5L-10L,0,1,2647,1,C,Platinum,30780
69334,Male,Urban,Bachelor,5L-10L,1,8,3706,1,A,Platinum,49824
13131,Female,Rural,Bachelor,5L-10L,1,5,0,1,A,Gold,29424
89062,Male,Urban,Bachelor,2L-5L,0,5,5708,1,A,Gold,34716
59659,Male,Rural,Bachelor,More than 10L,1,7,2980,1,B,Platinum,52968
7040,Male,Urban,Others,2L-5L,1,7,9113,More than 1,B,Silver,100476
11113,Male,Urban,High School,2L-5L,0,1,5644,1,A,Platinum,52044
41770,Male,Rural,High School,5L-10L,0,6,4074,1,A,Silver,51132
77476,Female,Rural,Bachelor,5L-10L,1,5,2248,More than 1,B,Silver,58872
10110,Female,Urban,Bachelor,<=2L,0,4,9363,More than 1,A,Silver,108828
28573,Female,Urban,High School,5L-10L,1,4,8241,More than 1,A,Platinum,72588
16539,Female,Urban,High School,2L-5L,0,3,4447,1,A,Platinum,49524
12755,Female,Rural,Bachelor,5L-10L,1,3,0,More than 1,B,Platinum,80436
73354,Female,Urban,High School,<=2L,1,4,4897,More than 1,A,Platinum,58224
80807,Female,Urban,High School,<=2L,0,1,5538,More than 1,B,Gold,111780
54723,Female,Urban,High School,5L-10L,0,7,7499,1,B,Platinum,64164
4460,Female,Urban,Bachelor,5L-10L,0,0,0,1,A,Platinum,34224
35045,Male,Urban,High School,2L-5L,1,5,0,More than 1,B,Platinum,63924
12162,Male,Urban,High School,2L-5L,0,6,5587,More than 1,A,Gold,97872
81669,Female,Urban,Bachelor,5L-10L,0,3,6646,More than 1,B,Silver,212052
9396,Male,Urban,High School,2L-5L,0,0,5694,1,A,Platinum,47112
5649,Male,Urban,High School,More than 10L,0,4,3623,1,A,Silver,36696
33318,Male,Urban,Bachelor,5L-10L,1,5,2469,More than 1,C,Gold,71748
18717,Female,Urban,Bachelor,5L-10L,0,5,6747,More than 1,A,Platinum,97368
57385,Female,Urban,Bachelor,More than 10L,0,4,6774,More than 1,A,Platinum,104880
39680,Female,Urban,High School,5L-10L,0,5,3951,More than 1,A,Platinum,111192
24699,Female,Urban,High School,5L-10L,0,2,6894,1,A,Silver,70092
8448,Male,Urban,Bachelor,5L-10L,1,3,4981,1,A,Platinum,35316
62053,Male,Urban,Bachelor,5L-10L,0,4,5444,1,A,Platinum,40500
49963,Male,Urban,High School,2L-5L,0,6,6892,More than 1,A,Platinum,98232
69119,Male,Urban,High School,5L-10L,1,2,2372,1,A,Platinum,45684
74489,Female,Rural,Bachelor,2L-5L,0,7,2137,1,A,Gold,64128
23965,Male,Urban,High School,2L-5L,0,6,4165,1,A,Silver,48228
34218,Female,Urban,Bachelor,5L-10L,1,5,0,More than 1,B,Silver,133272
78924,Female,Urban,High School,5L-10L,0,4,10591,More than 1,A,Platinum,95664
66237,Female,Urban,Bachelor,5L-10L,1,6,8070,More than 1,A,Platinum,98232
13104,Male,Rural,High School,More than 10L,0,6,0,More than 1,B,Gold,68952
25267,Female,Urban,High School,5L-10L,1,7,8657,More than 1,A,Platinum,113796
80503,Female,Urban,High School,2L-5L,0,4,5637,More than 1,A,Silver,105420
54155,Female,Rural,High School,5L-10L,0,5,0,1,C,Gold,33108
56355,Female,Rural,High School,5L-10L,1,6,2281,More than 1,A,Platinum,75048
54546,Male,Urban,High School,2L-5L,1,2,3889,1,A,Gold,31536
9807,Female,Rural,Bachelor,More than 10L,1,2,0,1,A,Gold,58116
51115,Female,Urban,Bachelor,5L-10L,0,1,6894,More than 1,A,Platinum,102552
70799,Female,Urban,High School,2L-5L,0,4,5622,More than 1,A,Platinum,380640
64253,Male,Rural,Bachelor,5L-10L,1,4,2708,More than 1,A,Platinum,93456
26432,Male,Urban,High School,5L-10L,1,6,5414,1,A,Gold,34104
9724,Male,Urban,Bachelor,2L-5L,0,7,6166,More than 1,B,Platinum,75468
28982,Male,Rural,Others,5L-10L,1,6,3060,1,A,Gold,57516
87282,Male,Urban,High School,5L-10L,1,6,10188,More than 1,A,Platinum,313956
13681,Female,Rural,Bachelor,2L-5L,0,6,3477,More than 1,B,Silver,71328
65091,Male,Urban,High School,2L-5L,0,3,2653,More than 1,B,Platinum,116220
83251,Male,Urban,High School,5L-10L,1,0,6107,1,A,Gold,44148
79152,Female,Rural,High School,5L-10L,0,1,5408,1,A,Silver,54156
78785,Female,Rural,Bachelor,More than 10L,1,7,2066,More than 1,B,Gold,69228
52189,Male,Urban,High School,More than 10L,0,2,6559,1,A,Platinum,32916
50510,Female,Urban,High School,5L-10L,0,2,5561,More than 1,A,Gold,190788
62049,Male,Urban,High School,5L-10L,0,0,4717,1,B,Platinum,35376
24961,Female,Urban,High School,5L-10L,1,6,6072,1,A,Gold,33204
6306,Male,Rural,High School,5L-10L,1,6,2854,More than 1,A,Gold,70020
57241,Female,Rural,Others,More than 10L,0,8,2202,1,A,Platinum,63636
79937,Male,Rural,Bachelor,5L-10L,0,5,3171,1,A,Gold,49656
3256,Male,Urban,Bachelor,More than 10L,1,4,10393,1,B,Silver,61992
76589,Female,Urban,High School,5L-10L,1,6,6123,More than 1,A,Gold,65772
63887,Female,Urban,Bachelor,5L-10L,1,5,6586,More than 1,A,Gold,105096
60979,Female,Urban,High School,2L-5L,1,2,4112,More than 1,A,Silver,57360
63090,Female,Urban,High School,5L-10L,0,4,0,1,A,Platinum,49152
59601,Female,Rural,High School,5L-10L,0,5,5375,More than 1,A,Platinum,115296
31533,Male,Rural,Others,2L-5L,1,8,3116,More than 1,B,Silver,75756
40898,Male,Urban,High School,5L-10L,1,7,4035,More than 1,B,Platinum,74004
71603,Female,Urban,High School,2L-5L,0,6,3118,More than 1,B,Platinum,309612
30872,Male,Urban,High School,2L-5L,0,4,3858,More than 1,A,Platinum,110196
88913,Female,Urban,High School,5L-10L,0,6,4483,More than 1,A,Platinum,106668
22889,Female,Rural,High School,5L-10L,0,5,5165,1,A,Silver,37848
59900,Male,Urban,High School,5L-10L,1,4,5771,More than 1,A,Platinum,133824
42989,Female,Rural,Others,5L-10L,0,8,0,1,A,Gold,33396
83848,Female,Rural,Bachelor,5L-10L,1,8,0,More than 1,B,Gold,69372
46954,Male,Rural,High School,5L-10L,1,3,5312,More than 1,A,Platinum,65148
31081,Male,Urban,High School,5L-10L,1,7,3656,1,A,Silver,50520
86766,Male,Rural,High School,5L-10L,0,7,0,1,A,Gold,33912
13883,Male,Urban,High School,5L-10L,1,4,3673,1,B,Silver,35760
30245,Male,Rural,High School,More than 10L,0,4,0,1,B,Silver,33132
53267,Male,Urban,High School,5L-10L,1,1,7266,More than 1,A,Platinum,156756
27132,Male,Rural,High School,More than 10L,0,2,3889,1,B,Silver,459372
50393,Male,Urban,High School,5L-10L,1,1,2396,1,A,Gold,30228
24722,Male,Urban,High School,5L-10L,1,1,11482,1,A,Gold,34200
22643,Male,Urban,High School,2L-5L,1,0,7601,1,A,Silver,35172
51935,Female,Rural,High School,More than 10L,0,3,0,More than 1,B,Silver,120600
33320,Female,Urban,Bachelor,5L-10L,0,0,6268,1,A,Platinum,33168
4792,Male,Rural,Bachelor,2L-5L,0,6,2027,More than 1,B,Gold,89364
49668,Male,Urban,Others,5L-10L,1,4,4402,More than 1,C,Platinum,68172
50585,Male,Urban,Bachelor,More than 10L,1,2,4139,More than 1,A,Platinum,99780
19193,Male,Urban,High School,5L-10L,0,3,4210,1,B,Platinum,48048
10958,Male,Urban,High School,More than 10L,1,7,5889,More than 1,A,Platinum,61404
22877,Male,Urban,Bachelor,2L-5L,0,5,4258,1,B,Silver,46392
27113,Male,Urban,High School,2L-5L,1,6,6292,More than 1,A,Platinum,63144
59072,Female,Urban,Bachelor,5L-10L,0,3,0,More than 1,A,Silver,103680
43086,Male,Urban,High School,5L-10L,0,8,2705,More than 1,C,Platinum,92520
2498,Female,Urban,Bachelor,5L-10L,0,6,5469,More than 1,A,Gold,48120
11711,Female,Urban,High School,5L-10L,1,1,5461,1,B,Platinum,46980
72685,Male,Rural,High School,More than 10L,1,8,2343,1,C,Gold,41700
41403,Female,Rural,Bachelor,2L-5L,1,0,0,More than 1,B,Silver,68880
2124,Male,Rural,Others,More than 10L,1,2,2407,1,B,Silver,64128
30412,Male,Urban,Bachelor,More than 10L,1,5,6231,More than 1,A,Gold,97680
74937,Female,Urban,High School,5L-10L,0,6,0,More than 1,B,Platinum,72636
9303,Female,Urban,High School,5L-10L,0,1,8559,More than 1,A,Platinum,97908
12551,Male,Urban,Bachelor,5L-10L,0,7,7011,1,C,Gold,54276
59565,Male,Urban,High School,2L-5L,1,3,6808,More than 1,A,Silver,102216
25100,Female,Rural,Others,5L-10L,1,4,0,1,B,Platinum,34608
14829,Female,Rural,Bachelor,2L-5L,1,6,5039,1,A,Silver,49992
19602,Female,Urban,Others,5L-10L,1,7,4895,1,A,Platinum,28968
4193,Female,Rural,High School,5L-10L,0,0,0,More than 1,B,Platinum,70536
53706,Female,Rural,High School,More than 10L,0,6,3493,More than 1,B,Platinum,68892
64460,Female,Rural,Others,More than 10L,1,2,0,More than 1,A,Gold,87108
63561,Male,Urban,High School,5L-10L,0,1,0,More than 1,C,Silver,94392
67534,Male,Urban,High School,More than 10L,1,5,3936,1,B,Platinum,33168
72046,Female,Urban,High School,2L-5L,0,5,7294,More than 1,A,Platinum,121260
35423,Female,Rural,High School,5L-10L,0,5,0,More than 1,A,Gold,32472
16506,Female,Urban,High School,5L-10L,1,3,4682,1,A,Platinum,34764
62015,Female,Urban,High School,5L-10L,0,1,2205,1,A,Platinum,36168
12966,Female,Rural,Others,5L-10L,1,7,0,More than 1,B,Gold,59508
14247,Male,Urban,Bachelor,5L-10L,0,5,7049,More than 1,A,Platinum,56964
27187,Female,Urban,Others,5L-10L,0,2,6027,More than 1,C,Platinum,345660
83623,Male,Urban,High School,2L-5L,0,6,7779,More than 1,C,Silver,118008
10560,Male,Urban,Bachelor,2L-5L,1,2,3706,1,A,Silver,33300
58096,Male,Urban,Bachelor,5L-10L,1,5,6335,1,A,Gold,50424
20696,Male,Rural,High School,More than 10L,0,7,3138,More than 1,A,Platinum,68424
68445,Male,Urban,High School,2L-5L,0,2,2024,1,C,Gold,51312
66173,Female,Urban,Bachelor,5L-10L,0,0,2718,More than 1,B,Platinum,106200
27616,Female,Urban,Bachelor,2L-5L,0,5,5040,1,A,Platinum,46008
63628,Male,Urban,High School,5L-10L,0,4,6665,1,A,Silver,49704
71278,Female,Rural,High School,More than 10L,0,6,3705,More than 1,B,Platinum,57036
71970,Female,Urban,Bachelor,2L-5L,0,3,5198,More than 1,C,Gold,101904
35312,Male,Urban,High School,<=2L,1,7,5651,More than 1,A,Silver,317760
55407,Female,Urban,Bachelor,<=2L,0,1,5778,1,A,Platinum,36828
60728,Male,Rural,Bachelor,5L-10L,1,5,0,1,B,Platinum,34452
5732,Female,Urban,High School,2L-5L,0,3,2022,1,A,Platinum,56004
79393,Male,Urban,High School,2L-5L,1,6,4217,1,A,Platinum,45564
66184,Female,Rural,High School,5L-10L,1,6,3048,1,A,Gold,49764
41319,Male,Urban,High School,5L-10L,0,1,7018,1,A,Silver,50472
44503,Male,Urban,Bachelor,2L-5L,1,6,5926,1,A,Platinum,31116
41761,Female,Urban,Bachelor,<=2L,1,4,3759,More than 1,A,Platinum,27012
19821,Male,Rural,Others,More than 10L,1,7,0,1,B,Platinum,46392
38991,Male,Urban,Bachelor,2L-5L,0,7,6300,More than 1,B,Silver,105600
31086,Female,Urban,High School,5L-10L,0,6,2440,More than 1,A,Silver,62172
3824,Female,Urban,Bachelor,2L-5L,0,3,5894,1,A,Platinum,45552
2023,Male,Urban,Bachelor,More than 10L,1,7,2782,More than 1,B,Platinum,69024
47359,Male,Urban,High School,2L-5L,1,6,2316,1,A,Platinum,50724
28937,Female,Urban,Bachelor,5L-10L,1,7,5695,More than 1,C,Gold,99732
52302,Female,Rural,Bachelor,More than 10L,0,8,0,More than 1,B,Platinum,52488
38791,Male,Urban,Bachelor,5L-10L,1,0,6136,1,A,Silver,60816
26068,Female,Urban,Bachelor,More than 10L,0,7,4046,More than 1,A,Gold,92076
61164,Male,Rural,Bachelor,5L-10L,0,7,2485,1,A,Silver,36552
19723,Male,Urban,High School,2L-5L,0,7,4259,More than 1,A,Silver,321036
17737,Male,Rural,Bachelor,More than 10L,0,8,2260,More than 1,B,Silver,96252
55610,Female,Rural,High School,5L-10L,1,8,0,More than 1,A,Platinum,70704
86918,Male,Urban,High School,2L-5L,0,6,8843,1,B,Platinum,60540
57026,Male,Rural,Bachelor,More than 10L,0,6,0,More than 1,A,Silver,211308
28450,Male,Urban,Bachelor,More than 10L,0,6,5824,More than 1,A,Platinum,102696
12617,Male,Urban,High School,2L-5L,1,5,5360,1,A,Platinum,43404
72781,Male,Urban,Bachelor,More than 10L,0,1,3484,1,A,Silver,39540
20391,Female,Rural,High School,More than 10L,0,7,0,1,B,Platinum,52908
13176,Female,Rural,Bachelor,5L-10L,0,6,0,1,B,Platinum,38760
39160,Male,Urban,Bachelor,More than 10L,1,4,0,1,A,Platinum,34488
64878,Male,Urban,High School,5L-10L,1,5,6596,More than 1,C,Silver,137688
94,Female,Urban,High School,2L-5L,1,7,4234,More than 1,A,Platinum,65748
79236,Female,Rural,Others,More than 10L,1,3,0,1,B,Silver,32508
21001,Male,Urban,Bachelor,More than 10L,1,4,5713,More than 1,A,Gold,94608
52540,Female,Rural,High School,5L-10L,0,3,2330,More than 1,B,Gold,78636
9803,Male,Urban,High School,5L-10L,1,5,9380,More than 1,A,Platinum,110940
36609,Female,Urban,Bachelor,5L-10L,0,6,10875,1,A,Silver,57264
45766,Male,Rural,Bachelor,2L-5L,0,8,0,More than 1,A,Silver,120528
30866,Male,Urban,High School,2L-5L,0,2,11079,More than 1,A,Platinum,205716
64030,Male,Urban,Bachelor,5L-10L,1,7,5848,More than 1,A,Gold,104688
44559,Female,Rural,Bachelor,5L-10L,1,7,2191,1,A,Platinum,32748
13852,Female,Urban,High School,5L-10L,0,0,9045,More than 1,A,Platinum,65292
64199,Male,Rural,Bachelor,2L-5L,0,7,0,1,B,Silver,51756
63604,Female,Urban,Bachelor,2L-5L,0,3,14375,More than 1,A,Silver,108912
74183,Female,Urban,High School,5L-10L,0,2,2401,1,B,Gold,33288
7190,Male,Rural,Bachelor,2L-5L,0,2,5418,More than 1,A,Gold,64068
82896,Female,Urban,High School,2L-5L,1,2,4103,1,A,Gold,46404
69747,Male,Urban,High School,2L-5L,0,5,5307,1,C,Gold,33000
66172,Male,Urban,High School,5L-10L,0,6,10387,More than 1,A,Silver,136884
55685,Female,Urban,High School,5L-10L,1,7,5411,More than 1,A,Platinum,115848
81022,Female,Urban,High School,<=2L,1,0,4759,1,A,Silver,32580
5628,Female,Urban,Others,5L-10L,0,1,0,1,A,Gold,34404
10741,Male,Urban,Bachelor,5L-10L,1,7,3426,More than 1,B,Platinum,100704
21574,Male,Urban,Bachelor,<=2L,0,5,7872,1,A,Silver,60048
74579,Male,Rural,High School,More than 10L,0,6,6311,More than 1,A,Gold,95472
59175,Male,Rural,High School,5L-10L,1,5,0,1,C,Gold,32184
38460,Male,Rural,Bachelor,5L-10L,1,4,0,More than 1,A,Silver,70248
52022,Female,Rural,High School,5L-10L,0,4,8036,More than 1,B,Platinum,91824
15940,Male,Urban,High School,2L-5L,1,1,12684,1,A,Platinum,56436
72898,Female,Urban,High School,5L-10L,0,7,4540,1,B,Silver,37584
6305,Female,Rural,Bachelor,2L-5L,0,3,0,1,B,Platinum,62244
28018,Male,Urban,Bachelor,5L-10L,0,6,8385,More than 1,B,Gold,66960
34230,Male,Urban,Bachelor,2L-5L,1,6,4758,1,B,Silver,49524
43740,Female,Urban,High School,5L-10L,1,5,6356,More than 1,A,Platinum,95472
5662,Male,Rural,High School,More than 10L,1,5,4535,1,B,Platinum,38940
1402,Female,Rural,Bachelor,5L-10L,1,4,2171,More than 1,A,Platinum,106872
30942,Male,Rural,High School,5L-10L,0,6,5575,1,C,Silver,36612
20366,Female,Urban,Bachelor,2L-5L,0,4,3519,More than 1,C,Gold,91452
77880,Female,Rural,High School,5L-10L,1,8,6705,1,A,Silver,60468
34556,Male,Rural,Others,5L-10L,1,4,0,1,A,Platinum,33252
23405,Female,Rural,Bachelor,5L-10L,1,5,3517,1,B,Silver,56400
13230,Male,Urban,High School,5L-10L,0,3,24116,More than 1,A,Gold,92688
74894,Male,Urban,High School,2L-5L,0,2,6271,More than 1,A,Gold,115956
29288,Female,Urban,High School,5L-10L,1,6,0,1,C,Silver,36384
188,Male,Urban,Bachelor,2L-5L,1,6,4998,More than 1,B,Silver,70008
83467,Female,Urban,Others,More than 10L,1,0,0,1,A,Platinum,35160
45061,Female,Urban,Bachelor,5L-10L,0,3,5210,1,A,Platinum,32688
60,Female,Urban,High School,More than 10L,1,6,5124,1,A,Gold,31776
89318,Male,Rural,High School,More than 10L,1,7,2963,1,A,Silver,106140
23416,Female,Rural,High School,2L-5L,0,7,0,More than 1,B,Gold,65208
50388,Female,Urban,Bachelor,More than 10L,1,2,7425,More than 1,A,Silver,107028
4203,Female,Urban,Bachelor,5L-10L,1,7,4062,1,A,Silver,47868
6402,Female,Rural,Bachelor,5L-10L,1,6,0,1,A,Silver,53256
48129,Male,Rural,High School,More than 10L,0,6,8324,More than 1,B,Silver,65904
88462,Female,Urban,High School,5L-10L,1,2,5273,More than 1,A,Platinum,55884
9752,Male,Urban,High School,More than 10L,0,6,15398,More than 1,A,Silver,90720
51086,Male,Urban,High School,2L-5L,1,1,0,1,A,Gold,33180
22635,Female,Urban,Bachelor,2L-5L,0,6,4120,More than 1,B,Silver,65700
6605,Male,Urban,High School,2L-5L,0,2,3472,More than 1,B,Platinum,378240
43352,Female,Urban,Bachelor,5L-10L,0,3,5109,More than 1,A,Platinum,92352
18118,Male,Urban,High School,5L-10L,1,3,6528,1,C,Gold,30396
85063,Female,Rural,Bachelor,More than 10L,1,6,0,More than 1,A,Platinum,64536
29727,Female,Rural,Bachelor,5L-10L,1,5,0,1,A,Platinum,49872
76814,Female,Urban,High School,5L-10L,0,5,17889,More than 1,B,Silver,58428
59038,Male,Urban,Bachelor,5L-10L,1,7,6514,More than 1,A,Silver,63972
18983,Female,Rural,High School,5L-10L,1,6,0,1,B,Gold,33192
12747,Female,Urban,High School,5L-10L,0,6,0,1,A,Platinum,33768
87791,Female,Rural,Bachelor,5L-10L,0,8,5771,More than 1,A,Platinum,71124
11293,Female,Urban,High School,5L-10L,1,5,6424,1,A,Platinum,43476
30014,Female,Urban,High School,5L-10L,1,2,5289,More than 1,A,Platinum,148824
37957,Female,Rural,High School,5L-10L,0,2,0,More than 1,A,Silver,160608
82931,Female,Rural,High School,More than 10L,1,7,2358,More than 1,B,Gold,69288
33322,Female,Urban,High School,5L-10L,0,0,7168,More than 1,A,Platinum,398256
43997,Male,Rural,Bachelor,5L-10L,0,2,2465,1,A,Platinum,47976
59181,Female,Urban,High School,5L-10L,1,6,4204,1,A,Platinum,33708
52106,Male,Urban,High School,5L-10L,1,2,4242,1,B,Platinum,94548
45845,Male,Rural,Bachelor,5L-10L,1,3,2477,More than 1,A,Platinum,95460
75379,Female,Urban,High School,5L-10L,0,0,4108,More than 1,A,Platinum,69228
63053,Female,Rural,Bachelor,5L-10L,1,0,2436,More than 1,C,Silver,66432
12179,Male,Urban,Bachelor,5L-10L,1,2,0,1,A,Platinum,31164
62346,Female,Rural,Bachelor,5L-10L,1,6,0,More than 1,A,Silver,72072
85816,Male,Urban,Bachelor,5L-10L,1,0,3579,1,B,Silver,37608
50274,Male,Urban,Bachelor,5L-10L,1,8,5958,More than 1,A,Gold,70476
14291,Male,Urban,High School,5L-10L,0,7,6268,1,A,Platinum,35664
1490,Male,Urban,Bachelor,2L-5L,1,5,6160,1,A,Silver,35292
5775,Male,Urban,High School,2L-5L,0,6,6885,1,C,Platinum,30624
23574,Male,Urban,Bachelor,2L-5L,1,6,0,1,B,Platinum,44904
15486,Male,Urban,Bachelor,2L-5L,0,2,8865,More than 1,A,Platinum,57864
55806,Male,Rural,Bachelor,More than 10L,0,8,3105,1,B,Platinum,51480
76140,Male,Urban,High School,5L-10L,0,0,0,1,A,Silver,36684
80948,Male,Urban,High School,More than 10L,0,4,7671,1,B,Platinum,54864
21030,Male,Urban,High School,5L-10L,1,7,6086,1,B,Silver,38532
79626,Male,Urban,High School,2L-5L,0,5,8851,More than 1,A,Platinum,108912
60843,Male,Rural,Bachelor,2L-5L,1,6,0,1,C,Platinum,31692
81744,Female,Urban,Bachelor,2L-5L,1,3,0,More than 1,C,Silver,46860
65224,Female,Rural,High School,2L-5L,0,8,5530,More than 1,A,Silver,276312
11801,Male,Urban,High School,5L-10L,1,5,2035,1,A,Platinum,30960
51654,Female,Urban,High School,2L-5L,0,4,5096,More than 1,A,Silver,171420
34856,Male,Urban,Bachelor,5L-10L,0,2,3954,More than 1,B,Platinum,62616
25439,Female,Rural,Bachelor,2L-5L,0,6,3142,More than 1,B,Platinum,64128
47560,Female,Urban,High School,5L-10L,1,4,3744,More than 1,B,Gold,74256
63145,Female,Rural,Bachelor,5L-10L,1,3,0,More than 1,A,Silver,105012
52446,Male,Urban,High School,5L-10L,1,1,5984,1,C,Silver,30180
59339,Male,Urban,Others,5L-10L,1,5,5528,1,A,Platinum,30252
84031,Male,Urban,Bachelor,More than 10L,0,5,2831,1,A,Platinum,53484
88771,Female,Urban,High School,2L-5L,1,6,5522,1,A,Silver,32856
62610,Male,Urban,Bachelor,5L-10L,0,6,8927,More than 1,A,Platinum,103308
12373,Female,Urban,Bachelor,5L-10L,1,3,6434,More than 1,A,Platinum,97716
89028,Male,Urban,High School,5L-10L,1,0,6317,1,A,Platinum,38544
50335,Male,Rural,High School,2L-5L,0,6,0,1,A,Platinum,53148
6310,Female,Urban,High School,5L-10L,0,2,4210,1,A,Platinum,45804
77896,Male,Urban,High School,5L-10L,0,1,4612,1,A,Gold,50868
51551,Female,Urban,Bachelor,5L-10L,0,6,5656,More than 1,C,Gold,109416
56786,Male,Rural,Bachelor,2L-5L,0,7,5877,More than 1,B,Platinum,72672
48028,Female,Urban,High School,More than 10L,1,7,3332,More than 1,A,Gold,95592
45003,Male,Rural,Others,2L-5L,0,7,0,More than 1,B,Platinum,62868
32968,Male,Urban,Bachelor,5L-10L,1,7,3948,More than 1,B,Gold,64920
80608,Male,Urban,High School,More than 10L,1,0,3963,More than 1,A,Platinum,86940
50139,Male,Urban,Bachelor,5L-10L,1,7,2034,More than 1,B,Platinum,64872
9338,Female,Rural,Bachelor,5L-10L,1,5,7465,1,B,Gold,47400
47564,Female,Rural,High School,More than 10L,1,2,2156,More than 1,A,Gold,74712
51165,Female,Rural,Bachelor,2L-5L,0,4,0,More than 1,B,Platinum,57600
10511,Female,Urban,High School,2L-5L,1,5,11414,More than 1,A,Silver,99132
70530,Female,Rural,Bachelor,2L-5L,0,6,5228,More than 1,B,Silver,60120
43471,Male,Urban,High School,5L-10L,1,5,3881,More than 1,A,Platinum,100284
20237,Male,Urban,Bachelor,5L-10L,1,3,4637,More than 1,A,Silver,102144
79695,Male,Urban,High School,5L-10L,1,7,4007,1,A,Silver,48468
11291,Male,Urban,High School,2L-5L,0,7,7073,1,C,Silver,32772
6846,Male,Urban,Bachelor,2L-5L,1,5,3958,More than 1,A,Platinum,61560
18225,Male,Rural,High School,More than 10L,1,3,0,1,B,Platinum,32352
77562,Male,Rural,High School,5L-10L,0,8,0,1,A,Platinum,34332
56932,Male,Urban,High School,5L-10L,0,4,2302,1,A,Platinum,36204
77863,Male,Urban,Others,More than 10L,1,7,5261,1,A,Gold,36264
6091,Male,Urban,Bachelor,5L-10L,1,6,3999,1,B,Silver,64176
35322,Male,Urban,Others,5L-10L,0,6,7082,More than 1,C,Platinum,103716
68858,Male,Rural,Bachelor,More than 10L,1,2,2447,More than 1,B,Silver,105108
25939,Male,Urban,Bachelor,5L-10L,0,5,6175,1,A,Platinum,35580
18300,Male,Urban,Bachelor,5L-10L,1,1,2782,More than 1,B,Silver,68208
78436,Female,Rural,Bachelor,5L-10L,1,6,4679,More than 1,A,Platinum,68064
83431,Male,Rural,Others,More than 10L,0,7,0,1,C,Platinum,39660
70842,Female,Rural,Bachelor,5L-10L,0,3,0,More than 1,A,Silver,66708
70804,Female,Urban,Bachelor,More than 10L,0,3,6638,More than 1,A,Silver,65364
77149,Female,Urban,Bachelor,5L-10L,0,7,5612,More than 1,A,Platinum,39432
36935,Female,Urban,Bachelor,5L-10L,0,8,9143,More than 1,A,Platinum,493368
44159,Male,Urban,High School,5L-10L,0,7,8541,More than 1,B,Gold,110016
32388,Female,Urban,High School,2L-5L,0,6,5006,More than 1,C,Silver,110676
43814,Male,Rural,High School,5L-10L,1,5,2591,More than 1,A,Gold,101868
83580,Female,Urban,High School,5L-10L,0,2,2086,1,A,Silver,44652
39638,Male,Urban,Others,2L-5L,1,4,5700,1,A,Platinum,35712
66193,Female,Urban,High School,5L-10L,0,8,4171,More than 1,A,Platinum,102528
32250,Male,Urban,Bachelor,More than 10L,1,0,4089,1,A,Gold,36924
67349,Male,Urban,Bachelor,5L-10L,0,7,3555,More than 1,A,Platinum,70056
87670,Male,Rural,Bachelor,2L-5L,1,4,0,More than 1,B,Silver,69216
62624,Female,Urban,Bachelor,More than 10L,1,7,0,More than 1,A,Silver,65616
61710,Female,Urban,Bachelor,2L-5L,0,8,4788,More than 1,A,Platinum,104328
32387,Female,Urban,Bachelor,More than 10L,0,1,0,More than 1,B,Platinum,64860
49402,Male,Urban,High School,5L-10L,0,5,3027,1,A,Gold,41784
87418,Female,Rural,Bachelor,More than 10L,0,6,2041,1,A,Silver,71112
53129,Male,Rural,Bachelor,2L-5L,0,2,0,More than 1,C,Silver,64428
66391,Male,Urban,Others,2L-5L,1,5,5368,1,C,Gold,44700
79645,Male,Urban,High School,2L-5L,1,3,13697,1,C,Platinum,58800
66927,Male,Urban,Bachelor,More than 10L,0,6,6133,1,C,Gold,31032
58860,Female,Urban,Bachelor,2L-5L,1,5,5266,1,A,Platinum,29496
52134,Female,Rural,Bachelor,5L-10L,1,7,5207,More than 1,A,Platinum,102336
56437,Male,Rural,Bachelor,2L-5L,1,5,2037,More than 1,A,Platinum,59808
57509,Male,Urban,Bachelor,2L-5L,1,1,2057,More than 1,B,Silver,60936
63030,Male,Rural,Bachelor,2L-5L,1,6,2242,1,B,Platinum,56100
3101,Female,Urban,High School,5L-10L,0,1,10027,More than 1,A,Platinum,98640
39416,Female,Urban,Bachelor,5L-10L,0,8,2630,More than 1,A,Platinum,111408
76538,Male,Rural,Bachelor,5L-10L,0,6,2506,1,B,Platinum,63600
78240,Male,Urban,Bachelor,5L-10L,1,3,5506,1,A,Gold,32196
48776,Female,Urban,High School,5L-10L,0,5,7755,More than 1,A,Platinum,170772
87713,Male,Urban,High School,5L-10L,0,4,5034,More than 1,A,Platinum,104748
37526,Female,Rural,High School,2L-5L,1,7,0,1,B,Platinum,45036
45250,Male,Urban,High School,5L-10L,1,1,8173,More than 1,A,Platinum,93192
86141,Male,Urban,Bachelor,More than 10L,1,6,4118,More than 1,B,Silver,66444
64386,Male,Urban,Bachelor,5L-10L,1,4,5871,More than 1,A,Platinum,94344
10205,Female,Urban,High School,2L-5L,0,7,7942,More than 1,A,Platinum,100452
21123,Male,Urban,Others,5L-10L,1,4,4169,1,B,Silver,54840
7354,Female,Rural,High School,More than 10L,0,4,0,More than 1,A,Platinum,128748
8911,Female,Urban,Bachelor,5L-10L,1,5,4271,More than 1,A,Platinum,155988
86249,Male,Rural,High School,More than 10L,1,3,5155,1,A,Platinum,33696
57795,Female,Urban,Bachelor,5L-10L,1,4,2639,1,A,Gold,43884
39427,Male,Urban,High School,5L-10L,1,6,8885,More than 1,A,Silver,101028
52224,Female,Urban,Bachelor,2L-5L,1,4,6156,1,B,Gold,45084
70135,Female,Urban,Others,More than 10L,0,0,4976,More than 1,B,Platinum,95004
75938,Male,Rural,High School,5L-10L,1,8,2974,More than 1,A,Platinum,98400
87277,Female,Rural,High School,5L-10L,0,1,0,1,A,Platinum,44532
27202,Male,Urban,High School,5L-10L,1,4,2457,More than 1,A,Gold,85080
2083,Male,Urban,Bachelor,More than 10L,0,2,3788,1,A,Platinum,44712
27420,Male,Urban,Bachelor,5L-10L,1,6,3798,More than 1,A,Platinum,64272
6896,Female,Urban,High School,5L-10L,1,2,6231,More than 1,A,Platinum,102660
5386,Female,Rural,Bachelor,5L-10L,0,3,4193,1,A,Platinum,56964
46105,Male,Urban,High School,More than 10L,0,0,8578,More than 1,A,Platinum,91248
78613,Female,Rural,Others,5L-10L,1,5,5644,1,A,Platinum,41220
48038,Female,Urban,Bachelor,5L-10L,1,4,4282,1,A,Platinum,42984
6436,Male,Rural,Others,More than 10L,0,3,0,1,A,Gold,52812
66803,Female,Rural,Bachelor,2L-5L,1,2,0,1,B,Silver,59532
80815,Female,Urban,High School,5L-10L,0,3,0,1,A,Gold,44712
32260,Female,Rural,High School,More than 10L,1,0,0,1,A,Silver,38508
37762,Male,Urban,High School,2L-5L,1,6,6466,1,B,Silver,53772
75142,Female,Urban,Others,5L-10L,1,5,5624,1,B,Silver,44160
5534,Male,Urban,High School,2L-5L,1,8,8173,More than 1,A,Platinum,63324
49270,Female,Urban,High School,More than 10L,0,2,6457,More than 1,A,Platinum,107232
67389,Female,Rural,High School,2L-5L,1,4,5508,More than 1,A,Gold,90972
23409,Female,Urban,High School,5L-10L,0,6,5697,More than 1,A,Gold,105900
7513,Female,Rural,Bachelor,5L-10L,1,8,0,More than 1,B,Platinum,67812
5927,Male,Urban,High School,2L-5L,1,0,9077,1,A,Platinum,63384
69697,Male,Rural,High School,5L-10L,1,2,0,More than 1,A,Platinum,67296
52350,Female,Urban,Others,<=2L,0,6,7485,More than 1,B,Gold,100332
55939,Male,Urban,High School,More than 10L,0,4,0,1,B,Gold,35772
63741,Female,Rural,High School,More than 10L,1,5,3378,More than 1,B,Platinum,66084
38760,Female,Rural,Bachelor,5L-10L,1,6,2220,More than 1,A,Platinum,94164
25450,Male,Urban,High School,5L-10L,1,2,3989,More than 1,A,Platinum,90948
56934,Male,Urban,Others,<=2L,0,2,6222,More than 1,A,Gold,64320
1374,Male,Urban,High School,5L-10L,0,5,6896,More than 1,A,Platinum,65580
5530,Male,Urban,High School,5L-10L,1,6,0,More than 1,A,Silver,91080
63683,Female,Urban,Bachelor,5L-10L,0,4,2261,More than 1,A,Gold,65844
31827,Male,Rural,High School,5L-10L,0,4,0,1,A,Platinum,36420
57945,Female,Urban,High School,5L-10L,0,6,7868,1,A,Platinum,47580
5669,Female,Rural,High School,5L-10L,1,2,0,1,A,Platinum,44460
62749,Female,Urban,High School,5L-10L,1,5,3871,More than 1,A,Platinum,97164
71936,Male,Urban,High School,<=2L,0,4,5578,More than 1,A,Silver,66408
9415,Male,Rural,Bachelor,5L-10L,0,1,3412,More than 1,B,Platinum,68064
70557,Male,Urban,High School,5L-10L,1,8,3129,More than 1,A,Platinum,538860
11971,Male,Rural,Bachelor,2L-5L,0,2,2728,More than 1,B,Platinum,180516
37195,Male,Urban,Bachelor,2L-5L,1,1,0,1,A,Platinum,31908
46323,Female,Urban,High School,5L-10L,1,4,10238,More than 1,B,Silver,181188
19468,Male,Rural,Bachelor,5L-10L,1,5,2791,1,A,Silver,45348
45786,Male,Rural,High School,5L-10L,1,1,2014,1,A,Platinum,41232
62786,Female,Urban,High School,2L-5L,1,3,5303,More than 1,C,Platinum,134820
37148,Male,Urban,Bachelor,More than 10L,0,2,3910,More than 1,A,Gold,106752
75943,Male,Urban,High School,5L-10L,1,6,5471,1,A,Silver,32316
5233,Male,Urban,Bachelor,2L-5L,0,6,2294,1,B,Silver,61380
36837,Male,Urban,Bachelor,5L-10L,0,8,2559,1,A,Gold,34392
73054,Female,Rural,High School,5L-10L,0,5,0,1,B,Gold,40740
46093,Female,Urban,High School,2L-5L,1,7,0,More than 1,B,Platinum,64572
31614,Female,Urban,High School,2L-5L,1,4,3283,More than 1,A,Platinum,102840
19990,Male,Rural,Bachelor,5L-10L,1,3,5971,More than 1,C,Gold,306204
25241,Male,Urban,Bachelor,2L-5L,1,4,8842,More than 1,A,Platinum,167616
985,Male,Rural,High School,More than 10L,1,1,3814,1,A,Gold,49872
55772,Male,Urban,Bachelor,5L-10L,0,5,3983,More than 1,A,Platinum,104640
5201,Male,Rural,High School,5L-10L,1,7,0,1,A,Platinum,46320
41189,Male,Urban,High School,2L-5L,1,5,4569,1,A,Gold,33972
85895,Female,Urban,High School,2L-5L,1,4,5397,1,B,Platinum,34488
28544,Female,Urban,High School,2L-5L,1,5,5351,1,A,Platinum,54948
73296,Male,Rural,Bachelor,More than 10L,1,1,2116,1,A,Platinum,34404
7745,Male,Urban,Bachelor,2L-5L,1,5,6418,More than 1,B,Silver,65436
20191,Female,Rural,High School,More than 10L,1,2,0,More than 1,B,Gold,62856
14300,Male,Urban,High School,5L-10L,1,1,5895,1,A,Platinum,37884
65158,Female,Rural,High School,More than 10L,0,7,0,More than 1,B,Platinum,67056
19143,Male,Urban,Bachelor,5L-10L,0,6,0,1,A,Platinum,62100
12141,Male,Rural,Others,5L-10L,1,7,3334,More than 1,B,Platinum,67824
62829,Female,Urban,Bachelor,5L-10L,1,8,3633,More than 1,A,Gold,67044
65446,Male,Urban,High School,2L-5L,1,2,5466,1,A,Platinum,35592
62124,Male,Urban,Bachelor,2L-5L,0,6,4325,More than 1,B,Silver,65556
11442,Male,Urban,High School,5L-10L,1,7,2914,More than 1,C,Silver,68532
30269,Male,Urban,Bachelor,5L-10L,1,5,6315,More than 1,A,Gold,60960
72031,Male,Rural,Bachelor,2L-5L,1,3,4104,More than 1,B,Gold,70872
24854,Female,Rural,Bachelor,5L-10L,1,4,4543,More than 1,A,Silver,67536
17121,Male,Urban,Bachelor,2L-5L,1,7,3880,More than 1,B,Silver,68148
28521,Male,Urban,Bachelor,5L-10L,0,6,2919,More than 1,A,Platinum,103296
88174,Female,Urban,Bachelor,5L-10L,1,5,3317,1,B,Gold,40872
86665,Male,Rural,High School,2L-5L,0,5,3658,1,A,Platinum,45876
42809,Male,Urban,Bachelor,2L-5L,1,6,6194,1,A,Silver,34464
36092,Male,Urban,High School,2L-5L,1,2,0,1,B,Silver,34368
66519,Male,Rural,High School,5L-10L,1,1,3136,1,B,Platinum,50064
79142,Female,Rural,High School,More than 10L,0,5,0,1,B,Silver,41112
59650,Female,Urban,High School,2L-5L,1,4,0,More than 1,A,Gold,251460
45423,Male,Urban,High School,More than 10L,0,6,0,More than 1,B,Silver,65580
6616,Male,Rural,High School,More than 10L,1,7,0,1,A,Platinum,49368
77161,Male,Rural,Others,5L-10L,0,4,5525,1,A,Platinum,33828
50017,Male,Urban,Bachelor,2L-5L,0,7,5691,1,B,Silver,35928
62860,Female,Rural,High School,5L-10L,0,5,2884,More than 1,A,Platinum,73128
77540,Male,Rural,Bachelor,2L-5L,1,2,2819,More than 1,B,Gold,71784
1485,Female,Rural,Bachelor,5L-10L,0,7,2568,1,B,Platinum,54900
28743,Male,Urban,High School,2L-5L,0,7,6795,More than 1,C,Silver,45432
65814,Female,Urban,High School,2L-5L,0,7,7552,More than 1,A,Platinum,60996
2188,Male,Urban,High School,5L-10L,0,7,5456,More than 1,A,Platinum,98316
14008,Male,Urban,High School,More than 10L,0,6,7339,More than 1,B,Gold,120288
35295,Female,Urban,Bachelor,More than 10L,1,8,7170,More than 1,A,Platinum,98076
75417,Male,Urban,Bachelor,More than 10L,0,1,3451,More than 1,A,Platinum,102156
8122,Male,Rural,Bachelor,5L-10L,1,6,18729,1,B,Silver,46140
47280,Female,Rural,High School,5L-10L,0,5,2557,More than 1,A,Platinum,67344
26512,Female,Rural,Bachelor,More than 10L,1,6,0,1,A,Silver,36756
55324,Male,Urban,Bachelor,2L-5L,1,4,0,1,B,Silver,45360
40580,Male,Urban,Bachelor,2L-5L,1,8,2005,More than 1,B,Gold,66372
72525,Male,Rural,High School,5L-10L,1,6,2244,More than 1,C,Gold,495912
87161,Male,Urban,Bachelor,5L-10L,1,3,6320,1,A,Gold,49968
54340,Male,Rural,High School,5L-10L,1,6,0,More than 1,B,Silver,64788
23527,Female,Urban,High School,2L-5L,1,8,3812,More than 1,A,Gold,95340
58877,Male,Rural,Bachelor,5L-10L,0,6,0,1,C,Silver,38724
81453,Male,Urban,High School,5L-10L,0,4,6036,More than 1,A,Platinum,101940
83252,Female,Rural,High School,More than 10L,1,0,0,More than 1,B,Platinum,61152
17105,Male,Rural,High School,5L-10L,1,1,6746,More than 1,B,Silver,97188
70568,Male,Rural,High School,5L-10L,1,8,0,1,B,Silver,37968
13539,Male,Rural,Others,5L-10L,0,3,0,1,B,Silver,30576
51787,Male,Urban,Bachelor,2L-5L,1,4,3564,More than 1,B,Gold,94368
67158,Male,Rural,Bachelor,5L-10L,0,8,3106,More than 1,A,Gold,90828
42,Female,Rural,High School,5L-10L,0,6,2708,1,A,Silver,47964
85925,Female,Rural,High School,5L-10L,1,6,2858,More than 1,A,Platinum,83892
61035,Male,Rural,Others,More than 10L,0,7,5228,1,A,Gold,50568
38655,Male,Rural,Others,5L-10L,0,5,2680,More than 1,B,Platinum,62772
59715,Female,Rural,Bachelor,5L-10L,0,5,2115,More than 1,B,Silver,63756
52443,Female,Urban,Bachelor,2L-5L,0,5,7679,More than 1,B,Platinum,106452
12570,Female,Rural,High School,5L-10L,0,7,2890,More than 1,B,Platinum,65304
20626,Female,Rural,High School,More than 10L,0,6,0,1,C,Silver,54216
31886,Male,Urban,Bachelor,5L-10L,1,1,4469,More than 1,A,Gold,102516
36349,Male,Rural,High School,More than 10L,1,1,0,1,A,Silver,37500
49269,Male,Urban,Bachelor,5L-10L,1,7,2946,More than 1,A,Silver,140604
59780,Male,Urban,Bachelor,2L-5L,1,7,2874,More than 1,A,Gold,90708
27183,Female,Urban,High School,5L-10L,0,7,3817,More than 1,A,Platinum,103512
43402,Male,Rural,Bachelor,5L-10L,1,1,2625,1,A,Platinum,33444
40955,Male,Rural,High School,5L-10L,1,6,5067,1,C,Silver,33384
70,Male,Urban,High School,5L-10L,1,1,6111,1,A,Platinum,44688
15139,Male,Urban,High School,More than 10L,1,7,7231,More than 1,C,Platinum,90900
47278,Female,Urban,Bachelor,2L-5L,1,7,6184,1,A,Silver,44220
66709,Male,Rural,High School,2L-5L,0,4,4500,More than 1,B,Platinum,104592
34867,Male,Urban,Bachelor,More than 10L,1,0,2270,1,A,Gold,32256
20481,Male,Rural,High School,More than 10L,0,2,0,1,A,Silver,36276
48102,Male,Rural,Bachelor,5L-10L,1,8,0,More than 1,B,Gold,108228
29214,Female,Rural,Bachelor,5L-10L,1,3,2142,1,B,Silver,41256
78865,Male,Rural,High School,More than 10L,1,6,0,1,A,Gold,34272
55365,Male,Urban,Bachelor,5L-10L,0,4,3134,More than 1,A,Platinum,109044
25167,Female,Urban,Bachelor,5L-10L,1,4,0,1,B,Silver,39480
44600,Male,Urban,Bachelor,5L-10L,1,1,9996,1,A,Silver,36552
16577,Female,Rural,Bachelor,5L-10L,0,5,3301,1,B,Platinum,33060
80842,Male,Rural,Bachelor,More than 10L,0,4,0,More than 1,B,Silver,45600
12579,Male,Urban,High School,5L-10L,1,1,4820,1,A,Platinum,39576
22220,Female,Urban,Bachelor,5L-10L,1,2,5394,1,B,Silver,35784
30797,Male,Urban,Bachelor,5L-10L,1,1,4105,1,A,Gold,49632
32328,Male,Urban,High School,2L-5L,1,7,4320,More than 1,B,Platinum,50676
42271,Male,Rural,High School,5L-10L,1,6,4078,1,A,Silver,53376
75363,Female,Urban,High School,More than 10L,1,6,0,1,A,Platinum,32436
81829,Male,Rural,Bachelor,5L-10L,1,6,4161,More than 1,A,Gold,75048
5722,Male,Urban,Bachelor,5L-10L,0,6,5464,More than 1,A,Silver,103068
78921,Female,Urban,Bachelor,5L-10L,1,4,4941,More than 1,A,Platinum,66828
19001,Female,Urban,High School,5L-10L,0,6,6417,1,A,Silver,47076
51114,Male,Urban,Bachelor,2L-5L,1,1,12176,More than 1,A,Platinum,95592
80483,Female,Rural,Bachelor,2L-5L,1,5,0,1,B,Silver,48744
46437,Female,Urban,Bachelor,More than 10L,0,5,5448,1,A,Platinum,42948
39374,Male,Urban,High School,2L-5L,1,6,8521,More than 1,A,Silver,113124
83080,Male,Rural,High School,2L-5L,0,2,10428,More than 1,A,Platinum,113520
13979,Female,Rural,Others,More than 10L,1,4,0,1,A,Platinum,48192
44248,Female,Rural,High School,More than 10L,1,8,0,More than 1,B,Platinum,73596
38621,Male,Urban,High School,5L-10L,0,3,0,More than 1,A,Silver,96984
75139,Male,Rural,High School,5L-10L,1,4,4239,1,A,Silver,55728
32392,Male,Rural,Others,More than 10L,1,3,0,1,B,Silver,32232
8543,Male,Urban,Bachelor,5L-10L,0,6,6115,More than 1,A,Platinum,92364
19624,Female,Rural,Bachelor,5L-10L,0,8,0,More than 1,B,Platinum,71064
27043,Female,Urban,Others,2L-5L,1,5,5155,1,A,Platinum,34248
59808,Male,Urban,Bachelor,More than 10L,1,3,0,1,B,Gold,28836
53456,Male,Rural,Others,5L-10L,1,8,2667,1,A,Silver,62328
86302,Male,Urban,Bachelor,5L-10L,1,1,9908,1,A,Gold,47076
61125,Female,Urban,High School,2L-5L,0,6,4283,1,A,Silver,49728
59009,Male,Rural,Bachelor,More than 10L,1,1,0,More than 1,A,Platinum,68088
16164,Female,Rural,Bachelor,2L-5L,1,5,2378,1,A,Platinum,51072
35864,Female,Rural,Bachelor,5L-10L,1,3,0,1,B,Silver,46752
33482,Male,Urban,High School,5L-10L,0,6,6177,More than 1,B,Gold,99912
67211,Female,Urban,Bachelor,5L-10L,1,7,5113,1,B,Platinum,57804
72504,Female,Urban,Bachelor,2L-5L,1,3,14207,More than 1,A,Platinum,436560
54852,Male,Urban,Bachelor,5L-10L,0,8,0,More than 1,B,Platinum,124356
66669,Male,Urban,High School,5L-10L,0,6,5332,1,A,Silver,37956
60848,Male,Urban,Bachelor,5L-10L,1,0,6739,More than 1,A,Platinum,283080
43632,Female,Rural,High School,5L-10L,1,6,5626,More than 1,B,Silver,72876
27441,Male,Urban,Bachelor,2L-5L,0,6,3981,1,B,Gold,43608
68776,Male,Urban,High School,5L-10L,1,6,10486,More than 1,C,Silver,113088
85237,Female,Urban,High School,2L-5L,1,8,3857,More than 1,A,Platinum,63612
72712,Female,Urban,Bachelor,2L-5L,1,1,7109,1,A,Silver,53820
84720,Female,Urban,High School,5L-10L,0,6,3934,More than 1,A,Platinum,96144
47477,Female,Rural,Others,5L-10L,0,4,6396,1,A,Silver,51984
70903,Female,Urban,Bachelor,5L-10L,0,7,4621,More than 1,A,Gold,68040
15750,Male,Rural,High School,More than 10L,1,6,0,More than 1,A,Gold,102024
15442,Female,Rural,High School,2L-5L,0,2,2196,More than 1,B,Silver,75216
19622,Male,Rural,Bachelor,5L-10L,1,3,5534,More than 1,C,Platinum,72348
19706,Female,Rural,High School,5L-10L,0,6,6050,More than 1,A,Platinum,94620
76206,Male,Urban,Bachelor,5L-10L,1,3,6467,More than 1,B,Platinum,103488
62485,Female,Urban,High School,More than 10L,1,3,0,1,A,Silver,31980
72574,Female,Urban,High School,2L-5L,0,2,14442,More than 1,B,Gold,62376
47123,Male,Urban,Bachelor,5L-10L,0,3,13199,1,A,Silver,33924
72344,Female,Rural,Others,5L-10L,1,6,0,More than 1,A,Platinum,65400
28676,Female,Urban,High School,2L-5L,1,3,6390,1,A,Platinum,32352
83644,Female,Rural,High School,5L-10L,1,8,3178,More than 1,B,Platinum,68604
67961,Female,Urban,Bachelor,5L-10L,0,1,9493,More than 1,A,Gold,108684
18848,Female,Rural,High School,5L-10L,1,3,0,More than 1,A,Platinum,68388
18743,Female,Urban,Bachelor,5L-10L,0,6,5257,More than 1,A,Silver,60084
50292,Female,Urban,High School,5L-10L,1,2,6791,More than 1,B,Silver,74472
84100,Male,Urban,Bachelor,5L-10L,1,7,3836,1,A,Gold,56376
52744,Female,Urban,High School,2L-5L,1,7,0,More than 1,B,Silver,58272
42640,Male,Rural,High School,5L-10L,1,4,2200,1,A,Gold,48024
20129,Female,Urban,High School,5L-10L,0,0,3050,More than 1,C,Gold,51456
79784,Male,Urban,Bachelor,2L-5L,0,2,6039,1,A,Platinum,35868
81602,Female,Urban,High School,More than 10L,1,1,4050,More than 1,A,Gold,98028
71674,Female,Rural,Bachelor,More than 10L,1,3,2498,More than 1,A,Platinum,67140
593,Male,Urban,High School,2L-5L,0,5,10192,More than 1,A,Platinum,69168
42030,Male,Rural,Bachelor,5L-10L,1,1,0,1,A,Silver,44796
15513,Male,Urban,High School,5L-10L,0,0,3921,More than 1,C,Gold,71784
10221,Female,Urban,High School,5L-10L,0,3,5352,More than 1,A,Platinum,107808
89182,Male,Urban,High School,5L-10L,0,3,4132,More than 1,A,Silver,111588
34576,Female,Rural,High School,5L-10L,1,5,0,1,C,Platinum,36756
77835,Male,Rural,High School,5L-10L,1,7,2903,1,A,Silver,49620
24105,Female,Urban,Bachelor,More than 10L,0,2,3490,More than 1,B,Silver,100944
26247,Male,Urban,Bachelor,More than 10L,1,6,8314,More than 1,A,Platinum,117852
36183,Female,Urban,High School,2L-5L,1,6,8696,1,A,Gold,43296
61862,Female,Urban,Bachelor,More than 10L,1,6,0,More than 1,A,Platinum,108120
47989,Female,Rural,High School,5L-10L,0,7,0,1,A,Gold,35052
39605,Female,Urban,High School,More than 10L,0,0,7399,1,A,Gold,34476
34599,Male,Rural,High School,More than 10L,0,1,2994,More than 1,B,Gold,97128
74500,Female,Rural,Bachelor,2L-5L,0,6,6197,More than 1,B,Platinum,96864
62778,Male,Rural,Bachelor,5L-10L,0,5,2406,1,A,Gold,49188
20450,Male,Urban,Bachelor,5L-10L,1,6,0,1,B,Silver,34608
56784,Female,Rural,Bachelor,5L-10L,1,1,0,More than 1,B,Platinum,66660
63027,Female,Urban,Bachelor,5L-10L,1,6,5108,More than 1,A,Platinum,115752
15528,Female,Urban,High School,5L-10L,1,3,5537,More than 1,A,Platinum,60096
27564,Female,Rural,Bachelor,2L-5L,1,7,2575,More than 1,B,Gold,65424
358,Male,Rural,High School,More than 10L,0,4,4604,1,A,Platinum,34536
19090,Female,Rural,High School,More than 10L,0,7,0,More than 1,B,Platinum,69396
74648,Male,Urban,High School,2L-5L,0,6,6642,More than 1,C,Silver,227304
57857,Male,Rural,Bachelor,2L-5L,1,4,0,More than 1,B,Platinum,112848
8299,Female,Urban,Bachelor,5L-10L,1,5,0,More than 1,B,Gold,104688
70128,Male,Rural,Bachelor,More than 10L,1,7,0,1,A,Platinum,36504
68177,Female,Urban,Bachelor,5L-10L,1,7,3612,1,B,Platinum,38004
26220,Male,Urban,High School,5L-10L,1,4,9778,More than 1,C,Silver,150720
31281,Male,Urban,High School,5L-10L,0,3,6296,More than 1,B,Platinum,57696
18345,Female,Urban,High School,5L-10L,1,5,5040,1,A,Gold,49116
86175,Male,Urban,High School,2L-5L,1,6,11207,1,A,Platinum,61776
64412,Female,Urban,High School,5L-10L,1,7,7364,1,A,Gold,48888
70588,Male,Rural,Bachelor,5L-10L,1,4,2086,More than 1,A,Platinum,62736
49501,Female,Rural,Bachelor,5L-10L,0,3,0,More than 1,A,Silver,110628
75498,Male,Rural,High School,5L-10L,1,3,4515,1,A,Platinum,43584
1244,Male,Urban,Bachelor,More than 10L,0,1,5151,1,A,Silver,33432
69716,Female,Rural,Others,More than 10L,1,1,3317,1,B,Platinum,51180
60636,Male,Rural,High School,More than 10L,0,7,2259,1,B,Silver,39336
9486,Female,Urban,High School,2L-5L,0,6,5154,More than 1,B,Silver,88008
4056,Female,Rural,Bachelor,More than 10L,1,2,3035,More than 1,A,Platinum,104772
55615,Female,Urban,High School,2L-5L,0,4,6046,1,A,Platinum,45984
63677,Male,Rural,High School,5L-10L,1,7,0,1,B,Gold,35880
34866,Male,Urban,Bachelor,More than 10L,1,3,6573,1,A,Gold,59028
43849,Female,Rural,High School,5L-10L,0,4,2086,1,A,Platinum,55872
21346,Male,Urban,Bachelor,5L-10L,1,7,5714,1,A,Silver,37032
4741,Male,Urban,High School,5L-10L,1,6,6115,More than 1,A,Gold,137328
83264,Male,Urban,Bachelor,5L-10L,0,0,7378,1,A,Platinum,39948
62605,Male,Rural,High School,5L-10L,0,4,4775,1,A,Platinum,49056
70660,Female,Urban,Bachelor,2L-5L,0,8,6226,1,B,Platinum,65784
30233,Female,Urban,Bachelor,More than 10L,1,1,7400,1,A,Platinum,33336
46006,Male,Urban,High School,2L-5L,1,7,15324,More than 1,A,Silver,106536
9442,Male,Rural,High School,5L-10L,1,6,0,1,C,Platinum,35028
13743,Male,Rural,Bachelor,5L-10L,1,6,0,1,A,Gold,33624
72205,Male,Urban,Others,5L-10L,1,1,5345,1,A,Gold,30828
62801,Female,Urban,Bachelor,5L-10L,0,6,3212,More than 1,A,Silver,30360
10449,Female,Rural,High School,5L-10L,1,5,2512,1,A,Platinum,47244
83340,Male,Rural,Bachelor,5L-10L,1,2,0,More than 1,A,Platinum,63360
45737,Male,Urban,Bachelor,More than 10L,1,0,0,1,A,Platinum,51540
45204,Female,Rural,High School,More than 10L,1,5,3894,More than 1,A,Silver,96684
77653,Male,Rural,Bachelor,5L-10L,0,4,0,More than 1,B,Platinum,57372
22438,Male,Urban,Bachelor,5L-10L,1,6,4003,More than 1,A,Gold,93756
36754,Male,Rural,High School,5L-10L,1,7,2060,More than 1,B,Platinum,61368
65811,Male,Urban,Bachelor,5L-10L,0,6,11841,More than 1,B,Silver,101484
26950,Male,Urban,Bachelor,5L-10L,1,8,4087,More than 1,A,Silver,175464
53188,Female,Urban,High School,2L-5L,1,6,4299,1,C,Gold,36324
26674,Female,Rural,Bachelor,5L-10L,0,6,3722,More than 1,A,Platinum,94548
13839,Female,Urban,High School,5L-10L,1,6,9641,More than 1,A,Platinum,106224
88707,Male,Rural,High School,5L-10L,1,6,3591,1,A,Platinum,51552
35112,Female,Urban,Bachelor,More than 10L,0,4,2928,More than 1,A,Gold,103584
43008,Female,Urban,Bachelor,5L-10L,0,7,3943,1,B,Platinum,74316
34279,Female,Urban,High School,2L-5L,1,6,6277,1,A,Silver,44748
3713,Female,Urban,Bachelor,5L-10L,0,3,16403,1,A,Platinum,66060
68616,Male,Rural,Others,More than 10L,0,8,0,1,B,Platinum,32664
73384,Female,Urban,Bachelor,More than 10L,0,3,3830,More than 1,A,Platinum,73932
82265,Female,Rural,High School,More than 10L,0,7,0,More than 1,A,Platinum,88020
3185,Male,Urban,High School,5L-10L,1,5,4091,More than 1,A,Platinum,69564
52883,Male,Urban,Others,5L-10L,1,5,0,1,A,Silver,34476
73643,Male,Rural,High School,5L-10L,0,6,7202,1,A,Gold,31176
33336,Male,Urban,Bachelor,5L-10L,0,5,4326,More than 1,A,Platinum,97188
84308,Female,Urban,Bachelor,5L-10L,1,3,6951,More than 1,A,Platinum,330048
44508,Male,Rural,Bachelor,5L-10L,0,2,5454,More than 1,A,Platinum,105252
79617,Female,Urban,Bachelor,5L-10L,0,1,6868,1,A,Platinum,32208
41748,Male,Rural,Bachelor,More than 10L,1,1,2665,1,A,Platinum,35568
70761,Male,Rural,Bachelor,5L-10L,1,5,5994,1,A,Platinum,51528
16025,Male,Urban,High School,5L-10L,1,8,3850,More than 1,C,Gold,66528
8078,Female,Rural,Bachelor,5L-10L,0,8,0,More than 1,A,Platinum,57864
48348,Male,Urban,High School,5L-10L,1,2,2856,1,A,Gold,47964
18509,Male,Urban,High School,More than 10L,1,4,4218,1,A,Platinum,55416
18097,Male,Rural,Others,5L-10L,0,1,0,1,A,Platinum,32472
53225,Male,Rural,High School,5L-10L,1,6,0,More than 1,B,Gold,60096
25528,Male,Rural,Bachelor,5L-10L,1,4,0,1,A,Silver,37992
5126,Male,Urban,Bachelor,More than 10L,1,2,4048,1,A,Platinum,47664
6263,Female,Rural,Bachelor,More than 10L,0,2,6193,More than 1,A,Platinum,63168
42676,Male,Urban,Bachelor,5L-10L,1,2,6112,1,A,Gold,34008
26692,Male,Rural,High School,5L-10L,1,4,2665,More than 1,A,Gold,105060
79490,Female,Urban,High School,More than 10L,0,4,3359,1,A,Gold,36912
8488,Male,Rural,High School,5L-10L,1,2,0,1,A,Silver,96768
46394,Female,Rural,Bachelor,More than 10L,1,0,0,1,B,Platinum,37476
28391,Female,Rural,High School,More than 10L,0,2,0,1,B,Platinum,35232
65544,Female,Urban,Bachelor,5L-10L,1,2,9093,1,A,Silver,31332
83381,Female,Urban,High School,More than 10L,1,5,6226,1,A,Platinum,32508
48477,Male,Rural,Bachelor,5L-10L,1,8,2362,More than 1,B,Gold,69216
72384,Female,Urban,Bachelor,5L-10L,0,7,3730,More than 1,A,Platinum,99792
71014,Male,Rural,High School,5L-10L,1,0,0,1,B,Platinum,31536
32686,Female,Rural,High School,5L-10L,0,5,2219,More than 1,A,Gold,111432
12836,Male,Urban,High School,More than 10L,1,3,3684,1,C,Gold,35376
5163,Male,Urban,High School,5L-10L,1,5,3737,1,A,Platinum,52008
59584,Female,Urban,High School,5L-10L,0,0,6686,1,A,Gold,53052
12044,Female,Urban,High School,5L-10L,0,7,8771,More than 1,A,Gold,578892
24090,Female,Urban,Bachelor,5L-10L,1,4,5399,More than 1,A,Gold,162252
70423,Male,Urban,Bachelor,More than 10L,1,3,9018,1,A,Platinum,61320
31664,Female,Rural,Bachelor,2L-5L,0,4,0,More than 1,B,Gold,77412
59444,Female,Rural,Bachelor,5L-10L,1,1,3026,More than 1,A,Platinum,92928
88160,Female,Urban,Bachelor,5L-10L,1,6,3925,More than 1,A,Platinum,64464
65172,Female,Rural,Bachelor,More than 10L,1,8,0,More than 1,B,Gold,75564
22997,Female,Urban,Bachelor,5L-10L,0,3,5526,1,A,Gold,30828
10228,Male,Urban,High School,5L-10L,1,5,7206,More than 1,A,Silver,106848
14167,Male,Rural,Bachelor,More than 10L,1,4,0,1,B,Platinum,34128
31507,Male,Urban,Bachelor,2L-5L,1,1,4991,1,B,Silver,32112
69774,Male,Rural,High School,5L-10L,0,4,2217,1,A,Silver,34776
24816,Female,Urban,High School,5L-10L,1,5,4721,More than 1,A,Platinum,102600
81,Male,Urban,High School,More than 10L,0,6,3628,More than 1,B,Platinum,71052
42912,Female,Urban,High School,5L-10L,0,5,9862,More than 1,A,Platinum,103332
1829,Male,Urban,Bachelor,5L-10L,1,7,5833,More than 1,A,Gold,105756
10828,Male,Urban,High School,More than 10L,0,3,7472,1,C,Silver,37452
23307,Female,Rural,Bachelor,5L-10L,0,6,7140,More than 1,A,Platinum,94920
47332,Male,Urban,Bachelor,2L-5L,0,2,4699,1,A,Platinum,48000
76659,Male,Rural,High School,More than 10L,1,6,3914,More than 1,A,Platinum,70128
26597,Male,Urban,Bachelor,5L-10L,1,6,3459,1,A,Silver,138264
75706,Male,Urban,Bachelor,5L-10L,0,4,11625,More than 1,A,Gold,91008
31197,Female,Urban,High School,5L-10L,0,5,5207,1,A,Platinum,31440
36569,Male,Urban,Bachelor,More than 10L,1,1,0,1,A,Gold,34992
58277,Male,Rural,Bachelor,5L-10L,0,1,5379,1,A,Silver,49008
62349,Male,Urban,High School,5L-10L,1,1,2232,1,B,Platinum,55056
39563,Male,Rural,High School,More than 10L,1,4,2946,More than 1,A,Platinum,98892
242,Female,Urban,Bachelor,More than 10L,1,7,0,1,B,Silver,66324
63000,Male,Urban,High School,2L-5L,1,4,2005,More than 1,B,Silver,76728
22746,Female,Urban,High School,2L-5L,0,7,18406,1,B,Gold,34308
49180,Male,Urban,Bachelor,5L-10L,1,0,9286,More than 1,A,Platinum,96036
51742,Female,Urban,High School,5L-10L,1,0,3000,More than 1,A,Platinum,106740
76555,Male,Urban,High School,2L-5L,1,3,4499,1,A,Silver,45792
21552,Female,Urban,High School,<=2L,0,5,8788,More than 1,A,Platinum,107556
41202,Female,Urban,High School,5L-10L,0,6,3258,More than 1,B,Platinum,75516
72995,Male,Urban,High School,2L-5L,0,3,6280,1,A,Platinum,42696
10314,Female,Urban,Bachelor,2L-5L,1,3,5926,More than 1,B,Platinum,89448
80207,Male,Urban,Bachelor,More than 10L,1,8,3954,More than 1,A,Gold,93984
20225,Female,Rural,High School,5L-10L,1,6,0,1,B,Platinum,47124
72954,Male,Urban,High School,5L-10L,1,6,9002,1,C,Silver,55932
4927,Male,Urban,High School,5L-10L,1,4,6802,1,A,Platinum,54504
19432,Male,Urban,High School,2L-5L,0,1,4092,More than 1,A,Platinum,60156
50785,Female,Urban,High School,2L-5L,0,1,0,More than 1,A,Platinum,102132
54665,Male,Rural,Bachelor,5L-10L,1,5,2038,1,B,Silver,35556
26189,Male,Urban,Others,More than 10L,1,3,2680,1,A,Gold,33876
73343,Male,Urban,High School,2L-5L,1,0,5715,More than 1,A,Platinum,56544
60389,Male,Urban,High School,2L-5L,0,8,4255,1,A,Platinum,56724
4485,Female,Urban,High School,More than 10L,1,7,3774,More than 1,A,Platinum,255444
54545,Female,Urban,High School,2L-5L,0,6,6236,More than 1,A,Platinum,58644
21300,Male,Rural,High School,More than 10L,1,3,3090,More than 1,A,Gold,99636
79184,Male,Urban,High School,<=2L,0,7,5895,1,A,Silver,46044
37680,Male,Urban,Bachelor,2L-5L,0,3,7293,More than 1,A,Platinum,107004
31196,Female,Urban,High School,More than 10L,1,1,0,More than 1,A,Silver,68592
80950,Male,Rural,High School,5L-10L,1,6,0,More than 1,B,Silver,67668
29083,Male,Rural,Bachelor,More than 10L,1,4,0,1,A,Gold,33756
11245,Female,Rural,Bachelor,2L-5L,0,6,2646,More than 1,B,Platinum,73392
89276,Female,Urban,High School,2L-5L,0,6,5160,1,A,Gold,33504
22581,Female,Urban,High School,2L-5L,0,2,5606,More than 1,A,Platinum,125172
68928,Male,Urban,High School,5L-10L,1,5,4740,1,A,Platinum,34032
28948,Female,Urban,High School,5L-10L,0,4,3532,More than 1,A,Gold,99192
13540,Female,Rural,Others,5L-10L,0,7,5246,More than 1,A,Platinum,63648
78145,Male,Urban,High School,2L-5L,1,1,5554,1,C,Silver,34416
196,Female,Urban,Bachelor,<=2L,0,1,3964,More than 1,A,Platinum,103824
70373,Male,Rural,Bachelor,More than 10L,1,7,4169,More than 1,B,Silver,64332
41280,Male,Rural,Bachelor,More than 10L,1,8,3432,More than 1,A,Platinum,63648
69628,Male,Urban,High School,5L-10L,0,6,11124,More than 1,A,Platinum,266304
42810,Female,Urban,Others,5L-10L,1,2,5247,1,A,Silver,35928
47663,Male,Rural,Bachelor,2L-5L,1,4,0,1,B,Silver,49824
73029,Female,Urban,High School,5L-10L,0,2,2708,1,A,Platinum,43260
68422,Male,Rural,Bachelor,2L-5L,1,2,0,More than 1,B,Silver,63168
30917,Female,Urban,Bachelor,5L-10L,0,8,2106,More than 1,A,Silver,101988
32197,Male,Urban,High School,5L-10L,0,8,6440,More than 1,B,Platinum,96960
27246,Male,Rural,Bachelor,5L-10L,0,3,0,1,A,Platinum,31440
82273,Male,Urban,High School,5L-10L,1,7,4272,1,A,Platinum,46944
81792,Male,Urban,High School,5L-10L,1,2,2073,1,A,Platinum,33456
14627,Male,Rural,Bachelor,5L-10L,0,2,0,More than 1,A,Gold,510072
79361,Male,Rural,Others,More than 10L,1,2,3635,1,A,Gold,61212
29820,Female,Urban,High School,2L-5L,1,0,5530,1,A,Platinum,37392
12648,Female,Urban,High School,2L-5L,0,6,6070,More than 1,B,Platinum,95376
66999,Female,Urban,High School,2L-5L,1,8,9862,More than 1,A,Platinum,179436
69033,Female,Rural,High School,2L-5L,0,2,4819,More than 1,C,Silver,109776
62859,Male,Urban,High School,More than 10L,1,3,3694,More than 1,A,Silver,97440
49626,Male,Rural,Others,5L-10L,1,6,5059,1,A,Platinum,34776
34324,Female,Rural,Bachelor,2L-5L,0,6,6273,1,B,Platinum,58308
19940,Male,Urban,Bachelor,5L-10L,1,7,0,1,C,Silver,51552
16591,Male,Rural,Bachelor,More than 10L,0,7,3586,More than 1,B,Gold,59964
51803,Male,Urban,Bachelor,5L-10L,1,1,5305,More than 1,A,Platinum,280848
33811,Male,Urban,High School,5L-10L,0,3,4570,More than 1,B,Gold,64728
46565,Female,Urban,Bachelor,2L-5L,0,2,10952,More than 1,B,Platinum,104448
87866,Female,Urban,Bachelor,2L-5L,0,1,4350,More than 1,B,Silver,210972
73437,Female,Urban,High School,5L-10L,1,4,4403,More than 1,A,Platinum,105876
46874,Female,Rural,High School,5L-10L,1,4,2157,More than 1,B,Silver,69600
36229,Female,Urban,High School,5L-10L,1,7,8236,More than 1,A,Platinum,384780
55910,Male,Rural,Bachelor,More than 10L,1,7,2356,More than 1,A,Gold,102252
43492,Female,Urban,High School,5L-10L,0,6,6187,More than 1,C,Platinum,108852
33910,Female,Rural,High School,5L-10L,0,8,4665,1,B,Gold,34164
71015,Female,Urban,High School,5L-10L,1,5,8887,More than 1,A,Silver,90120
33898,Male,Rural,Bachelor,5L-10L,1,7,2694,More than 1,C,Silver,97080
17271,Female,Rural,Others,5L-10L,0,6,0,1,C,Gold,29592
4275,Male,Urban,High School,5L-10L,1,4,5351,1,A,Gold,32412
56291,Male,Rural,Bachelor,5L-10L,1,3,10469,More than 1,A,Silver,66672
13234,Male,Rural,High School,More than 10L,1,6,0,1,A,Gold,31344
52692,Male,Urban,High School,2L-5L,1,6,3942,More than 1,A,Gold,89820
12708,Female,Rural,High School,5L-10L,1,7,2322,More than 1,B,Platinum,68412
80389,Male,Urban,Bachelor,5L-10L,1,3,2520,More than 1,A,Platinum,89568
22503,Male,Urban,High School,More than 10L,1,3,6750,1,B,Gold,37692
64216,Female,Urban,High School,5L-10L,1,1,3120,More than 1,A,Gold,97056
1539,Male,Urban,Bachelor,2L-5L,1,7,6779,More than 1,B,Platinum,335736
39239,Male,Urban,High School,2L-5L,0,6,3302,More than 1,A,Silver,106332
75632,Female,Urban,High School,5L-10L,1,1,15737,1,A,Gold,46344
70719,Male,Urban,High School,5L-10L,1,4,4205,More than 1,A,Platinum,97908
88551,Male,Rural,Bachelor,5L-10L,1,5,2130,1,B,Platinum,32676
79272,Male,Urban,High School,2L-5L,0,6,5139,More than 1,C,Silver,348792
37987,Male,Urban,Others,2L-5L,1,7,4401,More than 1,A,Platinum,100392
28710,Male,Urban,High School,5L-10L,1,7,4317,More than 1,A,Gold,108912
9336,Male,Urban,Bachelor,2L-5L,0,3,5742,1,B,Silver,44592
3964,Male,Urban,High School,2L-5L,0,8,0,More than 1,B,Platinum,152820
13902,Female,Urban,High School,More than 10L,0,8,3480,More than 1,A,Platinum,99096
54197,Male,Urban,Bachelor,More than 10L,1,4,6430,More than 1,A,Gold,99216
15910,Female,Rural,High School,5L-10L,1,7,5136,More than 1,A,Gold,96576
41616,Male,Rural,Bachelor,More than 10L,1,6,2823,More than 1,B,Platinum,71520
77778,Female,Urban,Bachelor,2L-5L,1,8,5932,1,A,Platinum,69180
19283,Male,Rural,Bachelor,5L-10L,1,0,0,More than 1,B,Silver,76716
20552,Male,Rural,Bachelor,5L-10L,0,6,2931,More than 1,A,Silver,344724
88733,Female,Urban,Bachelor,5L-10L,1,4,0,1,A,Gold,68112
51276,Male,Urban,Bachelor,2L-5L,1,6,2655,More than 1,B,Platinum,73236
57889,Male,Urban,High School,2L-5L,1,7,7205,1,B,Silver,40488
74716,Male,Urban,Others,2L-5L,0,6,3475,1,B,Silver,53340
34322,Male,Rural,High School,5L-10L,0,8,4789,More than 1,A,Platinum,104604
47942,Male,Urban,Bachelor,5L-10L,1,2,4056,More than 1,B,Platinum,98700
36298,Male,Rural,High School,5L-10L,1,6,3912,More than 1,B,Platinum,63264
77764,Male,Urban,High School,5L-10L,1,4,6179,More than 1,A,Gold,61740
87182,Male,Urban,High School,5L-10L,1,6,3589,1,A,Gold,48720
79510,Male,Urban,High School,2L-5L,1,2,7159,1,A,Platinum,60276
60582,Male,Urban,Bachelor,More than 10L,1,0,2949,More than 1,B,Silver,70308
36357,Female,Urban,High School,2L-5L,0,1,4949,1,B,Silver,34272
8404,Female,Urban,Bachelor,2L-5L,0,7,6121,More than 1,A,Platinum,99048
59461,Male,Urban,Bachelor,5L-10L,1,5,2659,More than 1,A,Platinum,94116
5818,Female,Urban,Bachelor,2L-5L,1,7,4280,1,C,Gold,36636
32450,Female,Rural,High School,5L-10L,0,4,2638,More than 1,C,Silver,94284
33159,Male,Urban,Bachelor,5L-10L,0,6,9745,1,B,Platinum,48588
52663,Male,Rural,High School,5L-10L,0,3,3342,1,A,Platinum,47484
79320,Female,Rural,Bachelor,More than 10L,1,4,0,1,C,Platinum,51276
22336,Female,Urban,High School,5L-10L,1,8,5115,1,B,Gold,40992
81478,Male,Rural,Bachelor,More than 10L,1,3,3095,More than 1,B,Platinum,74700
75790,Male,Rural,High School,5L-10L,1,7,0,1,A,Platinum,47184
12868,Male,Rural,Others,5L-10L,1,5,2476,More than 1,A,Gold,70116
48351,Male,Urban,Bachelor,<=2L,1,2,3834,1,A,Platinum,46464
31375,Female,Rural,Bachelor,5L-10L,1,3,0,More than 1,A,Platinum,92952
38169,Female,Rural,Bachelor,2L-5L,0,8,2970,More than 1,B,Silver,62808
55944,Male,Urban,High School,5L-10L,1,3,6617,More than 1,A,Gold,98796
11955,Male,Urban,High School,5L-10L,1,4,6706,More than 1,C,Silver,99288
76676,Male,Urban,Bachelor,5L-10L,1,4,3078,1,A,Platinum,61548
45681,Female,Urban,High School,2L-5L,1,7,6935,1,A,Silver,35076
27574,Female,Urban,Bachelor,2L-5L,1,8,3363,More than 1,B,Silver,75516
50871,Male,Urban,High School,More than 10L,1,6,6024,1,B,Silver,35484
5380,Male,Urban,Bachelor,2L-5L,0,7,6114,More than 1,B,Gold,68088
56081,Male,Urban,High School,5L-10L,0,4,5265,More than 1,A,Gold,116580
72601,Male,Urban,Bachelor,<=2L,1,3,4237,More than 1,B,Platinum,93936
36724,Male,Urban,High School,5L-10L,1,5,2032,1,A,Platinum,34008
72280,Male,Urban,Bachelor,More than 10L,0,6,12356,1,A,Gold,32952
25719,Female,Urban,High School,More than 10L,0,2,3468,More than 1,A,Gold,87780
87643,Male,Urban,Bachelor,5L-10L,1,4,0,More than 1,B,Silver,75564
7705,Female,Rural,Bachelor,5L-10L,1,7,0,1,B,Platinum,34668
19388,Male,Rural,Bachelor,5L-10L,1,0,0,1,B,Gold,36972
26440,Female,Urban,High School,5L-10L,1,5,7427,1,A,Platinum,58920
37629,Male,Rural,Bachelor,5L-10L,1,6,0,1,A,Platinum,72276
37199,Female,Urban,Others,5L-10L,0,6,2357,1,B,Platinum,99744
39208,Male,Rural,Bachelor,5L-10L,1,6,3425,1,B,Platinum,53844
61986,Female,Urban,Bachelor,5L-10L,0,8,6200,More than 1,A,Gold,107772
82920,Female,Urban,High School,5L-10L,1,5,4444,More than 1,A,Silver,102480
63815,Male,Urban,Bachelor,2L-5L,1,8,4747,More than 1,C,Platinum,94752
75734,Male,Rural,Bachelor,More than 10L,1,7,5100,1,B,Silver,38328
11962,Male,Urban,High School,More than 10L,1,5,4774,1,A,Silver,36312
81912,Male,Urban,Bachelor,5L-10L,1,8,3527,More than 1,B,Silver,75960
85502,Male,Urban,High School,2L-5L,1,7,4056,1,A,Silver,31956
60918,Male,Rural,High School,5L-10L,1,0,0,1,B,Gold,35784
77885,Female,Urban,Bachelor,5L-10L,0,0,0,1,A,Silver,37644
9538,Male,Rural,High School,More than 10L,1,7,0,1,A,Gold,56628
50440,Female,Urban,Others,5L-10L,1,1,0,1,B,Platinum,37476
15016,Male,Urban,High School,2L-5L,1,7,7954,1,C,Silver,60804
35386,Female,Urban,High School,2L-5L,0,1,8156,More than 1,B,Platinum,100560
73899,Male,Urban,High School,5L-10L,0,5,5745,1,A,Platinum,50544
12195,Male,Urban,Bachelor,5L-10L,0,6,6513,1,A,Silver,36372
5845,Female,Rural,Bachelor,2L-5L,0,8,2717,More than 1,B,Gold,77640
46173,Female,Rural,High School,5L-10L,0,6,2618,More than 1,A,Platinum,101304
68274,Male,Rural,High School,5L-10L,0,3,2514,1,A,Platinum,47928
31390,Female,Rural,High School,5L-10L,1,7,0,1,B,Platinum,50916
85128,Female,Rural,High School,More than 10L,1,2,0,1,A,Gold,34236
9211,Female,Rural,High School,2L-5L,1,6,0,More than 1,B,Silver,72660
17469,Female,Urban,High School,2L-5L,0,6,7172,1,B,Platinum,43368
84108,Female,Rural,Bachelor,5L-10L,0,4,5566,1,A,Gold,52116
50808,Male,Urban,High School,2L-5L,0,0,4114,More than 1,B,Silver,104772
7022,Female,Urban,Bachelor,5L-10L,1,3,12791,More than 1,A,Gold,108408
58028,Male,Rural,Bachelor,5L-10L,1,4,0,More than 1,A,Platinum,77580
78743,Male,Rural,High School,5L-10L,1,5,5087,1,A,Platinum,33696
34719,Female,Rural,High School,More than 10L,1,8,2047,1,A,Silver,37248
80353,Female,Urban,High School,More than 10L,1,0,3657,More than 1,B,Platinum,31716
12228,Male,Urban,High School,5L-10L,1,5,0,1,B,Platinum,39540
8110,Female,Urban,High School,5L-10L,1,2,2926,1,B,Platinum,60444
57629,Male,Rural,High School,5L-10L,1,7,0,1,A,Platinum,31320
23397,Male,Urban,High School,More than 10L,0,0,2018,More than 1,A,Platinum,155460
14757,Male,Urban,High School,<=2L,1,1,5431,1,A,Platinum,56388
49916,Male,Urban,Bachelor,5L-10L,0,0,3759,1,B,Platinum,61104
81413,Female,Urban,Bachelor,5L-10L,1,4,6570,More than 1,A,Silver,105768
37381,Female,Rural,High School,5L-10L,0,3,2505,More than 1,B,Gold,70620
39561,Male,Rural,High School,5L-10L,1,1,2837,More than 1,B,Platinum,59388
31284,Male,Urban,Bachelor,5L-10L,1,8,2322,More than 1,B,Platinum,63228
30998,Male,Rural,Bachelor,5L-10L,0,6,0,1,B,Platinum,50160
14526,Female,Urban,Bachelor,2L-5L,1,1,6107,1,A,Platinum,31272
21393,Male,Rural,Bachelor,More than 10L,0,5,0,More than 1,B,Platinum,61848
69826,Female,Rural,Others,5L-10L,1,7,5060,More than 1,A,Platinum,63768
47315,Female,Urban,High School,2L-5L,0,4,3179,1,B,Silver,33048
10397,Female,Rural,High School,2L-5L,1,6,0,More than 1,A,Platinum,95028
88846,Female,Urban,Bachelor,More than 10L,1,5,6385,More than 1,A,Gold,104460
62995,Male,Urban,High School,5L-10L,1,0,6328,1,A,Silver,34164
58808,Male,Urban,High School,5L-10L,1,6,3841,More than 1,A,Gold,96720
74711,Male,Urban,High School,More than 10L,1,7,0,1,B,Platinum,31800
12874,Female,Rural,High School,More than 10L,1,8,2626,More than 1,A,Platinum,71184
43563,Male,Urban,Bachelor,5L-10L,1,8,4219,1,B,Silver,47004
32471,Male,Urban,Bachelor,2L-5L,1,6,0,1,C,Platinum,32940
82524,Male,Rural,Bachelor,More than 10L,0,1,2410,1,B,Silver,60228
53712,Female,Urban,High School,2L-5L,0,5,6695,1,A,Platinum,62424
9117,Male,Urban,Others,2L-5L,0,4,5343,More than 1,B,Gold,100380
46896,Female,Rural,High School,5L-10L,0,4,2859,More than 1,A,Platinum,110316
29678,Male,Urban,High School,5L-10L,1,7,6482,1,C,Platinum,67836
83610,Male,Urban,High School,5L-10L,0,6,6996,1,A,Platinum,46752
64187,Male,Urban,High School,5L-10L,1,6,6035,More than 1,A,Platinum,112932
74524,Male,Urban,High School,5L-10L,1,4,4891,1,A,Platinum,36132
49974,Female,Urban,High School,5L-10L,0,3,5192,More than 1,A,Platinum,94404
70848,Male,Rural,Bachelor,More than 10L,1,1,0,1,A,Gold,33468
59849,Male,Urban,Bachelor,5L-10L,0,6,5796,1,B,Platinum,34368
27507,Female,Urban,Bachelor,2L-5L,0,5,6924,1,A,Gold,57348
70149,Female,Urban,High School,5L-10L,1,5,6700,1,A,Silver,45516
56271,Male,Urban,High School,5L-10L,0,7,15500,1,C,Platinum,64920
78926,Male,Rural,Bachelor,5L-10L,1,7,2251,1,C,Platinum,48576
6933,Male,Rural,High School,5L-10L,0,4,0,1,B,Platinum,38184
20133,Female,Rural,Bachelor,5L-10L,1,8,5937,More than 1,B,Platinum,74688
19499,Male,Rural,High School,5L-10L,1,4,2247,1,A,Gold,69048
25188,Female,Urban,High School,5L-10L,0,5,4064,More than 1,A,Platinum,96696
34435,Male,Urban,Bachelor,5L-10L,0,7,6406,1,B,Silver,55788
70765,Female,Urban,High School,More than 10L,1,8,3664,More than 1,A,Platinum,69948
76179,Female,Rural,Bachelor,More than 10L,0,4,0,1,A,Platinum,35016
41301,Female,Rural,Bachelor,5L-10L,1,4,3586,More than 1,B,Gold,69024
76100,Male,Rural,High School,5L-10L,0,5,0,1,A,Silver,47976
3224,Male,Rural,Bachelor,More than 10L,1,7,0,More than 1,B,Silver,75624
926,Male,Urban,High School,5L-10L,1,2,7671,More than 1,A,Gold,71592
19012,Male,Urban,Bachelor,5L-10L,0,7,6283,1,A,Gold,33684
27299,Female,Rural,Bachelor,2L-5L,1,6,0,1,B,Platinum,231480
46406,Female,Urban,Bachelor,2L-5L,1,8,0,More than 1,B,Platinum,71004
87955,Male,Urban,Bachelor,2L-5L,1,6,6865,More than 1,B,Platinum,102612
29681,Female,Rural,Bachelor,5L-10L,1,0,0,1,A,Platinum,36528
87758,Female,Urban,Bachelor,2L-5L,1,6,4205,More than 1,B,Platinum,70080
37783,Male,Urban,Bachelor,5L-10L,1,5,5938,1,A,Silver,35280
47605,Female,Rural,High School,More than 10L,0,8,2756,1,A,Silver,61512
21797,Male,Urban,High School,More than 10L,1,0,2827,1,A,Gold,35724
28132,Female,Urban,High School,More than 10L,0,3,4805,1,A,Gold,38544
25930,Male,Urban,Bachelor,2L-5L,1,7,5366,More than 1,B,Silver,74436
45300,Male,Urban,High School,2L-5L,1,4,4692,1,A,Platinum,32244
373,Female,Urban,High School,5L-10L,1,6,3899,More than 1,A,Silver,65736
12407,Female,Urban,High School,More than 10L,0,3,0,More than 1,B,Platinum,67500
59488,Male,Urban,Bachelor,2L-5L,0,2,16784,1,A,Platinum,67572
47342,Female,Urban,High School,2L-5L,1,8,9671,More than 1,A,Platinum,108408
6680,Male,Urban,Bachelor,5L-10L,0,6,5611,1,A,Platinum,35796
2513,Male,Urban,High School,5L-10L,1,0,3296,More than 1,A,Platinum,95004
47478,Male,Urban,Bachelor,5L-10L,1,7,2700,More than 1,B,Platinum,71604
1157,Male,Urban,High School,2L-5L,1,3,3586,More than 1,A,Platinum,85296
8237,Male,Rural,High School,5L-10L,0,4,2207,More than 1,A,Platinum,90828
40332,Male,Urban,High School,5L-10L,1,7,2112,1,C,Silver,33900
64986,Female,Urban,High School,5L-10L,0,5,7320,More than 1,B,Platinum,88824
64950,Male,Urban,Bachelor,2L-5L,0,5,2774,1,B,Platinum,48144
50668,Female,Rural,Bachelor,5L-10L,1,5,4638,More than 1,A,Silver,59400
68494,Male,Rural,High School,More than 10L,1,6,0,1,A,Silver,46620
78706,Female,Urban,High School,More than 10L,0,5,5159,More than 1,A,Platinum,98460
18726,Female,Rural,Bachelor,5L-10L,1,2,2196,More than 1,A,Platinum,108300
34739,Female,Rural,High School,5L-10L,1,6,2161,1,A,Platinum,34356
45125,Female,Urban,Bachelor,2L-5L,0,6,4887,More than 1,A,Silver,65604
25383,Male,Rural,Bachelor,More than 10L,1,3,2363,More than 1,A,Platinum,470928
30029,Male,Rural,High School,5L-10L,0,5,4361,1,B,Silver,56280
32826,Male,Rural,Bachelor,5L-10L,1,6,3895,More than 1,A,Gold,98808
62982,Female,Urban,High School,<=2L,0,7,5724,More than 1,A,Platinum,95664
44243,Female,Urban,Bachelor,5L-10L,1,4,4704,1,A,Platinum,34380
80001,Female,Rural,High School,More than 10L,1,2,2768,More than 1,A,Platinum,71376
80652,Male,Urban,High School,5L-10L,0,4,4425,1,A,Platinum,52632
30618,Female,Rural,High School,5L-10L,1,6,3648,1,A,Platinum,53592
79757,Male,Urban,High School,5L-10L,0,5,3856,1,C,Gold,50520
88082,Male,Urban,Bachelor,More than 10L,0,0,3169,1,A,Platinum,30468
28880,Male,Urban,Bachelor,5L-10L,1,0,5269,1,C,Platinum,32976
46944,Male,Rural,Bachelor,5L-10L,0,1,5985,More than 1,A,Platinum,64596
14212,Female,Urban,Bachelor,5L-10L,1,6,3908,1,A,Platinum,117420
73283,Male,Urban,Bachelor,More than 10L,1,1,6724,More than 1,A,Silver,106884
80711,Male,Rural,Others,More than 10L,1,6,5976,1,B,Silver,39492
32829,Female,Urban,Bachelor,5L-10L,0,2,4793,More than 1,A,Platinum,109272
64835,Male,Rural,Others,5L-10L,1,1,0,1,C,Platinum,33096
83922,Male,Urban,Others,5L-10L,0,7,5684,1,A,Silver,33456
2643,Male,Urban,High School,5L-10L,1,2,0,More than 1,A,Platinum,95076
5258,Female,Urban,High School,5L-10L,1,8,4324,More than 1,A,Gold,99072
89285,Male,Urban,Bachelor,2L-5L,1,7,5526,More than 1,A,Platinum,188868
79895,Male,Rural,Bachelor,More than 10L,1,8,2353,More than 1,B,Gold,72036
88171,Female,Urban,High School,5L-10L,1,4,4466,More than 1,A,Gold,105948
57970,Female,Urban,High School,5L-10L,0,5,4921,More than 1,B,Platinum,113076
43654,Female,Rural,Bachelor,5L-10L,1,5,0,1,B,Silver,60816
25396,Female,Rural,High School,5L-10L,0,7,2525,More than 1,B,Silver,75072
59113,Male,Urban,Bachelor,2L-5L,0,7,5367,More than 1,B,Silver,70212
3774,Female,Urban,High School,5L-10L,1,7,6552,1,A,Gold,36576
23847,Male,Rural,Bachelor,More than 10L,0,8,0,1,A,Platinum,49956
32663,Male,Rural,Bachelor,5L-10L,1,7,0,More than 1,B,Silver,66408
32690,Male,Urban,Bachelor,2L-5L,1,6,5582,1,C,Silver,32220
60940,Female,Urban,High School,2L-5L,0,7,2214,More than 1,B,Silver,66120
3443,Male,Urban,High School,5L-10L,1,4,7141,1,C,Platinum,60828
19504,Male,Rural,Bachelor,2L-5L,0,7,2573,1,B,Gold,52584
57120,Male,Urban,Bachelor,5L-10L,0,4,4193,More than 1,A,Platinum,114744
52155,Male,Urban,High School,5L-10L,1,6,0,1,A,Silver,33708
88716,Male,Urban,Bachelor,5L-10L,1,3,4903,More than 1,A,Gold,94656
74602,Male,Rural,Bachelor,5L-10L,1,7,2542,More than 1,B,Gold,70236
18690,Male,Urban,High School,5L-10L,1,5,2165,1,A,Silver,36636
22489,Male,Urban,Bachelor,5L-10L,0,7,0,More than 1,B,Platinum,29712
3332,Female,Urban,High School,5L-10L,1,0,5719,More than 1,A,Gold,99000
12384,Male,Urban,Bachelor,2L-5L,1,2,6370,1,A,Platinum,34992
11716,Female,Urban,Bachelor,5L-10L,0,6,7680,1,A,Platinum,32904
43850,Female,Rural,High School,5L-10L,1,5,0,1,C,Platinum,36288
33995,Male,Rural,Bachelor,More than 10L,1,7,2002,More than 1,A,Platinum,64020
68190,Female,Rural,Bachelor,5L-10L,1,1,2291,1,B,Silver,34680
39831,Male,Urban,High School,2L-5L,1,6,0,1,A,Gold,38892
42323,Male,Urban,Bachelor,5L-10L,1,3,4100,1,B,Silver,50448
4244,Male,Urban,High School,2L-5L,1,1,7373,More than 1,A,Gold,69636
18750,Female,Urban,High School,2L-5L,1,3,5491,More than 1,A,Gold,107196
26781,Female,Urban,High School,More than 10L,0,3,4692,1,A,Gold,37176
26572,Male,Urban,Bachelor,5L-10L,0,6,8817,More than 1,A,Platinum,114360
24658,Male,Rural,High School,5L-10L,1,5,0,More than 1,B,Platinum,80688
67810,Male,Rural,High School,More than 10L,1,7,2056,More than 1,B,Platinum,71268
33221,Female,Urban,High School,2L-5L,1,2,2570,More than 1,A,Silver,90720
30114,Male,Urban,Bachelor,More than 10L,1,5,4209,1,A,Platinum,53652
40178,Male,Urban,Bachelor,5L-10L,1,3,4325,1,B,Silver,32028
30023,Female,Urban,High School,5L-10L,1,3,6477,1,A,Platinum,49932
36587,Male,Urban,High School,2L-5L,0,1,4103,More than 1,A,Platinum,311124
20966,Female,Urban,High School,5L-10L,1,1,0,More than 1,B,Silver,66732
87856,Male,Rural,Others,5L-10L,0,4,2796,More than 1,B,Silver,73272
83905,Female,Rural,High School,5L-10L,1,5,2321,More than 1,A,Platinum,84348
80511,Male,Urban,Others,5L-10L,1,7,4418,1,B,Silver,59028
79375,Male,Urban,Bachelor,5L-10L,1,2,2592,More than 1,A,Platinum,68448
88984,Male,Rural,Bachelor,More than 10L,1,7,0,1,A,Silver,45192
7031,Male,Urban,Bachelor,5L-10L,0,3,0,More than 1,A,Platinum,100044
41160,Female,Urban,Bachelor,5L-10L,0,8,5678,1,A,Gold,47796
47375,Male,Urban,Bachelor,More than 10L,0,6,0,1,B,Platinum,34368
69903,Female,Urban,High School,5L-10L,0,6,6892,More than 1,A,Platinum,63012
40760,Male,Urban,High School,5L-10L,1,3,2895,More than 1,B,Silver,68616
40931,Female,Urban,High School,5L-10L,1,6,9898,More than 1,C,Silver,54612
35939,Male,Urban,High School,5L-10L,1,5,5628,More than 1,A,Platinum,118152
48793,Male,Urban,High School,5L-10L,1,5,5061,1,A,Platinum,33252
86985,Female,Urban,High School,5L-10L,1,5,11691,More than 1,A,Gold,107220
13687,Female,Urban,Bachelor,2L-5L,0,6,5100,More than 1,A,Platinum,91032
67201,Female,Urban,High School,5L-10L,1,2,6865,More than 1,A,Silver,65676
40356,Male,Urban,High School,5L-10L,1,2,5890,More than 1,A,Platinum,104304
29631,Female,Rural,High School,5L-10L,1,1,2455,More than 1,C,Gold,111492
39442,Female,Urban,High School,5L-10L,0,1,4038,1,B,Platinum,51924
49113,Male,Urban,High School,5L-10L,0,1,5770,1,C,Platinum,34236
72440,Male,Urban,High School,<=2L,1,3,6853,1,A,Platinum,55116
51126,Female,Rural,Bachelor,More than 10L,1,7,2554,More than 1,B,Platinum,57984
8877,Male,Rural,Bachelor,More than 10L,1,8,3272,More than 1,A,Platinum,69144
60202,Male,Urban,Bachelor,2L-5L,1,5,5658,More than 1,A,Silver,92316
42345,Female,Urban,High School,More than 10L,1,6,6423,1,A,Gold,48456
38271,Female,Rural,High School,2L-5L,0,3,3614,More than 1,A,Platinum,62856
43851,Male,Urban,High School,5L-10L,1,5,3859,1,A,Platinum,33636
32273,Male,Rural,High School,5L-10L,0,2,5355,1,A,Platinum,36480
61458,Male,Urban,Bachelor,More than 10L,1,5,6726,More than 1,A,Platinum,106956
30404,Male,Urban,Bachelor,2L-5L,1,8,19186,More than 1,A,Platinum,131220
7200,Female,Rural,Bachelor,More than 10L,0,8,6072,More than 1,B,Gold,66120
71806,Male,Urban,High School,5L-10L,0,5,4781,1,A,Gold,33204
16044,Male,Rural,High School,More than 10L,1,4,2462,More than 1,C,Platinum,63972
39634,Male,Urban,Bachelor,5L-10L,1,2,15183,More than 1,B,Silver,142080
38769,Male,Rural,Bachelor,5L-10L,1,5,2438,1,C,Silver,52392
42384,Female,Urban,Bachelor,5L-10L,1,8,8672,More than 1,A,Platinum,104640
83505,Male,Urban,Bachelor,5L-10L,1,4,6088,More than 1,A,Platinum,96336
10361,Female,Urban,High School,5L-10L,0,1,0,1,A,Silver,36372
68843,Male,Urban,High School,5L-10L,0,5,4394,More than 1,A,Silver,62364
77952,Female,Urban,Bachelor,2L-5L,1,8,0,More than 1,B,Platinum,68808
62117,Female,Rural,High School,5L-10L,1,6,4056,1,C,Platinum,65592
41241,Female,Urban,High School,More than 10L,1,2,4806,1,A,Gold,48456
87881,Female,Urban,Bachelor,5L-10L,1,8,0,More than 1,B,Platinum,68064
11525,Male,Urban,Bachelor,2L-5L,1,6,5701,More than 1,B,Platinum,94932
54980,Male,Urban,High School,More than 10L,0,7,0,1,B,Platinum,62556
27677,Female,Urban,Bachelor,5L-10L,1,0,4077,1,A,Platinum,53808
83585,Male,Rural,High School,5L-10L,1,4,0,1,A,Silver,37044
65988,Male,Urban,High School,5L-10L,1,7,2225,More than 1,B,Platinum,68148
54030,Female,Urban,High School,2L-5L,1,4,7833,1,A,Silver,44544
86933,Female,Urban,Bachelor,5L-10L,1,5,5739,More than 1,A,Gold,116568
11772,Male,Urban,High School,5L-10L,1,4,9491,More than 1,A,Platinum,112020
15096,Female,Urban,High School,5L-10L,1,3,6303,More than 1,A,Gold,91296
56732,Male,Urban,High School,5L-10L,1,6,5713,1,A,Gold,34188
48158,Male,Rural,Others,More than 10L,1,3,0,1,B,Platinum,29496
36302,Female,Urban,Bachelor,5L-10L,1,6,10337,1,A,Platinum,34980
8963,Male,Urban,Bachelor,5L-10L,1,8,2655,More than 1,B,Platinum,61452
23529,Female,Rural,High School,5L-10L,1,7,0,More than 1,A,Silver,71016
69422,Female,Urban,High School,5L-10L,1,1,2320,1,C,Silver,33444
51678,Male,Urban,Bachelor,More than 10L,1,0,2442,1,A,Platinum,33684
36632,Male,Rural,Bachelor,5L-10L,1,7,0,More than 1,A,Platinum,67776
62662,Female,Rural,Others,5L-10L,1,0,0,1,A,Platinum,44940
62216,Female,Urban,Bachelor,2L-5L,0,2,4728,More than 1,A,Platinum,105360
37603,Female,Urban,High School,2L-5L,0,6,6990,More than 1,B,Platinum,60672
67544,Male,Urban,High School,2L-5L,0,4,6169,1,A,Platinum,33204
12178,Male,Urban,Bachelor,5L-10L,0,2,8038,1,A,Platinum,64512
83805,Female,Rural,High School,More than 10L,0,4,5391,More than 1,A,Platinum,67572
77081,Female,Urban,High School,2L-5L,1,7,0,More than 1,A,Gold,83076
7831,Female,Urban,Bachelor,5L-10L,0,6,0,More than 1,A,Gold,399108
52047,Female,Urban,High School,5L-10L,0,6,2073,1,A,Platinum,60012
34410,Female,Urban,Bachelor,More than 10L,1,4,3445,More than 1,B,Platinum,69228
44098,Male,Urban,High School,5L-10L,1,1,6713,1,B,Platinum,49140
20876,Male,Urban,Bachelor,5L-10L,1,6,4025,1,B,Gold,56796
20187,Female,Urban,High School,5L-10L,0,5,11226,1,A,Platinum,43944
21405,Female,Urban,High School,More than 10L,1,2,6359,More than 1,A,Gold,104412
33131,Male,Rural,High School,5L-10L,1,7,3937,1,A,Platinum,46236
73456,Female,Urban,High School,More than 10L,1,1,6293,1,A,Platinum,49020
86410,Female,Rural,Bachelor,More than 10L,1,1,0,1,B,Platinum,35964
21371,Male,Urban,High School,2L-5L,1,4,3490,More than 1,A,Silver,102516
61073,Female,Urban,High School,5L-10L,1,5,4608,1,A,Silver,31464
84487,Male,Urban,High School,5L-10L,0,5,7409,More than 1,A,Platinum,385188
66142,Female,Urban,High School,2L-5L,1,2,7979,1,A,Platinum,42348
46189,Female,Urban,High School,More than 10L,1,6,3916,More than 1,A,Gold,88248
45822,Male,Urban,High School,5L-10L,1,0,3164,More than 1,A,Gold,52044
53495,Female,Rural,Bachelor,5L-10L,1,0,2281,More than 1,A,Gold,65544
77062,Male,Urban,High School,5L-10L,1,7,16817,More than 1,B,Silver,99876
64131,Male,Rural,Others,5L-10L,1,7,0,1,B,Silver,35304
32072,Male,Urban,Bachelor,2L-5L,0,1,0,More than 1,B,Silver,91392
84756,Male,Urban,High School,5L-10L,1,7,4136,1,A,Gold,30924
35516,Male,Urban,Bachelor,5L-10L,1,7,3699,More than 1,A,Platinum,93024
26642,Female,Rural,Bachelor,More than 10L,0,7,0,More than 1,B,Silver,60336
64356,Male,Urban,Bachelor,5L-10L,1,7,6480,More than 1,C,Platinum,104712
68260,Male,Rural,High School,5L-10L,1,4,12033,More than 1,A,Platinum,104424
54226,Male,Rural,Bachelor,5L-10L,1,2,2837,More than 1,A,Platinum,68832
42047,Male,Urban,High School,2L-5L,1,4,10871,More than 1,B,Platinum,102612
12432,Female,Urban,Bachelor,5L-10L,0,2,5618,More than 1,A,Gold,105336
2965,Female,Rural,Bachelor,5L-10L,1,4,6547,1,A,Platinum,49668
59725,Female,Urban,High School,2L-5L,0,2,6206,More than 1,A,Gold,103176
78111,Male,Rural,High School,5L-10L,1,6,0,More than 1,B,Platinum,74532
43715,Female,Urban,High School,2L-5L,0,6,2825,1,A,Gold,46152
63555,Male,Urban,Others,2L-5L,0,8,5876,1,B,Platinum,32316
85624,Female,Rural,High School,2L-5L,1,8,2087,More than 1,B,Platinum,69984
1115,Male,Urban,High School,5L-10L,0,6,7002,1,A,Platinum,53004
80363,Male,Rural,Bachelor,5L-10L,1,6,2074,1,A,Gold,51048
43916,Male,Urban,Bachelor,5L-10L,1,6,7050,More than 1,A,Platinum,77328
50579,Female,Urban,Bachelor,5L-10L,1,7,5175,1,A,Silver,56784
41320,Female,Urban,Bachelor,2L-5L,1,1,2763,More than 1,B,Platinum,418212
85265,Male,Urban,High School,5L-10L,1,6,5951,More than 1,A,Platinum,54732
61147,Male,Rural,High School,5L-10L,0,8,0,More than 1,B,Silver,65016
83770,Female,Urban,High School,More than 10L,0,2,5987,More than 1,A,Platinum,100176
12852,Male,Urban,Bachelor,2L-5L,1,8,3990,More than 1,B,Platinum,72504
26855,Male,Urban,High School,More than 10L,0,5,7806,1,A,Silver,48780
38710,Male,Urban,High School,5L-10L,1,8,4096,More than 1,B,Platinum,71688
75262,Male,Urban,Others,5L-10L,0,4,5029,1,A,Silver,33420
80066,Female,Urban,Bachelor,2L-5L,1,4,0,1,A,Platinum,37380
48480,Female,Urban,Bachelor,More than 10L,0,2,5610,1,A,Silver,59484
7413,Female,Rural,Bachelor,More than 10L,1,1,0,More than 1,B,Platinum,325692
52876,Male,Urban,Bachelor,More than 10L,1,5,2732,1,C,Platinum,34644
85907,Male,Urban,High School,2L-5L,1,6,6951,More than 1,B,Platinum,88644
59646,Male,Urban,High School,5L-10L,0,1,9515,More than 1,A,Gold,340128
49475,Male,Rural,High School,5L-10L,1,7,2738,More than 1,A,Gold,111624
68129,Male,Urban,High School,5L-10L,1,1,3340,1,A,Platinum,64176
708,Female,Rural,Bachelor,5L-10L,1,5,0,More than 1,A,Gold,104508
25618,Male,Urban,Bachelor,5L-10L,0,7,6945,1,C,Platinum,32172
1556,Female,Urban,High School,2L-5L,1,7,5941,More than 1,A,Platinum,94512
35326,Male,Urban,High School,2L-5L,1,6,2126,1,B,Gold,29772
57485,Female,Rural,Bachelor,More than 10L,1,7,3419,More than 1,C,Gold,107904
28445,Female,Rural,High School,5L-10L,0,5,0,More than 1,B,Platinum,70044
74820,Male,Rural,High School,5L-10L,0,7,4885,1,C,Platinum,29868
77632,Male,Urban,Bachelor,2L-5L,0,4,3053,More than 1,B,Platinum,147168
7545,Male,Rural,Others,2L-5L,1,6,0,1,B,Silver,37368
38876,Female,Urban,High School,2L-5L,1,7,4709,1,A,Platinum,39096
36477,Male,Urban,High School,5L-10L,1,1,0,More than 1,C,Platinum,104808
85428,Male,Urban,High School,5L-10L,0,6,5158,More than 1,A,Gold,159024
38639,Female,Urban,Bachelor,5L-10L,0,7,5837,More than 1,A,Platinum,67908
33419,Male,Urban,High School,5L-10L,0,5,2682,More than 1,C,Platinum,103860
68214,Male,Urban,Bachelor,More than 10L,1,5,0,1,A,Silver,41184
16641,Male,Urban,Bachelor,More than 10L,0,5,4684,1,A,Platinum,34668
402,Female,Rural,Bachelor,More than 10L,0,8,0,1,A,Platinum,48300
72846,Female,Urban,Bachelor,5L-10L,1,8,6106,1,A,Platinum,57156
81524,Male,Urban,Bachelor,2L-5L,1,2,9034,More than 1,B,Platinum,63816
86533,Male,Urban,High School,5L-10L,0,8,6479,1,A,Platinum,61956
80352,Female,Urban,Bachelor,5L-10L,1,6,12069,More than 1,C,Silver,97824
84835,Male,Urban,High School,5L-10L,0,8,2778,1,B,Platinum,62364
65328,Male,Urban,Bachelor,5L-10L,1,8,3906,1,B,Silver,66636
46567,Male,Urban,High School,2L-5L,0,7,3662,More than 1,A,Platinum,115584
1923,Female,Urban,Bachelor,2L-5L,1,6,8884,More than 1,A,Platinum,261252
30136,Male,Urban,High School,5L-10L,1,4,4251,More than 1,A,Gold,93720
9613,Male,Rural,High School,5L-10L,1,7,0,More than 1,B,Platinum,66732
29362,Male,Urban,High School,5L-10L,0,2,6526,1,A,Platinum,33780
15174,Male,Urban,Bachelor,5L-10L,1,6,0,1,A,Platinum,35184
79534,Female,Urban,High School,2L-5L,1,6,5698,1,A,Platinum,44880
60607,Male,Urban,High School,5L-10L,1,6,0,1,A,Platinum,31548
26752,Female,Rural,Bachelor,2L-5L,0,0,0,More than 1,B,Platinum,174084
43022,Female,Urban,Bachelor,5L-10L,1,4,6092,1,A,Platinum,42060
32286,Male,Urban,High School,5L-10L,1,1,4798,More than 1,C,Gold,30852
40493,Female,Rural,High School,5L-10L,1,6,0,More than 1,C,Silver,62928
80558,Female,Urban,High School,5L-10L,1,2,4269,More than 1,A,Gold,60072
73660,Male,Urban,Bachelor,5L-10L,1,2,5688,More than 1,A,Platinum,89496
46613,Male,Urban,High School,5L-10L,1,6,5078,1,A,Platinum,34152
77372,Female,Rural,Bachelor,More than 10L,0,8,0,More than 1,A,Platinum,76020
30240,Male,Urban,Bachelor,5L-10L,0,1,10671,1,A,Platinum,31428
51904,Male,Rural,High School,5L-10L,0,6,4613,1,A,Platinum,31560
42112,Male,Urban,Bachelor,5L-10L,1,5,7001,1,B,Silver,56184
8500,Male,Urban,High School,2L-5L,0,7,11780,More than 1,A,Silver,179316
3384,Female,Rural,Bachelor,5L-10L,1,0,2880,1,A,Platinum,66744
76867,Male,Urban,High School,2L-5L,1,5,7317,1,C,Gold,61776
15707,Female,Urban,High School,5L-10L,1,3,6371,1,A,Gold,36528
3218,Female,Urban,High School,2L-5L,1,6,4457,More than 1,A,Platinum,123540
59695,Female,Rural,Bachelor,5L-10L,1,6,2253,1,A,Gold,52632
2209,Female,Urban,Bachelor,5L-10L,0,7,5339,1,A,Gold,49608
88886,Female,Urban,Bachelor,More than 10L,0,5,4404,1,A,Gold,33804
12307,Male,Urban,High School,More than 10L,1,5,2688,More than 1,A,Platinum,62904
78325,Female,Rural,Bachelor,5L-10L,1,0,2795,1,B,Silver,52452
63087,Male,Rural,High School,5L-10L,0,6,0,More than 1,B,Platinum,66096
11899,Male,Urban,Bachelor,5L-10L,1,6,0,1,B,Silver,35076
65635,Female,Urban,High School,5L-10L,1,4,6408,More than 1,A,Platinum,92268
88334,Male,Urban,High School,2L-5L,0,6,5530,1,A,Gold,33984
27522,Male,Urban,High School,5L-10L,1,6,6800,More than 1,A,Silver,108972
73708,Male,Rural,Bachelor,5L-10L,0,6,2581,More than 1,A,Platinum,35832
23930,Female,Rural,High School,More than 10L,1,6,0,More than 1,A,Silver,102372
51634,Female,Urban,High School,More than 10L,0,6,5883,1,A,Silver,47472
35695,Male,Urban,Bachelor,5L-10L,0,3,3779,1,A,Silver,52020
55015,Male,Urban,Bachelor,5L-10L,1,1,2456,1,A,Platinum,47340
54313,Female,Urban,High School,5L-10L,1,2,0,1,A,Silver,62940
83780,Female,Urban,Others,<=2L,0,5,6952,More than 1,B,Silver,62580
17078,Male,Urban,Bachelor,5L-10L,0,6,4931,More than 1,C,Silver,177252
87868,Female,Urban,Bachelor,2L-5L,0,6,16131,More than 1,B,Gold,68304
56598,Male,Urban,High School,5L-10L,1,6,5235,1,B,Gold,41676
53272,Male,Urban,High School,2L-5L,1,8,3801,More than 1,A,Platinum,92784
62981,Female,Urban,High School,5L-10L,0,2,9242,More than 1,A,Silver,184608
3640,Male,Rural,High School,5L-10L,1,6,2120,1,A,Platinum,47280
76650,Female,Rural,Bachelor,2L-5L,0,7,7648,More than 1,A,Platinum,172896
20636,Female,Urban,Bachelor,2L-5L,0,3,6461,1,A,Silver,66528
25857,Male,Rural,Bachelor,5L-10L,0,4,0,1,B,Silver,50892
48667,Male,Urban,Bachelor,2L-5L,0,7,3780,1,C,Silver,42096
70064,Male,Urban,Bachelor,2L-5L,0,5,6502,More than 1,A,Gold,110868
62202,Female,Urban,High School,5L-10L,0,8,7602,More than 1,A,Platinum,99876
67925,Female,Urban,High School,5L-10L,1,3,16478,1,A,Platinum,63588
89278,Male,Rural,High School,More than 10L,0,3,17299,More than 1,A,Platinum,153972
23890,Female,Urban,High School,5L-10L,0,5,3914,More than 1,B,Silver,74400
297,Female,Urban,Bachelor,5L-10L,0,3,10974,More than 1,A,Platinum,102084
10649,Female,Rural,High School,5L-10L,0,2,6427,More than 1,A,Gold,96012
71461,Female,Rural,Bachelor,5L-10L,1,0,2223,1,A,Platinum,52860
26511,Male,Urban,High School,2L-5L,0,7,17967,More than 1,B,Silver,107268
87309,Male,Urban,High School,5L-10L,1,7,2136,1,A,Platinum,36852
3152,Male,Urban,High School,More than 10L,0,1,7112,More than 1,A,Platinum,91692
44731,Male,Urban,High School,2L-5L,1,5,5940,More than 1,A,Platinum,113976
79684,Male,Urban,High School,2L-5L,1,6,8287,More than 1,A,Platinum,254796
35555,Female,Urban,Bachelor,2L-5L,1,2,5321,1,C,Platinum,29508
12741,Male,Urban,High School,2L-5L,0,2,7212,1,B,Platinum,59208
49200,Male,Rural,Bachelor,5L-10L,1,0,0,More than 1,A,Platinum,67944
57445,Female,Urban,High School,5L-10L,0,1,6627,1,A,Platinum,49056
45119,Male,Urban,High School,2L-5L,1,8,5874,More than 1,A,Silver,107712
16495,Female,Urban,High School,5L-10L,1,2,0,1,C,Silver,66012
3685,Male,Rural,Bachelor,More than 10L,1,6,0,More than 1,B,Platinum,260028
18508,Male,Urban,High School,5L-10L,1,3,0,1,A,Platinum,49332
1757,Male,Urban,Bachelor,2L-5L,1,8,6127,1,A,Gold,60420
43546,Male,Rural,Bachelor,5L-10L,0,2,4350,More than 1,B,Silver,54468
54041,Male,Urban,Bachelor,More than 10L,1,0,2727,More than 1,B,Gold,68148
13097,Male,Rural,Bachelor,5L-10L,1,4,2694,1,B,Platinum,38364
57398,Male,Urban,High School,5L-10L,0,1,3707,More than 1,A,Gold,99936
77535,Male,Urban,High School,2L-5L,1,7,4862,1,B,Silver,35676
75083,Male,Urban,High School,More than 10L,1,8,3812,More than 1,A,Gold,102576
13320,Female,Urban,High School,2L-5L,1,5,4979,1,A,Silver,36492
34393,Male,Rural,High School,2L-5L,1,8,4237,1,B,Platinum,68868
75149,Female,Rural,High School,5L-10L,0,7,2321,1,B,Silver,40632
48087,Male,Rural,High School,More than 10L,0,0,4241,More than 1,B,Platinum,261456
60369,Male,Urban,Bachelor,More than 10L,1,6,6830,1,A,Gold,30528
87332,Female,Rural,Bachelor,More than 10L,0,7,0,More than 1,A,Platinum,102684
25388,Female,Urban,High School,5L-10L,0,5,3903,1,B,Platinum,43152
34658,Female,Rural,High School,More than 10L,0,5,0,More than 1,B,Gold,60804
7099,Female,Rural,Bachelor,5L-10L,0,7,0,More than 1,A,Platinum,72156
45316,Female,Urban,High School,More than 10L,1,3,3937,More than 1,A,Gold,73704
15669,Male,Rural,High School,5L-10L,0,5,5226,More than 1,B,Platinum,93060
74789,Male,Rural,High School,More than 10L,1,5,0,More than 1,C,Platinum,57852
76290,Female,Urban,High School,5L-10L,0,3,5965,More than 1,A,Platinum,101232
2502,Female,Urban,High School,5L-10L,1,5,9260,More than 1,A,Silver,107748
4904,Female,Rural,High School,More than 10L,1,0,0,More than 1,A,Silver,71760
77704,Female,Rural,Bachelor,5L-10L,1,0,0,1,C,Silver,37092
50256,Male,Rural,Bachelor,More than 10L,1,8,0,1,A,Gold,62784
79066,Female,Urban,Bachelor,More than 10L,0,3,5374,More than 1,A,Platinum,108144
58291,Male,Urban,High School,5L-10L,1,4,4248,More than 1,A,Gold,100356
44645,Male,Urban,Bachelor,More than 10L,0,7,5680,1,A,Platinum,35244
4284,Male,Urban,High School,5L-10L,0,4,2772,More than 1,B,Platinum,250344
64596,Male,Rural,Bachelor,2L-5L,1,8,0,More than 1,B,Silver,62604
47998,Male,Urban,High School,2L-5L,1,7,3960,More than 1,A,Gold,101472
12222,Female,Rural,Bachelor,5L-10L,0,8,3798,More than 1,A,Platinum,73188
87027,Male,Urban,Bachelor,More than 10L,1,7,2646,1,C,Silver,33936
18313,Male,Urban,High School,5L-10L,1,6,4876,1,A,Gold,36408
16449,Male,Rural,Bachelor,5L-10L,1,2,0,More than 1,A,Platinum,84288
48057,Female,Urban,High School,5L-10L,1,8,0,More than 1,A,Gold,67488
58508,Male,Urban,High School,5L-10L,1,0,8779,1,A,Platinum,287508
56301,Male,Rural,High School,More than 10L,1,7,2439,1,B,Platinum,44388
21706,Female,Urban,High School,5L-10L,1,4,5134,1,A,Silver,36648
11063,Male,Urban,Bachelor,2L-5L,1,3,5273,1,A,Platinum,34452
51686,Male,Rural,Bachelor,5L-10L,1,5,0,1,A,Gold,36156
39507,Male,Urban,High School,5L-10L,1,6,9884,More than 1,A,Platinum,102792
42969,Male,Urban,Bachelor,More than 10L,1,5,6115,1,A,Silver,38604
83057,Male,Rural,High School,More than 10L,0,0,0,More than 1,B,Gold,104928
76904,Male,Rural,Bachelor,5L-10L,0,7,0,More than 1,B,Platinum,74004
10478,Male,Urban,Bachelor,2L-5L,1,7,4193,More than 1,A,Silver,93144
67956,Male,Urban,High School,2L-5L,1,3,6441,1,A,Gold,42360
45159,Male,Urban,High School,2L-5L,0,1,4073,1,B,Silver,33732
11432,Male,Rural,Bachelor,More than 10L,1,0,0,1,A,Platinum,47640
68695,Male,Urban,High School,5L-10L,1,4,4187,1,A,Gold,31380
4428,Male,Rural,Bachelor,5L-10L,0,6,6061,More than 1,B,Silver,62556
57925,Male,Rural,Bachelor,5L-10L,0,5,9051,1,B,Silver,32724
55042,Male,Urban,Bachelor,5L-10L,1,6,6298,More than 1,B,Platinum,402432
12353,Female,Urban,Bachelor,2L-5L,0,6,5603,More than 1,B,Platinum,372228
32665,Male,Urban,Bachelor,2L-5L,0,4,6267,More than 1,B,Silver,102192
429,Male,Urban,Bachelor,5L-10L,1,6,0,1,A,Platinum,55080
51825,Female,Urban,Bachelor,2L-5L,1,7,3028,More than 1,B,Silver,77712
32848,Male,Rural,Bachelor,5L-10L,1,3,2079,More than 1,A,Gold,91404
26716,Female,Urban,High School,5L-10L,1,8,2756,More than 1,A,Platinum,59916
10846,Male,Urban,High School,More than 10L,1,6,5811,More than 1,A,Platinum,96648
9819,Male,Rural,High School,2L-5L,1,1,0,1,A,Platinum,31188
3154,Male,Urban,High School,5L-10L,1,1,4522,1,A,Silver,40044
4662,Male,Urban,Bachelor,More than 10L,1,2,6216,1,A,Platinum,32976
8119,Female,Urban,High School,5L-10L,1,4,3426,More than 1,B,Platinum,62700
27229,Male,Urban,High School,5L-10L,1,1,4090,1,A,Platinum,45180
51351,Female,Urban,Bachelor,5L-10L,0,4,0,1,A,Platinum,30552
38383,Male,Urban,Bachelor,2L-5L,1,1,6037,1,A,Silver,53388
40418,Female,Rural,Others,5L-10L,1,7,0,1,A,Silver,31308
70938,Female,Rural,High School,2L-5L,1,8,0,More than 1,B,Platinum,68796
66235,Female,Urban,Bachelor,More than 10L,0,0,0,1,A,Gold,34800
46033,Female,Rural,Bachelor,5L-10L,0,6,5288,1,A,Platinum,66288
47783,Male,Rural,High School,5L-10L,1,7,0,1,C,Gold,35220
76882,Female,Rural,Bachelor,2L-5L,0,2,2920,1,A,Gold,50724
389,Female,Rural,High School,More than 10L,1,6,0,More than 1,A,Platinum,66888
35047,Female,Urban,High School,<=2L,1,6,6493,1,A,Platinum,59184
18900,Female,Rural,Bachelor,5L-10L,1,3,0,1,B,Platinum,56856
50109,Male,Urban,Others,2L-5L,1,5,3413,More than 1,B,Gold,48408
15288,Male,Urban,High School,5L-10L,0,8,3558,1,B,Silver,40956
30916,Male,Rural,Bachelor,5L-10L,1,2,5323,1,A,Platinum,39096
15739,Female,Urban,Bachelor,5L-10L,0,5,6345,More than 1,A,Platinum,101796
20164,Male,Urban,High School,5L-10L,1,8,0,More than 1,B,Platinum,64020
44283,Female,Rural,High School,2L-5L,0,8,3082,More than 1,B,Silver,66660
76539,Male,Rural,Bachelor,More than 10L,0,7,0,More than 1,B,Platinum,59460
5854,Male,Urban,High School,More than 10L,0,6,3744,More than 1,A,Silver,91116
84527,Male,Urban,High School,5L-10L,1,8,4110,More than 1,A,Platinum,94680
19557,Male,Rural,Bachelor,5L-10L,1,6,0,More than 1,B,Platinum,69480
60786,Male,Rural,High School,5L-10L,1,0,0,More than 1,A,Platinum,72384
52434,Female,Rural,High School,5L-10L,0,6,6217,More than 1,A,Gold,105300
39114,Male,Urban,High School,5L-10L,1,7,3821,1,B,Silver,41556
22425,Male,Rural,High School,5L-10L,1,4,3020,More than 1,A,Gold,66840
17220,Female,Rural,Bachelor,5L-10L,0,4,0,More than 1,A,Silver,101592
77016,Female,Urban,Bachelor,5L-10L,1,6,2623,More than 1,A,Platinum,63792
48767,Male,Urban,Others,More than 10L,0,6,2430,More than 1,B,Silver,72888
62356,Female,Urban,Bachelor,More than 10L,0,7,10850,More than 1,A,Silver,99288
89246,Male,Urban,Bachelor,More than 10L,0,8,3923,More than 1,A,Gold,93564
42583,Male,Urban,High School,5L-10L,1,6,8910,1,A,Gold,48876
30790,Male,Rural,Bachelor,More than 10L,0,2,12067,1,B,Platinum,45708
31733,Male,Urban,Bachelor,5L-10L,1,6,4288,More than 1,B,Silver,75168
85446,Female,Rural,High School,5L-10L,1,2,2218,1,A,Silver,48912
48267,Male,Rural,Others,5L-10L,0,5,0,More than 1,C,Gold,64812
17274,Female,Rural,High School,5L-10L,0,1,2095,1,B,Platinum,32928
67438,Female,Rural,Bachelor,5L-10L,0,8,0,More than 1,B,Gold,70968
74030,Male,Urban,High School,5L-10L,0,7,4115,1,C,Silver,53028
1302,Female,Urban,High School,2L-5L,1,7,5945,1,A,Platinum,66804
27082,Female,Urban,High School,5L-10L,0,6,8098,1,A,Platinum,50856
69214,Male,Urban,Bachelor,5L-10L,1,1,2161,1,B,Platinum,48792
58991,Male,Urban,High School,5L-10L,1,4,8322,More than 1,A,Platinum,523644
60521,Male,Urban,Bachelor,5L-10L,1,2,5953,More than 1,A,Silver,59304
14725,Male,Rural,Bachelor,More than 10L,0,8,0,1,B,Platinum,33588
11177,Female,Rural,High School,5L-10L,1,7,2243,More than 1,B,Platinum,67092
78089,Female,Urban,High School,2L-5L,0,2,4123,1,A,Gold,53712
83028,Female,Rural,High School,5L-10L,1,0,2803,More than 1,A,Silver,98520
54810,Male,Urban,High School,2L-5L,1,2,5485,1,C,Silver,35820
26583,Male,Urban,High School,More than 10L,1,2,2778,1,A,Platinum,36132
36011,Male,Urban,High School,2L-5L,0,6,5590,More than 1,A,Platinum,100500
17623,Male,Urban,Bachelor,5L-10L,1,5,0,More than 1,A,Gold,101748
77865,Female,Urban,High School,2L-5L,1,1,5557,1,A,Gold,33816
84725,Male,Rural,High School,5L-10L,1,1,2023,1,A,Silver,38076
22571,Female,Urban,Bachelor,2L-5L,1,3,10039,More than 1,A,Gold,106044
2378,Female,Rural,High School,5L-10L,1,6,2017,1,A,Gold,37128
4763,Female,Rural,High School,5L-10L,0,0,8477,1,A,Platinum,31212
44892,Female,Urban,High School,2L-5L,0,6,5192,1,A,Silver,33900
74214,Female,Urban,High School,2L-5L,0,0,4425,1,A,Silver,53280
5403,Female,Rural,High School,More than 10L,1,6,0,More than 1,A,Platinum,65964
77843,Female,Rural,Bachelor,5L-10L,1,6,5158,1,B,Silver,29520
36776,Male,Rural,Bachelor,2L-5L,0,6,2191,1,B,Platinum,46824
81485,Female,Urban,Bachelor,5L-10L,0,4,10456,1,A,Platinum,53292
89259,Female,Urban,High School,5L-10L,1,7,4347,More than 1,A,Platinum,85452
15354,Male,Urban,High School,More than 10L,1,6,2862,1,A,Gold,65208
21521,Male,Urban,High School,5L-10L,0,7,2431,1,A,Gold,33072
79931,Male,Urban,Bachelor,5L-10L,0,6,2054,1,A,Gold,37944
9192,Male,Urban,High School,2L-5L,1,2,5000,1,A,Gold,32436
61016,Female,Urban,High School,5L-10L,0,2,2592,1,A,Platinum,31560
39212,Male,Rural,Bachelor,More than 10L,0,5,0,More than 1,B,Platinum,60156
7004,Male,Urban,High School,More than 10L,1,5,2068,1,C,Gold,35424
8764,Male,Urban,High School,5L-10L,0,2,4279,1,C,Platinum,40080
82757,Female,Urban,High School,5L-10L,1,8,3384,More than 1,A,Silver,36324
55567,Female,Urban,Bachelor,2L-5L,0,4,4499,More than 1,A,Platinum,153756
73762,Male,Rural,Bachelor,2L-5L,0,7,0,1,A,Platinum,47928
45028,Male,Urban,High School,2L-5L,0,3,6115,More than 1,A,Gold,60384
71390,Female,Urban,High School,More than 10L,0,5,6128,More than 1,A,Silver,100236
46314,Female,Rural,Bachelor,5L-10L,1,7,0,1,B,Silver,43128
79171,Female,Urban,High School,More than 10L,1,2,0,More than 1,A,Platinum,68808
48752,Female,Rural,Bachelor,5L-10L,1,1,0,1,C,Platinum,54396
6196,Male,Urban,High School,5L-10L,0,1,10461,More than 1,A,Platinum,117324
25568,Female,Rural,Bachelor,5L-10L,1,7,6324,More than 1,B,Gold,74268
80199,Male,Rural,High School,More than 10L,0,5,0,1,A,Silver,35196
15824,Male,Urban,High School,5L-10L,1,6,5441,1,C,Silver,30696
65256,Male,Urban,Bachelor,More than 10L,1,5,0,More than 1,B,Silver,72408
38239,Female,Rural,Bachelor,5L-10L,1,1,2547,1,C,Gold,45624
61884,Male,Urban,Bachelor,2L-5L,1,6,6660,More than 1,A,Platinum,134796
40478,Female,Rural,Bachelor,5L-10L,1,6,2813,1,B,Gold,46392
9828,Female,Rural,High School,More than 10L,1,6,6536,1,C,Platinum,40908
78426,Male,Rural,High School,5L-10L,0,7,0,1,A,Platinum,51720
45850,Female,Urban,Bachelor,5L-10L,1,7,13451,More than 1,A,Platinum,421344
24447,Female,Urban,High School,More than 10L,1,4,2365,More than 1,B,Platinum,72876
5728,Female,Rural,High School,5L-10L,1,3,0,More than 1,B,Platinum,74976
3186,Female,Urban,Bachelor,2L-5L,0,7,5049,More than 1,C,Platinum,91044
74005,Female,Urban,Others,5L-10L,0,1,5428,1,A,Platinum,33432
83192,Male,Urban,High School,5L-10L,0,5,15664,More than 1,A,Silver,396024
44042,Male,Urban,High School,2L-5L,0,5,5792,1,B,Gold,32616
63239,Female,Rural,Bachelor,5L-10L,1,2,2080,1,A,Silver,65844
14190,Female,Rural,High School,5L-10L,0,1,6438,More than 1,A,Gold,93312
46096,Male,Urban,Bachelor,2L-5L,1,7,4300,More than 1,A,Platinum,102696
59837,Female,Urban,High School,2L-5L,1,0,8576,More than 1,A,Silver,67092
48074,Female,Urban,High School,2L-5L,0,4,8818,More than 1,A,Silver,354372
28499,Male,Rural,High School,5L-10L,0,5,2324,More than 1,A,Platinum,57564
5007,Female,Urban,High School,2L-5L,1,7,6585,1,A,Silver,30900
8088,Male,Urban,High School,More than 10L,1,4,4138,1,A,Platinum,44604
3847,Female,Urban,Bachelor,5L-10L,1,7,0,More than 1,A,Gold,96420
48996,Male,Urban,Bachelor,5L-10L,1,1,4719,1,A,Silver,29964
57955,Male,Rural,High School,More than 10L,1,6,0,More than 1,A,Gold,106368
81050,Male,Urban,Bachelor,5L-10L,1,2,4142,1,A,Platinum,62280
13846,Female,Urban,High School,5L-10L,0,8,5784,1,A,Platinum,54384
88340,Male,Rural,Bachelor,5L-10L,1,1,5563,More than 1,B,Silver,118416
1116,Female,Urban,Bachelor,<=2L,1,1,5724,More than 1,A,Platinum,96504
36149,Male,Urban,Bachelor,2L-5L,1,4,5793,More than 1,B,Platinum,89112
15853,Male,Urban,Bachelor,5L-10L,1,1,0,1,B,Gold,33336
64242,Female,Urban,Bachelor,5L-10L,0,6,8485,1,A,Platinum,236076
11269,Female,Urban,High School,More than 10L,0,3,3691,More than 1,B,Platinum,339144
75556,Male,Urban,High School,5L-10L,0,3,8643,More than 1,B,Platinum,110688
13308,Male,Urban,High School,2L-5L,0,1,3638,1,A,Silver,39372
16882,Male,Urban,High School,5L-10L,0,7,5440,1,A,Platinum,48540
73010,Male,Rural,Bachelor,5L-10L,0,6,0,1,A,Platinum,56868
48026,Male,Urban,Bachelor,2L-5L,0,7,10925,1,B,Gold,46872
7126,Male,Urban,Bachelor,5L-10L,1,5,0,1,A,Gold,34692
18241,Female,Urban,High School,2L-5L,1,6,3911,1,A,Platinum,64512
61474,Female,Urban,Bachelor,5L-10L,0,1,4842,1,B,Silver,34344
33659,Female,Urban,High School,2L-5L,0,5,4245,More than 1,C,Platinum,106104
45153,Male,Urban,Bachelor,2L-5L,1,8,8674,More than 1,B,Gold,93060
53069,Male,Rural,Bachelor,More than 10L,1,6,0,1,B,Silver,35280
45952,Female,Urban,High School,5L-10L,1,6,4836,More than 1,A,Platinum,74088
33304,Female,Rural,High School,5L-10L,1,1,2092,More than 1,A,Silver,64308
65672,Female,Urban,High School,5L-10L,1,7,3704,1,A,Gold,59868
22058,Female,Rural,Bachelor,5L-10L,0,7,11161,More than 1,A,Platinum,60516
34909,Male,Rural,Bachelor,5L-10L,1,8,3225,1,A,Platinum,57156
39740,Male,Urban,High School,5L-10L,0,1,3164,More than 1,A,Platinum,211608
37667,Male,Urban,High School,5L-10L,0,6,0,More than 1,A,Silver,94968
2391,Female,Rural,High School,More than 10L,0,0,5169,More than 1,B,Platinum,81972
263,Female,Urban,High School,5L-10L,1,5,8365,1,A,Silver,76080
75570,Male,Urban,Bachelor,5L-10L,0,3,4058,More than 1,A,Platinum,103176
76917,Female,Urban,High School,2L-5L,1,0,4158,More than 1,B,Platinum,62208
5553,Male,Rural,Bachelor,More than 10L,1,7,0,1,B,Platinum,33048
88722,Male,Urban,Bachelor,5L-10L,0,5,2526,More than 1,B,Platinum,58044
79627,Female,Urban,Bachelor,5L-10L,0,2,2102,More than 1,A,Gold,534528
41071,Male,Urban,High School,2L-5L,1,6,5602,1,C,Platinum,50784
21835,Female,Rural,Others,More than 10L,0,7,0,1,B,Platinum,38520
41900,Female,Urban,Bachelor,2L-5L,1,6,5824,1,A,Platinum,34500
19320,Male,Rural,Bachelor,5L-10L,1,7,8308,More than 1,A,Silver,94608
18396,Female,Urban,High School,5L-10L,0,7,6109,More than 1,B,Silver,76668
17803,Female,Rural,Bachelor,2L-5L,1,3,0,More than 1,A,Silver,73116
44062,Male,Urban,Bachelor,5L-10L,0,4,3893,More than 1,A,Gold,110364
37259,Female,Urban,High School,5L-10L,0,7,4121,More than 1,A,Gold,60360
16740,Male,Urban,Bachelor,5L-10L,0,1,6535,1,C,Silver,62148
10527,Female,Rural,High School,2L-5L,1,4,0,More than 1,B,Silver,111576
68227,Male,Rural,Others,5L-10L,1,2,2617,More than 1,A,Platinum,72216
34111,Male,Rural,Bachelor,5L-10L,1,7,3672,1,A,Platinum,57516
877,Male,Urban,Others,5L-10L,1,4,0,1,C,Gold,40548
9236,Male,Urban,Bachelor,5L-10L,0,0,0,1,A,Platinum,56484
44822,Male,Rural,High School,More than 10L,0,5,0,More than 1,B,Platinum,71904
52706,Male,Rural,Bachelor,5L-10L,0,4,2406,1,A,Gold,32856
19397,Female,Urban,Bachelor,5L-10L,0,5,3661,More than 1,A,Platinum,70452
51124,Female,Urban,High School,2L-5L,1,4,3978,More than 1,A,Silver,154320
41772,Female,Urban,Bachelor,2L-5L,0,4,5913,1,C,Platinum,43776
16305,Male,Urban,High School,More than 10L,0,8,6271,More than 1,A,Platinum,104424
58709,Male,Rural,Bachelor,More than 10L,1,1,6590,More than 1,A,Gold,96612
49389,Female,Urban,High School,2L-5L,1,2,6440,More than 1,A,Silver,63216
54183,Male,Urban,High School,2L-5L,0,5,5636,1,A,Platinum,36072
49349,Female,Urban,High School,5L-10L,1,4,6587,1,A,Platinum,30960
2967,Male,Urban,High School,5L-10L,0,7,7336,1,A,Gold,54180
81736,Male,Rural,High School,More than 10L,1,7,4480,More than 1,A,Platinum,88140
20311,Female,Rural,High School,5L-10L,0,4,6533,More than 1,A,Silver,98772
83210,Male,Urban,Bachelor,2L-5L,1,3,0,1,A,Platinum,32808
75151,Male,Urban,Bachelor,2L-5L,1,2,6553,More than 1,A,Platinum,105816
31561,Female,Urban,Bachelor,5L-10L,1,2,3442,More than 1,A,Platinum,49044
60326,Male,Rural,High School,5L-10L,0,4,5449,1,B,Silver,44760
10044,Male,Urban,High School,5L-10L,1,2,5277,1,A,Gold,36792
37878,Male,Urban,High School,5L-10L,1,7,2416,More than 1,A,Platinum,89760
4311,Female,Rural,Bachelor,5L-10L,0,7,0,1,A,Silver,52884
33748,Female,Urban,Bachelor,5L-10L,1,6,5190,More than 1,B,Platinum,97452
14680,Female,Urban,High School,5L-10L,1,5,4511,1,C,Gold,62784
12219,Female,Urban,High School,2L-5L,0,5,5313,1,A,Gold,51804
82662,Female,Urban,Bachelor,5L-10L,1,7,3471,More than 1,B,Silver,64584
69562,Male,Rural,Bachelor,5L-10L,1,7,3165,More than 1,B,Silver,53556
15152,Male,Rural,Bachelor,More than 10L,1,7,3210,1,B,Platinum,44436
82796,Male,Rural,High School,5L-10L,1,2,0,More than 1,B,Silver,113592
60792,Male,Urban,Bachelor,5L-10L,1,1,7165,More than 1,A,Platinum,105960
74420,Male,Urban,Bachelor,More than 10L,0,0,5501,1,A,Gold,30936
52669,Female,Urban,Bachelor,5L-10L,0,6,6334,1,A,Platinum,58176
87997,Female,Rural,Others,2L-5L,0,7,0,1,A,Silver,57012
17223,Female,Urban,High School,More than 10L,1,4,6325,1,A,Platinum,33276
58873,Male,Urban,High School,5L-10L,0,5,4886,1,A,Silver,34500
70185,Male,Rural,High School,5L-10L,1,3,2222,More than 1,C,Silver,104448
7020,Female,Rural,Bachelor,5L-10L,1,0,0,More than 1,B,Gold,63408
16063,Female,Rural,High School,More than 10L,1,4,0,1,B,Gold,37248
29712,Female,Urban,Bachelor,5L-10L,0,8,4307,1,A,Silver,32340
49479,Female,Urban,Bachelor,More than 10L,0,2,3742,More than 1,A,Gold,249744
26387,Male,Urban,Bachelor,5L-10L,1,1,0,More than 1,A,Platinum,82716
40954,Male,Urban,Bachelor,More than 10L,1,1,6385,1,A,Gold,61956
35276,Female,Urban,Bachelor,2L-5L,0,6,5251,More than 1,C,Silver,155904
20318,Female,Urban,High School,5L-10L,0,2,5710,More than 1,A,Platinum,112560
12330,Male,Urban,High School,2L-5L,0,6,5909,More than 1,A,Silver,429480
70631,Male,Rural,Bachelor,2L-5L,1,8,6019,More than 1,A,Silver,252204
18386,Male,Urban,Bachelor,5L-10L,1,6,15552,More than 1,A,Silver,101028
74797,Male,Urban,Bachelor,5L-10L,0,3,11136,More than 1,A,Platinum,98460
70343,Female,Rural,Bachelor,5L-10L,1,0,3370,1,B,Platinum,62604
82967,Female,Urban,High School,5L-10L,1,7,2818,1,A,Gold,32244
43357,Male,Urban,Bachelor,5L-10L,0,3,4214,More than 1,A,Platinum,60900
60498,Female,Rural,Others,5L-10L,1,5,0,1,A,Platinum,46812
86447,Male,Rural,Bachelor,5L-10L,1,3,0,More than 1,B,Platinum,89748
28027,Female,Urban,High School,More than 10L,0,5,2959,More than 1,A,Platinum,93288
32211,Female,Urban,High School,5L-10L,0,7,2423,More than 1,A,Platinum,99180
32451,Female,Urban,High School,2L-5L,0,6,6088,More than 1,C,Silver,66744
53357,Male,Rural,High School,5L-10L,1,4,4002,More than 1,B,Platinum,70572
18524,Female,Rural,High School,5L-10L,1,7,3958,More than 1,A,Platinum,125040
55135,Female,Urban,High School,2L-5L,0,5,4802,More than 1,A,Platinum,126036
23378,Female,Rural,High School,5L-10L,1,5,4967,1,A,Gold,34812
50384,Female,Rural,Bachelor,2L-5L,1,2,0,More than 1,A,Platinum,108828
87382,Male,Urban,Bachelor,5L-10L,1,6,5744,1,A,Silver,35976
52803,Female,Urban,High School,5L-10L,0,6,10932,More than 1,A,Platinum,90720
82548,Male,Urban,High School,2L-5L,1,2,6632,1,A,Gold,46236
4522,Female,Urban,Bachelor,5L-10L,0,7,4276,1,A,Gold,32064
11641,Male,Urban,Bachelor,2L-5L,0,6,10630,More than 1,B,Silver,99240
64290,Male,Rural,High School,5L-10L,1,0,3066,More than 1,C,Platinum,72420
15090,Male,Rural,High School,2L-5L,1,2,4096,More than 1,A,Gold,62880
48814,Female,Rural,High School,5L-10L,1,2,0,More than 1,A,Silver,155520
70979,Male,Urban,Bachelor,5L-10L,1,5,5545,1,A,Gold,35664
74046,Male,Urban,High School,More than 10L,1,2,3640,1,A,Gold,47616
57731,Male,Urban,High School,5L-10L,1,2,4254,More than 1,A,Silver,99288
33847,Female,Urban,High School,5L-10L,1,0,0,1,C,Platinum,31308
50926,Male,Urban,Others,5L-10L,0,1,5122,1,C,Gold,31092
48534,Male,Urban,Bachelor,2L-5L,0,8,11412,1,A,Gold,28440
2480,Male,Urban,High School,5L-10L,0,4,6171,More than 1,C,Gold,118260
41576,Male,Rural,High School,More than 10L,1,1,0,1,A,Platinum,32688
87899,Male,Urban,Bachelor,2L-5L,0,2,0,More than 1,B,Platinum,109932
32611,Female,Urban,Bachelor,5L-10L,0,4,6148,More than 1,A,Platinum,103188
23484,Female,Rural,Bachelor,2L-5L,0,6,2943,1,B,Platinum,53796
47154,Female,Urban,Bachelor,5L-10L,0,8,4334,1,A,Platinum,101232
62100,Female,Urban,Others,5L-10L,0,0,0,1,A,Platinum,48396
13729,Male,Urban,Bachelor,5L-10L,1,5,4206,More than 1,B,Silver,103752
60675,Male,Rural,Others,2L-5L,1,6,0,1,A,Platinum,30264
56739,Male,Urban,High School,2L-5L,0,7,4207,1,B,Platinum,46956
42310,Male,Rural,Others,5L-10L,0,6,0,1,A,Silver,49704
8123,Male,Urban,High School,2L-5L,1,8,12899,More than 1,A,Platinum,96804
33885,Male,Urban,Bachelor,2L-5L,1,1,0,More than 1,B,Gold,65748
10368,Male,Rural,High School,5L-10L,0,0,0,1,B,Platinum,135444
21144,Male,Urban,High School,5L-10L,1,1,6335,More than 1,A,Gold,44208
38004,Female,Rural,Bachelor,5L-10L,1,8,0,More than 1,B,Gold,102588
25280,Female,Urban,Bachelor,2L-5L,0,2,6509,More than 1,B,Silver,94008
1422,Female,Urban,High School,5L-10L,1,1,2408,More than 1,A,Platinum,95112
45296,Male,Urban,Bachelor,5L-10L,1,5,7151,1,A,Silver,52464
56694,Male,Urban,High School,5L-10L,1,0,4382,More than 1,A,Platinum,472176
87556,Male,Rural,Bachelor,5L-10L,1,8,0,1,C,Gold,32256
60141,Female,Urban,High School,5L-10L,1,4,3721,More than 1,A,Gold,102600
10312,Male,Rural,Bachelor,5L-10L,0,6,0,1,A,Silver,52536
49672,Male,Urban,Bachelor,More than 10L,1,2,6061,1,B,Silver,30204
22998,Male,Urban,Bachelor,5L-10L,1,6,4200,More than 1,A,Platinum,95544
38663,Male,Urban,Bachelor,More than 10L,0,6,3199,More than 1,A,Platinum,100428
86126,Female,Urban,High School,2L-5L,1,3,4628,More than 1,A,Platinum,92568
44515,Female,Urban,High School,5L-10L,1,6,6056,More than 1,A,Platinum,115716
7901,Male,Urban,High School,More than 10L,1,1,3901,1,A,Silver,34560
21884,Female,Urban,Bachelor,5L-10L,1,6,0,1,C,Platinum,33348
41308,Female,Urban,Bachelor,2L-5L,1,5,5715,1,A,Platinum,63600
84202,Female,Rural,Others,More than 10L,0,3,2156,More than 1,A,Gold,89808
55398,Male,Rural,Bachelor,5L-10L,0,0,5951,More than 1,B,Gold,145752
52829,Male,Urban,Bachelor,5L-10L,1,7,5253,1,A,Gold,30864
70818,Female,Rural,Bachelor,5L-10L,1,4,0,1,A,Silver,45204
9271,Female,Urban,Bachelor,More than 10L,0,0,5136,More than 1,A,Platinum,61356
39105,Male,Urban,High School,More than 10L,0,6,3450,More than 1,A,Silver,95664
61988,Male,Urban,High School,5L-10L,1,4,4280,More than 1,A,Gold,98628
18411,Male,Urban,Bachelor,<=2L,1,7,4012,More than 1,A,Platinum,59064
67182,Female,Urban,High School,2L-5L,1,6,5805,1,A,Silver,33096
11635,Female,Urban,Bachelor,5L-10L,0,3,4632,1,A,Platinum,59376
12850,Male,Urban,Bachelor,5L-10L,1,5,6399,1,A,Platinum,63420
29349,Male,Urban,Bachelor,5L-10L,1,1,6233,1,A,Platinum,37284
23861,Male,Urban,High School,2L-5L,1,6,4197,More than 1,A,Platinum,59892
74829,Male,Urban,Bachelor,5L-10L,1,6,3832,1,A,Platinum,50076
61134,Male,Urban,Bachelor,More than 10L,1,1,5209,1,A,Platinum,48060
73608,Female,Urban,High School,5L-10L,0,6,10887,More than 1,A,Platinum,100824
87145,Male,Rural,Others,More than 10L,1,7,0,1,B,Silver,32304
1401,Female,Urban,High School,5L-10L,1,2,5888,More than 1,A,Gold,124152
15875,Male,Rural,High School,5L-10L,1,0,4959,More than 1,C,Gold,101388
48052,Female,Rural,High School,More than 10L,0,7,0,More than 1,B,Gold,66648
15106,Male,Rural,High School,5L-10L,1,7,0,More than 1,B,Platinum,68952
48742,Female,Rural,Bachelor,5L-10L,0,8,3136,More than 1,B,Platinum,59772
83864,Male,Urban,Bachelor,5L-10L,1,1,0,1,C,Silver,41880
62806,Female,Rural,High School,More than 10L,1,3,2367,More than 1,C,Platinum,68640
30198,Male,Urban,Bachelor,5L-10L,1,3,0,More than 1,A,Gold,68028
81652,Female,Urban,Bachelor,5L-10L,1,7,6830,1,A,Platinum,64236
69203,Female,Urban,Bachelor,5L-10L,1,6,3081,More than 1,A,Platinum,98304
42686,Female,Urban,High School,2L-5L,1,6,7497,More than 1,B,Silver,103932
86929,Male,Rural,High School,More than 10L,1,7,0,More than 1,A,Platinum,93000
57556,Female,Urban,Bachelor,5L-10L,0,7,15548,More than 1,C,Gold,117864
62449,Female,Urban,High School,2L-5L,1,3,11217,More than 1,B,Gold,104160
55890,Female,Rural,High School,5L-10L,1,6,0,More than 1,B,Gold,99096
52628,Male,Urban,Bachelor,5L-10L,0,8,0,More than 1,A,Silver,91440
69805,Male,Urban,Bachelor,5L-10L,1,7,3893,More than 1,B,Platinum,232716
34946,Female,Urban,High School,5L-10L,1,1,4846,More than 1,A,Platinum,92352
44328,Female,Urban,High School,5L-10L,0,4,11733,More than 1,A,Platinum,102156
23795,Male,Urban,Bachelor,5L-10L,1,4,2615,More than 1,A,Platinum,117516
20814,Male,Urban,Bachelor,More than 10L,0,3,2675,More than 1,A,Silver,109932
7794,Male,Rural,Others,5L-10L,1,5,2301,More than 1,A,Gold,94644
80309,Female,Urban,Bachelor,More than 10L,1,6,6736,1,B,Silver,49224
21883,Male,Urban,High School,5L-10L,0,7,6735,1,A,Silver,37680
14686,Male,Urban,High School,5L-10L,1,6,0,1,C,Gold,37920
56419,Female,Rural,Bachelor,5L-10L,0,6,2475,More than 1,B,Platinum,73812
10166,Male,Urban,Bachelor,5L-10L,1,6,0,More than 1,A,Gold,53040
35125,Male,Rural,High School,5L-10L,0,1,6190,1,A,Platinum,60144
55427,Female,Rural,Bachelor,More than 10L,1,4,0,More than 1,B,Silver,101844
85438,Male,Urban,Others,More than 10L,0,5,5711,1,A,Gold,32784
88512,Male,Rural,Bachelor,More than 10L,0,0,0,More than 1,A,Gold,98856
63207,Female,Urban,High School,2L-5L,1,6,3740,More than 1,A,Platinum,92148
21632,Male,Rural,Bachelor,5L-10L,1,6,0,More than 1,A,Gold,99144
4310,Female,Rural,High School,More than 10L,0,4,0,More than 1,B,Gold,69816
65547,Female,Urban,High School,5L-10L,0,6,6642,More than 1,B,Silver,70032
72867,Male,Urban,High School,2L-5L,0,2,5521,More than 1,A,Platinum,317376
1173,Male,Urban,Bachelor,2L-5L,1,7,24304,1,A,Silver,50796
20240,Male,Rural,Bachelor,More than 10L,1,7,0,More than 1,C,Silver,100152
77448,Male,Urban,Bachelor,2L-5L,1,6,4353,1,B,Silver,57612
35342,Female,Rural,Bachelor,5L-10L,0,6,2978,1,B,Platinum,54408
55208,Male,Urban,Bachelor,5L-10L,0,4,3074,More than 1,B,Silver,72324
12354,Female,Rural,High School,More than 10L,0,2,0,1,B,Platinum,33492
637,Female,Urban,High School,5L-10L,1,8,5976,More than 1,A,Platinum,67752
73706,Male,Urban,Bachelor,5L-10L,1,2,6203,More than 1,A,Platinum,65748
32991,Female,Urban,High School,5L-10L,1,5,6212,1,A,Silver,36228
57239,Female,Urban,Bachelor,5L-10L,0,7,5052,More than 1,C,Platinum,108804
64476,Female,Rural,High School,More than 10L,1,4,0,More than 1,B,Platinum,58152
88263,Female,Urban,High School,5L-10L,0,6,6354,More than 1,A,Gold,93636
13347,Female,Rural,Bachelor,5L-10L,1,7,0,1,A,Platinum,40128
19442,Female,Urban,High School,5L-10L,0,3,3768,More than 1,A,Silver,105648
56659,Female,Rural,Bachelor,2L-5L,1,7,2374,More than 1,B,Platinum,63024
67264,Male,Rural,Bachelor,More than 10L,1,1,5051,1,A,Platinum,34368
70780,Male,Urban,Bachelor,5L-10L,0,6,3900,1,A,Gold,46596
19308,Male,Urban,High School,5L-10L,0,1,3508,More than 1,C,Platinum,104304
1534,Male,Urban,Bachelor,More than 10L,1,4,0,1,A,Gold,33252
26910,Male,Rural,High School,5L-10L,1,2,2113,1,A,Platinum,34728
44304,Male,Urban,Bachelor,5L-10L,0,6,3962,1,A,Platinum,53436
4038,Male,Urban,Bachelor,2L-5L,1,1,6467,More than 1,A,Platinum,61152
51398,Male,Urban,High School,<=2L,1,3,0,1,A,Platinum,47760
30551,Female,Rural,Bachelor,5L-10L,0,8,2026,1,B,Platinum,51144
68591,Male,Rural,Bachelor,5L-10L,0,1,3691,1,A,Platinum,49140
67953,Male,Urban,High School,2L-5L,1,6,3831,More than 1,A,Platinum,215916
76473,Male,Rural,High School,5L-10L,0,7,6504,More than 1,B,Platinum,65736
85587,Female,Urban,Bachelor,5L-10L,0,3,5918,More than 1,A,Gold,101928
69513,Male,Urban,Bachelor,<=2L,0,8,7233,1,B,Silver,49188
37068,Male,Urban,Bachelor,5L-10L,1,1,5626,1,A,Gold,32484
1395,Male,Rural,Others,5L-10L,0,4,0,More than 1,B,Platinum,95496
67526,Male,Urban,Bachelor,More than 10L,0,7,9756,More than 1,A,Platinum,262056
84632,Female,Urban,High School,5L-10L,1,5,0,More than 1,A,Silver,86028
53628,Male,Urban,High School,5L-10L,0,8,28763,More than 1,A,Gold,221148
27673,Male,Urban,Bachelor,5L-10L,1,4,2284,More than 1,A,Silver,71004
16750,Male,Rural,High School,5L-10L,1,4,0,1,A,Gold,31164
11575,Male,Rural,Bachelor,More than 10L,1,7,0,1,B,Silver,48012
12207,Male,Rural,Bachelor,More than 10L,0,2,2256,1,B,Platinum,37380
25523,Female,Urban,High School,5L-10L,1,6,3900,More than 1,B,Platinum,92964
46143,Female,Rural,High School,5L-10L,1,7,0,1,A,Silver,49044
4384,Female,Rural,High School,More than 10L,0,0,4224,More than 1,A,Silver,34128
67951,Male,Urban,Bachelor,5L-10L,1,8,5955,More than 1,A,Platinum,130980
75847,Female,Urban,High School,2L-5L,1,7,5636,1,A,Gold,35400
83509,Female,Rural,Bachelor,5L-10L,0,6,3188,More than 1,A,Platinum,100536
10854,Male,Urban,Others,2L-5L,1,7,8422,1,B,Silver,34836
81464,Male,Rural,Bachelor,5L-10L,1,6,0,1,C,Gold,36420
35977,Male,Rural,Bachelor,5L-10L,0,4,4661,More than 1,B,Silver,71484
73887,Male,Urban,Bachelor,5L-10L,1,7,6807,1,A,Silver,36912
16747,Female,Rural,Others,5L-10L,1,6,0,1,B,Silver,40092
35315,Female,Urban,High School,2L-5L,0,6,3889,More than 1,A,Gold,116856
71894,Female,Urban,Bachelor,5L-10L,1,1,5459,1,B,Silver,40992
61447,Male,Urban,Bachelor,5L-10L,0,1,0,1,A,Silver,31908
61089,Male,Urban,Bachelor,5L-10L,0,2,3716,More than 1,A,Platinum,65448
66733,Female,Rural,Bachelor,2L-5L,1,5,0,1,A,Silver,34836
39450,Female,Urban,Bachelor,5L-10L,0,7,6694,More than 1,A,Gold,67584
23147,Female,Urban,High School,2L-5L,1,5,2582,1,C,Platinum,36648
20000,Male,Rural,Bachelor,5L-10L,1,8,0,1,B,Silver,37140
72096,Male,Urban,Bachelor,More than 10L,0,0,5218,1,A,Silver,37632
56042,Male,Urban,Bachelor,5L-10L,1,7,16782,More than 1,A,Gold,74892
51456,Male,Urban,Bachelor,5L-10L,1,1,5864,1,C,Silver,35940
7375,Female,Rural,Bachelor,2L-5L,1,0,0,More than 1,B,Silver,62364
72026,Male,Rural,Others,More than 10L,1,8,2541,1,B,Platinum,34464
37801,Female,Urban,Others,2L-5L,0,2,0,1,A,Silver,29844
41346,Female,Urban,Bachelor,More than 10L,0,8,4758,More than 1,B,Platinum,181560
23928,Female,Urban,High School,2L-5L,1,2,6216,1,C,Silver,34548
4799,Female,Urban,High School,More than 10L,1,3,3123,1,C,Gold,49260
51859,Male,Rural,High School,5L-10L,1,4,0,1,A,Gold,36996
55456,Male,Urban,Bachelor,2L-5L,0,7,2074,More than 1,B,Silver,75972
33534,Male,Rural,Bachelor,5L-10L,1,0,0,1,B,Silver,31236
32066,Male,Rural,Bachelor,5L-10L,1,0,2096,1,A,Gold,47472
25505,Female,Rural,Others,5L-10L,0,3,0,1,B,Platinum,34440
62779,Female,Urban,High School,5L-10L,0,5,2828,More than 1,A,Gold,159624
58872,Male,Urban,Bachelor,More than 10L,1,1,0,1,C,Platinum,33288
14966,Male,Urban,High School,5L-10L,1,1,5775,1,A,Platinum,33336
25361,Female,Urban,High School,5L-10L,0,5,6064,More than 1,A,Platinum,100152
66899,Female,Urban,High School,<=2L,1,7,0,1,A,Silver,32784
11521,Male,Urban,High School,More than 10L,0,6,3543,1,A,Silver,35448
63716,Female,Urban,High School,5L-10L,1,2,3757,More than 1,B,Silver,61416
54458,Female,Urban,Bachelor,5L-10L,0,6,15637,More than 1,A,Gold,104676
67893,Female,Rural,Bachelor,5L-10L,1,5,2306,1,A,Platinum,47796
77731,Male,Urban,High School,5L-10L,0,7,4233,1,A,Silver,60780
48853,Female,Urban,Bachelor,5L-10L,1,5,5113,More than 1,A,Silver,95280
87546,Male,Urban,Bachelor,5L-10L,1,7,2904,More than 1,A,Platinum,55992
86752,Male,Urban,High School,5L-10L,0,3,7318,1,A,Gold,57408
72910,Female,Urban,High School,2L-5L,1,5,7623,1,A,Gold,54012
61216,Female,Urban,High School,5L-10L,1,6,5496,1,A,Platinum,30912
68115,Male,Urban,High School,5L-10L,0,8,4026,1,B,Silver,34020
50370,Female,Urban,Bachelor,5L-10L,0,1,6262,1,A,Gold,43452
42900,Male,Urban,Bachelor,More than 10L,1,2,0,More than 1,A,Gold,100260
73959,Male,Rural,Bachelor,5L-10L,0,6,4845,1,B,Platinum,48504
66457,Male,Rural,High School,5L-10L,0,3,3220,More than 1,A,Gold,99960
41288,Male,Urban,High School,2L-5L,1,1,5897,More than 1,A,Platinum,98028
49685,Male,Urban,High School,2L-5L,1,6,0,1,B,Platinum,31452
77773,Male,Urban,High School,<=2L,0,2,3588,More than 1,B,Gold,98532
40033,Male,Urban,Others,5L-10L,1,6,5637,1,A,Gold,51072
27578,Female,Rural,High School,2L-5L,1,5,2253,More than 1,B,Silver,179976
693,Male,Rural,Bachelor,5L-10L,1,6,4174,More than 1,B,Silver,146880
5400,Male,Urban,Bachelor,5L-10L,0,7,6666,More than 1,A,Platinum,399252
88267,Male,Urban,Bachelor,5L-10L,1,1,5105,1,C,Silver,33576
6850,Male,Urban,High School,5L-10L,0,5,5419,1,A,Gold,40944
74736,Male,Urban,Bachelor,2L-5L,0,5,6864,1,A,Silver,63960
66673,Male,Urban,Bachelor,5L-10L,0,4,4208,More than 1,A,Platinum,103800
1942,Female,Urban,High School,5L-10L,0,6,5344,More than 1,A,Platinum,108912
32941,Male,Urban,High School,5L-10L,0,6,8154,More than 1,A,Platinum,95748
57971,Male,Urban,Bachelor,More than 10L,0,2,2667,More than 1,B,Gold,167520
88731,Female,Urban,Bachelor,5L-10L,1,6,6450,More than 1,A,Silver,98616
44354,Male,Rural,Bachelor,More than 10L,1,6,3142,More than 1,B,Platinum,71412
14865,Female,Rural,High School,5L-10L,0,5,0,More than 1,A,Platinum,96564
39773,Male,Rural,Bachelor,2L-5L,0,1,0,More than 1,B,Platinum,58380
54619,Female,Rural,Bachelor,More than 10L,1,7,2272,1,B,Silver,39912
41730,Male,Urban,Bachelor,5L-10L,0,6,6861,More than 1,B,Platinum,129060
62425,Male,Urban,High School,2L-5L,1,6,6643,1,A,Gold,32400
6515,Male,Rural,Bachelor,5L-10L,0,8,0,More than 1,B,Gold,69060
67263,Male,Urban,Bachelor,2L-5L,1,5,0,More than 1,B,Gold,281376
49289,Female,Urban,High School,5L-10L,1,7,5592,More than 1,A,Gold,92532
31273,Male,Urban,Bachelor,5L-10L,1,5,4244,1,A,Silver,57900
7369,Male,Rural,High School,5L-10L,1,4,0,1,A,Platinum,30192
19901,Male,Urban,High School,5L-10L,1,4,5176,More than 1,B,Platinum,318816
71972,Female,Urban,High School,2L-5L,0,6,8024,More than 1,A,Gold,119424
1252,Female,Urban,High School,5L-10L,0,7,4802,More than 1,B,Silver,87348
23850,Female,Urban,High School,More than 10L,1,2,4673,More than 1,A,Platinum,98856
51314,Male,Urban,Bachelor,5L-10L,1,7,6024,1,A,Gold,53748
28791,Male,Rural,Bachelor,5L-10L,1,4,0,1,C,Silver,34860
23376,Male,Urban,Bachelor,2L-5L,1,7,10667,More than 1,B,Gold,297552
3471,Male,Urban,High School,More than 10L,0,6,6680,1,A,Gold,36540
69766,Female,Rural,Bachelor,More than 10L,1,2,0,1,A,Platinum,66192
30349,Male,Urban,High School,5L-10L,0,6,5881,1,C,Platinum,31392
87717,Male,Rural,Bachelor,2L-5L,0,6,5892,1,B,Gold,35868
37206,Male,Urban,High School,5L-10L,0,8,4008,More than 1,A,Silver,109140
37211,Female,Urban,Bachelor,<=2L,1,2,5790,1,A,Platinum,51336
1529,Male,Rural,High School,5L-10L,1,2,4751,1,A,Platinum,48708
35817,Female,Urban,High School,<=2L,1,6,5884,More than 1,A,Gold,135396
20016,Female,Urban,Bachelor,More than 10L,0,1,3052,More than 1,A,Platinum,101484
30989,Female,Urban,Others,2L-5L,1,4,2652,More than 1,A,Platinum,84972
33161,Male,Urban,Bachelor,5L-10L,1,7,3119,1,B,Silver,46680
6491,Female,Urban,High School,2L-5L,1,6,4037,1,B,Gold,50316
55758,Male,Urban,Others,More than 10L,0,3,4404,More than 1,A,Platinum,52380
70589,Female,Urban,High School,5L-10L,0,2,8821,More than 1,A,Platinum,68748
69470,Female,Urban,High School,5L-10L,0,2,11678,More than 1,C,Gold,197760
15820,Male,Rural,Bachelor,5L-10L,1,7,0,1,B,Platinum,60240
33947,Male,Rural,Bachelor,2L-5L,1,5,2622,More than 1,B,Platinum,94044
72359,Male,Rural,Others,2L-5L,0,6,2000,More than 1,B,Silver,69864
17679,Female,Rural,High School,5L-10L,1,7,4432,1,A,Platinum,49116
68479,Female,Urban,High School,5L-10L,0,5,8153,More than 1,A,Platinum,105228
30374,Male,Urban,Others,More than 10L,1,7,2654,1,A,Platinum,32556
74306,Male,Urban,High School,5L-10L,0,3,3855,1,A,Platinum,46176
58903,Male,Urban,High School,More than 10L,0,5,3782,More than 1,A,Silver,79872
37727,Male,Urban,High School,5L-10L,1,4,0,1,C,Platinum,34596
86653,Male,Urban,Bachelor,5L-10L,1,5,2077,1,A,Platinum,33120
74508,Female,Urban,High School,2L-5L,0,6,2305,More than 1,A,Silver,103500
42010,Male,Urban,High School,2L-5L,1,1,0,1,B,Platinum,32940
52142,Female,Rural,High School,2L-5L,1,7,0,1,A,Platinum,70920
2858,Female,Urban,High School,2L-5L,1,6,6424,1,A,Platinum,48396
43844,Male,Rural,Bachelor,More than 10L,1,7,0,More than 1,B,Gold,63264
20892,Male,Urban,Bachelor,2L-5L,0,8,6380,More than 1,A,Platinum,67656
75836,Male,Rural,Others,5L-10L,1,4,2754,1,B,Silver,45276
48756,Female,Rural,Bachelor,5L-10L,0,1,6842,More than 1,A,Platinum,62052
40277,Female,Urban,High School,5L-10L,0,6,7401,More than 1,A,Gold,98628
8638,Male,Urban,Bachelor,2L-5L,1,6,5738,More than 1,A,Platinum,62160
65315,Male,Urban,Bachelor,5L-10L,0,4,3936,More than 1,A,Platinum,71424
24895,Female,Rural,High School,More than 10L,1,1,0,More than 1,B,Platinum,63516
21690,Female,Rural,Bachelor,5L-10L,1,4,4336,More than 1,B,Silver,74076
81386,Female,Urban,Bachelor,5L-10L,1,8,0,1,A,Platinum,50256
43194,Female,Rural,Bachelor,5L-10L,1,6,5435,1,A,Gold,43512
80231,Male,Rural,Bachelor,<=2L,0,1,4786,1,C,Silver,52872
82049,Male,Urban,Bachelor,More than 10L,1,7,0,1,A,Gold,71868
32393,Female,Urban,High School,5L-10L,1,5,0,More than 1,A,Platinum,66312
51189,Male,Rural,Bachelor,5L-10L,1,7,0,More than 1,B,Silver,67848
51822,Female,Urban,High School,<=2L,1,5,7314,1,A,Gold,66492
8328,Male,Urban,High School,<=2L,1,3,7801,More than 1,A,Silver,68400
78570,Male,Urban,High School,5L-10L,1,2,5222,More than 1,B,Silver,95928
38970,Male,Urban,Bachelor,5L-10L,1,6,7069,1,A,Silver,50292
32142,Male,Rural,Bachelor,5L-10L,0,6,5183,1,B,Platinum,45756
40527,Female,Urban,High School,5L-10L,1,6,0,1,A,Gold,47604
52543,Male,Urban,High School,5L-10L,0,5,6259,More than 1,A,Platinum,229260
30368,Female,Urban,High School,5L-10L,0,7,5950,More than 1,A,Gold,51492
29340,Male,Rural,Others,2L-5L,1,7,3479,1,B,Silver,49428
32024,Male,Urban,High School,More than 10L,0,8,5654,More than 1,A,Platinum,116124
53366,Female,Urban,High School,5L-10L,0,2,0,1,A,Silver,32412
76990,Male,Rural,High School,5L-10L,1,4,0,1,A,Gold,31332
79629,Male,Rural,High School,5L-10L,0,7,4483,1,A,Platinum,59724
1643,Male,Rural,Bachelor,5L-10L,1,8,0,More than 1,A,Platinum,87396
55951,Male,Urban,Bachelor,5L-10L,1,7,5864,More than 1,A,Silver,105348
28990,Male,Rural,High School,5L-10L,0,6,4623,1,A,Platinum,36012
29422,Female,Urban,High School,More than 10L,1,7,0,More than 1,A,Platinum,32256
20383,Female,Rural,High School,More than 10L,0,5,2056,1,A,Platinum,52296
80873,Male,Rural,Bachelor,More than 10L,1,6,0,1,B,Silver,34800
17676,Female,Urban,High School,5L-10L,1,7,8404,More than 1,A,Platinum,164400
62243,Male,Urban,High School,5L-10L,1,4,3159,More than 1,A,Silver,305652
43751,Male,Rural,Bachelor,5L-10L,0,8,4139,More than 1,B,Silver,70728
17200,Female,Rural,High School,5L-10L,1,7,2292,More than 1,B,Platinum,75204
88956,Male,Rural,Bachelor,2L-5L,1,3,0,More than 1,B,Silver,108588
50542,Female,Urban,High School,5L-10L,1,3,7011,More than 1,A,Platinum,94668
22728,Male,Urban,High School,5L-10L,0,2,4076,More than 1,B,Platinum,101004
50929,Female,Urban,High School,2L-5L,1,2,5051,More than 1,A,Platinum,55152
65997,Female,Rural,High School,2L-5L,1,6,2230,More than 1,A,Platinum,98748
80172,Female,Urban,High School,2L-5L,0,8,15404,More than 1,B,Platinum,74052
77379,Male,Urban,High School,5L-10L,1,8,2783,More than 1,C,Gold,108468
4534,Male,Urban,Bachelor,2L-5L,0,7,7010,More than 1,A,Platinum,471432
40748,Male,Urban,Bachelor,5L-10L,1,2,3859,1,B,Platinum,58332
48892,Female,Urban,High School,5L-10L,0,6,5740,1,A,Platinum,52716
7995,Female,Urban,Bachelor,2L-5L,1,6,5064,More than 1,A,Platinum,128364
50407,Female,Urban,Bachelor,2L-5L,1,4,5994,1,B,Platinum,36804
88126,Male,Urban,Bachelor,2L-5L,1,1,6672,1,A,Platinum,65508
68908,Female,Urban,High School,5L-10L,1,6,0,1,C,Gold,37680
63018,Female,Rural,High School,5L-10L,0,8,0,1,A,Gold,60972
67693,Male,Rural,High School,More than 10L,0,3,0,1,A,Platinum,33072
18936,Male,Rural,High School,More than 10L,1,5,4509,More than 1,A,Silver,94164
46281,Female,Urban,High School,5L-10L,1,5,3859,1,A,Silver,58632
16467,Female,Rural,Bachelor,More than 10L,0,5,3578,More than 1,A,Gold,66324
24221,Male,Urban,High School,5L-10L,1,5,2561,1,B,Platinum,39756
87859,Male,Urban,High School,5L-10L,0,3,8959,More than 1,A,Gold,104700
24301,Female,Urban,High School,5L-10L,0,6,6020,1,B,Silver,34404
67495,Female,Urban,Bachelor,5L-10L,1,2,0,More than 1,C,Platinum,77628
12014,Female,Rural,Bachelor,5L-10L,1,4,0,1,A,Gold,43056
86575,Female,Rural,High School,5L-10L,1,7,0,More than 1,A,Platinum,73656
31348,Male,Urban,High School,2L-5L,0,7,4107,1,C,Gold,51852
86925,Male,Urban,High School,More than 10L,0,1,3713,1,B,Gold,31536
10002,Male,Urban,Bachelor,More than 10L,1,7,2713,More than 1,A,Gold,272808
49776,Female,Rural,Bachelor,5L-10L,0,8,3769,More than 1,A,Platinum,66936
18238,Male,Urban,High School,5L-10L,1,1,6547,1,A,Gold,58332
24123,Male,Urban,High School,5L-10L,1,3,5297,1,A,Platinum,33192
66888,Male,Rural,Bachelor,2L-5L,1,8,2038,More than 1,A,Platinum,69708
15075,Male,Urban,Bachelor,More than 10L,1,2,3462,More than 1,A,Platinum,99144
23351,Male,Rural,Bachelor,5L-10L,0,6,0,1,B,Silver,47640
49646,Male,Urban,Bachelor,2L-5L,0,1,5337,More than 1,B,Gold,107124
78168,Male,Rural,Bachelor,5L-10L,0,3,2013,1,B,Platinum,31440
41890,Male,Rural,High School,2L-5L,1,7,0,1,B,Platinum,62700
34891,Male,Urban,Bachelor,5L-10L,1,8,13165,1,A,Platinum,34116
4002,Female,Rural,Others,More than 10L,0,6,0,1,B,Platinum,45552
726,Female,Urban,Bachelor,2L-5L,0,6,6979,More than 1,B,Platinum,184560
6847,Female,Rural,High School,More than 10L,1,2,0,1,A,Platinum,49464
44943,Female,Rural,High School,5L-10L,1,5,2900,1,C,Silver,34596
17693,Male,Urban,High School,2L-5L,1,6,6820,1,C,Silver,32928
59693,Female,Urban,High School,More than 10L,1,7,0,1,B,Platinum,55980
55283,Male,Urban,High School,<=2L,0,1,6857,1,A,Platinum,60492
29756,Male,Rural,Bachelor,5L-10L,1,4,4334,1,A,Platinum,35052
61338,Female,Urban,High School,5L-10L,1,1,3559,1,A,Platinum,48240
18086,Female,Urban,High School,2L-5L,0,5,7026,1,A,Gold,59832
29860,Female,Urban,Bachelor,5L-10L,0,7,6233,1,A,Platinum,49476
23168,Female,Urban,High School,More than 10L,1,7,5171,1,B,Gold,50088
82953,Male,Rural,Bachelor,More than 10L,0,7,0,1,A,Silver,45612
68290,Female,Urban,High School,5L-10L,1,4,5747,1,A,Platinum,51444
80627,Male,Rural,Others,More than 10L,1,5,6267,1,B,Platinum,53244
55607,Female,Urban,Others,More than 10L,1,7,2335,More than 1,B,Silver,68736
72220,Male,Urban,High School,<=2L,1,3,4196,More than 1,A,Platinum,61032
44251,Male,Rural,High School,5L-10L,1,8,0,1,B,Gold,36828
76614,Male,Rural,High School,5L-10L,0,4,2430,More than 1,B,Gold,84060
56700,Male,Rural,Bachelor,5L-10L,0,4,2633,1,A,Gold,45012
25371,Female,Rural,High School,2L-5L,0,2,0,More than 1,A,Platinum,86040
64080,Male,Rural,Others,5L-10L,1,1,6715,More than 1,C,Platinum,98316
29372,Male,Urban,High School,2L-5L,1,7,5814,More than 1,C,Gold,63420
2323,Male,Urban,Bachelor,5L-10L,1,8,6415,1,A,Gold,35352
50843,Male,Urban,High School,2L-5L,1,2,5333,1,A,Platinum,33756
18982,Male,Rural,High School,5L-10L,0,6,5593,1,C,Platinum,38208
8144,Male,Rural,High School,5L-10L,1,3,2137,More than 1,A,Platinum,114072
88856,Male,Rural,Bachelor,5L-10L,1,4,4654,More than 1,A,Gold,107892
66138,Male,Urban,High School,More than 10L,1,1,3701,1,A,Platinum,36420
28549,Female,Rural,Bachelor,5L-10L,0,7,3571,1,A,Platinum,56316
26001,Male,Urban,Others,2L-5L,1,4,2158,More than 1,B,Platinum,59856
38729,Female,Urban,High School,5L-10L,1,5,0,1,C,Platinum,36396
12280,Male,Urban,High School,2L-5L,1,7,6872,More than 1,C,Silver,105060
29570,Male,Urban,Bachelor,5L-10L,1,6,2130,1,A,Platinum,32772
21412,Male,Rural,High School,5L-10L,0,3,0,More than 1,B,Platinum,156264
18888,Female,Rural,High School,5L-10L,0,2,3299,1,A,Gold,36888
45201,Male,Rural,Others,5L-10L,1,4,0,1,B,Silver,38268
60390,Male,Urban,Bachelor,More than 10L,0,5,8302,More than 1,A,Platinum,124260
48024,Male,Rural,High School,5L-10L,1,1,3850,More than 1,B,Platinum,35484
71494,Male,Urban,High School,5L-10L,1,0,6801,1,A,Gold,61212
8968,Female,Rural,High School,5L-10L,0,2,0,1,A,Platinum,36756
53818,Female,Rural,Bachelor,5L-10L,1,7,2847,More than 1,A,Platinum,299148
75101,Male,Rural,Bachelor,More than 10L,0,5,0,1,B,Silver,45996
70279,Male,Urban,Bachelor,5L-10L,1,2,0,1,A,Silver,33144
2675,Male,Urban,Bachelor,2L-5L,1,1,0,1,C,Platinum,65508
18768,Female,Urban,High School,5L-10L,1,7,7119,More than 1,A,Platinum,29976
29926,Male,Urban,Bachelor,5L-10L,1,4,4287,More than 1,A,Platinum,104328
22679,Male,Urban,High School,5L-10L,1,6,0,1,A,Platinum,36264
64894,Male,Urban,Bachelor,5L-10L,1,8,5892,More than 1,A,Platinum,101844
43027,Male,Urban,High School,2L-5L,1,1,6164,1,A,Silver,34116
69829,Female,Urban,High School,5L-10L,0,1,0,1,A,Gold,36708
3449,Female,Urban,Bachelor,5L-10L,1,0,0,1,A,Gold,39348
76087,Male,Urban,High School,5L-10L,1,7,3412,More than 1,A,Platinum,94308
80439,Male,Urban,Bachelor,More than 10L,0,4,10321,1,A,Gold,46632
69600,Male,Urban,Bachelor,5L-10L,1,6,5170,More than 1,A,Gold,97572
41416,Female,Urban,High School,More than 10L,1,2,6354,1,A,Platinum,46428
86156,Female,Rural,Bachelor,More than 10L,1,4,0,More than 1,A,Gold,103392
35397,Female,Urban,Bachelor,2L-5L,1,3,0,More than 1,A,Platinum,92232
32267,Male,Urban,Bachelor,5L-10L,1,4,10605,More than 1,A,Silver,47208
17225,Male,Rural,Others,More than 10L,1,1,0,1,A,Silver,48912
72771,Male,Urban,Bachelor,5L-10L,1,6,5938,More than 1,A,Platinum,63024
69280,Male,Urban,High School,5L-10L,0,8,0,More than 1,B,Platinum,107172
36807,Male,Urban,High School,2L-5L,0,4,5685,1,B,Silver,35364
26142,Female,Urban,High School,5L-10L,1,6,6163,1,C,Gold,33348
11638,Female,Rural,High School,5L-10L,0,8,4493,More than 1,B,Gold,72624
76462,Female,Urban,High School,5L-10L,1,7,0,More than 1,A,Gold,100140
49697,Male,Rural,Bachelor,5L-10L,1,3,2674,1,A,Platinum,37308
8898,Female,Rural,Bachelor,5L-10L,1,3,3085,More than 1,B,Platinum,94716
34771,Male,Rural,Bachelor,5L-10L,1,7,2762,More than 1,A,Gold,103668
5838,Male,Rural,Bachelor,2L-5L,1,7,0,More than 1,A,Platinum,62988
27717,Male,Urban,High School,5L-10L,0,1,3728,More than 1,B,Silver,90648
80196,Female,Rural,High School,5L-10L,1,6,0,More than 1,B,Platinum,63708
89052,Male,Rural,Bachelor,2L-5L,1,5,6461,1,B,Platinum,65388
88155,Male,Rural,Bachelor,5L-10L,1,1,3975,More than 1,A,Gold,56592
42511,Male,Urban,Bachelor,2L-5L,1,3,5293,1,A,Platinum,31368
75519,Female,Rural,High School,5L-10L,0,4,0,More than 1,A,Gold,68676
83159,Female,Rural,Bachelor,2L-5L,0,5,3533,More than 1,A,Platinum,96096
52618,Female,Rural,Bachelor,2L-5L,0,6,6602,More than 1,B,Gold,100440
14181,Male,Urban,Bachelor,5L-10L,1,7,3832,More than 1,A,Silver,93204
74663,Male,Rural,Bachelor,5L-10L,1,0,0,1,A,Gold,33060
70016,Male,Urban,Bachelor,More than 10L,0,7,3742,More than 1,C,Silver,90312
7813,Male,Urban,High School,5L-10L,1,6,4316,More than 1,A,Gold,95352
64090,Male,Urban,High School,5L-10L,1,4,3969,1,A,Platinum,53820
16284,Male,Urban,Bachelor,5L-10L,1,3,10960,More than 1,C,Gold,112476
40222,Female,Rural,Bachelor,More than 10L,1,2,5145,More than 1,A,Silver,95376
13349,Male,Urban,High School,More than 10L,1,6,4084,More than 1,A,Platinum,71232
37173,Male,Urban,Bachelor,2L-5L,1,4,5478,1,A,Silver,33288
44325,Male,Rural,High School,5L-10L,1,1,2304,More than 1,B,Silver,63120
44870,Male,Urban,Others,5L-10L,0,5,7700,1,B,Silver,37428
6566,Female,Urban,High School,5L-10L,0,5,5585,More than 1,B,Platinum,287748
44486,Male,Rural,High School,5L-10L,1,6,2766,More than 1,A,Gold,67116
78818,Male,Rural,Others,More than 10L,1,4,0,More than 1,A,Gold,88080
49641,Female,Rural,Bachelor,More than 10L,0,7,5275,1,B,Platinum,57300
66211,Male,Rural,High School,5L-10L,0,6,2031,1,C,Gold,45096
18105,Female,Urban,Bachelor,2L-5L,1,1,0,1,B,Silver,32208
29746,Female,Urban,Bachelor,2L-5L,0,2,5687,More than 1,B,Platinum,114144
13834,Male,Rural,High School,5L-10L,0,3,2248,More than 1,B,Platinum,93744
36439,Male,Urban,High School,More than 10L,0,7,5273,More than 1,A,Platinum,283788
50338,Female,Urban,Bachelor,<=2L,1,3,5909,More than 1,A,Platinum,98148
9897,Male,Urban,Bachelor,<=2L,0,6,4972,1,A,Platinum,48624
12631,Male,Rural,Bachelor,More than 10L,0,5,4214,1,C,Silver,51396
56939,Male,Rural,High School,More than 10L,1,2,0,1,B,Platinum,35412
23183,Male,Rural,Bachelor,5L-10L,1,7,3511,1,A,Platinum,49440
81821,Female,Rural,High School,5L-10L,0,5,0,More than 1,B,Platinum,66624
62150,Male,Urban,High School,5L-10L,0,6,6123,More than 1,B,Platinum,102324
17402,Male,Rural,Bachelor,5L-10L,1,4,3231,More than 1,B,Platinum,65580
11516,Female,Urban,Bachelor,<=2L,0,3,6882,More than 1,B,Silver,391116
88500,Male,Rural,High School,5L-10L,1,6,0,1,A,Platinum,39780
67624,Male,Urban,Bachelor,2L-5L,0,4,4141,More than 1,B,Platinum,68448
11885,Female,Urban,High School,5L-10L,1,6,2329,More than 1,B,Platinum,71268
22050,Female,Urban,High School,More than 10L,0,1,6816,1,A,Platinum,58860
60966,Male,Rural,High School,More than 10L,0,2,5577,1,A,Platinum,30768
1988,Female,Urban,High School,More than 10L,1,7,0,1,A,Platinum,36312
58145,Female,Urban,Bachelor,More than 10L,1,3,6967,More than 1,A,Gold,295992
46212,Male,Urban,High School,2L-5L,0,2,5761,1,A,Silver,36696
66432,Male,Rural,High School,5L-10L,1,3,8880,More than 1,B,Gold,110328
60947,Male,Rural,Others,More than 10L,0,6,0,1,A,Platinum,55440
24471,Female,Rural,High School,5L-10L,1,5,5881,1,A,Platinum,34080
88709,Female,Urban,High School,5L-10L,1,1,6664,1,A,Gold,46872
79451,Male,Urban,Bachelor,More than 10L,1,5,5498,1,A,Gold,36348
17949,Female,Rural,High School,More than 10L,1,2,0,1,B,Platinum,31812
75129,Male,Rural,High School,5L-10L,1,6,6306,More than 1,A,Gold,71280
30229,Male,Urban,Others,5L-10L,1,0,0,1,A,Platinum,32160
46474,Male,Rural,Bachelor,5L-10L,0,8,4428,1,A,Gold,62856
56179,Female,Rural,High School,5L-10L,0,6,9620,More than 1,B,Platinum,301344
44423,Male,Rural,High School,5L-10L,1,8,0,1,A,Gold,69252
974,Male,Urban,High School,5L-10L,1,5,3017,More than 1,A,Platinum,197952
24118,Female,Urban,High School,2L-5L,1,2,0,1,B,Silver,31368
34525,Male,Rural,Bachelor,5L-10L,0,0,2975,1,A,Platinum,70536
41199,Female,Urban,Bachelor,5L-10L,0,1,3912,More than 1,A,Platinum,178272
56332,Male,Rural,High School,More than 10L,0,4,8305,1,A,Gold,29772
24081,Female,Rural,High School,More than 10L,0,3,0,More than 1,A,Platinum,109500
82193,Male,Urban,Bachelor,5L-10L,1,5,5566,1,A,Gold,56256
87183,Female,Urban,Bachelor,2L-5L,1,2,0,1,B,Platinum,33996
70037,Male,Urban,High School,2L-5L,1,3,10253,More than 1,A,Silver,247920
74418,Female,Urban,High School,5L-10L,0,6,5063,More than 1,A,Gold,95352
19877,Male,Urban,High School,2L-5L,0,5,5802,1,A,Silver,45012
84587,Male,Rural,Bachelor,5L-10L,1,4,4378,1,C,Platinum,49020
49899,Female,Urban,Bachelor,5L-10L,0,7,8382,More than 1,A,Silver,106692
23439,Female,Urban,High School,5L-10L,1,5,0,More than 1,A,Platinum,67476
21721,Male,Urban,Bachelor,5L-10L,1,5,2180,1,A,Platinum,34056
44426,Male,Urban,Others,5L-10L,1,7,6664,1,B,Platinum,33900
79298,Female,Rural,High School,5L-10L,0,5,2042,1,A,Silver,33192
45648,Male,Urban,Bachelor,More than 10L,1,4,6322,More than 1,A,Gold,92700
42952,Female,Urban,High School,More than 10L,0,2,12114,More than 1,A,Silver,358248
69575,Male,Urban,Bachelor,5L-10L,1,6,5531,1,A,Platinum,34272
59365,Female,Urban,Bachelor,More than 10L,1,7,0,More than 1,A,Silver,65904
51771,Female,Urban,Others,2L-5L,0,6,2349,More than 1,B,Silver,72840
12728,Male,Urban,High School,More than 10L,0,7,7853,More than 1,A,Platinum,141108
72822,Female,Urban,Bachelor,More than 10L,0,6,3065,More than 1,A,Platinum,114144
75370,Male,Urban,Others,More than 10L,0,3,6547,More than 1,A,Platinum,76236
11364,Male,Urban,High School,5L-10L,0,7,5169,1,A,Silver,48732
3274,Female,Urban,Bachelor,More than 10L,0,5,5032,1,A,Gold,34800
4573,Male,Urban,Others,5L-10L,1,6,0,1,A,Platinum,51612
62909,Male,Rural,High School,5L-10L,0,2,0,1,A,Platinum,58848
81817,Male,Urban,High School,More than 10L,1,8,4466,More than 1,A,Silver,105144
64650,Female,Urban,Bachelor,5L-10L,0,5,3616,1,C,Platinum,49140
49567,Female,Urban,Bachelor,5L-10L,0,5,6404,1,A,Gold,63216
35034,Female,Rural,Others,More than 10L,0,6,5528,1,B,Silver,48744
16339,Male,Urban,High School,2L-5L,0,7,4008,More than 1,A,Platinum,104736
66393,Male,Urban,Bachelor,5L-10L,1,4,4329,More than 1,A,Platinum,92916
84526,Female,Rural,High School,5L-10L,0,5,5138,1,A,Silver,33792
79104,Male,Rural,Bachelor,More than 10L,0,5,0,More than 1,B,Platinum,60360
10653,Male,Rural,High School,5L-10L,1,6,2050,1,B,Platinum,32028
70184,Female,Urban,High School,<=2L,1,2,13743,More than 1,C,Platinum,153192
77367,Male,Urban,Bachelor,5L-10L,1,2,0,More than 1,B,Platinum,73692
19938,Male,Urban,Bachelor,5L-10L,1,3,2795,More than 1,A,Silver,103164
61824,Male,Urban,Bachelor,5L-10L,1,6,5433,1,B,Silver,32580
21945,Female,Urban,Bachelor,5L-10L,0,5,4363,1,A,Platinum,103188
43878,Male,Urban,High School,5L-10L,1,5,6393,More than 1,B,Platinum,105744
34947,Male,Rural,Bachelor,5L-10L,1,5,0,1,A,Silver,40428
82085,Female,Rural,Bachelor,More than 10L,0,6,9628,More than 1,B,Platinum,106260
6939,Male,Urban,High School,2L-5L,0,8,4204,More than 1,A,Gold,99804
82347,Male,Rural,Bachelor,5L-10L,1,6,5286,1,B,Platinum,35628
28449,Male,Rural,High School,5L-10L,1,8,9076,More than 1,B,Platinum,102588
25171,Female,Urban,Others,More than 10L,0,5,7427,More than 1,A,Platinum,103524
83883,Female,Urban,Bachelor,2L-5L,1,7,0,1,B,Platinum,40656
20831,Female,Urban,High School,<=2L,1,7,7205,1,A,Gold,58356
56315,Female,Urban,High School,<=2L,1,1,6126,1,A,Silver,47856
3434,Female,Urban,Bachelor,2L-5L,0,0,0,1,A,Platinum,51732
15905,Male,Rural,Bachelor,2L-5L,1,1,0,More than 1,A,Platinum,94680
5479,Female,Rural,Bachelor,More than 10L,1,7,2598,More than 1,B,Silver,72888
29094,Male,Rural,High School,5L-10L,1,2,0,More than 1,A,Platinum,65280
27680,Female,Rural,High School,5L-10L,1,1,0,1,A,Gold,34584
42824,Male,Urban,High School,5L-10L,0,2,6985,1,A,Gold,55260
48272,Female,Urban,Bachelor,5L-10L,1,7,0,1,B,Silver,38832
83979,Male,Urban,Bachelor,5L-10L,1,7,3478,1,A,Gold,56556
82712,Female,Urban,Bachelor,5L-10L,1,5,0,More than 1,A,Gold,91596
24806,Male,Rural,High School,5L-10L,1,3,2914,1,B,Platinum,33084
55029,Female,Urban,High School,5L-10L,0,1,5578,More than 1,A,Platinum,62352
66183,Male,Rural,Bachelor,5L-10L,1,6,4364,More than 1,A,Gold,100248
473,Male,Urban,Bachelor,2L-5L,1,5,6662,1,C,Silver,70320
60300,Male,Urban,Bachelor,5L-10L,1,2,4087,More than 1,C,Silver,97104
3947,Female,Urban,High School,5L-10L,1,3,2996,More than 1,A,Platinum,89916
57864,Female,Urban,High School,2L-5L,0,6,3009,More than 1,A,Gold,177732
12981,Male,Rural,Bachelor,5L-10L,0,2,5986,1,B,Gold,46716
45693,Female,Rural,High School,5L-10L,1,6,0,More than 1,C,Gold,66492
33651,Male,Urban,High School,2L-5L,0,2,3425,More than 1,A,Platinum,221400
70018,Male,Urban,Bachelor,2L-5L,1,6,3935,1,A,Gold,47532
30448,Male,Urban,High School,5L-10L,0,5,8314,More than 1,A,Platinum,109140
87544,Male,Rural,Bachelor,2L-5L,0,6,2006,1,A,Gold,36924
21289,Female,Urban,Bachelor,2L-5L,1,4,4326,More than 1,A,Platinum,103404
87634,Male,Rural,Bachelor,5L-10L,1,6,0,1,C,Gold,33312
11814,Female,Urban,Bachelor,5L-10L,0,6,3280,More than 1,A,Platinum,106932
26433,Male,Urban,Bachelor,5L-10L,0,7,4093,More than 1,B,Platinum,97620
88795,Female,Urban,Others,5L-10L,1,8,3785,1,B,Silver,62760
60242,Female,Urban,High School,5L-10L,0,3,6179,1,A,Gold,53208
12720,Female,Rural,Bachelor,5L-10L,1,6,2757,More than 1,B,Gold,88200
27218,Female,Rural,High School,5L-10L,0,2,6914,1,A,Platinum,59604
13773,Female,Urban,High School,2L-5L,1,7,4202,1,C,Silver,54348
42185,Female,Rural,Bachelor,More than 10L,1,2,5388,1,A,Platinum,54912
37752,Male,Rural,Bachelor,More than 10L,1,1,0,1,A,Gold,35688
4793,Female,Rural,High School,5L-10L,0,4,5862,1,A,Platinum,44712
81791,Male,Urban,Bachelor,2L-5L,1,6,6426,1,C,Platinum,43368
74096,Female,Urban,Bachelor,More than 10L,0,2,2565,More than 1,A,Platinum,350244
35523,Male,Rural,High School,More than 10L,0,4,0,1,A,Platinum,31404
7550,Female,Urban,High School,5L-10L,0,3,3851,More than 1,A,Platinum,61284
33217,Female,Rural,High School,5L-10L,1,2,0,1,A,Gold,30420
63771,Female,Urban,High School,5L-10L,0,2,6505,1,A,Gold,35892
14561,Male,Urban,Bachelor,5L-10L,1,3,3922,1,A,Platinum,32592
25974,Male,Urban,High School,2L-5L,1,7,6546,More than 1,B,Silver,68844
58725,Female,Urban,High School,More than 10L,1,7,6548,1,A,Platinum,55860
3372,Male,Urban,Bachelor,5L-10L,1,4,0,1,B,Silver,50064
75958,Female,Urban,Bachelor,5L-10L,0,0,2587,1,A,Gold,36768
14731,Male,Rural,High School,More than 10L,1,7,3925,More than 1,A,Gold,91668
18609,Female,Rural,Bachelor,5L-10L,1,7,0,More than 1,A,Platinum,98268
85202,Male,Urban,Others,More than 10L,0,0,4902,More than 1,A,Platinum,97356
2399,Male,Urban,High School,More than 10L,0,1,5387,1,A,Platinum,49836
20166,Male,Urban,Bachelor,5L-10L,1,2,0,1,B,Platinum,33108
31076,Female,Rural,Bachelor,5L-10L,1,7,2426,More than 1,B,Gold,65112
19638,Male,Urban,Others,2L-5L,0,1,0,1,A,Silver,33888
72961,Male,Rural,High School,5L-10L,1,4,0,1,A,Gold,36312
34827,Male,Rural,Bachelor,5L-10L,1,7,0,More than 1,B,Silver,65100
34949,Female,Rural,Bachelor,More than 10L,0,6,0,More than 1,B,Platinum,67692
25518,Male,Urban,High School,2L-5L,1,5,5806,1,A,Platinum,52056
10862,Male,Urban,Bachelor,5L-10L,1,2,5718,1,A,Silver,60408
27830,Female,Urban,Bachelor,2L-5L,0,1,4135,More than 1,A,Platinum,96444
28097,Male,Urban,Bachelor,2L-5L,1,0,3856,More than 1,A,Platinum,102636
72875,Female,Urban,Bachelor,5L-10L,1,5,2018,More than 1,B,Platinum,63840
2584,Female,Urban,High School,More than 10L,1,1,2570,1,A,Platinum,50592
61183,Female,Rural,Bachelor,5L-10L,0,4,0,More than 1,A,Silver,100116
72434,Male,Urban,Bachelor,5L-10L,0,4,0,More than 1,A,Gold,56448
76921,Female,Urban,Bachelor,5L-10L,1,3,4233,More than 1,A,Platinum,100008
29941,Male,Urban,High School,5L-10L,0,2,3050,1,B,Silver,68784
9586,Female,Rural,Bachelor,5L-10L,1,4,0,More than 1,A,Silver,80340
60952,Male,Urban,High School,5L-10L,1,3,2221,More than 1,C,Silver,70932
20873,Male,Rural,High School,5L-10L,1,7,2530,More than 1,B,Platinum,62220
78683,Female,Rural,Bachelor,More than 10L,0,3,5533,More than 1,B,Platinum,109776
22518,Male,Urban,Bachelor,More than 10L,1,5,0,More than 1,B,Platinum,68760
45603,Male,Rural,High School,5L-10L,1,6,0,More than 1,A,Gold,92904
26208,Male,Rural,High School,5L-10L,1,1,0,More than 1,A,Silver,62472
56571,Male,Rural,Bachelor,More than 10L,0,4,4883,More than 1,A,Gold,110844
86465,Female,Rural,High School,5L-10L,1,7,4621,1,B,Gold,32604
87816,Male,Urban,Others,2L-5L,0,4,0,1,B,Platinum,41136
1491,Female,Urban,High School,2L-5L,1,5,8405,More than 1,A,Platinum,62052
66544,Male,Rural,High School,5L-10L,0,8,3126,More than 1,A,Platinum,95232
83654,Female,Rural,Bachelor,5L-10L,0,7,2154,More than 1,A,Silver,100704
34234,Male,Urban,High School,5L-10L,1,5,3205,More than 1,A,Gold,75240
80325,Female,Urban,High School,2L-5L,0,2,4004,More than 1,A,Platinum,69036
7458,Female,Urban,High School,2L-5L,1,3,0,More than 1,B,Silver,65832
12590,Female,Rural,High School,More than 10L,0,4,0,More than 1,A,Gold,62280
15632,Male,Rural,High School,More than 10L,1,4,3927,More than 1,B,Platinum,34644
5723,Male,Urban,High School,5L-10L,1,7,3281,More than 1,A,Platinum,65964
50738,Female,Urban,Bachelor,5L-10L,1,3,2313,1,A,Gold,50880
41544,Male,Urban,Bachelor,2L-5L,0,2,12024,More than 1,B,Platinum,318756
41707,Female,Rural,High School,5L-10L,1,2,0,1,A,Gold,32376
32321,Male,Urban,High School,2L-5L,1,6,2172,1,C,Silver,29904
14914,Female,Rural,Bachelor,More than 10L,0,1,2307,More than 1,B,Silver,61344
19966,Male,Urban,High School,2L-5L,1,1,7392,More than 1,A,Platinum,66732
9664,Male,Urban,Bachelor,5L-10L,1,6,6878,More than 1,A,Silver,107412
83586,Female,Rural,High School,5L-10L,0,6,2817,1,A,Platinum,52392
77335,Male,Rural,Bachelor,5L-10L,1,5,0,More than 1,B,Platinum,68928
6835,Female,Urban,High School,5L-10L,1,7,4087,More than 1,A,Platinum,81528
33126,Male,Rural,High School,More than 10L,0,6,0,1,B,Platinum,52224
51357,Female,Rural,Bachelor,5L-10L,1,8,2789,More than 1,A,Gold,108360
83696,Female,Rural,High School,More than 10L,1,4,6243,1,A,Silver,51480
2150,Male,Urban,Bachelor,5L-10L,0,6,5746,1,A,Gold,28536
40321,Male,Rural,Bachelor,5L-10L,1,3,0,1,A,Gold,40440
28218,Female,Urban,High School,2L-5L,1,8,5208,More than 1,A,Platinum,331128
7709,Male,Urban,High School,More than 10L,0,5,3258,More than 1,A,Platinum,101424
65365,Female,Rural,Bachelor,2L-5L,1,2,3798,1,A,Platinum,35868
6919,Male,Rural,High School,5L-10L,1,5,7130,More than 1,A,Platinum,94284
88842,Male,Urban,Bachelor,5L-10L,1,6,2180,More than 1,B,Silver,66204
37167,Female,Urban,High School,5L-10L,0,6,5290,More than 1,C,Platinum,110916
56205,Male,Urban,High School,More than 10L,1,8,5903,1,C,Silver,66396
51861,Male,Rural,Bachelor,5L-10L,1,6,4014,More than 1,B,Gold,63564
55687,Male,Rural,Bachelor,5L-10L,0,4,0,More than 1,B,Silver,324048
62030,Male,Urban,High School,5L-10L,0,7,18540,1,C,Silver,64128
18450,Male,Rural,High School,More than 10L,0,1,5509,1,A,Platinum,44736
1824,Female,Rural,Bachelor,2L-5L,1,6,0,More than 1,B,Silver,69900
23837,Male,Urban,High School,2L-5L,0,7,6592,1,B,Silver,36576
9508,Male,Urban,Bachelor,5L-10L,1,3,6552,More than 1,A,Silver,99912
25259,Male,Urban,High School,2L-5L,0,1,8411,More than 1,A,Platinum,105096
52927,Male,Rural,High School,5L-10L,1,7,3213,1,A,Gold,50700
23226,Female,Urban,High School,5L-10L,0,4,10727,More than 1,A,Gold,69384
29821,Male,Rural,High School,More than 10L,0,4,6021,1,B,Silver,33384
49832,Female,Rural,High School,5L-10L,0,1,4785,More than 1,A,Platinum,65820
39683,Female,Urban,Bachelor,5L-10L,1,2,4054,1,A,Gold,64260
40353,Female,Urban,High School,5L-10L,0,2,3839,More than 1,A,Platinum,104016
78118,Male,Urban,Bachelor,5L-10L,0,6,3971,More than 1,A,Platinum,57972
13303,Female,Urban,High School,5L-10L,0,2,3230,1,C,Silver,63156
24761,Male,Rural,High School,More than 10L,1,6,2200,1,A,Platinum,29796
76525,Male,Rural,Bachelor,5L-10L,1,5,2350,More than 1,C,Silver,95340
73994,Female,Urban,Bachelor,2L-5L,1,7,2188,More than 1,B,Silver,72168
37880,Female,Urban,High School,<=2L,1,4,5371,More than 1,A,Platinum,95340
73587,Female,Rural,High School,2L-5L,1,0,0,1,A,Platinum,61308
78478,Female,Rural,Bachelor,5L-10L,1,8,0,More than 1,A,Platinum,103992
25673,Female,Urban,Bachelor,5L-10L,1,3,0,1,A,Silver,30768
41937,Female,Urban,High School,5L-10L,1,6,0,More than 1,B,Silver,476160
56164,Male,Urban,Bachelor,5L-10L,0,7,2013,More than 1,B,Gold,66648
53998,Female,Urban,High School,5L-10L,1,5,4254,More than 1,A,Platinum,105552
16105,Male,Rural,Others,5L-10L,1,7,0,1,A,Gold,45432
34580,Female,Urban,High School,More than 10L,1,5,0,1,B,Silver,38412
21566,Male,Urban,High School,2L-5L,1,3,5919,1,A,Silver,36744
35287,Male,Urban,Bachelor,5L-10L,1,8,4083,More than 1,C,Platinum,103716
71908,Female,Urban,High School,5L-10L,1,5,2964,More than 1,A,Gold,94080
28774,Female,Urban,Others,5L-10L,0,2,6083,1,B,Platinum,34764
65510,Female,Urban,High School,2L-5L,1,2,5856,1,B,Gold,33696
85825,Female,Urban,Bachelor,More than 10L,0,7,0,More than 1,B,Gold,102876
31148,Male,Rural,Others,5L-10L,1,4,2089,More than 1,A,Silver,67812
68677,Male,Urban,Others,2L-5L,0,7,9807,More than 1,B,Silver,101532
64966,Male,Rural,Bachelor,2L-5L,1,0,0,1,C,Platinum,32580
61510,Male,Urban,Bachelor,5L-10L,1,1,2806,More than 1,A,Platinum,33576
52482,Male,Urban,Bachelor,5L-10L,0,2,4160,More than 1,A,Platinum,445560
86169,Male,Urban,High School,5L-10L,1,6,2843,1,A,Platinum,52776
24068,Male,Urban,High School,More than 10L,1,0,2146,1,B,Platinum,34356
5532,Male,Urban,High School,5L-10L,0,5,18622,1,A,Platinum,53676
44180,Male,Rural,High School,5L-10L,1,8,0,1,B,Platinum,45576
86541,Male,Rural,Bachelor,5L-10L,1,7,0,1,C,Gold,34884
21793,Male,Urban,High School,More than 10L,1,6,0,More than 1,A,Gold,104820
67507,Male,Rural,High School,5L-10L,1,7,0,More than 1,B,Gold,67560
41235,Female,Urban,High School,More than 10L,1,3,6798,1,A,Platinum,61908
22665,Male,Rural,Bachelor,More than 10L,1,8,0,More than 1,B,Platinum,66432
52265,Male,Rural,High School,2L-5L,1,7,0,More than 1,B,Platinum,68532
81611,Male,Rural,High School,5L-10L,1,2,0,More than 1,A,Gold,63792
59464,Female,Urban,Bachelor,More than 10L,1,6,2716,1,A,Platinum,29604
13145,Female,Rural,High School,More than 10L,0,6,9516,More than 1,A,Platinum,100788
85313,Female,Urban,High School,5L-10L,1,4,5793,More than 1,A,Platinum,62820
82077,Male,Urban,High School,More than 10L,1,5,6007,1,A,Silver,33696
3079,Male,Urban,High School,5L-10L,1,6,5370,More than 1,B,Platinum,103752
51350,Male,Urban,Bachelor,5L-10L,0,4,12861,More than 1,A,Silver,110484
36046,Male,Urban,Bachelor,5L-10L,1,8,0,1,B,Silver,43512
4822,Male,Urban,Others,5L-10L,0,2,11426,More than 1,B,Platinum,109608
14733,Male,Rural,Bachelor,5L-10L,1,8,3107,More than 1,B,Platinum,55884
13895,Female,Urban,High School,2L-5L,1,6,0,More than 1,B,Silver,71076
60435,Female,Urban,High School,2L-5L,0,6,3422,1,B,Silver,46536
88614,Male,Urban,Bachelor,More than 10L,1,4,2329,1,B,Gold,58104
4868,Female,Urban,Bachelor,2L-5L,1,7,3115,1,A,Platinum,36432
73970,Female,Urban,High School,5L-10L,1,7,3005,1,A,Silver,35364
75592,Male,Urban,High School,5L-10L,1,0,0,More than 1,A,Platinum,49440
48655,Male,Urban,High School,More than 10L,0,8,3936,1,B,Silver,37812
45224,Female,Urban,High School,5L-10L,1,8,3127,1,C,Silver,38700
2910,Male,Rural,High School,More than 10L,1,3,2102,More than 1,B,Platinum,62268
32880,Male,Urban,High School,5L-10L,1,6,0,More than 1,C,Platinum,96276
73421,Female,Urban,High School,More than 10L,1,3,2132,More than 1,B,Gold,73932
51823,Male,Urban,Bachelor,2L-5L,1,4,10083,More than 1,A,Gold,153732
51255,Male,Rural,Others,5L-10L,1,2,6041,1,B,Silver,36240
21781,Female,Urban,Bachelor,2L-5L,0,1,2074,1,A,Silver,56808
83962,Male,Urban,High School,5L-10L,1,3,0,1,A,Platinum,55896
20501,Male,Urban,High School,2L-5L,0,4,6378,More than 1,A,Platinum,298968
87019,Male,Rural,High School,5L-10L,1,8,2917,More than 1,B,Platinum,72660
13597,Male,Urban,Bachelor,More than 10L,1,6,2524,More than 1,B,Gold,64056
51281,Female,Urban,High School,More than 10L,0,7,2117,More than 1,A,Gold,69864
44463,Male,Urban,High School,5L-10L,1,5,6145,1,B,Silver,35076
88726,Male,Rural,Bachelor,5L-10L,0,1,0,1,A,Platinum,50532
59581,Male,Urban,Bachelor,5L-10L,1,5,6604,1,C,Gold,37884
14899,Female,Urban,Others,5L-10L,0,4,5944,1,B,Platinum,33348
80789,Female,Rural,Bachelor,5L-10L,1,3,0,1,A,Gold,38196
26668,Female,Urban,High School,More than 10L,0,1,6386,1,C,Silver,55596
2026,Male,Urban,High School,2L-5L,0,6,6123,1,A,Gold,39840
70034,Female,Urban,High School,5L-10L,0,5,6233,More than 1,A,Platinum,107376
81232,Male,Urban,Bachelor,5L-10L,1,1,0,More than 1,B,Platinum,65688
70467,Female,Urban,High School,2L-5L,0,2,3608,More than 1,A,Platinum,96372
51481,Male,Urban,High School,2L-5L,0,5,5520,1,A,Platinum,37884
40739,Female,Rural,High School,More than 10L,0,2,0,1,B,Platinum,34536
63131,Male,Rural,Bachelor,5L-10L,1,1,0,More than 1,B,Gold,62568
11236,Male,Rural,Bachelor,5L-10L,1,6,5073,1,B,Silver,31632
16070,Male,Urban,High School,5L-10L,0,1,3194,1,A,Platinum,42696
81730,Male,Urban,High School,5L-10L,1,2,5942,1,A,Silver,35196
86837,Female,Rural,High School,More than 10L,1,7,2379,More than 1,C,Gold,77784
67839,Male,Rural,Bachelor,More than 10L,1,8,7107,More than 1,A,Gold,94440
53231,Male,Urban,Bachelor,5L-10L,0,2,3661,More than 1,A,Silver,104652
79752,Male,Urban,Bachelor,5L-10L,0,6,0,1,B,Platinum,32784
42801,Male,Urban,Bachelor,5L-10L,1,7,0,More than 1,B,Platinum,64692
58752,Male,Urban,High School,5L-10L,1,6,2532,More than 1,B,Gold,72216
69688,Male,Urban,High School,5L-10L,1,6,5736,More than 1,A,Platinum,107076
26454,Male,Rural,Bachelor,More than 10L,1,7,6324,More than 1,B,Platinum,64500
734,Male,Urban,Bachelor,5L-10L,1,2,6156,More than 1,A,Silver,66336
62516,Female,Urban,High School,5L-10L,0,6,6272,More than 1,A,Platinum,88752
35392,Female,Urban,Bachelor,5L-10L,1,3,3614,1,A,Silver,50604
10628,Male,Urban,Others,2L-5L,1,7,0,1,B,Silver,39864
26471,Male,Urban,High School,2L-5L,0,6,20176,More than 1,A,Platinum,139392
82338,Female,Rural,High School,5L-10L,0,5,7034,More than 1,A,Platinum,102960
46181,Male,Urban,Bachelor,5L-10L,1,4,3733,More than 1,C,Silver,275976
71577,Female,Urban,High School,2L-5L,1,6,5495,More than 1,A,Platinum,192624
1890,Male,Urban,High School,2L-5L,1,5,8065,More than 1,B,Gold,80700
44896,Male,Urban,High School,More than 10L,0,7,9207,More than 1,A,Platinum,76920
63513,Male,Rural,High School,5L-10L,0,2,0,1,A,Silver,31284
66013,Male,Rural,Bachelor,5L-10L,0,3,2825,More than 1,B,Silver,73800
46572,Male,Urban,High School,5L-10L,1,0,6637,1,A,Platinum,45816
39510,Female,Urban,High School,2L-5L,1,7,5328,1,A,Silver,44052
36846,Male,Urban,Bachelor,5L-10L,1,6,2985,1,A,Platinum,33852
28871,Male,Urban,High School,2L-5L,1,6,5486,1,A,Silver,32136
57254,Female,Urban,High School,2L-5L,1,7,4031,More than 1,C,Gold,53124
3339,Female,Urban,High School,2L-5L,0,3,2308,1,A,Silver,54444
56384,Female,Urban,High School,5L-10L,1,7,7637,1,C,Silver,45576
52307,Male,Rural,Bachelor,More than 10L,1,6,0,1,B,Platinum,45600
22149,Female,Urban,High School,2L-5L,1,8,5629,More than 1,B,Silver,65712
36462,Female,Urban,Bachelor,5L-10L,1,2,10703,More than 1,B,Silver,108036
64489,Female,Urban,High School,<=2L,0,3,3625,1,A,Silver,52176
41589,Female,Urban,High School,5L-10L,1,0,0,1,A,Platinum,37476
14270,Female,Rural,High School,5L-10L,1,3,0,More than 1,C,Platinum,66144
11673,Male,Rural,Others,5L-10L,1,4,0,1,A,Platinum,31584
3933,Male,Urban,Bachelor,5L-10L,1,6,6061,1,A,Gold,47688
40013,Male,Urban,Bachelor,2L-5L,0,4,5665,More than 1,A,Gold,197028
58736,Male,Rural,High School,More than 10L,1,4,0,More than 1,B,Gold,59376
58956,Male,Rural,High School,5L-10L,1,3,2895,More than 1,A,Platinum,71220
51540,Male,Rural,Others,5L-10L,0,6,3479,More than 1,A,Platinum,95496
63179,Female,Urban,High School,More than 10L,1,0,0,1,A,Silver,35640
15005,Male,Urban,High School,2L-5L,1,5,2530,More than 1,B,Silver,68340
78595,Female,Urban,Bachelor,2L-5L,1,5,5622,More than 1,A,Silver,100644
13662,Female,Rural,High School,More than 10L,1,3,0,1,B,Gold,37200
74427,Male,Urban,High School,5L-10L,1,3,6587,1,C,Platinum,36636
70980,Female,Rural,High School,5L-10L,1,0,0,More than 1,B,Platinum,65076
81682,Male,Rural,Bachelor,5L-10L,0,0,3449,More than 1,A,Silver,92064
33014,Female,Urban,Bachelor,5L-10L,1,5,5247,1,A,Gold,34536
41764,Female,Urban,High School,2L-5L,1,2,5664,More than 1,A,Platinum,87984
57215,Female,Rural,High School,5L-10L,1,6,4836,1,A,Gold,30816
9035,Male,Urban,High School,2L-5L,1,1,7585,1,A,Silver,40128
42673,Male,Urban,High School,2L-5L,0,4,5889,1,A,Platinum,40884
84471,Male,Rural,Bachelor,5L-10L,1,6,0,1,A,Silver,103908
2589,Male,Urban,Bachelor,5L-10L,1,4,3659,1,C,Platinum,32424
60353,Female,Urban,High School,2L-5L,1,5,6882,1,A,Platinum,40488
26475,Female,Rural,Bachelor,2L-5L,1,4,2817,1,B,Platinum,39708
56470,Male,Rural,Bachelor,More than 10L,1,3,2064,1,B,Gold,34164
54944,Male,Urban,Bachelor,2L-5L,0,6,10713,1,B,Platinum,58044
89290,Male,Urban,High School,5L-10L,0,2,7093,More than 1,A,Gold,42864
53143,Female,Urban,High School,2L-5L,1,5,5993,More than 1,B,Gold,88860
29164,Male,Urban,High School,5L-10L,1,6,0,1,A,Gold,37356
47132,Male,Urban,Bachelor,2L-5L,0,4,6839,More than 1,B,Silver,378816
86777,Female,Urban,High School,More than 10L,1,5,3717,1,C,Platinum,37056
30007,Male,Urban,High School,5L-10L,0,2,7861,1,C,Silver,35160
87658,Male,Urban,Bachelor,5L-10L,0,7,2048,1,A,Gold,51036
47326,Male,Rural,Bachelor,2L-5L,1,7,0,1,A,Platinum,32316
10877,Female,Urban,Bachelor,5L-10L,0,5,0,1,A,Silver,31716
8767,Male,Rural,High School,More than 10L,1,5,2048,1,A,Silver,32952
52710,Female,Urban,High School,5L-10L,0,4,6764,More than 1,C,Silver,105204
65511,Female,Urban,High School,More than 10L,0,4,6930,More than 1,A,Platinum,98796
39801,Male,Urban,Bachelor,5L-10L,1,7,5722,1,A,Platinum,34488
50675,Male,Rural,Bachelor,More than 10L,0,8,0,More than 1,B,Platinum,70656
25645,Female,Rural,High School,More than 10L,1,0,0,1,B,Silver,36744
62587,Male,Rural,Bachelor,5L-10L,0,2,0,1,A,Silver,33372
49764,Female,Urban,High School,More than 10L,1,3,0,More than 1,A,Platinum,99240
17353,Female,Urban,High School,2L-5L,0,3,0,More than 1,A,Silver,101316
88924,Female,Urban,High School,5L-10L,1,6,0,More than 1,B,Silver,61680
14261,Female,Rural,High School,2L-5L,1,0,0,More than 1,C,Gold,164892
55762,Male,Rural,Bachelor,5L-10L,0,7,3175,More than 1,C,Gold,30192
10089,Male,Urban,Bachelor,5L-10L,1,4,3923,More than 1,A,Platinum,51024
61850,Female,Urban,High School,2L-5L,1,5,5229,More than 1,A,Platinum,104064
20650,Female,Urban,High School,More than 10L,0,3,6507,More than 1,A,Silver,95952
66755,Female,Urban,High School,2L-5L,1,4,4930,More than 1,B,Platinum,92856
27193,Male,Urban,Bachelor,5L-10L,1,6,8998,1,C,Platinum,52200
56862,Male,Urban,Bachelor,More than 10L,1,0,2475,1,A,Platinum,31512
42450,Female,Urban,Bachelor,5L-10L,1,7,4331,1,A,Gold,45396
5141,Female,Rural,High School,5L-10L,1,5,5930,More than 1,A,Platinum,86508
24755,Male,Rural,Others,5L-10L,1,5,0,1,B,Silver,41700
1064,Female,Urban,High School,5L-10L,0,5,4374,1,A,Silver,46116
1169,Female,Urban,High School,2L-5L,0,2,3007,More than 1,A,Silver,101472
40999,Male,Rural,High School,More than 10L,1,6,2593,1,A,Silver,32016
24605,Male,Urban,High School,5L-10L,1,4,9978,1,B,Gold,52332
33464,Female,Rural,High School,5L-10L,1,8,0,1,B,Platinum,32640
76465,Female,Urban,High School,5L-10L,1,5,4975,More than 1,A,Platinum,102780
34995,Female,Urban,High School,5L-10L,1,4,3164,1,A,Gold,47124
12340,Female,Urban,Others,5L-10L,1,2,5868,1,C,Gold,37512
14256,Female,Rural,High School,2L-5L,1,7,0,More than 1,A,Platinum,63372
30359,Male,Urban,Bachelor,2L-5L,0,2,5893,1,A,Platinum,34524
34846,Male,Rural,Bachelor,5L-10L,1,2,3647,1,A,Silver,56616
18151,Male,Urban,High School,5L-10L,0,1,0,More than 1,A,Platinum,94164
71538,Female,Rural,High School,More than 10L,1,8,0,1,B,Platinum,33444
88906,Male,Urban,Bachelor,2L-5L,1,5,5511,1,C,Gold,34464
38311,Female,Urban,Bachelor,5L-10L,0,7,8245,More than 1,B,Gold,108792
26070,Female,Urban,Bachelor,5L-10L,1,8,0,More than 1,A,Platinum,35352
48457,Female,Urban,High School,2L-5L,1,7,3834,More than 1,A,Platinum,114216
69318,Male,Urban,High School,5L-10L,0,3,5419,1,A,Platinum,35508
82782,Male,Rural,Bachelor,5L-10L,0,1,0,1,A,Platinum,50196
82723,Female,Urban,Bachelor,5L-10L,1,7,0,More than 1,B,Silver,70080
7991,Female,Urban,Bachelor,5L-10L,1,7,5475,More than 1,B,Silver,71172
25938,Female,Urban,High School,5L-10L,1,0,2953,More than 1,A,Gold,163296
75128,Male,Rural,Bachelor,More than 10L,1,4,0,1,B,Platinum,36312
82176,Male,Urban,Others,2L-5L,1,6,6166,1,A,Silver,33036
76798,Female,Rural,Others,5L-10L,1,4,0,1,A,Silver,35148
15595,Female,Urban,Bachelor,5L-10L,0,3,4148,1,A,Silver,47748
29177,Male,Urban,High School,2L-5L,0,2,18291,More than 1,A,Gold,138360
73402,Male,Rural,Bachelor,5L-10L,0,6,2573,1,A,Platinum,64800
53567,Female,Urban,Bachelor,5L-10L,0,5,4873,More than 1,B,Gold,104640
46420,Male,Rural,High School,More than 10L,1,5,0,1,B,Platinum,30720
72690,Female,Urban,High School,More than 10L,1,6,12326,More than 1,A,Platinum,101136
72789,Male,Urban,Bachelor,2L-5L,1,8,3133,More than 1,B,Platinum,183468
66422,Male,Urban,High School,5L-10L,1,7,23953,More than 1,B,Gold,93252
85776,Male,Urban,Bachelor,5L-10L,1,3,2450,More than 1,A,Platinum,65688
66180,Female,Urban,Bachelor,More than 10L,1,8,2046,More than 1,B,Platinum,72756
87521,Female,Rural,High School,More than 10L,1,6,0,More than 1,A,Platinum,67428
60447,Female,Rural,High School,More than 10L,0,6,2184,More than 1,B,Silver,63132
58104,Female,Rural,High School,5L-10L,0,5,5292,More than 1,A,Gold,117132
13302,Male,Rural,High School,5L-10L,1,8,3720,1,B,Platinum,47016
2172,Male,Urban,High School,5L-10L,0,7,4327,More than 1,A,Gold,281436
25631,Male,Urban,High School,5L-10L,1,2,2896,1,A,Gold,63204
53834,Male,Urban,High School,5L-10L,0,7,2313,1,B,Gold,39012
87407,Female,Rural,Bachelor,5L-10L,1,3,0,1,B,Gold,42360
521,Male,Urban,High School,More than 10L,1,6,6668,1,B,Gold,38364
50718,Male,Urban,Bachelor,More than 10L,1,7,6203,1,A,Silver,36360
30810,Female,Rural,Bachelor,5L-10L,0,4,0,More than 1,B,Platinum,65736
53010,Male,Rural,High School,More than 10L,0,0,2843,1,B,Silver,33048
65101,Male,Rural,High School,5L-10L,0,3,4020,More than 1,B,Platinum,68568
58893,Female,Rural,Others,More than 10L,0,3,0,More than 1,A,Silver,73596
23821,Female,Urban,Bachelor,5L-10L,1,6,6276,More than 1,A,Platinum,94848
67440,Male,Rural,Bachelor,More than 10L,1,4,0,More than 1,A,Platinum,66696
66585,Male,Rural,Bachelor,2L-5L,0,1,0,More than 1,B,Platinum,57720
88179,Female,Urban,Others,5L-10L,0,6,0,1,A,Platinum,37248
33842,Female,Rural,Bachelor,5L-10L,0,8,8963,More than 1,A,Platinum,68316
43167,Male,Urban,High School,5L-10L,1,1,2651,More than 1,A,Platinum,61728
56427,Female,Urban,High School,5L-10L,1,1,0,More than 1,B,Gold,341268
68662,Male,Rural,High School,More than 10L,1,7,0,More than 1,A,Platinum,59100
41009,Male,Urban,Bachelor,5L-10L,1,6,3876,1,A,Platinum,52488
84630,Female,Urban,High School,5L-10L,0,3,6649,More than 1,A,Platinum,106500
52026,Female,Rural,Others,5L-10L,1,4,0,1,B,Silver,49584
34903,Female,Urban,High School,More than 10L,1,8,3930,More than 1,A,Platinum,85644
321,Female,Rural,High School,5L-10L,1,2,2552,More than 1,A,Gold,59568
71025,Female,Rural,High School,2L-5L,1,2,0,More than 1,B,Silver,96120
21893,Male,Rural,Bachelor,5L-10L,1,4,6956,More than 1,A,Platinum,104556
35400,Male,Urban,High School,<=2L,0,2,6908,More than 1,A,Silver,100140
66419,Male,Urban,Bachelor,2L-5L,1,6,5421,More than 1,A,Platinum,68856
80960,Female,Urban,High School,5L-10L,0,5,16095,1,A,Platinum,35148
7800,Female,Urban,High School,5L-10L,1,7,2345,More than 1,B,Platinum,70296
66228,Female,Rural,Bachelor,5L-10L,1,5,4163,1,B,Silver,45000
27858,Female,Urban,High School,5L-10L,1,1,5269,1,A,Silver,39252
72793,Female,Urban,Bachelor,2L-5L,1,8,5009,More than 1,A,Platinum,105816
27324,Male,Urban,Bachelor,2L-5L,1,4,5183,More than 1,A,Gold,114744
25922,Female,Rural,Bachelor,5L-10L,0,7,2317,More than 1,B,Platinum,75024
12764,Female,Urban,Others,5L-10L,0,5,2549,More than 1,A,Gold,95760
67699,Male,Urban,Bachelor,5L-10L,1,1,7311,More than 1,A,Platinum,97836
28795,Male,Rural,Others,More than 10L,1,1,0,1,A,Platinum,34464
35814,Female,Urban,High School,5L-10L,0,2,4208,More than 1,A,Platinum,89628
54084,Male,Urban,Others,<=2L,0,8,6416,1,A,Silver,33060
25713,Female,Rural,Bachelor,More than 10L,1,0,2469,More than 1,A,Silver,67908
57555,Male,Rural,High School,5L-10L,1,7,2110,1,C,Silver,36144
66033,Male,Urban,High School,5L-10L,1,2,4219,1,A,Gold,51720
28870,Female,Urban,Bachelor,2L-5L,1,4,5746,More than 1,A,Gold,57048
6671,Male,Urban,High School,5L-10L,1,3,5242,1,A,Platinum,31596
23512,Female,Rural,High School,5L-10L,0,1,2009,More than 1,B,Platinum,94512
15155,Male,Urban,High School,5L-10L,0,7,3922,More than 1,A,Platinum,97032
34355,Female,Urban,High School,2L-5L,1,5,8489,1,C,Gold,50736
87855,Male,Urban,High School,5L-10L,1,8,2257,More than 1,B,Platinum,62628
50358,Male,Rural,Bachelor,5L-10L,1,8,2296,1,A,Platinum,37284
12452,Male,Urban,High School,More than 10L,0,8,16568,1,A,Gold,37704
50433,Male,Urban,Bachelor,More than 10L,1,7,10515,More than 1,A,Silver,114732
43488,Male,Urban,High School,5L-10L,1,5,3924,1,A,Gold,47616
76047,Male,Urban,Bachelor,<=2L,1,5,6313,1,A,Platinum,47844
27118,Male,Urban,High School,5L-10L,1,4,4168,More than 1,B,Gold,70260
20621,Male,Urban,High School,2L-5L,0,7,12379,More than 1,B,Silver,103572
48829,Female,Rural,High School,5L-10L,0,4,0,More than 1,A,Silver,71940
48522,Female,Urban,High School,2L-5L,0,7,0,1,B,Gold,32328
25444,Female,Urban,High School,5L-10L,1,7,2284,More than 1,A,Silver,186276
71206,Male,Rural,Bachelor,5L-10L,0,0,5137,1,A,Gold,46452
45182,Female,Rural,Bachelor,More than 10L,1,7,0,More than 1,B,Platinum,72792
65287,Female,Rural,Bachelor,5L-10L,1,6,0,1,C,Platinum,31428
42679,Male,Rural,Bachelor,5L-10L,0,7,0,1,B,Platinum,49356
64506,Female,Urban,High School,2L-5L,1,3,6438,1,A,Platinum,33708
88163,Female,Rural,High School,2L-5L,0,0,2412,More than 1,B,Silver,70164
5451,Male,Urban,High School,More than 10L,1,6,0,More than 1,A,Platinum,98616
88976,Male,Urban,Bachelor,5L-10L,0,4,7550,1,A,Gold,57840
21470,Male,Urban,Bachelor,5L-10L,1,5,3720,More than 1,B,Platinum,59208
83075,Male,Urban,High School,2L-5L,1,2,5717,1,A,Platinum,67116
68985,Female,Urban,High School,More than 10L,1,7,2041,More than 1,B,Platinum,65916
35320,Male,Urban,High School,5L-10L,1,3,6214,More than 1,A,Platinum,100740
74585,Male,Rural,Bachelor,5L-10L,1,7,0,1,B,Platinum,52536
45490,Female,Urban,High School,5L-10L,1,6,9772,More than 1,A,Platinum,101712
28478,Male,Urban,High School,5L-10L,1,2,7622,More than 1,A,Platinum,69264
39595,Male,Rural,Bachelor,5L-10L,0,6,0,More than 1,A,Silver,72840
35231,Male,Urban,Bachelor,5L-10L,0,3,11286,1,A,Platinum,61284
39036,Female,Urban,High School,5L-10L,1,4,6228,1,A,Platinum,32892
43792,Male,Urban,Others,2L-5L,1,3,5214,1,A,Platinum,31752
40574,Female,Urban,Bachelor,5L-10L,1,1,5034,More than 1,A,Silver,63324
80280,Female,Urban,Bachelor,5L-10L,1,1,5331,1,A,Gold,31296
61413,Female,Urban,High School,More than 10L,0,5,4112,More than 1,A,Platinum,93312
55144,Female,Rural,Bachelor,2L-5L,1,8,3196,More than 1,B,Platinum,63600
69361,Male,Urban,Bachelor,5L-10L,1,7,2300,1,B,Gold,43788
80746,Female,Urban,Bachelor,2L-5L,0,8,4732,1,B,Platinum,52824
44209,Male,Urban,Others,More than 10L,0,6,0,1,A,Platinum,31740
195,Female,Rural,High School,5L-10L,1,1,2386,1,C,Platinum,34656
4945,Male,Rural,High School,2L-5L,1,2,3472,1,A,Silver,48672
12696,Male,Urban,Bachelor,5L-10L,1,7,25096,1,A,Silver,40272
23011,Female,Urban,Bachelor,5L-10L,1,7,5710,More than 1,A,Platinum,91560
75492,Male,Urban,Bachelor,5L-10L,0,5,8197,More than 1,A,Platinum,106044
26995,Female,Urban,High School,5L-10L,1,4,3543,More than 1,A,Platinum,97080
5847,Female,Rural,High School,5L-10L,1,8,0,1,B,Platinum,30708
3313,Male,Rural,Bachelor,5L-10L,0,3,0,1,A,Platinum,29460
64458,Male,Rural,High School,2L-5L,1,6,4047,1,B,Silver,73644
88920,Female,Urban,Bachelor,More than 10L,1,5,2194,More than 1,B,Platinum,74196
50918,Male,Rural,Others,5L-10L,0,7,0,1,B,Platinum,55464
84512,Male,Rural,High School,More than 10L,1,5,0,1,A,Gold,44268
2903,Female,Urban,High School,5L-10L,1,4,4351,1,B,Gold,47460
24727,Male,Urban,High School,2L-5L,0,7,7677,More than 1,B,Platinum,342912
53362,Male,Rural,Bachelor,5L-10L,0,7,0,More than 1,B,Platinum,73512
6639,Male,Urban,High School,2L-5L,0,1,3228,More than 1,A,Platinum,62808
42306,Female,Urban,High School,More than 10L,1,7,3939,More than 1,A,Gold,61296
508,Female,Urban,Bachelor,2L-5L,0,4,9321,1,A,Gold,60576
1888,Male,Urban,Bachelor,2L-5L,1,7,3895,1,A,Platinum,48816
9760,Male,Urban,Others,5L-10L,1,1,6272,More than 1,C,Silver,87396
8583,Female,Rural,Bachelor,More than 10L,1,5,0,1,A,Silver,34872
46545,Male,Rural,High School,5L-10L,1,4,2892,More than 1,B,Silver,74028
18619,Male,Rural,Bachelor,More than 10L,1,1,0,1,A,Silver,52308
37791,Male,Urban,High School,More than 10L,1,1,0,1,B,Platinum,28800
6823,Female,Urban,Others,5L-10L,0,4,6860,1,C,Silver,33564
81858,Male,Urban,Bachelor,5L-10L,0,2,0,1,A,Silver,35916
60152,Female,Rural,High School,More than 10L,1,0,0,1,A,Gold,39276
46328,Male,Rural,High School,5L-10L,0,7,2285,More than 1,A,Gold,107508
36358,Female,Rural,Bachelor,5L-10L,0,2,5884,More than 1,A,Silver,73668
86705,Male,Urban,High School,5L-10L,1,4,5176,1,A,Gold,40656
67174,Female,Rural,Bachelor,5L-10L,0,6,4810,1,B,Silver,34584
57958,Female,Urban,Bachelor,<=2L,0,3,6010,More than 1,B,Gold,68364
77628,Female,Urban,High School,More than 10L,1,1,7641,1,A,Platinum,30000
84667,Female,Rural,Bachelor,5L-10L,1,0,0,1,A,Platinum,33384
4623,Female,Urban,High School,5L-10L,0,6,5681,1,A,Silver,46668
58675,Female,Rural,High School,2L-5L,0,4,5882,More than 1,A,Platinum,60216
71002,Male,Rural,High School,More than 10L,1,2,6801,More than 1,C,Platinum,105204
74786,Male,Urban,Bachelor,More than 10L,0,1,4530,1,A,Platinum,35988
47578,Female,Rural,High School,5L-10L,1,6,2487,More than 1,B,Gold,60540
73163,Male,Rural,Bachelor,5L-10L,0,6,2338,More than 1,B,Gold,101808
50812,Female,Urban,High School,5L-10L,1,5,4082,More than 1,A,Platinum,87996
75527,Male,Urban,High School,5L-10L,1,7,3047,More than 1,B,Silver,103920
23640,Female,Urban,High School,More than 10L,1,2,3608,1,A,Platinum,45588
35715,Male,Rural,Bachelor,More than 10L,1,6,2439,More than 1,A,Silver,69120
38357,Male,Rural,Bachelor,5L-10L,0,8,6792,More than 1,A,Gold,105468
24524,Female,Rural,High School,More than 10L,1,6,0,1,B,Silver,35148
17683,Male,Urban,Bachelor,5L-10L,0,3,8587,More than 1,B,Platinum,69204
32922,Male,Rural,Bachelor,5L-10L,1,8,3386,More than 1,A,Silver,101568
79259,Female,Urban,High School,2L-5L,0,6,7338,More than 1,C,Gold,60108
55413,Male,Urban,Bachelor,5L-10L,1,2,2520,More than 1,B,Platinum,75816
85192,Female,Rural,High School,5L-10L,0,0,0,More than 1,A,Platinum,69936
60136,Female,Urban,High School,More than 10L,0,2,18005,1,C,Platinum,47640
53822,Male,Urban,High School,2L-5L,1,3,5467,1,A,Gold,28704
53027,Male,Rural,Bachelor,5L-10L,1,4,2452,1,A,Platinum,95796
15730,Female,Urban,Others,5L-10L,0,5,4536,1,A,Silver,61944
26336,Male,Urban,High School,5L-10L,1,6,6296,1,C,Platinum,45720
54138,Male,Urban,Bachelor,2L-5L,1,7,0,More than 1,B,Gold,60456
74904,Female,Rural,Bachelor,5L-10L,1,0,2082,1,C,Gold,35760
32794,Male,Urban,High School,5L-10L,0,3,5384,More than 1,A,Platinum,66984
82185,Male,Urban,Bachelor,5L-10L,1,2,2163,1,A,Platinum,48732
15607,Female,Rural,High School,5L-10L,0,6,5889,More than 1,A,Platinum,67572
914,Female,Urban,High School,<=2L,1,5,0,1,A,Platinum,60072
88362,Female,Urban,High School,More than 10L,0,2,0,More than 1,B,Gold,73560
52970,Male,Urban,Bachelor,2L-5L,0,7,5324,More than 1,A,Gold,62892
7497,Female,Urban,High School,5L-10L,0,8,3823,More than 1,A,Platinum,93240
60281,Male,Urban,High School,2L-5L,1,6,6273,More than 1,A,Platinum,103104
62441,Female,Urban,High School,5L-10L,1,6,6749,More than 1,C,Platinum,100116
83239,Male,Rural,Bachelor,5L-10L,1,5,0,1,B,Silver,31536
68393,Male,Urban,Bachelor,5L-10L,1,5,6008,More than 1,C,Gold,107808
22926,Male,Urban,Bachelor,2L-5L,0,8,5550,More than 1,B,Gold,71352
64385,Male,Rural,Bachelor,More than 10L,0,8,4512,More than 1,B,Platinum,63084
44612,Male,Urban,Others,2L-5L,1,8,0,1,A,Gold,39768
58034,Female,Urban,High School,5L-10L,1,5,3543,More than 1,A,Platinum,108900
61085,Female,Rural,Bachelor,5L-10L,0,8,0,1,B,Silver,56952
13022,Male,Urban,High School,5L-10L,1,8,2551,1,C,Silver,35232
59058,Female,Urban,High School,5L-10L,0,2,2616,More than 1,A,Silver,96636
5687,Female,Urban,Bachelor,5L-10L,0,7,4824,More than 1,A,Platinum,103332
17788,Female,Rural,Bachelor,5L-10L,0,8,3655,1,B,Platinum,54528
51239,Male,Urban,High School,More than 10L,1,2,8840,More than 1,A,Platinum,106056
74571,Male,Rural,Bachelor,5L-10L,1,5,2116,1,A,Platinum,38808
12545,Male,Rural,Bachelor,2L-5L,1,7,3250,More than 1,B,Platinum,69300
17020,Female,Urban,Bachelor,5L-10L,0,5,9082,More than 1,A,Silver,113388
8728,Female,Rural,High School,More than 10L,0,7,2667,1,C,Silver,55992
27579,Male,Urban,Bachelor,2L-5L,1,3,3932,More than 1,B,Platinum,127152
83088,Female,Urban,Bachelor,5L-10L,0,6,2972,1,A,Platinum,50052
52610,Male,Urban,High School,2L-5L,0,5,3436,More than 1,A,Platinum,131952
78333,Male,Urban,Bachelor,2L-5L,0,1,8575,1,A,Silver,33840
15105,Female,Urban,High School,5L-10L,1,3,0,More than 1,B,Gold,96072
10874,Male,Urban,High School,5L-10L,1,3,7083,1,B,Silver,74028
44409,Female,Urban,High School,2L-5L,0,1,9820,1,A,Gold,49596
8204,Male,Urban,High School,2L-5L,0,0,0,1,A,Platinum,49260
22739,Male,Rural,Bachelor,5L-10L,1,4,0,More than 1,A,Platinum,64872
18765,Male,Rural,High School,5L-10L,0,6,0,1,C,Silver,33408
16710,Female,Rural,High School,2L-5L,1,8,0,More than 1,B,Platinum,71424
26469,Female,Urban,High School,5L-10L,1,8,4004,1,A,Platinum,32484
54638,Female,Rural,High School,More than 10L,0,6,0,1,A,Gold,50268
22980,Male,Urban,High School,5L-10L,0,5,5139,1,C,Silver,35676
37472,Female,Urban,High School,More than 10L,0,5,6549,More than 1,A,Gold,103932
37276,Female,Urban,Bachelor,2L-5L,1,7,6716,More than 1,A,Silver,49032
88275,Female,Urban,High School,2L-5L,0,5,5750,More than 1,A,Platinum,31308
18355,Female,Urban,High School,2L-5L,1,4,3462,More than 1,A,Platinum,88716
34247,Male,Urban,Bachelor,5L-10L,0,7,6794,More than 1,C,Gold,133548
35592,Male,Rural,Bachelor,2L-5L,1,4,0,More than 1,B,Silver,60204
59410,Male,Urban,High School,5L-10L,1,8,4015,1,A,Platinum,36660
64592,Female,Rural,High School,5L-10L,0,7,2906,More than 1,B,Platinum,73440
81068,Female,Urban,Bachelor,5L-10L,0,5,8144,More than 1,A,Platinum,93156
31662,Female,Rural,High School,5L-10L,1,3,3860,More than 1,B,Platinum,60024
52205,Male,Urban,High School,5L-10L,0,5,3534,1,A,Gold,66216
41337,Male,Urban,Bachelor,2L-5L,1,6,6863,More than 1,B,Gold,67212
37109,Female,Rural,High School,5L-10L,0,6,0,1,A,Gold,32664
51727,Female,Urban,High School,More than 10L,1,2,3620,More than 1,B,Platinum,72576
15959,Female,Rural,Others,5L-10L,1,8,5121,1,A,Silver,52548
89306,Female,Urban,High School,5L-10L,1,5,3879,More than 1,A,Gold,94644
74666,Female,Urban,High School,More than 10L,1,1,3144,More than 1,A,Platinum,61176
62396,Female,Urban,Bachelor,2L-5L,0,6,6526,More than 1,A,Silver,166656
53891,Female,Urban,High School,5L-10L,0,5,6624,1,A,Silver,49992
14647,Female,Urban,High School,5L-10L,0,7,6353,More than 1,A,Platinum,102228
15459,Female,Urban,Others,5L-10L,1,6,5582,1,A,Silver,29772
37702,Male,Urban,High School,More than 10L,1,8,4129,More than 1,A,Silver,103188
47988,Male,Rural,Bachelor,5L-10L,1,0,6053,1,B,Gold,55956
80866,Male,Rural,Bachelor,2L-5L,1,7,5600,More than 1,C,Gold,158100
15686,Female,Rural,Bachelor,5L-10L,0,2,0,More than 1,A,Silver,67476
20144,Male,Urban,Bachelor,5L-10L,0,7,5862,More than 1,A,Platinum,123432
56450,Male,Urban,Bachelor,5L-10L,1,7,3870,1,A,Platinum,52716
33058,Male,Urban,Bachelor,More than 10L,1,1,5790,1,A,Gold,38196
14596,Female,Urban,High School,5L-10L,1,1,5609,1,A,Gold,48396
40098,Male,Rural,High School,5L-10L,1,6,5647,1,B,Platinum,56616
19202,Male,Rural,Bachelor,More than 10L,0,2,5558,More than 1,A,Platinum,97968
53116,Male,Urban,High School,5L-10L,0,6,5526,1,A,Gold,32160
25385,Male,Urban,High School,5L-10L,1,4,3683,1,A,Silver,35580
36000,Female,Urban,Bachelor,<=2L,0,2,9160,1,B,Platinum,68352
56633,Female,Urban,High School,5L-10L,1,7,2554,More than 1,B,Platinum,65352
15413,Male,Urban,Bachelor,5L-10L,0,7,5002,More than 1,A,Platinum,122916
15163,Male,Rural,Others,2L-5L,1,8,0,1,B,Silver,70344
68156,Male,Urban,Bachelor,2L-5L,1,2,8793,More than 1,A,Gold,109404
43347,Male,Urban,High School,2L-5L,1,3,4960,1,A,Platinum,35004
4730,Female,Urban,Bachelor,<=2L,1,3,5437,1,A,Silver,50868
57168,Male,Rural,Bachelor,5L-10L,0,8,0,More than 1,B,Platinum,178056
27,Female,Urban,High School,2L-5L,1,7,3166,1,A,Platinum,48684
24492,Male,Urban,Bachelor,2L-5L,1,6,4118,1,A,Silver,36996
26835,Male,Urban,Bachelor,5L-10L,1,5,3968,More than 1,B,Silver,69684
45170,Male,Urban,Bachelor,2L-5L,1,6,5534,More than 1,A,Platinum,102600
75957,Male,Urban,Bachelor,5L-10L,1,6,3987,More than 1,A,Gold,68340
48322,Male,Rural,Bachelor,5L-10L,0,5,3263,1,A,Gold,32928
88936,Female,Urban,High School,5L-10L,0,1,3999,More than 1,A,Gold,60972
36977,Female,Urban,High School,2L-5L,0,3,10631,More than 1,A,Platinum,98784
51214,Male,Urban,Others,2L-5L,1,7,2218,1,B,Silver,63324
86159,Female,Urban,High School,5L-10L,0,2,3372,More than 1,A,Gold,74400
13181,Male,Urban,High School,5L-10L,1,6,2597,More than 1,A,Platinum,93444
35997,Male,Urban,High School,More than 10L,1,2,2210,1,B,Silver,54984
17982,Male,Urban,High School,2L-5L,1,8,0,More than 1,B,Gold,64920
39572,Male,Urban,Bachelor,5L-10L,0,5,5936,1,A,Gold,34728
72770,Male,Urban,High School,2L-5L,0,6,5668,1,A,Platinum,31248
46756,Male,Urban,Bachelor,5L-10L,1,2,5073,1,A,Silver,37740
71957,Male,Rural,Bachelor,5L-10L,0,7,5239,More than 1,B,Silver,73956
68360,Male,Rural,High School,5L-10L,1,8,5396,1,A,Platinum,52320
23055,Male,Rural,Bachelor,5L-10L,0,2,11495,More than 1,A,Platinum,108000
4929,Female,Urban,High School,2L-5L,1,6,12560,1,A,Platinum,47760
31119,Female,Urban,High School,More than 10L,0,4,6668,1,A,Platinum,35568
42098,Male,Urban,High School,5L-10L,1,8,6648,1,A,Platinum,65016
68125,Female,Urban,High School,5L-10L,0,5,3808,More than 1,A,Gold,138792
69001,Female,Rural,High School,5L-10L,1,1,3218,More than 1,A,Platinum,63660
76810,Female,Rural,High School,2L-5L,0,7,0,More than 1,B,Platinum,75156
21548,Male,Urban,Bachelor,More than 10L,1,8,5817,More than 1,A,Platinum,90156
50860,Female,Rural,Bachelor,5L-10L,0,4,4907,More than 1,C,Gold,65868
11581,Male,Urban,Bachelor,More than 10L,1,1,2755,1,A,Platinum,33912
87445,Male,Urban,High School,5L-10L,1,7,2543,More than 1,B,Platinum,49800
74228,Male,Urban,High School,2L-5L,0,3,5742,More than 1,A,Gold,194808
4958,Male,Rural,Bachelor,More than 10L,1,4,3680,More than 1,A,Silver,94296
7079,Female,Urban,High School,5L-10L,1,6,3642,More than 1,A,Platinum,90264
16569,Male,Urban,High School,2L-5L,1,1,2067,1,A,Silver,40356
76397,Male,Urban,High School,5L-10L,1,1,5421,1,B,Gold,37440
71566,Male,Rural,High School,More than 10L,1,4,0,1,C,Platinum,46224
46087,Male,Rural,Bachelor,2L-5L,0,6,4910,More than 1,A,Platinum,64668
80236,Female,Urban,High School,More than 10L,0,5,7752,More than 1,A,Gold,112548
52421,Female,Urban,High School,5L-10L,1,4,11158,More than 1,B,Platinum,110556
46885,Male,Urban,High School,5L-10L,0,4,9378,More than 1,A,Platinum,123024
37552,Male,Rural,High School,5L-10L,1,6,0,1,A,Silver,34056
69743,Male,Rural,High School,5L-10L,1,0,0,1,A,Platinum,51780
4821,Female,Rural,Others,5L-10L,0,5,4898,1,A,Gold,35556
1684,Male,Urban,High School,5L-10L,1,8,5407,1,A,Platinum,35976
36015,Female,Urban,Bachelor,More than 10L,0,8,20891,More than 1,A,Platinum,75672
50113,Male,Rural,High School,5L-10L,1,4,0,More than 1,B,Platinum,257748
11639,Female,Urban,Bachelor,5L-10L,0,1,3800,More than 1,A,Silver,139644
36191,Male,Urban,Bachelor,5L-10L,0,1,5594,1,A,Gold,35940
5920,Male,Rural,Bachelor,More than 10L,1,5,0,More than 1,B,Platinum,69816
63824,Male,Rural,High School,5L-10L,1,3,0,1,A,Gold,30504
37208,Male,Rural,Bachelor,More than 10L,1,6,2154,More than 1,B,Platinum,68052
3773,Male,Rural,Bachelor,5L-10L,1,0,0,More than 1,B,Silver,70308
36377,Male,Urban,High School,5L-10L,0,8,9983,More than 1,A,Platinum,301020
43394,Male,Rural,Bachelor,More than 10L,1,6,2865,More than 1,B,Silver,72384
60618,Male,Rural,Bachelor,2L-5L,0,8,2816,More than 1,B,Platinum,70524
4171,Female,Urban,Bachelor,<=2L,0,3,5875,More than 1,A,Silver,161472
5146,Male,Rural,Bachelor,5L-10L,0,8,0,1,A,Platinum,41748
6117,Female,Rural,High School,More than 10L,0,1,0,1,B,Silver,59016
67741,Female,Rural,Bachelor,More than 10L,1,7,2529,More than 1,A,Platinum,68448
50282,Male,Urban,Others,2L-5L,0,7,7139,1,B,Platinum,54084
84048,Female,Urban,High School,2L-5L,0,6,3669,1,A,Platinum,49596
40274,Male,Rural,High School,5L-10L,0,5,2427,1,B,Platinum,56460
10595,Female,Urban,Others,2L-5L,0,7,5407,1,B,Platinum,34344
84267,Male,Urban,High School,5L-10L,0,3,0,1,A,Gold,70440
825,Female,Rural,High School,5L-10L,1,2,2245,1,A,Silver,50100
83524,Female,Urban,High School,5L-10L,1,4,2067,1,A,Platinum,32772
67680,Female,Rural,Bachelor,More than 10L,1,7,2943,More than 1,B,Silver,63240
66923,Male,Rural,High School,More than 10L,1,3,0,1,B,Platinum,31896
17547,Male,Urban,Bachelor,2L-5L,1,5,5290,1,A,Silver,34368
60021,Male,Urban,High School,5L-10L,1,4,6477,More than 1,A,Platinum,107880
10370,Female,Rural,High School,5L-10L,0,1,3649,1,C,Platinum,35364
65279,Male,Urban,High School,5L-10L,1,2,3063,More than 1,B,Silver,95784
46280,Male,Urban,High School,More than 10L,0,2,10436,More than 1,A,Gold,102960
83186,Male,Rural,Bachelor,5L-10L,1,8,2829,1,A,Platinum,53820
69754,Male,Rural,Bachelor,5L-10L,0,5,6725,1,A,Platinum,38196
5575,Male,Urban,Bachelor,2L-5L,1,8,5952,More than 1,A,Platinum,70608
8522,Male,Urban,High School,5L-10L,1,5,6497,1,A,Platinum,63480
16712,Female,Urban,Others,More than 10L,1,4,2092,More than 1,B,Silver,66540
12398,Female,Urban,Bachelor,More than 10L,0,5,7457,More than 1,B,Silver,107160
82690,Male,Urban,High School,5L-10L,1,1,9555,More than 1,A,Silver,139788
36372,Female,Rural,High School,2L-5L,1,5,2593,More than 1,B,Silver,65952
86684,Male,Rural,High School,5L-10L,1,3,0,1,A,Platinum,30924
22348,Female,Urban,Bachelor,5L-10L,1,1,2491,1,A,Platinum,70176
55923,Male,Rural,Bachelor,5L-10L,0,1,0,1,A,Silver,43512
72255,Female,Urban,Bachelor,5L-10L,1,2,5466,More than 1,A,Platinum,71808
69930,Male,Rural,Bachelor,2L-5L,1,5,0,1,B,Silver,32412
51323,Male,Rural,High School,5L-10L,1,5,11374,1,A,Platinum,50736
68119,Female,Rural,Others,5L-10L,1,0,0,1,A,Gold,64236
10357,Male,Urban,High School,More than 10L,1,4,5677,1,B,Silver,36588
70628,Male,Urban,Bachelor,2L-5L,1,3,7704,1,A,Silver,33684
1844,Male,Urban,High School,2L-5L,1,5,3993,More than 1,A,Gold,95460
70927,Female,Rural,Bachelor,5L-10L,0,6,15111,More than 1,B,Gold,106092
68617,Female,Rural,Others,5L-10L,0,2,6524,More than 1,A,Gold,53256
21124,Female,Urban,Others,More than 10L,1,1,3358,1,B,Gold,34272
24021,Female,Urban,High School,More than 10L,1,0,4684,1,A,Platinum,32736
7549,Male,Urban,High School,5L-10L,1,5,4336,More than 1,A,Platinum,87492
62434,Female,Urban,High School,5L-10L,0,2,7269,1,A,Gold,61140
16905,Male,Rural,High School,5L-10L,1,4,2336,More than 1,B,Platinum,93972
32167,Male,Urban,Bachelor,5L-10L,1,2,0,1,A,Gold,33984
51532,Male,Rural,High School,5L-10L,0,2,5157,1,A,Gold,54108
68919,Male,Urban,High School,2L-5L,1,3,4161,More than 1,B,Silver,73296
51483,Female,Urban,Bachelor,5L-10L,1,7,6730,1,A,Silver,64848
40348,Female,Urban,Bachelor,2L-5L,0,6,8153,More than 1,C,Platinum,373824
61082,Male,Urban,Bachelor,5L-10L,1,7,4237,More than 1,A,Platinum,130980
77945,Female,Urban,High School,5L-10L,1,2,11085,1,A,Platinum,53028
39090,Female,Urban,Bachelor,More than 10L,0,3,4989,More than 1,A,Silver,65232
43556,Female,Urban,High School,2L-5L,1,2,2349,1,B,Platinum,33384
47129,Male,Urban,High School,More than 10L,1,3,4413,More than 1,A,Platinum,66840
9432,Male,Rural,High School,5L-10L,1,6,3672,More than 1,B,Gold,59196
45160,Female,Rural,Others,5L-10L,0,5,4423,More than 1,B,Silver,154500
66805,Male,Urban,Bachelor,More than 10L,1,4,0,More than 1,B,Platinum,61692
45464,Male,Rural,High School,5L-10L,0,1,3935,More than 1,C,Platinum,89040
58726,Female,Urban,Bachelor,5L-10L,0,4,2137,More than 1,A,Gold,94560
82328,Male,Urban,Bachelor,5L-10L,1,2,5359,1,C,Gold,51936
12743,Female,Rural,Bachelor,More than 10L,1,7,0,More than 1,B,Gold,73464
12786,Female,Urban,Bachelor,2L-5L,0,7,5687,1,A,Platinum,32172
63366,Male,Rural,High School,5L-10L,0,6,4351,1,B,Silver,47328
61999,Female,Urban,High School,2L-5L,0,6,9617,1,A,Platinum,54780
1118,Male,Urban,Bachelor,5L-10L,1,2,3902,1,B,Gold,56652
64342,Male,Urban,Bachelor,5L-10L,0,4,7083,More than 1,A,Platinum,98772
47237,Male,Rural,Bachelor,More than 10L,0,5,3642,1,A,Platinum,57240
34130,Female,Urban,High School,5L-10L,0,7,6001,1,A,Gold,63540
32059,Female,Urban,Others,More than 10L,1,6,0,1,B,Platinum,43512
68670,Male,Urban,Bachelor,5L-10L,0,3,6821,More than 1,A,Gold,119136
88874,Female,Urban,High School,2L-5L,1,6,5908,1,C,Silver,34548
3328,Male,Urban,High School,More than 10L,0,1,2617,More than 1,A,Gold,94392
42743,Female,Urban,Bachelor,5L-10L,0,1,6716,More than 1,A,Silver,59736
34761,Female,Rural,Bachelor,2L-5L,0,3,2107,More than 1,B,Silver,114468
65471,Female,Rural,High School,5L-10L,1,2,4830,1,B,Silver,46860
62085,Male,Urban,High School,5L-10L,0,8,6325,1,A,Silver,35460
47583,Female,Urban,Bachelor,5L-10L,0,3,4353,1,A,Platinum,62244
26291,Male,Rural,High School,5L-10L,0,5,2715,1,A,Silver,48012
10378,Male,Rural,High School,5L-10L,0,4,0,More than 1,A,Platinum,49524
82780,Female,Urban,Bachelor,2L-5L,1,7,5427,1,A,Gold,48168
43970,Female,Urban,Bachelor,2L-5L,1,1,3767,More than 1,A,Gold,63156
34105,Male,Urban,Bachelor,5L-10L,0,2,6056,1,A,Platinum,45984
85275,Female,Urban,Bachelor,2L-5L,1,6,4722,1,A,Silver,47916
62709,Female,Urban,Bachelor,5L-10L,0,7,6823,More than 1,A,Silver,72588
53013,Male,Urban,High School,5L-10L,1,8,0,More than 1,A,Gold,62028
7662,Female,Urban,Bachelor,2L-5L,0,6,4366,More than 1,A,Platinum,92880
13804,Female,Rural,High School,More than 10L,1,0,0,1,B,Gold,49128
66263,Female,Rural,Bachelor,5L-10L,1,8,0,1,B,Platinum,63084
58460,Female,Rural,Bachelor,More than 10L,0,0,3759,More than 1,B,Gold,65472
62009,Male,Urban,High School,5L-10L,0,6,4690,1,A,Silver,34020
21953,Male,Urban,Bachelor,2L-5L,0,7,5666,More than 1,B,Silver,99864
41341,Female,Urban,High School,5L-10L,0,5,2043,More than 1,B,Gold,62304
67163,Female,Urban,Bachelor,5L-10L,1,6,5912,More than 1,A,Silver,64860
24083,Female,Rural,Bachelor,5L-10L,1,5,0,More than 1,B,Platinum,69156
41969,Female,Rural,High School,5L-10L,1,3,0,1,B,Silver,69348
40809,Female,Rural,High School,More than 10L,1,5,2566,More than 1,C,Gold,105324
3584,Male,Rural,High School,5L-10L,1,8,2342,More than 1,B,Silver,101712
5551,Male,Rural,Bachelor,5L-10L,1,6,0,1,C,Gold,31800
72888,Male,Urban,Bachelor,2L-5L,0,8,12172,More than 1,A,Platinum,201108
56968,Female,Urban,Bachelor,2L-5L,1,4,6016,More than 1,A,Platinum,259908
56117,Female,Urban,High School,2L-5L,1,5,8002,1,C,Silver,64500
24273,Male,Urban,High School,More than 10L,0,1,4279,More than 1,B,Platinum,115260
17673,Female,Urban,High School,<=2L,1,6,5901,More than 1,A,Platinum,60588
78766,Male,Urban,High School,5L-10L,0,7,0,More than 1,C,Silver,60600
5849,Male,Urban,Bachelor,2L-5L,0,8,4098,More than 1,B,Platinum,105264
30333,Male,Rural,High School,5L-10L,0,4,0,1,A,Gold,30444
10705,Male,Urban,High School,2L-5L,0,7,0,More than 1,B,Gold,93720
31696,Female,Urban,Bachelor,More than 10L,0,5,4296,More than 1,A,Platinum,97908
82891,Female,Urban,Bachelor,5L-10L,1,7,4292,1,A,Platinum,45924
9962,Female,Rural,Bachelor,2L-5L,0,7,5547,More than 1,B,Silver,67068
8171,Male,Rural,Bachelor,2L-5L,1,6,0,More than 1,C,Platinum,66060
25121,Female,Rural,High School,5L-10L,1,5,6407,1,C,Silver,52356
76596,Male,Urban,Bachelor,2L-5L,0,7,10831,More than 1,B,Platinum,108864
18536,Male,Urban,High School,2L-5L,1,4,5522,1,A,Silver,31428
37813,Male,Urban,Bachelor,5L-10L,0,6,6800,1,A,Silver,57816
29885,Male,Rural,Bachelor,5L-10L,1,7,2209,1,B,Platinum,53244
74687,Female,Urban,Bachelor,5L-10L,1,8,0,More than 1,B,Platinum,64452
35975,Female,Urban,High School,More than 10L,1,4,5545,1,A,Platinum,46356
3469,Female,Rural,Bachelor,More than 10L,0,8,2386,More than 1,B,Silver,72780
82984,Female,Urban,High School,5L-10L,0,3,6082,1,A,Platinum,48876
68500,Male,Urban,Bachelor,More than 10L,1,0,2586,More than 1,A,Gold,101076
69467,Male,Urban,High School,5L-10L,0,8,10760,More than 1,A,Platinum,108900
31936,Male,Urban,High School,5L-10L,1,4,7711,1,A,Gold,50604
1771,Male,Urban,Bachelor,2L-5L,0,5,3737,More than 1,A,Platinum,98556
21238,Male,Urban,High School,More than 10L,1,6,6018,1,A,Platinum,45372
34737,Male,Rural,Bachelor,5L-10L,1,2,2549,1,B,Silver,37452
37748,Male,Rural,Bachelor,2L-5L,1,5,4447,More than 1,A,Gold,71400
19063,Male,Urban,Bachelor,2L-5L,1,5,6539,More than 1,A,Platinum,109416
82929,Male,Urban,Bachelor,5L-10L,1,7,7750,More than 1,A,Platinum,115644
20162,Female,Urban,High School,2L-5L,0,1,5797,1,C,Platinum,63180
78224,Female,Rural,Bachelor,5L-10L,0,1,3031,1,A,Silver,50184
87857,Female,Urban,High School,5L-10L,0,7,8856,More than 1,A,Gold,63504
26821,Female,Urban,Others,5L-10L,0,8,6739,1,A,Platinum,43728
29034,Female,Urban,High School,More than 10L,1,1,2475,More than 1,B,Platinum,68796
33526,Female,Urban,Bachelor,2L-5L,0,7,5773,More than 1,A,Platinum,102132
64523,Female,Rural,Others,5L-10L,1,6,5605,1,C,Gold,56700
82467,Male,Rural,High School,5L-10L,1,4,2587,More than 1,A,Platinum,91860
23855,Male,Rural,High School,5L-10L,1,3,0,More than 1,B,Platinum,61764
43761,Male,Urban,Bachelor,5L-10L,1,0,5806,More than 1,A,Platinum,105096
20378,Female,Urban,High School,5L-10L,1,5,2360,More than 1,B,Silver,73488
30006,Male,Urban,High School,More than 10L,0,4,4521,More than 1,A,Platinum,90108
39268,Male,Urban,Others,5L-10L,0,5,4154,1,A,Platinum,52572
11257,Male,Urban,High School,2L-5L,0,7,5584,More than 1,B,Silver,72396
6279,Male,Urban,High School,2L-5L,0,4,6027,More than 1,A,Platinum,68568
20114,Male,Rural,Bachelor,More than 10L,1,7,0,1,B,Platinum,35412
17510,Male,Urban,Bachelor,5L-10L,1,5,6683,More than 1,C,Gold,311064
9566,Female,Rural,Bachelor,5L-10L,1,5,0,More than 1,B,Silver,69828
11558,Male,Rural,High School,More than 10L,1,1,0,1,A,Gold,32364
12820,Female,Rural,High School,5L-10L,1,7,6708,More than 1,A,Platinum,45084
47500,Female,Urban,High School,5L-10L,0,7,2615,More than 1,C,Silver,147624
44676,Female,Urban,Bachelor,5L-10L,0,6,6548,1,A,Silver,51936
87777,Female,Rural,High School,5L-10L,1,3,0,More than 1,A,Platinum,109632
79327,Male,Rural,High School,More than 10L,0,8,0,More than 1,C,Platinum,83364
87331,Female,Urban,High School,5L-10L,0,1,4867,1,A,Platinum,44064
15772,Male,Urban,High School,2L-5L,1,2,5394,1,A,Platinum,37884
52665,Female,Urban,High School,2L-5L,0,7,4135,More than 1,B,Platinum,66276
69472,Female,Urban,Bachelor,2L-5L,0,5,9318,More than 1,A,Platinum,104088
42341,Female,Urban,High School,More than 10L,0,8,3699,More than 1,A,Gold,60900
80847,Male,Rural,Bachelor,2L-5L,1,7,3389,More than 1,B,Gold,71520
42977,Female,Urban,High School,2L-5L,1,5,11164,More than 1,A,Platinum,97032
48493,Male,Urban,High School,5L-10L,1,6,8173,More than 1,A,Silver,93324
81393,Male,Rural,Others,2L-5L,0,2,0,1,A,Gold,29544
76377,Male,Urban,Others,2L-5L,1,6,0,1,A,Platinum,48336
13640,Female,Rural,Bachelor,More than 10L,1,6,2392,More than 1,B,Platinum,108756
61698,Male,Urban,Bachelor,2L-5L,0,6,6231,More than 1,B,Platinum,62748
24126,Female,Urban,High School,5L-10L,0,5,5022,1,A,Gold,35340
62983,Female,Rural,High School,5L-10L,1,5,2215,1,A,Silver,44580
80737,Male,Rural,Bachelor,5L-10L,1,6,0,1,A,Platinum,54516
65114,Female,Rural,Others,5L-10L,1,7,0,More than 1,B,Gold,64332
23952,Male,Rural,High School,5L-10L,1,4,0,More than 1,A,Silver,68748
42908,Female,Urban,Bachelor,5L-10L,0,4,5200,1,C,Gold,32136
80415,Female,Rural,High School,5L-10L,0,6,3897,1,A,Silver,36924
89244,Male,Urban,Others,More than 10L,0,5,3222,More than 1,B,Platinum,55092
20368,Male,Rural,Bachelor,5L-10L,1,8,3864,1,A,Platinum,59988
74757,Male,Urban,High School,5L-10L,1,7,15461,More than 1,A,Gold,131868
79667,Female,Rural,Bachelor,5L-10L,1,5,2093,More than 1,B,Silver,74160
17526,Female,Rural,Bachelor,5L-10L,0,3,0,More than 1,B,Silver,68436
9503,Female,Rural,Bachelor,5L-10L,0,0,3528,More than 1,A,Platinum,67248
43170,Male,Rural,High School,5L-10L,1,6,5334,1,A,Gold,33288
55473,Male,Rural,Others,2L-5L,0,6,0,1,B,Silver,32328
26795,Female,Urban,High School,5L-10L,0,6,4884,1,B,Gold,33348
43000,Male,Urban,High School,2L-5L,1,4,9206,1,A,Platinum,48624
72431,Male,Urban,Others,5L-10L,0,6,4239,1,A,Platinum,46584
31933,Female,Urban,High School,5L-10L,0,2,3887,More than 1,A,Gold,66180
73077,Male,Urban,High School,5L-10L,1,6,6135,1,A,Silver,35928
45179,Female,Urban,High School,<=2L,0,1,3884,More than 1,A,Silver,108888
50376,Female,Urban,High School,More than 10L,0,5,10010,1,A,Silver,60372
14440,Male,Rural,Bachelor,5L-10L,1,7,0,1,A,Silver,42540
41946,Male,Urban,High School,5L-10L,0,7,8667,More than 1,A,Platinum,62400
3720,Male,Urban,High School,5L-10L,1,6,2162,1,A,Platinum,35616
12569,Male,Urban,High School,5L-10L,0,1,4073,More than 1,A,Platinum,63636
26680,Female,Urban,High School,5L-10L,1,2,0,1,A,Gold,33612
49445,Female,Urban,Bachelor,2L-5L,0,2,3833,More than 1,A,Gold,121464
14597,Male,Rural,Bachelor,More than 10L,1,0,2362,1,A,Platinum,45252
17524,Male,Urban,Bachelor,2L-5L,1,4,17338,More than 1,B,Platinum,62760
64600,Male,Urban,Bachelor,5L-10L,1,5,0,1,A,Silver,58044
45563,Male,Urban,High School,5L-10L,1,0,4210,More than 1,A,Platinum,101280
77780,Male,Urban,Bachelor,More than 10L,1,8,2205,More than 1,A,Gold,87204
55409,Female,Urban,Others,2L-5L,1,7,17281,More than 1,A,Silver,106464
45605,Female,Rural,Others,5L-10L,1,7,5460,1,A,Platinum,53064
73635,Female,Rural,High School,5L-10L,0,4,0,1,C,Platinum,34872
80092,Male,Urban,High School,2L-5L,0,2,7115,More than 1,A,Platinum,98532
40983,Female,Rural,Bachelor,5L-10L,0,7,2138,1,A,Gold,47112
80030,Male,Urban,Bachelor,2L-5L,1,6,0,1,A,Silver,49356
62178,Female,Urban,Bachelor,2L-5L,0,1,5024,1,C,Silver,46248
76122,Female,Urban,High School,5L-10L,1,8,4977,1,A,Platinum,34524
72311,Female,Urban,High School,5L-10L,0,5,4789,1,B,Platinum,34152
4704,Male,Rural,Others,5L-10L,0,7,3711,More than 1,B,Platinum,79068
16663,Female,Urban,High School,5L-10L,1,7,0,More than 1,B,Gold,74352
40971,Female,Urban,Bachelor,5L-10L,0,8,5826,More than 1,B,Silver,69036
83702,Female,Rural,Bachelor,More than 10L,1,1,2127,More than 1,B,Silver,64368
40119,Male,Urban,High School,5L-10L,0,7,2613,1,C,Silver,52836
71070,Female,Urban,Bachelor,More than 10L,0,3,4873,More than 1,A,Platinum,99120
38739,Male,Urban,High School,5L-10L,1,0,5204,1,A,Platinum,32760
1736,Male,Urban,Bachelor,2L-5L,1,1,3914,More than 1,B,Silver,157272
12269,Male,Urban,High School,5L-10L,1,0,6990,More than 1,A,Platinum,95340
67866,Female,Urban,High School,2L-5L,1,6,5025,More than 1,A,Platinum,98508
51452,Male,Rural,High School,5L-10L,1,0,0,1,B,Silver,44604
82849,Male,Urban,Bachelor,5L-10L,1,2,5960,1,B,Silver,38340
31657,Male,Urban,Bachelor,2L-5L,0,7,7288,More than 1,B,Gold,105888
53138,Male,Urban,Bachelor,5L-10L,1,1,2050,1,A,Platinum,37116
33156,Female,Rural,Bachelor,5L-10L,1,2,0,More than 1,C,Silver,70584
15659,Female,Rural,High School,5L-10L,1,6,2436,1,A,Platinum,56988
57222,Female,Urban,Bachelor,5L-10L,0,5,5890,More than 1,A,Gold,101832
14929,Male,Rural,Bachelor,5L-10L,1,2,6200,1,A,Silver,52800
48224,Male,Rural,Bachelor,5L-10L,1,2,2140,1,C,Silver,46032
25510,Male,Rural,Bachelor,5L-10L,1,8,0,1,C,Silver,33180
24742,Female,Urban,Others,2L-5L,1,4,5267,1,C,Gold,31056
51169,Female,Urban,Bachelor,5L-10L,1,6,2015,1,A,Gold,32364
80902,Female,Rural,Others,5L-10L,1,7,0,1,B,Platinum,49608
39342,Female,Urban,High School,2L-5L,1,1,3677,More than 1,A,Platinum,95220
37385,Male,Urban,High School,5L-10L,0,3,6156,1,A,Platinum,52584
49441,Female,Urban,High School,5L-10L,0,4,0,More than 1,B,Platinum,66276
23694,Male,Rural,High School,More than 10L,1,6,0,1,A,Silver,44100
32971,Female,Rural,Bachelor,5L-10L,0,8,0,More than 1,B,Platinum,70872
67696,Female,Rural,Bachelor,2L-5L,1,8,4735,1,A,Platinum,51336
2595,Male,Rural,High School,5L-10L,1,5,3501,1,A,Platinum,48432
76774,Female,Urban,High School,2L-5L,0,6,4468,1,C,Gold,50220
32872,Male,Rural,Bachelor,More than 10L,1,7,3150,1,B,Platinum,42144
7748,Male,Urban,High School,5L-10L,0,5,3518,More than 1,C,Gold,69552
63945,Female,Urban,High School,5L-10L,0,1,6141,1,A,Gold,56304
78081,Male,Urban,High School,2L-5L,0,4,9619,More than 1,B,Platinum,44004
45203,Female,Rural,Bachelor,5L-10L,1,5,3612,1,A,Platinum,55920
69411,Male,Urban,Bachelor,2L-5L,0,8,6134,More than 1,A,Gold,65892
26805,Male,Rural,Bachelor,5L-10L,0,1,4318,More than 1,A,Platinum,63048
11204,Male,Rural,Bachelor,5L-10L,1,5,2670,1,A,Platinum,55284
52607,Male,Urban,High School,More than 10L,1,6,4793,1,C,Platinum,45048
39267,Male,Urban,Bachelor,More than 10L,0,6,4254,More than 1,C,Gold,102960
27204,Female,Rural,High School,5L-10L,1,2,3724,1,A,Platinum,29748
44240,Male,Urban,Bachelor,2L-5L,1,0,6711,More than 1,C,Silver,98880
47428,Male,Urban,High School,5L-10L,0,7,5599,1,B,Platinum,32052
20559,Female,Rural,High School,5L-10L,0,3,0,1,A,Silver,38868
61744,Male,Urban,High School,5L-10L,1,3,3524,More than 1,A,Platinum,90804
56454,Male,Urban,Bachelor,2L-5L,1,8,2122,More than 1,B,Gold,58632
87734,Male,Rural,High School,More than 10L,1,6,0,1,B,Gold,36900
76131,Male,Urban,Bachelor,2L-5L,1,2,2776,More than 1,B,Silver,71112
5189,Male,Urban,High School,5L-10L,1,6,12272,More than 1,C,Silver,160500
67288,Female,Urban,Bachelor,5L-10L,0,7,3830,More than 1,A,Gold,40896
63005,Female,Rural,Bachelor,5L-10L,1,5,4536,1,A,Gold,44208
45646,Female,Urban,High School,More than 10L,1,2,8278,1,A,Platinum,33972
19612,Female,Urban,High School,5L-10L,0,7,8332,1,A,Gold,48516
66782,Male,Urban,High School,5L-10L,0,1,4778,1,A,Platinum,40032
86732,Male,Rural,Bachelor,More than 10L,1,4,2129,More than 1,A,Platinum,99600
72673,Female,Urban,High School,2L-5L,0,8,2632,More than 1,B,Silver,70104
60858,Male,Rural,Bachelor,5L-10L,1,5,5380,1,A,Gold,65028
61515,Female,Urban,High School,5L-10L,1,6,0,1,A,Platinum,64032
30087,Female,Urban,Others,5L-10L,1,5,10335,More than 1,A,Platinum,102672
78273,Female,Urban,Bachelor,2L-5L,1,2,6848,More than 1,A,Platinum,196296
27098,Male,Urban,Bachelor,5L-10L,0,3,5637,More than 1,A,Silver,113964
2642,Male,Rural,Bachelor,2L-5L,1,8,3017,More than 1,B,Silver,42708
31336,Male,Urban,High School,5L-10L,1,8,17758,1,C,Gold,62736
73162,Male,Rural,High School,5L-10L,1,6,0,1,A,Platinum,33456
7485,Female,Rural,Bachelor,5L-10L,1,2,0,More than 1,A,Silver,87672
79347,Male,Urban,High School,2L-5L,1,8,6112,1,A,Platinum,65760
41674,Female,Urban,High School,More than 10L,0,7,0,More than 1,A,Gold,95136
85919,Female,Rural,High School,More than 10L,1,6,0,1,B,Silver,37056
54259,Male,Rural,Bachelor,More than 10L,0,7,2015,More than 1,B,Platinum,52692
19420,Female,Rural,Others,5L-10L,0,6,0,1,C,Silver,35628
14040,Female,Urban,Bachelor,5L-10L,1,3,0,1,A,Platinum,31776
50485,Male,Urban,Bachelor,5L-10L,0,0,5715,1,A,Platinum,52944
41137,Male,Urban,High School,5L-10L,1,5,2216,More than 1,A,Gold,56304
18382,Female,Urban,High School,5L-10L,1,4,7124,1,A,Platinum,51660
71132,Female,Urban,Bachelor,More than 10L,1,4,8517,1,A,Gold,36552
44810,Female,Urban,Bachelor,5L-10L,0,4,5431,More than 1,A,Platinum,98472
22350,Female,Urban,High School,5L-10L,1,3,2488,More than 1,A,Platinum,93648
71720,Male,Urban,High School,5L-10L,1,5,5248,1,A,Platinum,37068
9126,Female,Rural,Bachelor,2L-5L,0,5,0,More than 1,B,Silver,61092
17812,Female,Urban,Bachelor,5L-10L,1,7,2075,1,A,Platinum,33852
1180,Male,Urban,Bachelor,5L-10L,0,2,8505,More than 1,A,Silver,542052
9323,Male,Urban,Bachelor,2L-5L,0,7,3666,More than 1,A,Platinum,101772
47411,Female,Rural,Bachelor,5L-10L,0,2,0,1,A,Platinum,43404
20735,Male,Urban,Bachelor,5L-10L,0,6,3160,1,A,Silver,48204
9512,Female,Rural,High School,5L-10L,0,0,0,More than 1,A,Platinum,67656
14194,Female,Rural,High School,More than 10L,1,4,0,More than 1,B,Platinum,65712
50279,Male,Urban,Bachelor,5L-10L,0,1,5645,More than 1,A,Platinum,109164
80377,Female,Rural,Others,More than 10L,0,5,0,1,C,Silver,50028
35410,Male,Urban,Bachelor,<=2L,0,4,3492,More than 1,A,Platinum,168180
49797,Male,Urban,Others,5L-10L,0,7,5438,1,B,Silver,36540
71236,Female,Urban,Bachelor,2L-5L,1,6,5262,1,A,Gold,42648
68886,Female,Rural,High School,2L-5L,1,3,3509,1,A,Platinum,62112
51864,Female,Urban,Others,5L-10L,1,5,8496,1,A,Platinum,52356
69531,Male,Rural,High School,More than 10L,1,6,5143,1,A,Gold,36252
44075,Male,Urban,High School,5L-10L,1,6,4652,1,C,Silver,37020
76811,Female,Urban,Bachelor,More than 10L,1,0,0,More than 1,B,Platinum,68832
74109,Male,Rural,Others,5L-10L,1,6,4649,1,A,Platinum,34584
33171,Male,Urban,High School,5L-10L,1,6,11550,More than 1,B,Silver,146352
50625,Male,Urban,Bachelor,5L-10L,1,4,5416,1,A,Gold,33240
43368,Female,Rural,Bachelor,5L-10L,0,7,0,1,B,Silver,51300
23095,Male,Rural,High School,More than 10L,0,3,0,1,B,Silver,56004
68746,Female,Rural,High School,More than 10L,1,7,3050,1,B,Platinum,61932
39952,Female,Urban,Bachelor,More than 10L,1,6,3348,1,A,Gold,34992
82628,Female,Urban,Others,5L-10L,0,6,5059,More than 1,A,Platinum,63504
79508,Female,Rural,High School,More than 10L,0,1,0,1,A,Gold,36888
30184,Male,Rural,High School,5L-10L,1,0,0,1,A,Silver,33636
88815,Male,Urban,High School,5L-10L,1,7,5943,1,C,Platinum,54348
82,Female,Rural,High School,2L-5L,1,3,5403,More than 1,B,Silver,71496
38217,Male,Urban,High School,5L-10L,0,6,6235,1,A,Gold,47376
31767,Female,Rural,Bachelor,5L-10L,0,7,0,More than 1,A,Platinum,65220
14272,Female,Rural,Bachelor,5L-10L,0,6,2749,More than 1,B,Silver,71940
66351,Male,Urban,High School,More than 10L,0,1,11123,More than 1,A,Silver,99684
10996,Male,Urban,Others,5L-10L,1,6,2594,1,A,Platinum,57804
19939,Female,Rural,Bachelor,More than 10L,0,7,0,1,B,Silver,63672
67422,Male,Urban,Bachelor,2L-5L,1,2,5915,More than 1,C,Gold,110016
2530,Female,Urban,High School,5L-10L,1,2,5202,1,A,Platinum,31668
67716,Female,Urban,Others,5L-10L,0,3,0,1,B,Gold,65568
20100,Female,Urban,High School,5L-10L,1,2,3843,More than 1,A,Platinum,29940
68255,Female,Urban,Bachelor,2L-5L,1,7,0,1,B,Platinum,73416
88901,Male,Urban,High School,5L-10L,0,6,6209,1,B,Platinum,60924
69241,Male,Rural,Others,More than 10L,1,8,2584,1,A,Gold,44304
21619,Male,Urban,High School,5L-10L,0,6,0,1,A,Silver,35136
8329,Female,Rural,Bachelor,5L-10L,1,2,10942,1,A,Platinum,47664
28716,Male,Urban,Bachelor,5L-10L,0,2,6113,More than 1,C,Platinum,70872
52848,Female,Rural,High School,5L-10L,1,6,2027,More than 1,A,Platinum,94920
54912,Male,Urban,Bachelor,5L-10L,0,8,17502,More than 1,A,Silver,112380
74475,Male,Urban,Bachelor,More than 10L,1,3,2336,More than 1,A,Platinum,89028
27377,Male,Urban,Bachelor,5L-10L,1,6,8511,More than 1,A,Gold,114384
43689,Female,Urban,Bachelor,5L-10L,0,1,6277,More than 1,A,Silver,105432
25299,Female,Urban,High School,5L-10L,0,5,0,More than 1,B,Silver,70908
31840,Male,Urban,Bachelor,5L-10L,1,8,3463,More than 1,B,Platinum,62532
77045,Female,Urban,High School,2L-5L,0,6,7701,More than 1,A,Platinum,55932
63437,Male,Urban,Bachelor,5L-10L,1,1,6102,1,A,Platinum,43092
30992,Female,Urban,Bachelor,5L-10L,0,7,2722,More than 1,A,Silver,72828
16325,Male,Urban,High School,More than 10L,0,7,11151,More than 1,B,Silver,113040
12204,Male,Urban,Others,2L-5L,1,1,2366,More than 1,A,Platinum,102636
50155,Female,Urban,High School,2L-5L,1,6,6049,More than 1,A,Gold,93768
44539,Male,Urban,Bachelor,More than 10L,1,8,6748,More than 1,B,Platinum,108360
72760,Female,Rural,Others,More than 10L,1,7,0,More than 1,B,Gold,66828
39737,Female,Urban,High School,5L-10L,0,3,8439,More than 1,A,Gold,118452
88509,Female,Rural,Bachelor,More than 10L,0,7,0,1,C,Silver,35904
34129,Male,Rural,High School,5L-10L,1,4,2484,More than 1,A,Gold,98256
29846,Male,Urban,Bachelor,5L-10L,1,7,3065,More than 1,B,Platinum,185412
7722,Female,Rural,High School,5L-10L,1,3,2059,More than 1,B,Silver,67284
84698,Female,Urban,High School,<=2L,0,5,6573,More than 1,B,Platinum,90804
10276,Female,Rural,High School,More than 10L,1,3,0,More than 1,A,Gold,70044
50722,Male,Rural,Bachelor,5L-10L,1,4,2197,1,B,Silver,41904
35012,Female,Urban,High School,5L-10L,0,7,2144,1,B,Silver,62172
40725,Male,Urban,Bachelor,5L-10L,1,7,5375,More than 1,A,Platinum,109212
74664,Male,Rural,High School,2L-5L,1,2,5892,1,A,Silver,34704
66675,Male,Rural,High School,5L-10L,1,8,0,More than 1,B,Silver,70812
86614,Female,Urban,Bachelor,2L-5L,0,5,8105,More than 1,B,Platinum,99768
87671,Male,Rural,High School,More than 10L,0,6,0,More than 1,B,Silver,170064
52588,Female,Urban,High School,5L-10L,0,6,0,More than 1,B,Platinum,68424
13607,Male,Urban,High School,5L-10L,1,3,0,1,A,Platinum,56736
54961,Male,Urban,Bachelor,5L-10L,1,3,0,More than 1,A,Platinum,97536
67322,Female,Urban,High School,More than 10L,0,1,6115,More than 1,A,Silver,105396
66715,Female,Urban,Bachelor,5L-10L,0,4,4153,1,C,Gold,46932
28772,Male,Rural,Others,5L-10L,1,6,0,1,B,Silver,39756
8660,Female,Urban,High School,5L-10L,1,2,5311,1,A,Platinum,45540
47082,Male,Urban,Bachelor,More than 10L,1,8,0,1,A,Platinum,65304
23085,Female,Rural,Bachelor,5L-10L,0,7,0,1,B,Platinum,33720
36311,Male,Rural,High School,5L-10L,1,2,3763,More than 1,A,Platinum,62616
27745,Male,Urban,Bachelor,5L-10L,0,2,4254,More than 1,B,Silver,59592
39772,Male,Rural,High School,5L-10L,1,3,2200,1,C,Platinum,36336
60127,Male,Urban,Others,2L-5L,1,3,7614,1,B,Silver,61572
57746,Male,Urban,High School,2L-5L,1,0,5297,More than 1,A,Platinum,106536
48682,Female,Urban,High School,2L-5L,0,7,5135,More than 1,A,Gold,104820
25904,Male,Urban,Bachelor,More than 10L,1,5,3542,1,A,Platinum,34404
84507,Male,Rural,Bachelor,5L-10L,0,5,3521,More than 1,B,Silver,74052
31697,Female,Rural,Bachelor,More than 10L,1,4,0,1,A,Silver,49560
62290,Female,Urban,Bachelor,5L-10L,1,7,5592,1,A,Platinum,49260
78951,Male,Urban,High School,2L-5L,1,7,7685,1,A,Silver,54480
20979,Female,Urban,Bachelor,<=2L,1,1,6214,More than 1,B,Platinum,107148
50650,Male,Urban,High School,5L-10L,1,4,3704,1,B,Gold,33024
62166,Female,Urban,Bachelor,2L-5L,0,8,4220,More than 1,B,Gold,119016
51232,Female,Urban,Bachelor,2L-5L,0,1,5001,More than 1,A,Platinum,70992
5603,Male,Rural,Bachelor,More than 10L,1,1,3349,1,B,Silver,58692
19461,Male,Urban,Bachelor,2L-5L,1,7,8534,More than 1,B,Gold,66624
23596,Female,Urban,Bachelor,2L-5L,1,6,2889,More than 1,B,Silver,70404
34143,Female,Urban,High School,5L-10L,0,0,4955,1,A,Silver,34512
45765,Female,Urban,High School,2L-5L,0,4,6019,More than 1,A,Platinum,64944
66616,Male,Urban,High School,2L-5L,0,1,6436,1,A,Platinum,44052
42968,Female,Urban,Bachelor,2L-5L,0,1,9360,More than 1,A,Platinum,113340
75717,Male,Rural,High School,5L-10L,1,1,5795,1,A,Platinum,46464
10981,Male,Rural,High School,More than 10L,1,0,4915,1,A,Platinum,32496
63343,Female,Rural,High School,More than 10L,1,4,2100,More than 1,B,Platinum,71664
82985,Male,Urban,High School,2L-5L,0,4,6687,1,A,Silver,45780
29650,Male,Rural,Bachelor,5L-10L,0,6,4437,1,B,Silver,46284
54122,Male,Urban,Bachelor,5L-10L,1,7,7057,More than 1,A,Platinum,106560
23631,Female,Urban,High School,<=2L,0,1,7437,1,A,Gold,55248
14123,Male,Urban,Bachelor,<=2L,0,3,4925,More than 1,A,Platinum,95928
88639,Female,Urban,Bachelor,5L-10L,1,8,3653,More than 1,C,Platinum,86736
27975,Female,Urban,Bachelor,2L-5L,0,5,14111,More than 1,B,Silver,62928
42012,Male,Urban,Bachelor,5L-10L,0,6,3781,1,B,Silver,62736
76031,Male,Urban,High School,5L-10L,1,2,10978,More than 1,A,Platinum,117924
47864,Female,Urban,Bachelor,2L-5L,1,8,3027,More than 1,B,Silver,69720
60508,Female,Urban,High School,5L-10L,0,1,2553,1,B,Gold,34968
63996,Male,Urban,High School,5L-10L,1,4,5741,More than 1,A,Platinum,101640
49590,Female,Rural,High School,2L-5L,1,7,2296,1,B,Silver,36996
61503,Female,Urban,Bachelor,5L-10L,1,3,0,1,A,Platinum,34044
70207,Female,Rural,Others,5L-10L,1,1,0,1,A,Silver,32916
23827,Female,Rural,High School,5L-10L,0,2,2020,1,A,Gold,42240
85366,Male,Urban,Bachelor,2L-5L,0,5,7830,More than 1,B,Platinum,102216
76039,Female,Urban,Bachelor,5L-10L,0,0,11734,More than 1,A,Gold,91272
51956,Female,Urban,Bachelor,2L-5L,1,6,0,More than 1,A,Platinum,101124
54996,Male,Urban,Others,2L-5L,1,4,5334,1,B,Platinum,44964
71131,Male,Urban,High School,5L-10L,1,0,3971,More than 1,B,Gold,64068
20492,Female,Urban,High School,5L-10L,0,8,0,1,A,Gold,53880
60926,Female,Urban,High School,More than 10L,1,7,2154,1,C,Platinum,35796
62187,Male,Urban,High School,5L-10L,1,6,8349,More than 1,B,Gold,167952
50405,Female,Urban,Bachelor,5L-10L,1,3,6367,More than 1,A,Platinum,186372
68040,Female,Urban,High School,2L-5L,1,4,3705,1,A,Platinum,36912
68070,Female,Urban,Bachelor,5L-10L,1,2,5229,1,A,Silver,58908
60142,Male,Urban,High School,5L-10L,1,1,2298,1,A,Silver,32520
7039,Male,Urban,Bachelor,5L-10L,1,4,0,More than 1,B,Platinum,147420
17385,Female,Urban,High School,5L-10L,1,5,3950,More than 1,A,Platinum,102252
86847,Male,Urban,High School,5L-10L,0,5,8223,More than 1,A,Gold,257052
78782,Female,Urban,High School,<=2L,1,2,5445,More than 1,B,Platinum,88680
83300,Male,Urban,Bachelor,2L-5L,1,8,5456,1,B,Gold,61380
45910,Female,Urban,Bachelor,5L-10L,0,6,0,1,B,Silver,59556
39249,Female,Urban,High School,2L-5L,0,8,3544,More than 1,B,Platinum,177960
51274,Male,Urban,High School,2L-5L,0,8,6802,More than 1,C,Silver,107136
51961,Male,Rural,Bachelor,5L-10L,0,7,0,More than 1,A,Platinum,91896
33391,Female,Urban,High School,5L-10L,1,7,8213,More than 1,A,Platinum,109944
50412,Female,Urban,High School,2L-5L,0,3,5708,More than 1,C,Platinum,130644
14128,Male,Urban,High School,5L-10L,0,0,6952,1,A,Gold,51132
38224,Male,Rural,Others,5L-10L,0,0,0,1,A,Gold,52476
52950,Male,Urban,High School,More than 10L,1,0,6031,More than 1,A,Platinum,122736
27291,Male,Urban,High School,5L-10L,1,1,0,More than 1,B,Platinum,67224
88485,Female,Rural,Bachelor,5L-10L,1,5,0,1,A,Silver,34764
9753,Male,Urban,Others,5L-10L,1,8,3123,1,B,Silver,36036
32470,Male,Rural,Bachelor,5L-10L,1,8,5249,1,A,Platinum,50832
71245,Male,Urban,Bachelor,5L-10L,0,7,6092,1,A,Platinum,34524
74751,Female,Urban,High School,5L-10L,0,6,4775,More than 1,A,Silver,101664
71763,Male,Urban,High School,2L-5L,1,3,6230,More than 1,A,Platinum,98736
25462,Female,Urban,Bachelor,5L-10L,0,7,13330,1,A,Platinum,52380
2521,Male,Urban,High School,2L-5L,1,5,7299,1,C,Platinum,62208
70973,Male,Rural,Bachelor,5L-10L,1,2,3267,1,B,Platinum,48984
16556,Male,Rural,Bachelor,More than 10L,0,3,0,1,A,Platinum,29328
29199,Male,Urban,High School,5L-10L,1,2,6181,1,A,Platinum,39252
1489,Male,Rural,High School,5L-10L,0,6,0,More than 1,B,Gold,98472
17505,Male,Urban,Bachelor,More than 10L,0,7,6712,1,A,Platinum,33324
13063,Male,Urban,Bachelor,5L-10L,0,2,4446,More than 1,B,Platinum,58128
39969,Male,Urban,High School,5L-10L,1,3,5127,1,A,Gold,30588
12260,Male,Urban,Bachelor,5L-10L,1,5,9091,More than 1,A,Platinum,118728
51203,Female,Rural,Bachelor,5L-10L,1,4,0,1,C,Platinum,45864
76033,Male,Urban,Bachelor,5L-10L,1,5,11408,More than 1,C,Gold,158844
8166,Male,Rural,Bachelor,More than 10L,1,5,0,1,B,Silver,55704
70554,Female,Urban,Bachelor,5L-10L,1,1,3013,1,A,Gold,37428
28278,Male,Urban,Bachelor,5L-10L,1,8,0,More than 1,B,Platinum,59160
13017,Female,Urban,Bachelor,2L-5L,0,7,5487,1,C,Silver,88272
63154,Male,Urban,High School,5L-10L,0,6,5219,More than 1,A,Gold,106044
24442,Female,Urban,Bachelor,More than 10L,1,8,3503,More than 1,B,Silver,65652
126,Female,Urban,High School,2L-5L,0,6,4005,More than 1,C,Platinum,102780
47735,Male,Urban,Bachelor,More than 10L,1,7,3945,1,B,Platinum,37332
74309,Male,Urban,High School,5L-10L,0,7,4315,More than 1,A,Platinum,93708
41338,Male,Urban,Bachelor,5L-10L,1,5,4260,More than 1,C,Gold,36048
21061,Female,Urban,High School,5L-10L,0,2,4326,More than 1,B,Silver,99300
40687,Male,Rural,Bachelor,More than 10L,0,8,0,1,B,Platinum,31680
28425,Male,Urban,High School,2L-5L,1,3,3804,More than 1,A,Gold,90864
86430,Male,Urban,Bachelor,5L-10L,0,0,5312,1,A,Platinum,52068
64631,Female,Urban,High School,5L-10L,1,2,6068,1,A,Silver,45552
52379,Male,Urban,Bachelor,More than 10L,0,5,6810,1,A,Gold,52464
21047,Female,Urban,Bachelor,2L-5L,1,0,3935,More than 1,C,Silver,77112
83994,Female,Urban,High School,5L-10L,0,3,5585,More than 1,A,Platinum,104124
2214,Male,Urban,High School,5L-10L,0,5,7194,More than 1,A,Platinum,115176
58298,Female,Urban,Bachelor,2L-5L,0,6,10189,More than 1,A,Platinum,97404
85347,Male,Urban,High School,2L-5L,1,3,2102,1,B,Silver,34476
39137,Male,Rural,Bachelor,5L-10L,0,6,0,1,B,Silver,51252
28526,Male,Urban,High School,2L-5L,0,6,5163,More than 1,A,Platinum,109272
82949,Male,Rural,High School,More than 10L,1,1,2254,1,A,Platinum,50532
44932,Female,Rural,Bachelor,More than 10L,1,8,0,More than 1,B,Silver,65160
26430,Male,Urban,High School,5L-10L,0,3,6061,More than 1,B,Silver,34656
10201,Male,Rural,Bachelor,More than 10L,1,2,2804,More than 1,B,Platinum,74124
88986,Female,Rural,Bachelor,More than 10L,1,6,4325,More than 1,B,Platinum,71820
4713,Male,Urban,Bachelor,5L-10L,1,5,7283,1,B,Silver,51936
27812,Male,Urban,Bachelor,5L-10L,1,6,3837,1,A,Platinum,53172
13529,Female,Urban,High School,5L-10L,0,3,9537,More than 1,A,Platinum,69192
68807,Male,Rural,High School,5L-10L,1,7,0,More than 1,A,Silver,116196
46999,Female,Urban,Bachelor,5L-10L,0,7,2232,More than 1,C,Platinum,72372
6611,Male,Urban,Bachelor,5L-10L,0,8,3962,More than 1,B,Platinum,64356
18702,Female,Rural,High School,5L-10L,0,4,5620,More than 1,A,Gold,118008
84736,Male,Urban,High School,5L-10L,1,0,6368,1,A,Gold,47124
78899,Male,Rural,High School,5L-10L,1,1,0,1,B,Silver,49824
23588,Female,Urban,Bachelor,2L-5L,1,3,2178,More than 1,B,Silver,97836
85914,Male,Urban,Bachelor,5L-10L,0,0,0,1,B,Platinum,45348
17688,Male,Urban,High School,5L-10L,0,5,2566,More than 1,A,Silver,88476
69944,Male,Rural,High School,5L-10L,1,4,0,1,C,Gold,47436
24352,Female,Urban,High School,5L-10L,0,5,5952,More than 1,A,Platinum,105588
40985,Female,Urban,Bachelor,5L-10L,1,6,0,More than 1,A,Platinum,94536
84028,Male,Rural,High School,5L-10L,1,2,0,More than 1,A,Gold,91116
8223,Male,Rural,High School,5L-10L,0,5,0,1,A,Gold,30840
75158,Male,Rural,Bachelor,5L-10L,1,7,0,1,C,Platinum,36504
6112,Male,Urban,Bachelor,5L-10L,1,8,3240,More than 1,A,Platinum,89604
89272,Female,Urban,High School,5L-10L,1,0,3260,1,A,Silver,44724
70720,Male,Rural,Bachelor,More than 10L,1,5,0,More than 1,A,Platinum,107508
33436,Male,Urban,High School,5L-10L,0,8,4256,More than 1,A,Platinum,327468
83978,Male,Urban,Others,2L-5L,1,1,4627,1,A,Gold,30708
72152,Female,Urban,Bachelor,5L-10L,1,6,5659,1,A,Platinum,32880
18218,Male,Urban,High School,5L-10L,1,3,3687,More than 1,B,Gold,59880
38571,Male,Urban,High School,More than 10L,0,5,4166,1,B,Platinum,48300
33376,Male,Urban,High School,More than 10L,1,2,5379,More than 1,C,Platinum,63900
19603,Female,Urban,Bachelor,More than 10L,0,6,2185,More than 1,B,Silver,98772
81470,Male,Rural,High School,More than 10L,0,7,3844,More than 1,B,Platinum,69696
4754,Female,Urban,Bachelor,5L-10L,1,6,0,More than 1,A,Gold,88668
5743,Male,Urban,High School,5L-10L,1,5,0,1,A,Gold,36312
87578,Female,Rural,High School,5L-10L,0,6,0,More than 1,A,Gold,93240
35015,Female,Urban,High School,5L-10L,1,5,0,1,A,Gold,44472
39028,Female,Rural,High School,5L-10L,0,7,0,1,C,Gold,42360
12762,Male,Urban,High School,5L-10L,1,6,6528,1,A,Silver,37836
81410,Female,Rural,Others,5L-10L,0,7,0,1,C,Silver,32136
5140,Female,Rural,High School,5L-10L,1,8,0,1,B,Platinum,32616
42354,Male,Rural,Bachelor,More than 10L,1,8,0,More than 1,B,Gold,65640
79071,Male,Urban,High School,5L-10L,1,5,3890,More than 1,A,Platinum,108312
39643,Female,Urban,High School,5L-10L,0,5,5262,1,A,Platinum,35016
3675,Female,Urban,High School,5L-10L,0,3,5883,More than 1,C,Platinum,111180
43204,Male,Urban,High School,5L-10L,1,0,4640,1,A,Platinum,35364
965,Male,Urban,High School,2L-5L,1,3,6466,More than 1,B,Gold,70380
12339,Female,Rural,Bachelor,More than 10L,0,2,0,More than 1,B,Platinum,91152
77482,Male,Urban,High School,5L-10L,1,4,0,1,B,Platinum,33900
4906,Female,Rural,High School,5L-10L,0,5,5329,More than 1,A,Gold,185580
38368,Female,Rural,High School,5L-10L,0,4,2797,More than 1,A,Platinum,101508
20327,Female,Urban,Others,5L-10L,0,5,3779,More than 1,A,Gold,107892
40228,Female,Rural,High School,More than 10L,0,8,0,1,A,Platinum,52596
73766,Female,Urban,High School,5L-10L,0,1,5707,More than 1,A,Gold,286548
27663,Female,Urban,Bachelor,2L-5L,1,3,3898,More than 1,A,Platinum,89016
73937,Female,Rural,High School,2L-5L,1,3,2445,More than 1,C,Platinum,67692
33065,Male,Rural,High School,More than 10L,1,7,2260,More than 1,C,Gold,102468
33758,Male,Rural,Bachelor,5L-10L,0,5,0,More than 1,B,Silver,59904
78934,Female,Rural,Bachelor,More than 10L,0,5,0,More than 1,A,Gold,102360
22965,Female,Urban,High School,2L-5L,0,2,12350,More than 1,A,Gold,98244
50318,Female,Rural,Bachelor,2L-5L,1,3,0,More than 1,B,Gold,98304
31109,Male,Rural,Others,More than 10L,0,2,0,More than 1,A,Platinum,66504
54241,Female,Rural,Bachelor,5L-10L,1,1,0,More than 1,A,Gold,74748
16519,Male,Rural,Bachelor,5L-10L,1,0,5032,1,B,Gold,32052
35064,Female,Urban,High School,2L-5L,0,2,5323,More than 1,B,Platinum,211488
21402,Male,Rural,Others,2L-5L,1,6,0,1,B,Platinum,34992
30664,Male,Urban,Bachelor,More than 10L,0,5,8174,More than 1,A,Platinum,96204
27314,Male,Urban,Bachelor,5L-10L,0,2,2168,1,A,Silver,35340
28361,Male,Rural,High School,5L-10L,1,4,3520,More than 1,A,Gold,100524
20805,Male,Urban,High School,More than 10L,1,1,2884,1,A,Platinum,37872
25261,Male,Urban,High School,2L-5L,0,4,6515,More than 1,C,Platinum,67272
57779,Male,Urban,High School,5L-10L,0,6,4418,More than 1,A,Gold,102192
79457,Male,Urban,High School,5L-10L,0,4,4203,More than 1,C,Platinum,98460
46923,Female,Urban,High School,<=2L,1,4,6156,More than 1,A,Platinum,99744
6165,Female,Urban,High School,5L-10L,0,4,3713,More than 1,A,Platinum,273528
50126,Male,Urban,High School,5L-10L,0,6,5181,1,B,Silver,29544
59718,Female,Urban,High School,5L-10L,0,4,5598,1,A,Platinum,49620
10297,Male,Urban,Bachelor,More than 10L,0,6,5115,1,A,Gold,30048
78423,Female,Urban,High School,5L-10L,1,2,4274,More than 1,A,Platinum,54384
79670,Male,Rural,High School,More than 10L,1,3,0,1,A,Gold,37764
72893,Female,Urban,Bachelor,5L-10L,1,5,3948,More than 1,A,Platinum,50052
56977,Male,Rural,Bachelor,5L-10L,1,5,0,1,B,Platinum,34008
4471,Male,Rural,Others,5L-10L,1,7,0,1,B,Platinum,37992
7406,Male,Urban,Bachelor,More than 10L,1,5,0,More than 1,A,Silver,94308
35629,Male,Urban,High School,5L-10L,0,5,5307,1,A,Gold,37080
28219,Female,Rural,Others,5L-10L,0,3,7137,1,A,Platinum,46524
43612,Male,Urban,Bachelor,5L-10L,0,4,5816,More than 1,A,Gold,62340
86888,Female,Urban,Bachelor,<=2L,1,5,3560,More than 1,A,Platinum,84372
11356,Female,Rural,Bachelor,More than 10L,0,6,0,More than 1,B,Platinum,67248
4341,Female,Rural,Others,2L-5L,1,6,0,More than 1,B,Platinum,60492
26188,Female,Rural,Bachelor,More than 10L,1,4,0,More than 1,A,Platinum,69384
21605,Male,Urban,Bachelor,More than 10L,1,4,0,1,A,Platinum,39024
61461,Female,Urban,High School,More than 10L,1,6,2558,1,A,Silver,31800
60165,Female,Urban,High School,2L-5L,1,7,5937,1,A,Platinum,51396
52193,Female,Urban,Bachelor,More than 10L,0,6,5126,1,A,Silver,34680
46511,Male,Urban,High School,2L-5L,0,6,6891,1,A,Platinum,60324
64121,Male,Urban,High School,5L-10L,0,2,5309,1,A,Silver,29472
47948,Male,Rural,Bachelor,More than 10L,0,8,0,1,A,Silver,52128
49556,Male,Rural,High School,5L-10L,1,7,0,1,A,Platinum,31356
57324,Male,Urban,Bachelor,5L-10L,0,6,3876,1,A,Platinum,48360
31651,Female,Urban,Bachelor,2L-5L,0,0,4952,More than 1,A,Platinum,92100
25961,Male,Urban,Bachelor,More than 10L,1,3,3801,More than 1,A,Platinum,59172
50394,Male,Rural,High School,5L-10L,1,7,4143,More than 1,A,Silver,95028
62326,Male,Rural,High School,5L-10L,1,7,2522,1,A,Platinum,33648
77747,Male,Urban,Bachelor,2L-5L,1,1,3132,More than 1,B,Silver,69072
24270,Female,Rural,Bachelor,5L-10L,1,6,3846,1,C,Silver,35820
58274,Male,Urban,Bachelor,5L-10L,1,3,3910,More than 1,B,Silver,89616
67753,Male,Urban,Bachelor,5L-10L,0,6,4577,1,C,Platinum,36684
14094,Female,Rural,Bachelor,5L-10L,0,2,0,More than 1,B,Silver,87348
58734,Male,Urban,Bachelor,5L-10L,1,0,0,More than 1,B,Platinum,72492
43828,Female,Rural,Bachelor,More than 10L,1,8,2264,More than 1,B,Gold,77100
41451,Female,Rural,Bachelor,5L-10L,0,4,5041,More than 1,A,Platinum,88284
83033,Male,Rural,Bachelor,5L-10L,1,7,2145,1,A,Platinum,34776
41926,Male,Urban,Bachelor,5L-10L,0,3,2417,More than 1,B,Platinum,113352
40850,Male,Rural,High School,5L-10L,0,7,3036,More than 1,B,Platinum,73044
47370,Male,Urban,Bachelor,More than 10L,1,4,0,1,A,Silver,33168
59153,Female,Urban,High School,5L-10L,0,8,0,More than 1,B,Platinum,63144
7469,Female,Urban,Others,5L-10L,0,7,0,More than 1,B,Platinum,94104
34273,Male,Urban,High School,5L-10L,1,4,3810,1,A,Platinum,35628
18836,Male,Urban,Bachelor,5L-10L,1,7,4481,More than 1,A,Silver,98952
57481,Female,Urban,High School,5L-10L,0,5,4262,More than 1,A,Gold,94752
79164,Female,Urban,Bachelor,5L-10L,0,5,3413,More than 1,A,Platinum,114336
25626,Male,Urban,High School,2L-5L,0,5,6087,1,C,Silver,30576
17012,Male,Urban,Bachelor,2L-5L,1,5,4283,1,A,Platinum,48336
89193,Female,Rural,Bachelor,5L-10L,1,4,2684,1,A,Gold,48192
52492,Female,Urban,High School,5L-10L,0,8,5974,More than 1,B,Silver,59772
12973,Male,Urban,High School,5L-10L,1,4,3022,More than 1,A,Platinum,97200
77243,Female,Rural,High School,5L-10L,0,2,0,More than 1,C,Platinum,178908
47501,Male,Urban,High School,5L-10L,0,6,7005,More than 1,A,Platinum,104556
33035,Female,Rural,Bachelor,More than 10L,0,7,0,More than 1,A,Platinum,102228
18197,Female,Rural,Bachelor,5L-10L,0,4,2454,More than 1,B,Platinum,93888
50476,Male,Urban,Bachelor,5L-10L,1,2,11086,More than 1,A,Platinum,334908
44064,Male,Urban,High School,5L-10L,1,4,4167,More than 1,A,Platinum,118548
40122,Male,Urban,Bachelor,2L-5L,1,4,5925,More than 1,A,Silver,103908
80270,Male,Rural,High School,5L-10L,0,4,3347,1,A,Gold,59568
23829,Female,Urban,High School,5L-10L,1,1,3945,More than 1,A,Platinum,89400
23793,Male,Rural,High School,5L-10L,1,2,4521,More than 1,A,Silver,106536
5424,Male,Urban,Bachelor,2L-5L,1,5,3647,1,B,Silver,54564
79946,Female,Urban,Bachelor,2L-5L,0,7,6316,1,C,Silver,33096
13569,Male,Urban,High School,5L-10L,1,2,5457,1,A,Platinum,31416
72597,Male,Urban,Bachelor,5L-10L,1,4,6623,More than 1,A,Gold,34032
41413,Female,Rural,High School,5L-10L,1,0,0,More than 1,B,Platinum,66408
7342,Female,Urban,Bachelor,5L-10L,0,4,6199,More than 1,A,Gold,142800
26242,Male,Urban,High School,2L-5L,1,1,6150,More than 1,B,Platinum,150972
84052,Male,Rural,Others,More than 10L,0,2,0,1,B,Silver,43884
60972,Female,Urban,Bachelor,More than 10L,1,8,0,More than 1,A,Silver,73440
6747,Male,Rural,Bachelor,5L-10L,0,5,4797,1,B,Silver,42120
1502,Female,Urban,High School,5L-10L,1,0,0,1,A,Silver,32460
83651,Male,Urban,High School,2L-5L,0,2,3938,More than 1,A,Platinum,60948
13874,Female,Urban,Bachelor,2L-5L,1,7,8524,1,A,Gold,30864
66662,Female,Rural,High School,2L-5L,1,6,0,More than 1,B,Silver,100860
22454,Male,Urban,High School,2L-5L,0,6,0,More than 1,B,Platinum,92040
1150,Male,Urban,High School,2L-5L,1,7,4947,1,B,Platinum,51732
9889,Male,Rural,Bachelor,More than 10L,0,6,6431,More than 1,A,Silver,98352
44997,Male,Urban,High School,5L-10L,0,2,3754,More than 1,B,Platinum,91464
38699,Female,Rural,Bachelor,5L-10L,1,5,0,More than 1,A,Platinum,66552
31472,Female,Urban,High School,5L-10L,0,7,0,More than 1,A,Silver,114576
42119,Male,Urban,Bachelor,2L-5L,1,8,0,More than 1,B,Platinum,67860
7436,Female,Rural,High School,5L-10L,0,5,2319,1,C,Platinum,59244
36179,Male,Urban,High School,2L-5L,1,6,0,1,C,Platinum,33096
25478,Male,Urban,High School,2L-5L,1,3,3909,More than 1,A,Platinum,59868
35184,Male,Urban,High School,5L-10L,1,1,5209,1,B,Gold,31644
84589,Male,Rural,Bachelor,2L-5L,1,3,3635,1,B,Platinum,60720
57624,Female,Rural,High School,More than 10L,0,6,2249,1,B,Silver,34728
75259,Male,Urban,Bachelor,2L-5L,1,6,5764,1,A,Silver,34728
46738,Male,Urban,Bachelor,More than 10L,0,5,4621,1,A,Platinum,30096
53656,Female,Urban,High School,<=2L,0,3,7001,More than 1,C,Silver,67812
47744,Female,Rural,Bachelor,5L-10L,1,1,0,More than 1,B,Platinum,68016
76874,Male,Urban,High School,5L-10L,1,3,4008,More than 1,A,Gold,97872
42984,Male,Urban,High School,5L-10L,1,5,5050,1,A,Platinum,35748
10136,Male,Rural,Bachelor,5L-10L,1,5,2562,More than 1,B,Platinum,80244
83147,Female,Urban,High School,5L-10L,1,4,3856,More than 1,A,Platinum,91056
42388,Male,Urban,Bachelor,5L-10L,1,6,6368,More than 1,C,Gold,150636
44483,Female,Urban,Bachelor,2L-5L,0,4,5707,1,A,Platinum,52956
66146,Female,Rural,High School,5L-10L,1,5,3871,More than 1,B,Silver,243396
31047,Female,Urban,High School,5L-10L,0,6,3780,More than 1,A,Gold,94476
6270,Male,Urban,High School,5L-10L,0,7,4406,1,A,Gold,33780
54806,Male,Urban,Bachelor,2L-5L,1,8,3918,More than 1,B,Silver,80688
28098,Female,Rural,Bachelor,5L-10L,0,4,2389,More than 1,A,Platinum,97944
48443,Male,Urban,Bachelor,5L-10L,0,4,3658,More than 1,A,Platinum,108360
86657,Male,Urban,Bachelor,More than 10L,0,4,6098,1,C,Gold,36360
18389,Female,Urban,Bachelor,5L-10L,1,6,2752,More than 1,A,Platinum,94104
87761,Male,Urban,Others,5L-10L,0,6,6195,1,B,Platinum,36600
27632,Female,Rural,Bachelor,5L-10L,0,2,5658,More than 1,A,Platinum,97272
60222,Male,Urban,Bachelor,5L-10L,1,1,3909,More than 1,A,Silver,92844
30870,Male,Rural,Bachelor,5L-10L,0,7,0,More than 1,A,Gold,66096
4312,Male,Urban,High School,5L-10L,1,2,3579,More than 1,A,Gold,95700
15615,Male,Rural,High School,5L-10L,1,0,3628,1,A,Platinum,48552
22500,Female,Urban,Others,5L-10L,1,7,5925,1,A,Silver,33252
7633,Female,Rural,Bachelor,5L-10L,1,7,2670,More than 1,A,Platinum,99960
42590,Male,Urban,High School,More than 10L,1,5,4357,1,A,Platinum,99828
12676,Male,Rural,High School,5L-10L,0,4,2024,More than 1,A,Platinum,73404
78359,Male,Urban,High School,2L-5L,1,8,0,1,C,Platinum,33444
57508,Male,Urban,High School,5L-10L,1,6,10652,More than 1,A,Gold,97056
55733,Male,Urban,High School,5L-10L,0,6,3630,More than 1,A,Platinum,105444
82579,Female,Urban,High School,2L-5L,0,8,4439,1,B,Platinum,59940
12620,Female,Rural,Bachelor,More than 10L,0,0,0,More than 1,B,Platinum,74112
19105,Female,Urban,Others,5L-10L,0,2,0,More than 1,A,Silver,57564
25932,Female,Rural,Bachelor,5L-10L,0,0,0,1,B,Gold,59028
67445,Male,Urban,High School,5L-10L,1,7,6420,1,A,Platinum,44088
25675,Female,Urban,High School,5L-10L,1,1,5415,More than 1,C,Gold,148596
69756,Female,Urban,High School,5L-10L,1,6,5005,More than 1,A,Platinum,29280
36720,Male,Rural,High School,2L-5L,0,3,4068,More than 1,A,Platinum,126684
46455,Male,Urban,Bachelor,5L-10L,1,6,12340,1,A,Gold,53808
56152,Male,Urban,High School,5L-10L,1,7,3727,More than 1,A,Platinum,92808
5178,Male,Urban,High School,2L-5L,1,2,7055,1,A,Platinum,59628
81274,Female,Rural,High School,2L-5L,0,6,2029,1,B,Silver,37032
77862,Male,Rural,High School,5L-10L,1,6,0,1,A,Silver,38712
49196,Female,Urban,High School,5L-10L,0,3,6515,1,B,Platinum,37032
26839,Male,Urban,Bachelor,5L-10L,1,0,6151,1,A,Silver,306936
45956,Male,Urban,High School,More than 10L,1,7,6744,More than 1,A,Platinum,570144
72705,Female,Rural,Bachelor,More than 10L,1,7,0,More than 1,A,Silver,106908
22982,Female,Rural,High School,More than 10L,1,6,0,1,B,Platinum,33984
11032,Male,Rural,Others,5L-10L,1,8,2547,More than 1,B,Platinum,59628
87506,Female,Rural,High School,More than 10L,0,2,0,1,B,Platinum,35220
22840,Female,Urban,Bachelor,2L-5L,0,2,0,1,A,Silver,38388
80053,Female,Urban,High School,2L-5L,1,6,3689,More than 1,A,Platinum,100308
33349,Female,Urban,High School,5L-10L,1,8,5887,1,A,Gold,29784
34690,Female,Urban,Bachelor,5L-10L,1,6,2361,More than 1,B,Platinum,95232
69366,Female,Rural,Bachelor,2L-5L,1,5,5101,1,B,Platinum,34284
79406,Female,Urban,High School,5L-10L,0,3,2803,More than 1,A,Platinum,101676
40426,Female,Rural,High School,5L-10L,1,4,3714,1,B,Platinum,67704
61838,Female,Urban,Bachelor,5L-10L,1,4,5613,1,A,Gold,32112
64442,Male,Urban,High School,2L-5L,1,4,6026,More than 1,C,Platinum,104244
63249,Female,Rural,High School,5L-10L,1,0,0,More than 1,B,Platinum,65580
46235,Female,Urban,Bachelor,5L-10L,1,7,3611,More than 1,B,Platinum,77436
78377,Female,Urban,Bachelor,5L-10L,0,6,3810,More than 1,B,Platinum,97332
36762,Male,Urban,Bachelor,5L-10L,0,1,14026,More than 1,C,Gold,376068
27925,Female,Urban,High School,More than 10L,1,5,6042,1,A,Silver,32208
77716,Male,Urban,Bachelor,2L-5L,0,5,9176,More than 1,B,Platinum,81528
6473,Male,Urban,High School,2L-5L,1,4,7078,More than 1,B,Platinum,321444
22372,Male,Urban,High School,5L-10L,1,3,4532,1,C,Gold,52968
7848,Female,Rural,Bachelor,2L-5L,1,3,3140,1,A,Platinum,34164
13833,Male,Rural,Bachelor,5L-10L,0,4,5298,More than 1,A,Platinum,105840
76430,Female,Urban,Bachelor,2L-5L,0,6,3934,1,A,Silver,38676
545,Male,Urban,High School,5L-10L,1,4,4351,1,A,Platinum,30768
864,Female,Rural,High School,More than 10L,1,4,0,More than 1,B,Platinum,65220
53745,Male,Urban,Bachelor,5L-10L,1,5,6814,More than 1,A,Platinum,97548
53774,Female,Urban,Bachelor,5L-10L,1,1,4375,More than 1,A,Gold,129708
18372,Female,Urban,High School,5L-10L,1,7,5760,1,C,Platinum,54696
28699,Female,Urban,High School,5L-10L,0,6,6228,More than 1,A,Platinum,100392
33584,Male,Urban,High School,2L-5L,0,1,8837,More than 1,A,Silver,94644
27078,Male,Urban,High School,2L-5L,0,6,7429,More than 1,A,Silver,97860
89157,Male,Urban,Bachelor,5L-10L,0,2,6641,More than 1,B,Platinum,152556
4756,Female,Urban,High School,<=2L,1,2,6840,More than 1,A,Silver,274836
56975,Female,Rural,High School,5L-10L,1,5,0,1,C,Silver,50880
50012,Female,Rural,Bachelor,5L-10L,0,6,0,1,B,Platinum,31824
82230,Female,Rural,High School,5L-10L,0,5,11431,1,A,Gold,43668
30990,Female,Rural,Bachelor,2L-5L,0,6,2575,More than 1,B,Platinum,73116
45840,Female,Urban,High School,5L-10L,0,5,4157,More than 1,A,Gold,313224
84813,Female,Urban,Bachelor,<=2L,0,8,9735,More than 1,A,Platinum,454920
87885,Male,Urban,High School,5L-10L,1,6,3693,1,A,Platinum,55068
6578,Male,Rural,High School,5L-10L,0,6,3938,More than 1,B,Platinum,99972
58918,Male,Urban,High School,5L-10L,0,2,4344,More than 1,A,Platinum,91020
2702,Female,Urban,High School,2L-5L,0,5,4206,More than 1,C,Silver,218460
35110,Male,Urban,Bachelor,2L-5L,0,6,6448,More than 1,A,Silver,42216
4612,Male,Rural,Bachelor,5L-10L,0,5,3801,More than 1,A,Gold,62604
3227,Female,Urban,Bachelor,5L-10L,0,5,6735,More than 1,A,Platinum,71976
57774,Male,Urban,High School,More than 10L,1,2,5066,More than 1,B,Platinum,106512
60227,Male,Rural,High School,5L-10L,0,2,0,More than 1,B,Gold,96576
87583,Female,Urban,Bachelor,5L-10L,1,6,5662,1,A,Platinum,35928
41742,Male,Urban,High School,5L-10L,1,6,2942,1,A,Platinum,49524
66681,Female,Urban,Others,More than 10L,0,6,2303,1,A,Platinum,34824
32890,Male,Rural,Bachelor,More than 10L,1,5,3934,1,A,Gold,56340
18799,Male,Urban,Bachelor,5L-10L,0,7,16198,1,A,Platinum,56880
64737,Male,Urban,High School,5L-10L,0,7,6910,More than 1,A,Silver,97800
12349,Male,Urban,High School,2L-5L,1,6,0,More than 1,B,Silver,64992
59717,Male,Urban,Bachelor,5L-10L,1,8,7083,1,B,Silver,35040
28355,Male,Rural,High School,5L-10L,0,1,0,1,B,Platinum,46212
80589,Male,Rural,Bachelor,5L-10L,0,5,0,1,B,Silver,31020
37204,Male,Urban,Bachelor,More than 10L,1,6,3089,1,C,Gold,34932
61177,Female,Rural,High School,5L-10L,1,4,0,More than 1,A,Platinum,69204
2042,Female,Urban,High School,5L-10L,1,2,3715,More than 1,A,Silver,81612
39687,Female,Rural,Bachelor,5L-10L,0,5,0,1,B,Platinum,50832
27258,Male,Urban,Bachelor,5L-10L,1,7,2052,1,B,Platinum,48552
41579,Female,Rural,High School,5L-10L,1,7,0,More than 1,A,Platinum,69156
73607,Female,Urban,High School,More than 10L,1,0,0,More than 1,A,Platinum,92976
10719,Male,Rural,High School,5L-10L,1,6,0,1,B,Silver,38280
22734,Male,Rural,High School,5L-10L,1,7,2762,More than 1,C,Silver,97932
28441,Male,Rural,High School,5L-10L,0,7,5193,1,A,Platinum,46752
11613,Male,Rural,Bachelor,5L-10L,0,7,0,1,A,Silver,62676
369,Female,Rural,High School,More than 10L,1,5,6227,1,A,Gold,33144
54104,Male,Urban,Bachelor,5L-10L,1,3,6255,1,C,Gold,50124
42149,Male,Urban,High School,2L-5L,0,8,8592,More than 1,C,Silver,111312
69506,Male,Rural,High School,More than 10L,1,1,0,1,A,Silver,31224
51602,Male,Urban,High School,5L-10L,0,8,3713,1,A,Gold,53388
37404,Male,Urban,High School,5L-10L,1,3,3745,More than 1,A,Platinum,94128
27949,Male,Urban,High School,5L-10L,0,6,4314,More than 1,C,Platinum,109260
38020,Female,Rural,High School,More than 10L,1,1,0,More than 1,A,Platinum,77928
22910,Female,Rural,High School,More than 10L,1,5,0,1,C,Silver,35856
6625,Male,Rural,Bachelor,5L-10L,1,0,0,1,B,Silver,31980
48613,Female,Urban,Bachelor,5L-10L,0,7,6898,More than 1,A,Platinum,125904
76254,Male,Urban,High School,More than 10L,1,8,2995,1,A,Platinum,54156
46660,Female,Rural,High School,5L-10L,1,7,5506,More than 1,B,Platinum,76908
81315,Female,Urban,Bachelor,5L-10L,1,1,4516,1,C,Gold,38064
30416,Male,Urban,Bachelor,More than 10L,1,4,14882,More than 1,A,Platinum,60072
74915,Male,Rural,Bachelor,5L-10L,1,7,2109,1,B,Platinum,31932
13317,Female,Urban,Bachelor,5L-10L,1,8,11236,More than 1,A,Gold,320688
26954,Male,Urban,High School,5L-10L,1,6,0,1,B,Gold,49416
76878,Male,Rural,High School,5L-10L,1,8,0,1,C,Platinum,35160
87887,Female,Rural,High School,5L-10L,0,7,2454,More than 1,A,Silver,76284
23442,Male,Urban,High School,More than 10L,1,0,2374,1,A,Silver,38316
81891,Female,Urban,Bachelor,5L-10L,1,6,2148,1,A,Gold,53832
12890,Male,Urban,High School,5L-10L,1,6,6257,More than 1,A,Platinum,101952
32972,Male,Rural,Bachelor,2L-5L,0,5,0,More than 1,A,Silver,69396
89363,Female,Rural,High School,5L-10L,0,0,0,More than 1,A,Platinum,65772
39757,Female,Rural,High School,More than 10L,0,6,0,More than 1,B,Platinum,68508
25964,Male,Rural,Bachelor,More than 10L,0,1,2855,1,B,Platinum,56796
68946,Male,Rural,High School,5L-10L,0,5,0,More than 1,A,Gold,53436
51050,Male,Urban,High School,5L-10L,1,7,3924,More than 1,A,Platinum,88332
56983,Male,Urban,High School,5L-10L,1,5,5388,1,B,Silver,32568
36711,Female,Rural,Bachelor,5L-10L,0,5,2877,More than 1,C,Silver,101376
827,Female,Urban,Bachelor,5L-10L,0,7,0,More than 1,B,Silver,64152
83495,Male,Urban,High School,<=2L,0,8,4208,1,A,Platinum,31788
45771,Male,Urban,Others,5L-10L,1,6,6089,1,A,Platinum,36336
10935,Female,Rural,High School,More than 10L,0,1,18198,1,A,Silver,59724
60262,Female,Urban,High School,5L-10L,1,2,8907,More than 1,A,Gold,63816
52401,Female,Urban,Bachelor,<=2L,1,6,5149,1,A,Gold,33156
78636,Male,Urban,High School,5L-10L,0,5,5571,1,C,Platinum,37080
59540,Male,Rural,High School,More than 10L,1,6,2005,1,B,Silver,63696
40414,Female,Urban,High School,5L-10L,1,0,3808,1,C,Gold,30084
40043,Male,Rural,Bachelor,5L-10L,1,7,3779,1,B,Platinum,52176
42293,Male,Rural,Bachelor,5L-10L,1,4,0,1,A,Gold,32328
51011,Female,Urban,High School,5L-10L,1,1,2746,1,A,Platinum,32148
59579,Female,Urban,High School,5L-10L,1,7,2295,More than 1,B,Silver,75840
73653,Female,Urban,High School,5L-10L,0,6,10399,More than 1,A,Gold,115200
45164,Male,Rural,High School,5L-10L,1,4,2280,More than 1,A,Silver,93336
28002,Female,Urban,High School,5L-10L,0,6,3335,More than 1,B,Platinum,70008
27789,Male,Urban,Others,2L-5L,0,1,6438,1,A,Gold,52800
14800,Male,Rural,Bachelor,More than 10L,1,4,3029,More than 1,A,Silver,150912
25543,Female,Urban,High School,More than 10L,1,2,7670,More than 1,A,Gold,110376
74291,Male,Rural,Others,5L-10L,1,6,2176,More than 1,B,Silver,66864
67874,Female,Urban,Bachelor,More than 10L,1,5,2094,More than 1,A,Platinum,259956
23808,Male,Urban,High School,2L-5L,1,1,6597,More than 1,A,Platinum,114456
66285,Female,Rural,High School,2L-5L,1,6,2157,1,B,Silver,41220
41602,Female,Urban,Bachelor,2L-5L,1,6,5805,More than 1,A,Gold,60996
76250,Male,Urban,High School,5L-10L,1,1,3624,More than 1,A,Gold,69576
58598,Female,Urban,High School,5L-10L,1,0,2251,More than 1,A,Silver,35280
53962,Male,Rural,High School,5L-10L,1,4,4940,More than 1,A,Silver,59184
46478,Female,Urban,Others,5L-10L,0,8,5883,1,C,Silver,48828
25583,Male,Urban,Bachelor,More than 10L,1,2,4259,More than 1,A,Platinum,67416
83323,Female,Urban,High School,5L-10L,1,6,0,More than 1,B,Platinum,69972
47016,Male,Rural,Bachelor,2L-5L,1,2,0,1,B,Platinum,33084
21293,Female,Urban,Bachelor,5L-10L,1,4,7725,More than 1,A,Gold,64800
26366,Male,Urban,High School,5L-10L,1,1,4479,1,A,Platinum,44268
24326,Male,Urban,High School,5L-10L,1,2,3912,1,A,Gold,44784
46215,Male,Urban,High School,5L-10L,1,6,6290,1,B,Platinum,35820
31674,Male,Urban,Bachelor,5L-10L,1,8,4416,More than 1,A,Platinum,71208
29357,Male,Urban,Bachelor,5L-10L,1,8,6420,1,A,Platinum,34932
26871,Female,Urban,Bachelor,More than 10L,0,5,2042,More than 1,A,Platinum,99012
55294,Male,Rural,High School,5L-10L,1,5,0,1,A,Platinum,99156
6318,Male,Urban,High School,2L-5L,1,2,6720,More than 1,C,Platinum,70260
84844,Male,Urban,High School,5L-10L,0,6,4138,More than 1,B,Silver,63372
22200,Female,Rural,Bachelor,5L-10L,0,7,3554,More than 1,A,Platinum,70572
73130,Male,Rural,High School,2L-5L,0,8,0,More than 1,B,Platinum,163512
80735,Male,Urban,Bachelor,5L-10L,1,8,6432,More than 1,A,Gold,94608
85117,Male,Urban,Others,5L-10L,1,5,5509,1,C,Gold,33444
49379,Female,Urban,High School,5L-10L,0,4,9488,More than 1,A,Platinum,109812
38155,Male,Urban,High School,2L-5L,1,5,5508,1,A,Gold,35736
71973,Male,Rural,High School,5L-10L,0,6,0,1,A,Platinum,42312
16673,Female,Urban,High School,<=2L,0,7,3638,More than 1,A,Platinum,147336
15789,Male,Rural,Bachelor,More than 10L,1,5,0,1,B,Platinum,50208
64486,Female,Urban,Bachelor,2L-5L,1,6,0,1,A,Platinum,36084
17374,Male,Urban,Others,2L-5L,0,6,6747,1,A,Silver,57540
60271,Male,Rural,Bachelor,5L-10L,0,7,0,1,A,Platinum,48768
22255,Female,Urban,High School,5L-10L,0,7,7464,More than 1,A,Silver,94968
49090,Male,Rural,Bachelor,More than 10L,1,6,0,1,C,Silver,35868
78169,Male,Rural,High School,5L-10L,0,1,0,More than 1,A,Gold,67920
20911,Male,Urban,Bachelor,More than 10L,1,5,6174,More than 1,A,Platinum,103428
38748,Male,Urban,High School,5L-10L,1,3,0,1,A,Silver,36612
3833,Female,Rural,High School,5L-10L,1,3,2254,More than 1,A,Silver,71868
30220,Male,Urban,Others,5L-10L,0,2,0,More than 1,C,Silver,56856
60458,Female,Urban,High School,2L-5L,1,0,5866,More than 1,A,Platinum,85932
6552,Male,Urban,High School,5L-10L,0,2,21635,1,A,Gold,57384
81481,Male,Urban,High School,More than 10L,0,6,4079,More than 1,B,Gold,85488
13860,Female,Urban,High School,5L-10L,0,0,7608,More than 1,C,Platinum,68388
78006,Female,Rural,High School,2L-5L,1,0,2928,More than 1,A,Platinum,96012
48437,Male,Rural,High School,5L-10L,1,0,2111,1,B,Platinum,45348
32553,Female,Urban,High School,More than 10L,0,7,5325,1,A,Silver,31680
64323,Male,Rural,High School,5L-10L,1,7,2131,1,B,Platinum,41040
76474,Male,Rural,High School,5L-10L,0,6,0,1,B,Platinum,48960
29529,Female,Urban,High School,5L-10L,1,3,4530,1,A,Silver,35448
57204,Female,Rural,Bachelor,5L-10L,1,6,0,More than 1,A,Platinum,105276
43005,Male,Urban,Bachelor,5L-10L,1,1,5564,1,A,Platinum,33408
53438,Male,Rural,High School,5L-10L,1,8,4254,More than 1,A,Gold,73920
6000,Female,Urban,High School,More than 10L,0,6,2337,More than 1,A,Gold,122904
12303,Female,Urban,High School,5L-10L,1,7,5925,1,C,Platinum,35016
23443,Female,Rural,High School,5L-10L,0,0,0,1,A,Silver,55368
377,Female,Urban,High School,5L-10L,1,6,0,1,A,Platinum,35220
21695,Male,Urban,High School,5L-10L,1,4,5527,1,A,Platinum,32964
49833,Female,Urban,Bachelor,2L-5L,0,1,4109,More than 1,B,Platinum,101556
7439,Female,Urban,Bachelor,2L-5L,1,7,6596,More than 1,B,Platinum,108468
36112,Male,Rural,High School,5L-10L,1,3,5845,More than 1,A,Platinum,59436
17529,Male,Urban,Bachelor,More than 10L,0,3,0,More than 1,B,Platinum,82944
2756,Male,Urban,High School,5L-10L,1,1,5951,1,A,Gold,30516
82570,Male,Rural,Bachelor,5L-10L,1,5,0,1,A,Platinum,41664
51623,Female,Rural,Others,2L-5L,1,2,5301,1,A,Platinum,31896
73997,Male,Urban,Others,2L-5L,1,7,5320,1,B,Silver,31932
34079,Female,Rural,Bachelor,2L-5L,1,6,2414,More than 1,B,Gold,66516
37942,Female,Urban,High School,5L-10L,1,7,0,1,B,Platinum,33732
74640,Male,Rural,Bachelor,5L-10L,0,6,0,1,B,Gold,34692
32133,Female,Rural,High School,5L-10L,1,1,0,1,A,Gold,33672
65831,Female,Urban,High School,5L-10L,0,5,2805,More than 1,B,Gold,138852
67202,Female,Urban,High School,5L-10L,1,7,2172,More than 1,A,Platinum,381840
63714,Female,Urban,High School,2L-5L,1,3,15539,1,A,Platinum,54084
43817,Male,Urban,Bachelor,5L-10L,1,8,8747,More than 1,A,Platinum,107220
83397,Female,Urban,Bachelor,5L-10L,1,3,2130,1,B,Platinum,33648
13039,Female,Rural,Bachelor,More than 10L,1,8,0,More than 1,C,Gold,94836
2740,Male,Urban,Bachelor,5L-10L,1,7,0,More than 1,A,Platinum,164808
73121,Female,Rural,High School,5L-10L,0,7,2386,More than 1,B,Platinum,67116
86146,Male,Urban,High School,5L-10L,0,5,6108,1,B,Platinum,37260
61549,Male,Rural,High School,More than 10L,1,2,0,1,C,Silver,33636
51313,Male,Urban,High School,More than 10L,1,6,0,1,B,Silver,38640
46515,Male,Rural,Bachelor,5L-10L,1,5,0,1,A,Platinum,36324
64171,Female,Urban,Bachelor,5L-10L,1,6,2694,More than 1,B,Silver,62808
47754,Male,Urban,High School,5L-10L,1,1,6279,More than 1,B,Platinum,95328
62595,Male,Rural,Others,More than 10L,0,2,0,1,B,Platinum,36096
12055,Male,Rural,Bachelor,5L-10L,1,7,4113,More than 1,A,Platinum,69972
78249,Male,Urban,Bachelor,2L-5L,1,5,2448,1,A,Silver,32472
60522,Female,Rural,High School,5L-10L,1,8,5383,More than 1,A,Gold,109164
81363,Male,Urban,High School,5L-10L,1,5,6330,More than 1,A,Gold,98880
14997,Female,Urban,High School,2L-5L,0,2,5945,More than 1,A,Gold,54444
73261,Male,Rural,Others,5L-10L,0,8,0,1,C,Gold,38388
16739,Male,Rural,Bachelor,5L-10L,0,6,3059,More than 1,B,Platinum,61056
88235,Female,Urban,Bachelor,5L-10L,0,7,3935,More than 1,A,Gold,110112
76739,Female,Urban,High School,5L-10L,1,3,3067,1,A,Silver,50808
31813,Male,Urban,Bachelor,More than 10L,0,6,7155,More than 1,A,Platinum,106596
46343,Female,Urban,Bachelor,More than 10L,1,3,10260,More than 1,B,Platinum,97056
75746,Female,Urban,Bachelor,5L-10L,1,2,6826,1,A,Platinum,60384
50637,Male,Urban,Bachelor,5L-10L,1,1,3860,More than 1,A,Platinum,107268
68163,Male,Rural,High School,More than 10L,1,1,2606,More than 1,B,Platinum,99384
27627,Male,Rural,High School,5L-10L,0,6,0,1,B,Platinum,60060
209,Male,Urban,High School,More than 10L,1,5,5628,1,A,Gold,39300
14471,Male,Urban,Bachelor,2L-5L,1,0,2835,More than 1,B,Gold,64176
88442,Female,Urban,Others,More than 10L,1,2,2205,More than 1,B,Platinum,94800
40247,Female,Urban,High School,5L-10L,1,7,9540,1,A,Gold,51036
2608,Female,Urban,Bachelor,5L-10L,1,2,7232,More than 1,B,Silver,66300
71266,Male,Urban,Others,2L-5L,1,7,2096,1,A,Platinum,34356
487,Male,Urban,Bachelor,2L-5L,0,7,0,1,C,Platinum,35568
11540,Male,Urban,High School,5L-10L,0,1,6916,1,A,Platinum,69708
78292,Female,Urban,Bachelor,5L-10L,0,0,0,More than 1,A,Platinum,150540
81395,Female,Rural,Others,5L-10L,1,4,0,More than 1,B,Silver,60372
1228,Male,Rural,High School,5L-10L,1,3,0,More than 1,B,Platinum,86868
45331,Male,Urban,Bachelor,5L-10L,1,1,0,1,A,Silver,33372
39158,Female,Rural,High School,5L-10L,1,3,5089,1,A,Platinum,35556
31174,Male,Urban,High School,<=2L,1,7,5659,More than 1,A,Platinum,116112
72713,Male,Urban,Others,2L-5L,1,2,6602,1,C,Gold,38844
39152,Male,Urban,High School,5L-10L,0,0,10402,1,A,Gold,46536
47183,Female,Urban,High School,More than 10L,1,7,2324,More than 1,A,Platinum,356424
73136,Male,Urban,Bachelor,2L-5L,1,2,3924,More than 1,A,Gold,94368
7856,Male,Urban,Bachelor,5L-10L,1,4,3921,1,A,Platinum,47352
26079,Female,Urban,Bachelor,5L-10L,1,2,3675,1,C,Silver,47316
23413,Female,Rural,Bachelor,2L-5L,0,6,0,1,B,Silver,36756
44777,Male,Urban,Bachelor,5L-10L,1,2,3524,More than 1,A,Silver,87192
78605,Female,Urban,Bachelor,2L-5L,1,5,4295,More than 1,B,Silver,74988
82107,Female,Rural,High School,5L-10L,1,1,0,1,A,Gold,31092
2104,Male,Urban,High School,5L-10L,1,6,5216,More than 1,A,Platinum,59508
31462,Male,Rural,High School,More than 10L,1,6,6711,More than 1,A,Platinum,112920
63847,Female,Urban,High School,5L-10L,0,8,5349,1,A,Silver,35748
88578,Male,Urban,Bachelor,2L-5L,0,2,4386,1,A,Platinum,35772
67286,Female,Urban,Bachelor,2L-5L,0,5,6536,1,A,Silver,33960
4043,Male,Urban,High School,5L-10L,0,5,2472,More than 1,A,Gold,103680
67343,Male,Rural,Others,5L-10L,1,1,0,1,A,Platinum,33588
66601,Female,Urban,High School,5L-10L,0,4,6620,1,C,Platinum,54156
54717,Female,Rural,High School,5L-10L,0,4,2760,More than 1,A,Gold,100932
5528,Female,Urban,High School,5L-10L,0,4,7096,More than 1,A,Gold,30900
35022,Male,Rural,Bachelor,More than 10L,1,0,0,1,B,Platinum,66240
31056,Male,Urban,High School,2L-5L,1,6,5557,1,A,Gold,50616
67120,Female,Rural,Bachelor,5L-10L,1,2,4880,1,A,Gold,38376
56810,Male,Urban,High School,5L-10L,0,6,4731,1,A,Silver,29232
6244,Female,Rural,Bachelor,More than 10L,1,5,0,More than 1,A,Platinum,75540
72233,Male,Urban,High School,5L-10L,1,7,6220,More than 1,B,Silver,72840
12226,Male,Urban,Others,5L-10L,1,1,0,1,A,Platinum,33948
19083,Male,Rural,High School,More than 10L,0,3,0,1,B,Platinum,64008
55578,Female,Urban,High School,2L-5L,0,1,3641,More than 1,A,Platinum,108396
82888,Male,Rural,High School,5L-10L,0,1,2800,1,A,Platinum,47460
19464,Female,Urban,High School,5L-10L,1,5,5521,1,A,Silver,32196
40920,Female,Urban,Others,5L-10L,0,7,7285,1,A,Gold,36348
59302,Female,Rural,Bachelor,5L-10L,1,8,3789,More than 1,B,Silver,103068
56065,Male,Urban,High School,2L-5L,1,8,3649,More than 1,B,Gold,84660
87272,Female,Urban,Bachelor,5L-10L,0,1,3295,More than 1,C,Silver,72504
25684,Male,Rural,High School,5L-10L,1,1,0,More than 1,A,Platinum,97524
12199,Male,Urban,High School,<=2L,0,7,8572,More than 1,B,Platinum,96456
1241,Male,Rural,High School,5L-10L,0,7,10883,1,A,Platinum,30696
55101,Male,Urban,Bachelor,2L-5L,1,8,5017,More than 1,A,Gold,107268
50488,Female,Urban,High School,5L-10L,1,5,4052,More than 1,A,Platinum,89412
37906,Male,Urban,Bachelor,5L-10L,1,7,0,More than 1,B,Silver,66096
85235,Male,Rural,Bachelor,More than 10L,1,0,0,1,A,Silver,32868
29393,Male,Rural,Bachelor,5L-10L,0,0,6873,More than 1,B,Platinum,34116
69339,Female,Rural,High School,More than 10L,1,4,0,1,A,Platinum,31596
32338,Male,Urban,High School,5L-10L,0,0,2366,More than 1,A,Gold,69936
75282,Male,Urban,Bachelor,5L-10L,1,7,5629,More than 1,A,Platinum,100116
42848,Female,Urban,Bachelor,2L-5L,1,2,5763,More than 1,A,Platinum,91116
75679,Male,Urban,Bachelor,More than 10L,1,1,0,1,A,Platinum,38088
55666,Female,Rural,Bachelor,5L-10L,0,4,0,More than 1,B,Silver,63372
88571,Male,Urban,Bachelor,5L-10L,1,2,2170,More than 1,A,Platinum,92556
84424,Female,Urban,High School,2L-5L,1,6,4284,1,A,Platinum,32184
4576,Male,Rural,High School,More than 10L,1,7,2358,More than 1,A,Gold,102240
33362,Female,Urban,High School,2L-5L,1,7,7211,1,A,Platinum,44376
22940,Male,Rural,Bachelor,More than 10L,0,6,0,More than 1,B,Platinum,45360
23419,Male,Urban,High School,5L-10L,1,2,4032,1,A,Gold,47520
1830,Female,Rural,High School,5L-10L,1,6,2181,More than 1,B,Platinum,86904
46836,Male,Urban,High School,More than 10L,0,7,0,1,A,Silver,54036
4702,Male,Urban,Bachelor,5L-10L,1,2,2293,More than 1,A,Gold,62412
84541,Male,Rural,Bachelor,5L-10L,0,0,0,More than 1,C,Platinum,70380
22146,Male,Rural,Bachelor,5L-10L,1,2,2299,More than 1,A,Platinum,63600
82705,Female,Urban,Bachelor,5L-10L,1,3,7480,More than 1,B,Silver,126720
23066,Male,Rural,High School,More than 10L,1,7,3266,1,A,Gold,36048
9245,Male,Rural,Bachelor,2L-5L,0,6,0,More than 1,B,Platinum,61620
64970,Male,Urban,Bachelor,5L-10L,0,7,5855,1,A,Silver,44904
51366,Female,Rural,Bachelor,5L-10L,0,3,5654,1,A,Silver,48324
45181,Female,Urban,Bachelor,5L-10L,1,5,6627,1,B,Silver,37668
31445,Female,Rural,High School,More than 10L,1,2,2121,More than 1,B,Platinum,53556
47316,Male,Urban,Bachelor,2L-5L,1,3,4874,More than 1,C,Silver,170712
23261,Male,Urban,Bachelor,5L-10L,0,0,4817,1,A,Platinum,34164
68012,Male,Rural,High School,2L-5L,0,2,5934,1,B,Silver,33792
52631,Female,Urban,High School,2L-5L,1,5,0,1,C,Gold,34920
28274,Male,Urban,High School,5L-10L,1,3,5260,1,A,Platinum,31512
37598,Male,Rural,High School,More than 10L,1,6,3447,1,B,Gold,31596
53939,Male,Rural,Bachelor,More than 10L,1,6,4189,More than 1,B,Silver,67284
15142,Male,Rural,High School,5L-10L,0,4,0,1,A,Platinum,37128
51945,Male,Rural,Bachelor,More than 10L,1,2,0,1,A,Platinum,38304
43770,Male,Rural,High School,5L-10L,1,8,0,1,B,Silver,34380
66157,Female,Urban,High School,2L-5L,0,5,5417,More than 1,B,Silver,207276
41665,Male,Rural,High School,More than 10L,0,5,3120,More than 1,C,Gold,72924
31758,Female,Urban,Bachelor,5L-10L,0,7,3834,More than 1,A,Platinum,98328
38131,Female,Urban,High School,More than 10L,0,2,5101,More than 1,A,Silver,78084
76002,Female,Urban,Bachelor,2L-5L,0,4,5933,More than 1,A,Platinum,416016
21786,Female,Urban,High School,5L-10L,0,8,5947,1,B,Gold,30660
72718,Male,Rural,High School,More than 10L,1,3,0,More than 1,A,Platinum,60468
36274,Male,Urban,Bachelor,5L-10L,0,2,8990,More than 1,A,Silver,157380
13403,Male,Urban,High School,More than 10L,1,1,3083,More than 1,A,Platinum,63636
68087,Male,Urban,High School,5L-10L,1,1,7738,More than 1,A,Platinum,66000
26087,Female,Rural,Others,More than 10L,1,7,0,More than 1,B,Silver,93972
32452,Male,Urban,High School,5L-10L,0,2,3377,More than 1,A,Platinum,106548
82989,Male,Rural,Bachelor,5L-10L,1,4,0,More than 1,A,Platinum,71544
67365,Female,Rural,High School,2L-5L,0,7,0,More than 1,B,Platinum,70272
2964,Male,Urban,Bachelor,5L-10L,1,4,6833,1,A,Gold,48480
70302,Male,Urban,High School,5L-10L,0,5,5672,1,A,Gold,47652
70294,Female,Urban,Bachelor,5L-10L,0,1,5893,1,A,Gold,36912
39099,Male,Urban,Bachelor,5L-10L,1,6,3838,More than 1,A,Silver,95688
66536,Female,Rural,High School,5L-10L,1,6,6167,More than 1,B,Platinum,72912
32546,Female,Urban,Bachelor,2L-5L,1,8,3651,1,A,Gold,59352
26020,Male,Urban,Bachelor,5L-10L,0,2,0,More than 1,A,Platinum,96588
82288,Female,Urban,Bachelor,More than 10L,0,5,8206,More than 1,A,Platinum,105036
43887,Male,Urban,High School,5L-10L,1,4,6247,1,B,Platinum,48120
83898,Female,Rural,Bachelor,5L-10L,1,0,0,1,A,Platinum,34440
65089,Female,Rural,Bachelor,5L-10L,1,8,0,1,A,Silver,37152
1646,Male,Urban,High School,5L-10L,0,1,5929,More than 1,C,Silver,330492
67287,Female,Urban,High School,5L-10L,1,5,2680,1,A,Gold,63456
75160,Male,Rural,High School,5L-10L,0,7,2143,More than 1,A,Gold,109212
85241,Male,Urban,Bachelor,5L-10L,1,5,0,1,B,Platinum,37056
2294,Male,Urban,High School,5L-10L,0,2,8106,More than 1,A,Platinum,67056
49675,Female,Urban,High School,2L-5L,0,6,4373,1,A,Gold,49740
42081,Male,Urban,Bachelor,2L-5L,0,1,5194,1,A,Platinum,32040
6869,Male,Urban,Bachelor,2L-5L,1,4,6447,1,B,Gold,56448
9491,Female,Urban,High School,5L-10L,1,4,0,1,B,Silver,60348
56854,Female,Rural,High School,5L-10L,0,6,0,1,C,Gold,39264
87523,Female,Rural,High School,5L-10L,1,1,0,More than 1,A,Platinum,95496
48959,Female,Urban,High School,5L-10L,1,6,3560,More than 1,C,Silver,62124
67614,Male,Urban,High School,5L-10L,0,7,5270,1,A,Gold,32820
48078,Female,Urban,Bachelor,5L-10L,1,6,5594,1,A,Gold,52284
12312,Female,Urban,Bachelor,5L-10L,1,7,5105,More than 1,A,Platinum,67836
9789,Male,Rural,Bachelor,5L-10L,0,1,0,1,A,Platinum,50232
37576,Female,Urban,High School,5L-10L,1,1,4351,1,A,Gold,71208
23341,Female,Urban,Bachelor,5L-10L,0,2,5586,More than 1,A,Gold,63108
55116,Female,Urban,Bachelor,2L-5L,0,8,4278,More than 1,B,Silver,121176
19994,Female,Urban,Bachelor,More than 10L,0,3,7426,More than 1,A,Platinum,123672
1631,Male,Rural,Bachelor,5L-10L,1,1,0,1,B,Platinum,47904
68739,Female,Rural,Bachelor,5L-10L,1,0,0,1,A,Platinum,34656
14179,Male,Urban,High School,2L-5L,1,3,3913,1,A,Platinum,63636
6225,Male,Rural,Bachelor,5L-10L,0,3,0,1,A,Silver,41628
28387,Male,Urban,High School,5L-10L,0,5,4300,1,B,Platinum,32460
65607,Female,Urban,High School,5L-10L,1,8,3065,1,A,Gold,48096
28070,Male,Rural,Others,5L-10L,0,7,6757,More than 1,A,Gold,61608
12664,Female,Rural,Others,More than 10L,0,8,0,More than 1,B,Platinum,67932
63725,Female,Rural,High School,5L-10L,0,1,2878,1,B,Gold,54420
63773,Male,Urban,High School,5L-10L,0,3,6323,1,A,Platinum,105828
23056,Female,Rural,High School,5L-10L,0,3,4044,More than 1,A,Gold,422316
34996,Male,Rural,High School,More than 10L,1,2,4777,1,B,Platinum,35628
1922,Female,Rural,Bachelor,2L-5L,0,7,0,More than 1,B,Silver,71016
7179,Female,Urban,Others,5L-10L,1,5,2161,More than 1,A,Platinum,102648
59668,Female,Urban,High School,5L-10L,1,1,5382,1,A,Platinum,31692
23050,Male,Rural,Bachelor,2L-5L,0,7,2143,1,B,Platinum,55188
79149,Female,Urban,Bachelor,5L-10L,1,7,6146,More than 1,A,Silver,282684
40276,Male,Rural,Bachelor,More than 10L,0,2,0,1,A,Platinum,42168
14239,Male,Urban,Bachelor,<=2L,0,2,5948,More than 1,B,Platinum,60984
73556,Female,Rural,High School,5L-10L,1,1,0,1,A,Gold,31776
69978,Male,Urban,Bachelor,5L-10L,0,4,3606,More than 1,A,Platinum,116088
57979,Female,Urban,Bachelor,5L-10L,1,7,5954,More than 1,A,Platinum,108300
63187,Male,Rural,Bachelor,2L-5L,0,5,0,1,B,Gold,51684
83424,Female,Rural,High School,2L-5L,0,6,0,1,A,Silver,31380
60761,Male,Urban,High School,More than 10L,1,7,0,1,B,Platinum,33648
45778,Male,Rural,Bachelor,5L-10L,0,3,0,1,B,Gold,62160
48888,Male,Rural,High School,2L-5L,1,7,4123,More than 1,B,Platinum,75864
21040,Male,Urban,High School,2L-5L,1,2,8428,More than 1,A,Platinum,65820
79225,Male,Rural,Bachelor,5L-10L,0,8,4329,1,A,Platinum,104892
70272,Male,Urban,High School,2L-5L,1,6,5713,More than 1,C,Silver,159864
31754,Female,Rural,High School,5L-10L,0,1,2925,More than 1,A,Platinum,106200
39474,Male,Urban,High School,2L-5L,0,1,6209,More than 1,C,Silver,100380
47511,Female,Rural,High School,More than 10L,0,8,2210,More than 1,A,Platinum,66948
74173,Female,Rural,Others,More than 10L,1,7,2127,1,B,Platinum,33732
51888,Female,Rural,High School,5L-10L,0,7,0,1,A,Silver,38448
52645,Male,Rural,Others,5L-10L,1,5,0,1,B,Platinum,35820
66276,Male,Urban,Bachelor,5L-10L,0,3,7985,More than 1,A,Platinum,100560
7026,Female,Rural,Bachelor,2L-5L,1,2,3061,More than 1,A,Platinum,104904
57060,Female,Urban,Bachelor,5L-10L,0,1,6534,1,A,Silver,59484
42186,Male,Urban,Bachelor,5L-10L,1,7,4588,More than 1,C,Platinum,69792
15392,Male,Rural,Bachelor,5L-10L,0,5,5816,More than 1,B,Silver,59808
7496,Male,Rural,Bachelor,5L-10L,1,6,12809,1,B,Platinum,63912
42893,Male,Urban,Bachelor,5L-10L,1,1,6430,1,A,Platinum,54588
78404,Female,Urban,Bachelor,5L-10L,0,1,7488,More than 1,B,Silver,108492
35928,Male,Urban,High School,5L-10L,1,6,3444,More than 1,A,Platinum,88920
49192,Male,Urban,Bachelor,5L-10L,1,1,5850,1,A,Silver,37452
69018,Female,Urban,High School,5L-10L,1,0,5072,1,B,Silver,32292
21713,Female,Urban,High School,5L-10L,1,6,2322,1,C,Platinum,49860
31721,Female,Urban,Bachelor,5L-10L,1,2,4836,1,C,Platinum,36240
68079,Female,Urban,Bachelor,5L-10L,0,5,5964,1,A,Platinum,43452
73780,Female,Urban,High School,5L-10L,0,4,4070,1,A,Platinum,29916
54786,Male,Urban,Bachelor,2L-5L,1,7,5806,1,B,Platinum,35472
43627,Male,Urban,Bachelor,5L-10L,1,5,2274,More than 1,B,Silver,73704
40112,Male,Urban,Bachelor,5L-10L,0,2,7025,More than 1,A,Platinum,95196
59905,Male,Urban,Bachelor,More than 10L,1,6,4006,More than 1,A,Gold,65952
56918,Male,Urban,Bachelor,5L-10L,1,8,5792,1,B,Silver,37464
21495,Male,Urban,Bachelor,2L-5L,0,2,3806,More than 1,B,Gold,111048
23491,Male,Urban,High School,5L-10L,1,3,7402,1,B,Silver,40128
54187,Male,Rural,High School,More than 10L,1,6,0,More than 1,C,Platinum,63468
660,Female,Rural,Others,2L-5L,0,3,0,More than 1,B,Platinum,69684
73849,Female,Rural,High School,5L-10L,1,8,0,1,A,Platinum,36060
65297,Female,Rural,Bachelor,5L-10L,0,6,0,More than 1,B,Silver,130656
58532,Female,Rural,Bachelor,5L-10L,1,7,7525,More than 1,A,Platinum,107724
9811,Female,Urban,Others,2L-5L,1,6,6611,1,B,Platinum,51792
82682,Female,Urban,High School,More than 10L,0,4,6415,More than 1,A,Gold,60192
74619,Female,Rural,High School,5L-10L,1,5,2069,1,A,Silver,40584
34451,Female,Rural,Bachelor,More than 10L,1,1,0,1,A,Silver,49488
33974,Female,Rural,High School,More than 10L,0,5,0,More than 1,B,Platinum,71616
17367,Male,Urban,High School,5L-10L,1,6,4282,1,A,Platinum,50004
35947,Male,Urban,High School,More than 10L,1,7,3386,More than 1,A,Silver,92196
74403,Male,Rural,High School,5L-10L,1,7,0,1,B,Gold,33624
70017,Female,Urban,High School,2L-5L,0,6,4244,1,A,Gold,42408
75712,Male,Rural,High School,More than 10L,0,3,2548,1,B,Platinum,46944
75077,Male,Urban,High School,5L-10L,0,6,13710,More than 1,C,Gold,218292
12782,Female,Urban,Bachelor,5L-10L,1,8,3503,More than 1,A,Platinum,96300
1246,Male,Urban,Bachelor,5L-10L,1,1,6684,1,A,Platinum,54060
71181,Female,Rural,High School,5L-10L,1,7,0,1,B,Platinum,33084
89032,Female,Urban,Bachelor,5L-10L,0,8,5560,More than 1,A,Platinum,243960
63096,Female,Urban,Bachelor,More than 10L,0,2,3900,More than 1,A,Platinum,49584
30363,Male,Urban,High School,5L-10L,1,8,4013,1,B,Gold,33564
31517,Male,Rural,High School,5L-10L,1,7,0,1,A,Platinum,59160
18483,Female,Urban,High School,5L-10L,0,1,6219,More than 1,A,Silver,66156
29053,Male,Urban,High School,5L-10L,1,3,4046,More than 1,A,Platinum,94584
22879,Female,Rural,Bachelor,5L-10L,1,8,0,1,A,Silver,34080
26575,Male,Urban,Bachelor,5L-10L,1,7,3412,1,A,Silver,47652
23635,Male,Urban,High School,5L-10L,1,1,4658,1,A,Platinum,33828
81503,Male,Urban,High School,5L-10L,1,2,4298,More than 1,A,Platinum,103788
9994,Female,Urban,High School,2L-5L,0,7,5715,1,A,Silver,52404
63704,Male,Urban,High School,2L-5L,1,3,3950,More than 1,A,Platinum,167376
45512,Male,Urban,High School,2L-5L,0,1,4131,More than 1,B,Platinum,111264
46443,Female,Rural,High School,5L-10L,0,3,3740,More than 1,A,Gold,69756
87652,Male,Rural,High School,2L-5L,1,8,4875,More than 1,B,Silver,75144
87627,Male,Urban,Others,2L-5L,0,1,8947,1,A,Platinum,47940
53060,Female,Rural,Bachelor,5L-10L,1,7,3702,More than 1,B,Platinum,74244
48908,Male,Rural,Bachelor,5L-10L,0,1,4890,1,A,Silver,33792
46582,Female,Rural,High School,More than 10L,1,6,0,More than 1,B,Platinum,72240
31727,Male,Urban,High School,5L-10L,1,1,5158,1,B,Platinum,33420
67497,Male,Urban,Bachelor,2L-5L,0,6,5299,More than 1,B,Platinum,98580
46755,Female,Urban,Others,2L-5L,0,0,2746,More than 1,A,Gold,99756
36814,Male,Urban,Bachelor,5L-10L,1,6,5716,1,A,Platinum,36804
7443,Female,Rural,Bachelor,5L-10L,1,0,0,More than 1,B,Platinum,63300
43571,Female,Urban,High School,5L-10L,1,6,4492,More than 1,C,Silver,113052
52558,Male,Urban,Bachelor,5L-10L,1,8,4112,1,B,Platinum,60852
57416,Female,Rural,Others,5L-10L,1,6,0,1,A,Platinum,46896
73892,Male,Urban,High School,5L-10L,0,7,3965,1,A,Platinum,45288
56084,Male,Urban,Bachelor,5L-10L,0,3,4189,More than 1,A,Platinum,101244
12409,Male,Urban,High School,2L-5L,1,1,6606,More than 1,B,Platinum,329724
84428,Male,Urban,High School,5L-10L,1,2,3864,More than 1,C,Silver,65016
23023,Male,Urban,High School,<=2L,1,2,6738,1,A,Platinum,59460
21452,Male,Rural,Bachelor,5L-10L,0,1,2294,More than 1,A,Platinum,74568
19506,Female,Rural,Bachelor,5L-10L,0,1,2217,More than 1,B,Silver,73176
25967,Male,Urban,High School,5L-10L,1,3,5782,More than 1,A,Gold,109224
15797,Male,Rural,High School,5L-10L,0,8,0,More than 1,B,Platinum,63492
47703,Male,Urban,Bachelor,5L-10L,1,6,0,More than 1,A,Silver,63156
69374,Female,Urban,High School,5L-10L,1,6,0,More than 1,A,Silver,66660
84893,Female,Urban,Bachelor,2L-5L,1,8,5618,1,A,Platinum,34404
2091,Female,Rural,High School,5L-10L,0,2,0,More than 1,B,Platinum,116940
80699,Male,Urban,High School,5L-10L,0,7,3780,More than 1,A,Gold,95160
66551,Female,Urban,High School,5L-10L,0,4,6615,More than 1,A,Platinum,103152
78726,Female,Urban,Bachelor,5L-10L,1,4,5099,1,A,Platinum,33888
18522,Male,Urban,High School,5L-10L,0,6,5310,More than 1,B,Silver,50832
71835,Female,Urban,Bachelor,More than 10L,1,6,6024,1,A,Platinum,51468
86220,Female,Urban,Others,More than 10L,1,1,5669,More than 1,A,Platinum,336912
4695,Female,Rural,High School,5L-10L,1,1,3151,1,A,Silver,41148
22247,Female,Urban,Bachelor,5L-10L,0,4,6211,More than 1,A,Platinum,94620
78179,Female,Urban,Bachelor,5L-10L,1,4,8122,More than 1,A,Platinum,103092
18038,Male,Urban,High School,2L-5L,0,8,5104,More than 1,A,Silver,68724
33582,Female,Rural,Bachelor,More than 10L,0,5,0,More than 1,B,Platinum,71496
26877,Male,Rural,High School,2L-5L,0,2,2760,More than 1,B,Platinum,63672
20115,Female,Urban,High School,5L-10L,1,7,5555,More than 1,A,Platinum,102312
68267,Male,Urban,High School,5L-10L,1,7,6234,More than 1,A,Platinum,101472
14849,Male,Urban,Bachelor,2L-5L,0,0,4053,More than 1,B,Platinum,129156
75640,Female,Urban,High School,5L-10L,0,6,0,1,A,Platinum,33228
31796,Male,Urban,Bachelor,More than 10L,1,4,3484,More than 1,A,Platinum,114924
34118,Female,Rural,High School,5L-10L,0,7,4437,More than 1,A,Gold,79152
57702,Male,Urban,Bachelor,5L-10L,1,6,4324,1,B,Silver,60960
49102,Male,Rural,Bachelor,5L-10L,1,7,0,More than 1,B,Platinum,75912
43848,Male,Urban,High School,2L-5L,1,8,2967,More than 1,A,Platinum,96552
33892,Male,Urban,High School,2L-5L,0,1,5866,1,A,Platinum,38580
50191,Female,Urban,Others,5L-10L,0,1,3797,More than 1,B,Silver,53064
4842,Male,Urban,High School,2L-5L,1,1,4519,1,A,Platinum,47904
76508,Female,Urban,High School,<=2L,0,5,3907,More than 1,B,Gold,62904
58604,Female,Urban,High School,2L-5L,0,8,3881,More than 1,A,Platinum,104520
79433,Male,Rural,High School,5L-10L,0,6,5665,1,A,Gold,56472
81472,Male,Urban,Bachelor,2L-5L,1,6,11586,1,A,Platinum,69708
6003,Female,Urban,High School,5L-10L,1,1,3883,1,A,Silver,33720
72687,Male,Rural,Bachelor,5L-10L,1,2,5255,1,A,Platinum,65544
46479,Male,Urban,High School,<=2L,1,5,5524,More than 1,A,Platinum,47892
77729,Female,Rural,High School,5L-10L,1,4,0,1,A,Platinum,30228
72333,Male,Rural,High School,5L-10L,1,6,7330,1,B,Platinum,61140
17108,Female,Urban,Bachelor,More than 10L,0,6,3496,More than 1,A,Silver,73200
10517,Male,Rural,High School,5L-10L,1,7,0,1,A,Platinum,34884
16700,Female,Urban,High School,5L-10L,0,4,3015,1,A,Gold,42960
6640,Male,Urban,Bachelor,2L-5L,1,4,7067,1,A,Platinum,66612
2205,Female,Urban,High School,5L-10L,1,2,3862,More than 1,C,Platinum,104472
31292,Female,Rural,High School,2L-5L,0,7,2217,More than 1,B,Platinum,66996
78500,Female,Rural,Bachelor,More than 10L,1,4,2420,1,C,Gold,48084
12243,Female,Rural,Bachelor,5L-10L,1,5,4786,More than 1,B,Silver,87684
26837,Male,Rural,Bachelor,5L-10L,1,7,3285,More than 1,B,Gold,58992
33184,Male,Urban,High School,5L-10L,0,8,5562,More than 1,A,Silver,115428
79080,Female,Urban,High School,5L-10L,1,6,5176,1,A,Silver,32124
78954,Female,Urban,Bachelor,More than 10L,0,6,2002,More than 1,B,Platinum,342504
76870,Female,Urban,High School,2L-5L,1,5,6762,More than 1,B,Gold,68532
23803,Female,Rural,Bachelor,More than 10L,0,1,13383,More than 1,A,Platinum,94812
77915,Male,Urban,High School,5L-10L,0,1,4256,1,B,Gold,46224
48942,Male,Rural,Others,More than 10L,1,6,0,1,A,Gold,38388
5085,Female,Rural,High School,2L-5L,0,7,2204,More than 1,B,Platinum,68940
54700,Male,Rural,High School,More than 10L,1,6,2915,More than 1,A,Platinum,98364
36600,Male,Rural,Bachelor,More than 10L,1,2,5004,1,A,Gold,37020
75319,Female,Urban,Bachelor,2L-5L,1,7,5688,1,A,Silver,28548
54499,Male,Urban,Bachelor,5L-10L,1,4,3802,1,C,Platinum,46164
3280,Female,Urban,Bachelor,<=2L,0,8,5870,1,A,Platinum,32628
28606,Male,Rural,High School,More than 10L,0,7,0,1,A,Platinum,43788
57720,Male,Urban,Bachelor,5L-10L,1,5,5540,More than 1,A,Platinum,96744
80392,Female,Rural,Bachelor,5L-10L,1,5,0,More than 1,B,Platinum,51024
88589,Male,Urban,High School,5L-10L,1,0,2080,1,A,Gold,51816
12991,Male,Rural,High School,More than 10L,0,6,0,1,B,Platinum,37164
62938,Male,Urban,Bachelor,5L-10L,1,0,3751,More than 1,B,Platinum,29424
71948,Male,Urban,Bachelor,More than 10L,1,7,4239,1,A,Platinum,68952
12997,Female,Urban,Bachelor,More than 10L,0,7,8362,More than 1,A,Silver,64656
50001,Male,Urban,Bachelor,5L-10L,1,7,5179,More than 1,C,Platinum,96612
17192,Male,Urban,Bachelor,2L-5L,1,1,4982,1,A,Silver,37908
40756,Male,Rural,Bachelor,5L-10L,0,5,0,More than 1,B,Platinum,66756
15867,Female,Urban,Bachelor,5L-10L,1,8,5616,1,A,Silver,49860
28634,Female,Urban,High School,5L-10L,1,6,3556,More than 1,A,Gold,29460
43245,Female,Urban,High School,5L-10L,1,2,5461,1,C,Gold,32280
59259,Male,Urban,High School,5L-10L,1,8,8681,More than 1,A,Gold,65700
55062,Female,Urban,High School,5L-10L,1,3,3758,More than 1,C,Gold,460236
38331,Female,Urban,High School,<=2L,1,5,3561,More than 1,A,Platinum,91380
75617,Female,Urban,High School,5L-10L,0,4,3911,More than 1,A,Platinum,104976
3825,Female,Rural,Others,5L-10L,1,6,0,1,B,Gold,52272
89066,Male,Urban,Bachelor,More than 10L,1,2,0,1,B,Silver,36948
26554,Male,Urban,High School,5L-10L,1,3,5272,1,A,Platinum,34152
23447,Female,Rural,High School,5L-10L,0,6,2573,1,B,Platinum,54780
4157,Female,Rural,Bachelor,5L-10L,0,8,2236,1,A,Platinum,54696
55602,Male,Urban,Bachelor,5L-10L,0,6,5638,More than 1,A,Silver,98136
52679,Male,Urban,High School,5L-10L,1,7,5309,More than 1,B,Platinum,107064
54772,Male,Urban,High School,2L-5L,1,5,5447,1,A,Silver,34092
79403,Male,Urban,High School,2L-5L,0,2,6930,More than 1,B,Platinum,65076
22488,Female,Urban,High School,2L-5L,1,4,3849,1,B,Platinum,46068
86026,Female,Rural,Bachelor,5L-10L,0,6,0,More than 1,B,Silver,109608
77226,Male,Rural,High School,5L-10L,0,7,3850,1,B,Silver,50856
16921,Female,Rural,High School,5L-10L,1,6,0,More than 1,B,Platinum,70908
38258,Male,Urban,High School,2L-5L,1,8,8126,More than 1,B,Silver,71400
69574,Male,Rural,Bachelor,5L-10L,1,6,2885,1,B,Platinum,76512
10096,Male,Urban,High School,5L-10L,0,0,2235,1,A,Platinum,48828
9502,Female,Rural,Bachelor,More than 10L,0,4,0,1,A,Platinum,33324
84671,Male,Urban,High School,5L-10L,0,7,12403,More than 1,A,Gold,101640
3691,Female,Rural,Bachelor,5L-10L,1,3,7768,More than 1,B,Silver,75048
30894,Male,Urban,Bachelor,More than 10L,1,6,4176,More than 1,A,Platinum,65436
52319,Female,Rural,High School,5L-10L,0,5,0,1,A,Gold,67536
86659,Male,Urban,High School,2L-5L,0,8,6213,More than 1,C,Platinum,184080
39143,Male,Urban,High School,More than 10L,1,4,5351,1,A,Gold,31680
17016,Male,Urban,High School,More than 10L,1,8,3775,1,C,Gold,40044
38833,Female,Urban,High School,5L-10L,1,7,5862,More than 1,A,Platinum,104088
87566,Female,Rural,Others,5L-10L,1,4,0,1,C,Gold,53784
47184,Male,Urban,Others,5L-10L,1,3,4093,1,B,Platinum,52008
61431,Female,Urban,High School,More than 10L,1,3,3184,More than 1,B,Gold,109596
28185,Female,Urban,Bachelor,2L-5L,1,7,5764,More than 1,C,Gold,95400
11175,Female,Urban,High School,5L-10L,0,2,4740,1,A,Silver,31284
5417,Male,Urban,High School,5L-10L,0,4,12898,More than 1,A,Platinum,325056
47314,Female,Rural,Bachelor,5L-10L,1,1,0,More than 1,B,Platinum,61212
41635,Female,Urban,Bachelor,5L-10L,0,2,4583,More than 1,A,Gold,53304
22636,Male,Rural,High School,5L-10L,1,0,0,1,A,Platinum,47088
70443,Male,Rural,High School,5L-10L,1,4,0,More than 1,A,Silver,71004
21924,Female,Urban,Bachelor,5L-10L,1,0,2337,More than 1,B,Silver,68256
59147,Female,Urban,High School,More than 10L,1,5,5017,1,A,Gold,33072
46028,Male,Urban,Bachelor,More than 10L,1,7,2992,More than 1,A,Platinum,97332
80112,Female,Urban,Bachelor,5L-10L,0,4,10330,More than 1,A,Platinum,96600
54361,Female,Urban,Others,More than 10L,1,1,5240,1,B,Gold,32412
41249,Male,Urban,High School,More than 10L,1,4,5977,More than 1,C,Gold,70476
75234,Female,Urban,High School,More than 10L,1,7,2367,More than 1,A,Platinum,90408
50948,Male,Rural,High School,5L-10L,1,6,0,1,B,Silver,36432
12683,Female,Urban,Others,<=2L,1,2,3995,1,A,Gold,29304
69408,Female,Rural,High School,5L-10L,1,6,0,More than 1,B,Platinum,69084
53819,Female,Urban,Bachelor,5L-10L,0,5,5800,More than 1,A,Platinum,96432
50861,Male,Rural,Bachelor,More than 10L,0,0,2635,More than 1,B,Silver,61956
57038,Female,Urban,High School,5L-10L,1,6,2723,More than 1,A,Platinum,68268
21114,Female,Urban,High School,5L-10L,0,6,5376,More than 1,A,Platinum,106980
3102,Male,Rural,Bachelor,5L-10L,1,7,0,1,B,Gold,44784
7046,Female,Urban,Bachelor,5L-10L,1,7,3981,More than 1,B,Gold,54636
63691,Female,Urban,Bachelor,5L-10L,1,4,4265,More than 1,A,Platinum,101484
55903,Male,Rural,Bachelor,More than 10L,0,1,6158,1,A,Platinum,33900
71409,Male,Urban,Bachelor,5L-10L,1,2,3846,More than 1,B,Silver,95388
88513,Female,Rural,High School,5L-10L,1,6,2359,More than 1,B,Silver,65364
61584,Female,Rural,Bachelor,5L-10L,0,5,2813,More than 1,B,Platinum,70728
58284,Male,Urban,High School,2L-5L,0,7,5173,More than 1,C,Platinum,57348
81789,Male,Rural,High School,5L-10L,0,1,2626,More than 1,A,Platinum,34464
22842,Female,Urban,High School,2L-5L,1,2,4552,More than 1,B,Gold,63564
74796,Female,Urban,Bachelor,5L-10L,1,4,3882,More than 1,B,Gold,95280
35030,Female,Urban,High School,2L-5L,0,4,7084,1,A,Silver,49236
55308,Male,Urban,Bachelor,5L-10L,1,1,3940,1,B,Gold,51264
21305,Male,Urban,Bachelor,5L-10L,0,5,2847,More than 1,B,Gold,68364
84289,Female,Urban,Bachelor,5L-10L,1,8,0,More than 1,B,Silver,66036
55984,Male,Urban,High School,5L-10L,0,6,4230,More than 1,A,Platinum,103176
84941,Male,Urban,Bachelor,More than 10L,0,5,3975,1,C,Silver,31404
1256,Male,Rural,High School,5L-10L,0,6,2515,More than 1,B,Silver,60744
20915,Male,Rural,Bachelor,5L-10L,0,7,7015,More than 1,B,Gold,75528
27209,Female,Urban,High School,2L-5L,1,4,4716,1,A,Silver,33612
63892,Male,Urban,Bachelor,5L-10L,0,5,0,1,A,Platinum,44736
13953,Male,Urban,High School,More than 10L,1,0,9052,1,A,Gold,64188
29319,Male,Urban,Bachelor,5L-10L,1,2,7299,More than 1,B,Gold,71436
10808,Male,Rural,High School,5L-10L,1,4,0,1,A,Gold,36732
48427,Male,Urban,High School,5L-10L,1,8,2703,More than 1,B,Platinum,63168
15702,Male,Rural,Bachelor,5L-10L,0,7,4748,More than 1,A,Platinum,72588
2347,Female,Rural,High School,More than 10L,0,0,0,More than 1,C,Platinum,69948
85127,Female,Urban,High School,2L-5L,1,0,7316,More than 1,A,Platinum,94224
42996,Male,Urban,High School,5L-10L,0,6,9814,More than 1,A,Platinum,161976
30847,Female,Rural,Bachelor,5L-10L,0,6,2551,More than 1,B,Platinum,93984
58979,Female,Rural,High School,More than 10L,1,4,0,More than 1,B,Platinum,66432
62360,Male,Urban,Bachelor,5L-10L,0,2,4282,More than 1,A,Gold,98892
32804,Male,Rural,Bachelor,5L-10L,1,3,0,1,A,Platinum,53208
29079,Male,Urban,Bachelor,5L-10L,1,5,5649,1,A,Gold,48228
52863,Male,Urban,Bachelor,2L-5L,0,6,5758,1,B,Gold,34572
17355,Female,Urban,High School,2L-5L,1,4,4886,1,A,Platinum,31200
65476,Male,Urban,Bachelor,5L-10L,1,0,4247,1,A,Gold,35400
77501,Male,Urban,High School,More than 10L,1,4,6359,1,C,Gold,44184
37676,Female,Urban,Bachelor,5L-10L,0,3,4396,More than 1,A,Platinum,105600
38666,Male,Urban,Bachelor,5L-10L,1,7,3844,More than 1,A,Platinum,91416
15074,Female,Urban,Bachelor,5L-10L,1,4,5862,More than 1,A,Platinum,280428
43871,Male,Rural,Bachelor,5L-10L,1,7,4959,More than 1,B,Platinum,67032
19169,Female,Rural,High School,5L-10L,0,5,0,1,A,Platinum,34404
28335,Female,Urban,Bachelor,5L-10L,0,7,5130,More than 1,A,Gold,87168
30678,Male,Rural,Bachelor,5L-10L,1,8,4017,1,A,Gold,33372
37459,Male,Urban,Bachelor,2L-5L,1,7,4258,More than 1,A,Platinum,106752
5033,Male,Rural,Bachelor,5L-10L,0,6,0,More than 1,B,Gold,93312
56448,Male,Rural,High School,More than 10L,1,4,0,More than 1,A,Gold,67884
45657,Female,Rural,High School,5L-10L,0,5,2962,More than 1,A,Gold,103188
43449,Female,Urban,High School,5L-10L,0,1,4200,1,A,Gold,39564
17345,Male,Rural,High School,5L-10L,1,2,0,1,A,Gold,68652
69284,Female,Rural,Bachelor,2L-5L,1,7,2416,More than 1,B,Platinum,73524
61188,Male,Urban,High School,5L-10L,1,5,8641,1,A,Platinum,50832
5688,Male,Urban,Bachelor,2L-5L,1,1,0,1,A,Silver,34128
18170,Male,Rural,Bachelor,5L-10L,0,2,4720,More than 1,A,Silver,75408
72044,Male,Urban,Bachelor,2L-5L,1,6,7805,More than 1,A,Gold,99888
7136,Male,Urban,High School,2L-5L,1,4,5454,1,B,Silver,31620
81896,Female,Urban,High School,2L-5L,1,8,0,More than 1,B,Platinum,68520
23712,Female,Urban,High School,5L-10L,1,5,8949,More than 1,C,Gold,96888
82125,Male,Urban,High School,5L-10L,1,5,8881,1,A,Platinum,46980
59383,Female,Rural,High School,2L-5L,0,4,5967,More than 1,C,Silver,113292
53103,Female,Urban,Bachelor,More than 10L,1,2,6345,1,A,Platinum,55992
46133,Female,Rural,Others,More than 10L,1,3,7459,More than 1,A,Platinum,116940
65728,Male,Rural,Bachelor,5L-10L,1,6,2231,1,B,Platinum,55464
55444,Male,Urban,High School,5L-10L,1,3,8169,More than 1,B,Gold,97584
31677,Female,Urban,High School,<=2L,0,5,7198,More than 1,A,Silver,166392
52589,Female,Rural,Bachelor,5L-10L,1,8,2327,More than 1,B,Platinum,77508
26305,Female,Urban,Bachelor,5L-10L,0,1,6120,More than 1,B,Gold,71100
10271,Female,Rural,High School,5L-10L,0,5,0,1,A,Silver,34392
54092,Male,Urban,High School,2L-5L,0,7,3712,More than 1,B,Platinum,74748
17900,Male,Urban,High School,2L-5L,1,6,2450,More than 1,B,Silver,75036
60743,Female,Urban,Bachelor,5L-10L,1,4,5582,More than 1,A,Platinum,52044
27042,Male,Rural,High School,More than 10L,0,1,0,More than 1,B,Platinum,61284
54341,Female,Rural,High School,5L-10L,1,7,0,1,A,Gold,32316
28326,Male,Rural,High School,5L-10L,1,6,2283,1,A,Silver,39420
2801,Male,Rural,Bachelor,2L-5L,1,7,7360,More than 1,B,Platinum,63060
55727,Male,Rural,High School,More than 10L,0,0,0,1,B,Platinum,29748
70754,Female,Urban,High School,5L-10L,1,4,4056,More than 1,A,Silver,94968
43823,Female,Rural,High School,More than 10L,0,8,0,More than 1,B,Platinum,60600
19755,Female,Urban,High School,5L-10L,0,4,0,1,A,Platinum,51420
74613,Male,Rural,Bachelor,2L-5L,0,6,3026,More than 1,B,Platinum,65892
13575,Male,Urban,Bachelor,2L-5L,0,6,7020,More than 1,B,Platinum,125736
24489,Male,Rural,Others,5L-10L,1,5,0,1,C,Platinum,30756
26768,Male,Rural,High School,5L-10L,0,8,0,More than 1,B,Silver,58848
3454,Male,Rural,Bachelor,5L-10L,1,8,4025,More than 1,B,Gold,63636
88104,Male,Urban,High School,More than 10L,0,0,3913,1,C,Silver,42480
71093,Male,Urban,Bachelor,2L-5L,1,1,6747,1,A,Gold,35328
51783,Male,Rural,Bachelor,5L-10L,1,8,2103,More than 1,A,Platinum,67932
85085,Male,Rural,Bachelor,5L-10L,0,1,5238,More than 1,A,Gold,108804
34513,Female,Urban,High School,5L-10L,0,3,7266,More than 1,A,Platinum,69972
31088,Female,Rural,High School,More than 10L,0,8,0,1,C,Gold,50532
47172,Male,Urban,High School,More than 10L,1,5,5427,1,B,Silver,32892
43101,Male,Urban,Bachelor,5L-10L,0,2,2063,More than 1,A,Platinum,65508
52687,Female,Urban,Bachelor,<=2L,1,6,6492,More than 1,A,Platinum,122268
49551,Male,Urban,High School,More than 10L,0,6,6251,More than 1,B,Platinum,71988
13318,Male,Urban,High School,2L-5L,1,3,0,1,C,Gold,34404
20412,Male,Rural,Bachelor,5L-10L,1,7,2012,1,A,Silver,37992
22180,Female,Rural,High School,5L-10L,1,1,2999,More than 1,A,Platinum,67272
52345,Male,Urban,High School,More than 10L,0,6,3639,More than 1,A,Platinum,102696
50083,Male,Urban,Bachelor,More than 10L,0,6,4361,1,C,Gold,35640
59102,Male,Urban,Bachelor,More than 10L,1,7,5350,More than 1,B,Platinum,101340
26491,Male,Rural,High School,5L-10L,1,1,0,1,A,Platinum,35316
87745,Male,Urban,High School,2L-5L,1,4,5467,More than 1,C,Platinum,136140
43358,Female,Urban,High School,2L-5L,1,1,4342,More than 1,A,Platinum,94200
44740,Male,Urban,High School,5L-10L,1,8,7156,More than 1,A,Gold,65592
1518,Female,Urban,High School,2L-5L,0,5,4736,More than 1,A,Platinum,176700
31956,Male,Urban,High School,<=2L,0,4,8820,More than 1,A,Platinum,98736
4867,Female,Rural,High School,5L-10L,0,3,6710,1,C,Silver,60960
10519,Male,Urban,Bachelor,5L-10L,1,2,3705,More than 1,B,Platinum,64992
48587,Male,Rural,Bachelor,5L-10L,0,6,4250,1,A,Platinum,50772
52965,Male,Rural,Others,5L-10L,1,6,0,1,A,Silver,49488
57374,Male,Rural,Bachelor,5L-10L,0,2,0,More than 1,A,Platinum,109344
38774,Male,Urban,High School,<=2L,0,6,5749,More than 1,A,Platinum,62652
88528,Female,Urban,Bachelor,<=2L,0,8,4335,1,B,Platinum,61980
64378,Male,Urban,High School,2L-5L,1,2,7627,More than 1,B,Gold,109356
40737,Male,Urban,High School,5L-10L,1,2,0,More than 1,C,Platinum,75948
81107,Male,Urban,Bachelor,2L-5L,1,6,2715,More than 1,B,Gold,104832
52221,Female,Urban,High School,5L-10L,1,4,5767,More than 1,A,Platinum,86940
9590,Male,Urban,High School,2L-5L,0,8,0,1,B,Platinum,32664
82061,Male,Urban,High School,2L-5L,0,8,3989,More than 1,B,Platinum,64620
69200,Male,Urban,High School,5L-10L,1,6,9488,1,A,Silver,61320
32314,Female,Urban,Bachelor,2L-5L,1,3,6968,1,A,Silver,34248
24336,Female,Urban,High School,5L-10L,1,7,0,1,B,Gold,44988
58231,Male,Rural,High School,5L-10L,0,5,4441,1,A,Gold,35976
25465,Female,Urban,Bachelor,5L-10L,0,3,3455,More than 1,A,Platinum,175908
38763,Female,Rural,Bachelor,5L-10L,1,6,2167,1,A,Silver,51552
53115,Male,Rural,High School,5L-10L,1,7,4146,More than 1,B,Platinum,61260
48335,Male,Urban,Bachelor,2L-5L,0,4,4179,1,A,Platinum,47148
24263,Male,Urban,High School,5L-10L,0,0,13121,More than 1,A,Gold,57372
46687,Male,Urban,Bachelor,5L-10L,0,5,0,More than 1,B,Gold,152964
65340,Male,Urban,High School,5L-10L,0,2,4061,1,C,Platinum,48432
63657,Male,Rural,Others,5L-10L,1,3,0,1,C,Platinum,34752
61443,Female,Rural,Bachelor,5L-10L,0,4,5063,1,A,Platinum,36408
37588,Male,Urban,High School,5L-10L,1,6,2746,More than 1,A,Platinum,45276
35834,Male,Rural,Bachelor,More than 10L,0,6,10297,More than 1,B,Platinum,118932
1240,Female,Rural,Bachelor,More than 10L,1,7,0,More than 1,C,Gold,68196
43768,Male,Urban,High School,5L-10L,1,6,4491,1,A,Platinum,94200
87000,Female,Urban,High School,2L-5L,1,1,7900,More than 1,A,Platinum,66228
47996,Male,Rural,High School,5L-10L,1,1,6931,1,C,Gold,60144
3463,Female,Rural,High School,5L-10L,1,6,3712,1,B,Platinum,43284
80468,Male,Urban,Bachelor,5L-10L,1,2,6812,More than 1,C,Gold,63180
26589,Female,Rural,High School,5L-10L,1,1,2265,1,B,Gold,56664
54814,Female,Urban,High School,2L-5L,0,7,6483,1,A,Silver,31584
35740,Male,Rural,Bachelor,5L-10L,1,0,0,1,B,Platinum,39768
16926,Female,Rural,Bachelor,5L-10L,1,7,0,More than 1,A,Gold,74820
41335,Male,Urban,High School,5L-10L,1,0,4678,1,A,Platinum,32616
15141,Female,Rural,High School,More than 10L,0,6,3108,1,B,Gold,50856
5225,Female,Urban,High School,2L-5L,0,0,4704,More than 1,A,Platinum,110988
59268,Male,Urban,High School,2L-5L,0,2,8066,More than 1,A,Gold,196200
58894,Female,Urban,Bachelor,2L-5L,0,7,5266,1,A,Silver,32808
34397,Male,Urban,Bachelor,5L-10L,0,7,3006,More than 1,A,Silver,62280
32602,Female,Rural,High School,2L-5L,1,2,0,More than 1,A,Silver,59400
18721,Male,Rural,High School,5L-10L,0,0,2046,1,A,Platinum,32736
76196,Female,Rural,High School,5L-10L,1,7,2027,More than 1,B,Platinum,69024
30495,Female,Urban,Others,More than 10L,0,8,2332,More than 1,B,Silver,67356
6013,Female,Urban,Bachelor,<=2L,0,3,5743,1,A,Platinum,30792
44401,Male,Urban,Bachelor,5L-10L,1,1,5950,More than 1,A,Platinum,98004
63237,Female,Urban,Bachelor,2L-5L,1,4,6271,1,A,Gold,45972
54415,Female,Urban,High School,5L-10L,1,6,4062,More than 1,A,Platinum,87084
81376,Male,Urban,High School,5L-10L,0,7,5599,More than 1,A,Platinum,91932
13686,Male,Urban,Bachelor,2L-5L,0,3,3803,More than 1,A,Platinum,101568
85397,Female,Rural,Others,5L-10L,1,8,4117,1,B,Platinum,37788
18691,Male,Urban,High School,2L-5L,0,7,5301,1,A,Platinum,32544
26004,Female,Urban,High School,5L-10L,1,5,4212,More than 1,A,Platinum,286524
75883,Male,Urban,High School,2L-5L,0,0,5986,More than 1,B,Platinum,64944
20654,Male,Urban,High School,5L-10L,0,7,3964,1,A,Silver,51636
9391,Male,Urban,High School,More than 10L,1,5,4028,1,A,Platinum,36348
70679,Female,Urban,High School,5L-10L,0,6,3788,More than 1,A,Gold,105672
70711,Male,Urban,High School,5L-10L,0,6,5946,More than 1,A,Gold,86448
62321,Male,Urban,Bachelor,5L-10L,0,7,6754,More than 1,B,Gold,468804
68800,Male,Rural,High School,5L-10L,1,0,0,More than 1,A,Gold,138444
8735,Male,Urban,High School,<=2L,1,6,3845,More than 1,B,Platinum,92124
45814,Female,Rural,Bachelor,5L-10L,1,2,0,1,A,Silver,28572
11892,Male,Urban,Bachelor,2L-5L,1,1,5297,More than 1,A,Platinum,69720
63921,Female,Rural,High School,2L-5L,0,4,2052,1,B,Gold,39864
13581,Male,Urban,High School,More than 10L,0,0,3995,More than 1,A,Platinum,100140
15503,Female,Rural,Bachelor,5L-10L,1,6,5866,1,A,Platinum,47412
29252,Female,Rural,Bachelor,5L-10L,1,1,0,1,B,Silver,49284
21494,Female,Urban,High School,2L-5L,1,6,3860,1,A,Silver,38448
54573,Female,Rural,Bachelor,5L-10L,1,3,3938,1,A,Silver,44868
34872,Female,Urban,Bachelor,2L-5L,0,4,5945,More than 1,B,Platinum,187512
75034,Male,Rural,High School,5L-10L,1,1,0,1,B,Silver,34104
34937,Male,Urban,High School,5L-10L,1,7,7272,1,C,Gold,34572
88382,Male,Urban,Bachelor,5L-10L,0,5,3736,More than 1,B,Silver,72996
45111,Male,Urban,Bachelor,More than 10L,1,7,3617,More than 1,B,Platinum,105048
78380,Female,Urban,High School,5L-10L,0,7,4684,More than 1,A,Platinum,96720
13175,Female,Urban,High School,5L-10L,0,0,0,1,B,Silver,31068
66908,Female,Rural,Bachelor,5L-10L,1,1,0,More than 1,B,Gold,107028
9461,Female,Urban,Bachelor,5L-10L,0,7,4127,1,A,Silver,29664
51636,Male,Urban,High School,2L-5L,0,0,4420,More than 1,B,Platinum,138528
22162,Female,Rural,High School,More than 10L,0,1,5734,More than 1,A,Platinum,108612
41847,Female,Rural,High School,5L-10L,1,1,3496,1,C,Gold,32628
11809,Female,Rural,High School,5L-10L,1,2,0,1,B,Gold,35172
49682,Male,Urban,Bachelor,2L-5L,1,6,4147,More than 1,A,Platinum,32016
18040,Female,Urban,Others,2L-5L,0,0,6497,More than 1,A,Gold,54504
65478,Female,Rural,High School,5L-10L,1,6,0,More than 1,B,Platinum,268548
46519,Male,Urban,High School,5L-10L,1,5,3124,More than 1,A,Gold,172272
37887,Female,Rural,High School,5L-10L,0,1,2023,1,A,Platinum,35412
46588,Female,Urban,Bachelor,More than 10L,0,1,0,More than 1,A,Gold,156252
87882,Male,Urban,Bachelor,5L-10L,1,5,10000,More than 1,A,Platinum,71844
23211,Male,Urban,Others,5L-10L,1,1,4099,More than 1,A,Silver,64752
51243,Male,Urban,High School,5L-10L,0,5,4227,More than 1,A,Silver,30768
51775,Male,Urban,Others,5L-10L,0,5,2020,More than 1,B,Platinum,57432
80425,Male,Rural,Bachelor,5L-10L,1,1,2436,1,B,Silver,45624
24477,Female,Urban,Bachelor,More than 10L,1,6,0,More than 1,B,Silver,66312
3192,Male,Urban,Bachelor,2L-5L,0,1,5700,1,A,Platinum,31740
47087,Male,Urban,Bachelor,5L-10L,1,1,5919,More than 1,A,Platinum,102816
88099,Male,Urban,High School,5L-10L,0,8,12440,More than 1,A,Gold,71244
83902,Female,Urban,High School,5L-10L,1,1,14742,More than 1,C,Silver,119580
66850,Male,Rural,High School,5L-10L,1,7,3244,1,A,Silver,47364
7284,Female,Rural,Bachelor,5L-10L,1,0,5932,More than 1,A,Platinum,34788
10364,Male,Urban,High School,5L-10L,1,5,4133,More than 1,A,Gold,90948
41518,Male,Urban,High School,More than 10L,1,1,5516,1,A,Platinum,37032
70609,Male,Urban,Bachelor,2L-5L,0,1,17710,1,B,Silver,45972
38069,Male,Urban,High School,2L-5L,1,1,2093,1,A,Silver,37224
89213,Female,Rural,Others,5L-10L,0,0,2189,More than 1,A,Platinum,67020
82406,Female,Urban,High School,2L-5L,1,3,11016,1,A,Silver,50592
87936,Female,Urban,High School,5L-10L,0,5,4046,1,A,Platinum,53340
42876,Male,Rural,Bachelor,More than 10L,1,7,0,More than 1,B,Silver,64956
32237,Female,Urban,High School,<=2L,1,7,3545,1,A,Platinum,58404
36115,Female,Urban,High School,5L-10L,1,5,5995,More than 1,A,Platinum,94080
28694,Male,Rural,High School,More than 10L,0,6,2807,More than 1,B,Gold,74796
10266,Male,Urban,Bachelor,5L-10L,1,6,10272,More than 1,A,Gold,66048
65026,Male,Urban,Bachelor,5L-10L,1,1,7997,More than 1,A,Silver,111996
16486,Female,Urban,High School,5L-10L,1,7,6920,More than 1,A,Platinum,109956
13498,Male,Urban,Bachelor,5L-10L,1,5,11382,1,A,Platinum,49944
64195,Male,Urban,High School,2L-5L,0,0,9663,1,A,Silver,56004
41913,Male,Urban,Others,More than 10L,1,6,6107,More than 1,A,Platinum,102696
71729,Female,Rural,High School,5L-10L,0,7,5356,1,B,Gold,50244
3918,Male,Urban,High School,2L-5L,0,1,13653,More than 1,C,Gold,105024
77644,Male,Urban,Bachelor,5L-10L,1,4,5992,1,A,Platinum,45888
28681,Male,Urban,Bachelor,5L-10L,1,2,3999,More than 1,B,Silver,77868
86216,Male,Urban,High School,5L-10L,1,8,4478,More than 1,A,Platinum,362496
6948,Male,Urban,High School,2L-5L,0,5,10229,More than 1,A,Gold,72144
29030,Female,Urban,Bachelor,More than 10L,0,3,3434,More than 1,B,Platinum,332448
39455,Male,Urban,Bachelor,5L-10L,1,7,15451,More than 1,B,Platinum,109560
6774,Male,Rural,Bachelor,5L-10L,0,5,0,1,B,Silver,34476
24783,Male,Urban,Others,More than 10L,1,5,2674,1,A,Silver,37236
6899,Male,Urban,High School,2L-5L,1,0,3839,1,C,Silver,67512
47639,Male,Urban,High School,5L-10L,1,4,4828,1,A,Platinum,36108
58586,Male,Urban,High School,5L-10L,0,1,6120,1,A,Platinum,46620
18266,Male,Urban,Bachelor,5L-10L,1,1,3073,1,A,Platinum,28224
40800,Female,Urban,Bachelor,2L-5L,0,7,2574,More than 1,A,Platinum,98820
46997,Female,Urban,Bachelor,5L-10L,1,5,4756,More than 1,A,Platinum,99228
38478,Male,Rural,High School,2L-5L,1,7,0,1,B,Platinum,59136
10725,Male,Rural,High School,More than 10L,1,6,0,More than 1,A,Platinum,102036
36578,Female,Rural,Bachelor,2L-5L,1,6,0,1,A,Platinum,37200
31882,Female,Urban,High School,5L-10L,1,2,3009,1,A,Platinum,37092
63192,Male,Rural,High School,5L-10L,1,2,0,More than 1,A,Silver,61788
43377,Male,Rural,High School,5L-10L,1,8,2363,1,A,Platinum,32496
75606,Male,Rural,High School,More than 10L,0,0,0,More than 1,B,Platinum,60948
59902,Male,Rural,High School,More than 10L,1,0,2702,More than 1,A,Platinum,96660
56369,Male,Urban,High School,5L-10L,0,1,3577,More than 1,C,Gold,75624
44807,Female,Rural,Bachelor,5L-10L,1,8,0,More than 1,A,Silver,73464
77596,Male,Rural,High School,More than 10L,1,6,2024,More than 1,B,Platinum,62772
56620,Male,Urban,Bachelor,2L-5L,0,5,2330,More than 1,A,Platinum,96684
49805,Female,Rural,Bachelor,5L-10L,0,3,0,More than 1,B,Gold,62424
74338,Male,Urban,High School,5L-10L,1,1,5625,1,A,Platinum,38604
36337,Male,Urban,High School,5L-10L,1,6,4901,1,A,Silver,32208
48403,Male,Rural,High School,5L-10L,0,8,0,More than 1,C,Silver,65628
75787,Male,Urban,Bachelor,5L-10L,1,3,4162,More than 1,B,Platinum,70056
13398,Male,Urban,High School,5L-10L,1,7,3817,1,A,Platinum,48180
48168,Female,Urban,Bachelor,2L-5L,0,6,4789,1,C,Gold,37716
60465,Male,Rural,Bachelor,5L-10L,0,1,2767,1,B,Platinum,58320
46873,Male,Urban,High School,5L-10L,0,1,10596,1,A,Gold,36660
46255,Female,Urban,Bachelor,More than 10L,1,8,3301,More than 1,B,Silver,75264
75159,Male,Urban,Bachelor,5L-10L,1,3,6524,1,A,Silver,54720
42144,Female,Urban,High School,5L-10L,1,4,0,1,A,Platinum,41688
16995,Female,Urban,Bachelor,More than 10L,1,7,6292,More than 1,A,Gold,61644
47868,Female,Rural,High School,More than 10L,1,6,2195,More than 1,C,Silver,107760
67577,Female,Urban,High School,2L-5L,1,6,10014,More than 1,A,Silver,199908
16713,Female,Rural,High School,5L-10L,1,2,0,1,B,Gold,36216
24334,Male,Urban,High School,5L-10L,0,7,0,More than 1,A,Platinum,55992
83747,Male,Urban,High School,5L-10L,0,6,0,1,A,Silver,31644
17711,Female,Rural,Others,More than 10L,0,5,0,1,B,Platinum,52380
75530,Female,Rural,High School,5L-10L,0,7,3820,More than 1,A,Silver,87972
66065,Male,Urban,High School,2L-5L,1,5,9144,More than 1,A,Platinum,260880
88829,Male,Urban,High School,5L-10L,1,4,3838,1,C,Silver,54300
65329,Male,Rural,High School,More than 10L,1,1,2346,1,C,Platinum,38124
38922,Male,Urban,High School,More than 10L,0,4,5652,1,A,Platinum,50316
18931,Male,Urban,Bachelor,5L-10L,0,7,5409,1,C,Silver,64104
59287,Female,Urban,High School,5L-10L,0,5,6068,More than 1,A,Gold,71952
43479,Male,Urban,Bachelor,5L-10L,1,7,2317,More than 1,A,Platinum,98520
29404,Female,Urban,High School,5L-10L,0,8,4005,More than 1,A,Platinum,104196
3624,Female,Urban,High School,2L-5L,0,4,13091,More than 1,A,Platinum,97332
81862,Female,Urban,High School,2L-5L,1,8,4001,More than 1,B,Silver,76068
54807,Male,Rural,Bachelor,More than 10L,1,7,5505,1,A,Platinum,58584
59305,Female,Urban,Bachelor,5L-10L,0,6,5469,More than 1,A,Platinum,116640
19205,Male,Rural,High School,5L-10L,1,1,2068,1,A,Platinum,33024
81104,Male,Rural,Bachelor,5L-10L,0,6,3390,More than 1,B,Platinum,65532
105,Male,Rural,High School,5L-10L,1,2,3011,More than 1,A,Platinum,71844
82594,Female,Rural,High School,5L-10L,1,8,2203,More than 1,B,Gold,78060
28821,Male,Rural,Others,5L-10L,0,1,0,1,A,Platinum,31716
24004,Male,Urban,Bachelor,2L-5L,1,8,4457,1,B,Platinum,60660
41662,Male,Urban,Bachelor,5L-10L,1,1,4423,1,B,Platinum,57060
37573,Male,Rural,High School,5L-10L,0,7,10593,More than 1,B,Platinum,338820
3590,Male,Rural,Bachelor,5L-10L,1,8,3187,More than 1,B,Gold,75324
83789,Male,Rural,High School,5L-10L,1,8,0,1,B,Gold,36552
19989,Male,Urban,Bachelor,5L-10L,1,7,5822,1,B,Platinum,34584
52250,Female,Urban,High School,More than 10L,0,1,2179,1,A,Silver,32748
14574,Female,Rural,Bachelor,5L-10L,0,8,2740,More than 1,A,Platinum,107412
17152,Female,Urban,Bachelor,5L-10L,1,6,3021,1,C,Platinum,52068
85274,Female,Rural,High School,5L-10L,1,5,2126,1,B,Platinum,32208
36424,Female,Urban,Bachelor,5L-10L,0,7,0,More than 1,A,Platinum,91548
86596,Male,Rural,High School,5L-10L,0,6,0,More than 1,A,Platinum,89508
66827,Female,Urban,High School,5L-10L,1,3,4286,More than 1,A,Platinum,281424
85334,Male,Urban,High School,5L-10L,0,6,3322,More than 1,B,Gold,190224
69276,Female,Rural,Bachelor,5L-10L,1,4,0,1,B,Platinum,34716
13488,Female,Urban,High School,5L-10L,0,7,2121,More than 1,C,Silver,76260
73732,Female,Urban,High School,More than 10L,1,5,5050,More than 1,A,Gold,448116
7086,Male,Rural,Bachelor,5L-10L,1,1,3583,More than 1,B,Platinum,55188
21661,Female,Rural,Others,More than 10L,1,6,0,1,B,Platinum,34824
78544,Male,Urban,Others,5L-10L,1,4,3642,1,C,Platinum,53844
21237,Female,Rural,High School,5L-10L,1,5,2454,1,A,Platinum,55080
75675,Male,Rural,Bachelor,2L-5L,0,0,2261,1,B,Platinum,41544
13693,Male,Urban,Bachelor,More than 10L,0,3,7307,More than 1,B,Silver,94668
34481,Male,Rural,High School,5L-10L,1,5,2097,More than 1,C,Silver,101976
22465,Male,Urban,High School,5L-10L,0,6,5928,More than 1,A,Silver,93804
10666,Female,Rural,High School,More than 10L,0,4,0,More than 1,A,Platinum,61524
37227,Female,Urban,High School,5L-10L,1,1,5383,1,A,Platinum,33864
7102,Male,Rural,High School,5L-10L,1,8,6249,1,A,Platinum,31620
41418,Male,Urban,Bachelor,5L-10L,0,4,5276,1,B,Gold,31884
81194,Male,Urban,Bachelor,2L-5L,0,6,6518,More than 1,B,Platinum,102348
87500,Male,Urban,Bachelor,5L-10L,0,1,3252,More than 1,A,Platinum,60816
62255,Male,Urban,High School,5L-10L,0,4,5837,1,A,Platinum,43416
20928,Male,Rural,Bachelor,More than 10L,1,7,2287,More than 1,A,Platinum,70104
64001,Female,Rural,High School,2L-5L,0,0,3915,More than 1,B,Silver,67740
13336,Male,Rural,High School,More than 10L,1,2,6034,1,B,Silver,35052
15049,Female,Rural,High School,5L-10L,1,5,0,1,A,Silver,36468
25740,Female,Rural,High School,More than 10L,1,4,0,More than 1,A,Gold,108048
86641,Female,Urban,Bachelor,5L-10L,0,7,2956,More than 1,B,Platinum,63204
85436,Male,Urban,High School,5L-10L,1,6,3584,More than 1,A,Platinum,59352
34696,Male,Urban,Bachelor,5L-10L,1,6,5730,1,A,Platinum,29628
34639,Male,Urban,Bachelor,5L-10L,0,6,4751,1,A,Gold,51936
74320,Female,Urban,High School,5L-10L,1,2,7527,1,A,Platinum,48996
34207,Male,Urban,High School,5L-10L,1,3,5031,1,A,Gold,34812
46673,Female,Rural,High School,5L-10L,1,3,0,More than 1,A,Platinum,61908
57251,Male,Rural,High School,5L-10L,1,4,0,More than 1,A,Gold,100080
76956,Female,Urban,Bachelor,5L-10L,0,3,5510,1,A,Platinum,32064
47812,Female,Urban,High School,More than 10L,0,4,0,1,B,Platinum,49332
87479,Male,Urban,Bachelor,5L-10L,0,7,3531,More than 1,A,Platinum,95280
48250,Female,Rural,High School,More than 10L,0,6,0,1,B,Silver,36744
16433,Female,Urban,Bachelor,2L-5L,0,8,4023,More than 1,A,Platinum,68736
35586,Male,Urban,High School,5L-10L,0,2,8267,More than 1,A,Platinum,237000
77165,Male,Rural,High School,5L-10L,1,6,4608,1,A,Silver,30264
1862,Male,Urban,Bachelor,5L-10L,1,1,5876,1,A,Platinum,44796
43024,Female,Urban,High School,5L-10L,0,6,5166,More than 1,A,Platinum,92340
42881,Female,Urban,High School,5L-10L,1,2,6741,1,A,Silver,49464
23714,Female,Rural,Bachelor,5L-10L,1,6,0,1,B,Silver,41100
13508,Male,Rural,Bachelor,5L-10L,0,2,0,1,B,Platinum,31164
75443,Male,Rural,High School,5L-10L,0,4,3782,More than 1,A,Gold,60180
48989,Female,Urban,High School,5L-10L,1,2,0,1,C,Platinum,34080
63595,Female,Urban,Bachelor,5L-10L,1,4,4863,1,B,Gold,34824
13881,Female,Rural,High School,5L-10L,0,2,3798,More than 1,A,Platinum,112620
54246,Male,Urban,Bachelor,5L-10L,1,1,6339,1,A,Platinum,50160
35219,Female,Rural,Bachelor,More than 10L,1,2,0,More than 1,A,Platinum,63228
34557,Female,Urban,Bachelor,2L-5L,1,4,5082,More than 1,B,Platinum,150312
47885,Female,Urban,Bachelor,More than 10L,1,6,3940,More than 1,B,Platinum,99108
86214,Male,Rural,High School,5L-10L,1,5,6853,More than 1,B,Platinum,85140
4532,Male,Urban,Others,2L-5L,0,8,4022,1,C,Gold,33660
14938,Male,Urban,High School,5L-10L,1,6,3939,More than 1,A,Platinum,61404
17246,Female,Rural,Bachelor,5L-10L,1,5,0,1,A,Silver,33144
88635,Female,Rural,High School,More than 10L,1,5,0,1,B,Silver,37596
71901,Female,Urban,Bachelor,5L-10L,0,7,4711,1,A,Silver,34056
46575,Male,Urban,Bachelor,5L-10L,1,4,2329,1,A,Gold,53508
19243,Male,Urban,High School,5L-10L,1,1,5109,1,A,Gold,38076
8707,Female,Urban,Bachelor,2L-5L,1,7,5344,1,B,Silver,36756
78007,Male,Urban,Bachelor,More than 10L,1,7,4406,1,C,Silver,34968
71616,Female,Urban,High School,5L-10L,0,6,4861,1,C,Gold,35568
70287,Female,Urban,High School,2L-5L,0,2,0,More than 1,A,Silver,98520
9096,Male,Urban,High School,5L-10L,1,1,5907,More than 1,A,Gold,65748
41651,Male,Urban,Others,<=2L,0,2,5751,1,A,Platinum,46416
59475,Female,Urban,High School,5L-10L,1,4,6941,1,B,Silver,53892
31792,Male,Urban,Bachelor,5L-10L,1,1,2993,1,A,Platinum,37308
46623,Female,Urban,High School,5L-10L,0,1,5898,1,A,Gold,35460
3853,Male,Rural,High School,5L-10L,1,6,2920,1,A,Silver,48840
29942,Male,Urban,Bachelor,5L-10L,0,5,2800,1,A,Gold,49320
86054,Male,Urban,Bachelor,5L-10L,1,2,6717,1,A,Gold,107220
42135,Male,Rural,Others,5L-10L,1,1,0,1,C,Platinum,34296
31941,Female,Urban,High School,5L-10L,1,7,0,1,A,Silver,53844
32828,Female,Urban,High School,2L-5L,1,6,6621,More than 1,A,Gold,31608
42624,Male,Rural,High School,5L-10L,1,1,2307,More than 1,A,Gold,66396
21344,Female,Urban,Bachelor,5L-10L,1,8,2610,More than 1,B,Platinum,73140
748,Female,Rural,High School,More than 10L,1,2,0,1,A,Gold,35604
13463,Female,Urban,High School,5L-10L,1,1,4042,More than 1,A,Gold,83364
80732,Female,Rural,Bachelor,5L-10L,1,6,0,More than 1,A,Silver,63888
54796,Female,Rural,High School,5L-10L,0,8,3078,More than 1,A,Gold,100632
74190,Male,Urban,High School,5L-10L,0,1,6674,1,A,Silver,50796
85902,Male,Rural,Bachelor,5L-10L,1,4,0,1,A,Gold,39216
27463,Male,Urban,Others,2L-5L,0,2,6557,1,A,Silver,48888
38241,Male,Urban,High School,5L-10L,0,8,16500,More than 1,B,Gold,69108
25571,Female,Rural,High School,5L-10L,0,0,4007,1,A,Gold,55572
82625,Male,Urban,Bachelor,2L-5L,1,0,9220,More than 1,B,Gold,111576
28823,Female,Urban,High School,2L-5L,1,3,5893,1,A,Platinum,35340
35256,Male,Urban,Bachelor,More than 10L,0,6,10525,More than 1,A,Platinum,103164
54984,Male,Rural,High School,More than 10L,1,6,2313,More than 1,B,Silver,66576
37910,Male,Rural,Bachelor,5L-10L,0,5,0,1,A,Silver,35724
70504,Male,Urban,High School,5L-10L,0,6,7178,1,A,Platinum,34776
44787,Male,Urban,Bachelor,5L-10L,0,6,3680,More than 1,B,Platinum,155904
32781,Female,Urban,High School,2L-5L,1,8,3901,1,A,Platinum,32772
39065,Male,Rural,Bachelor,5L-10L,1,6,0,More than 1,C,Platinum,167016
69615,Male,Urban,High School,5L-10L,1,7,6090,More than 1,A,Platinum,99504
75356,Male,Urban,High School,2L-5L,1,6,6859,More than 1,A,Gold,94140
11860,Female,Urban,High School,5L-10L,1,7,7322,More than 1,A,Platinum,235908
49124,Male,Urban,High School,2L-5L,1,3,6897,More than 1,C,Silver,186468
569,Female,Rural,High School,2L-5L,1,5,0,1,A,Platinum,33672
32552,Male,Urban,Bachelor,5L-10L,1,1,3115,More than 1,A,Silver,49584
56382,Male,Urban,Bachelor,5L-10L,0,5,3561,More than 1,B,Platinum,102636
60540,Female,Urban,High School,5L-10L,1,2,6182,1,C,Silver,45144
21311,Male,Rural,Bachelor,More than 10L,1,0,4084,More than 1,B,Platinum,74952
14493,Male,Urban,Bachelor,5L-10L,1,8,2081,More than 1,A,Platinum,65028
68089,Male,Urban,High School,2L-5L,1,4,6554,More than 1,C,Platinum,100404
64741,Female,Rural,Bachelor,More than 10L,1,1,0,More than 1,B,Silver,70032
89254,Male,Urban,High School,5L-10L,0,8,6507,More than 1,B,Silver,67320
47498,Male,Urban,Bachelor,5L-10L,1,1,6801,1,C,Gold,71916
64443,Male,Urban,High School,<=2L,1,4,6683,More than 1,A,Platinum,117348
46587,Male,Rural,Bachelor,More than 10L,0,5,0,1,A,Platinum,40656
13476,Male,Urban,High School,More than 10L,1,5,3009,1,A,Platinum,74052
29403,Male,Rural,High School,5L-10L,0,1,3059,1,A,Platinum,45708
13754,Male,Rural,High School,5L-10L,0,5,6810,More than 1,A,Gold,101400
81030,Male,Urban,High School,2L-5L,0,6,6248,More than 1,A,Platinum,228648
19797,Male,Urban,High School,5L-10L,1,1,6446,1,A,Platinum,58620
57115,Female,Urban,High School,5L-10L,0,6,0,1,A,Platinum,32568
35220,Male,Urban,High School,More than 10L,1,2,3851,More than 1,A,Silver,89280
68282,Female,Rural,High School,5L-10L,0,8,0,More than 1,B,Silver,67752
83002,Male,Urban,High School,More than 10L,1,2,0,More than 1,A,Gold,101088
49225,Female,Urban,High School,5L-10L,0,3,3839,More than 1,A,Platinum,102120
25205,Female,Urban,High School,5L-10L,1,6,6455,More than 1,A,Platinum,90660
2839,Female,Rural,Bachelor,2L-5L,0,8,5752,1,B,Silver,35064
84452,Female,Rural,High School,5L-10L,1,6,0,More than 1,B,Platinum,70440
74284,Female,Rural,High School,5L-10L,1,4,4711,1,A,Platinum,33996
81538,Female,Rural,Bachelor,5L-10L,0,5,0,More than 1,A,Silver,70632
67470,Male,Urban,Others,5L-10L,1,3,5228,More than 1,A,Platinum,103380
27649,Female,Urban,High School,2L-5L,0,7,9286,More than 1,A,Platinum,104148
48107,Female,Urban,High School,5L-10L,0,8,4420,More than 1,B,Silver,74556
56879,Female,Urban,High School,5L-10L,0,6,4554,1,A,Gold,36300
63616,Male,Rural,Bachelor,More than 10L,0,5,3142,More than 1,A,Gold,64944
56851,Male,Urban,Bachelor,5L-10L,1,6,0,1,B,Silver,31140
12197,Female,Rural,High School,5L-10L,1,2,3778,More than 1,A,Platinum,70536
77366,Female,Urban,Bachelor,5L-10L,1,7,3515,More than 1,A,Gold,62364
20607,Male,Urban,Bachelor,2L-5L,0,7,4039,More than 1,A,Silver,183828
64641,Male,Urban,High School,5L-10L,1,6,5456,1,A,Platinum,32760
82841,Female,Urban,High School,5L-10L,1,6,5789,1,A,Platinum,47676
71745,Male,Rural,Bachelor,5L-10L,0,1,2212,More than 1,B,Silver,68844
73532,Male,Urban,High School,5L-10L,1,5,0,1,A,Gold,32976
86077,Male,Urban,Bachelor,5L-10L,0,7,3770,More than 1,A,Platinum,105096
81245,Female,Urban,High School,5L-10L,0,3,6460,More than 1,A,Silver,109812
69841,Male,Urban,High School,More than 10L,0,7,12534,1,B,Gold,31980
4854,Male,Rural,Bachelor,More than 10L,0,6,0,More than 1,A,Gold,94548
75002,Female,Urban,High School,5L-10L,1,3,5613,1,A,Gold,38400
81398,Female,Rural,Bachelor,5L-10L,1,2,3353,More than 1,B,Silver,66036
29838,Male,Rural,Bachelor,5L-10L,1,8,2089,More than 1,A,Platinum,44280
47182,Female,Urban,Bachelor,2L-5L,0,2,2741,1,A,Gold,45720
4106,Male,Urban,Bachelor,5L-10L,1,7,9005,More than 1,A,Platinum,107196
82783,Male,Rural,Bachelor,5L-10L,0,7,3042,1,B,Silver,56076
3568,Female,Urban,High School,2L-5L,1,1,3751,More than 1,A,Gold,88944
1465,Female,Urban,High School,2L-5L,1,4,6137,More than 1,A,Gold,91932
63732,Male,Urban,Bachelor,More than 10L,0,6,2319,1,C,Gold,35016
1803,Male,Urban,High School,5L-10L,0,7,6198,More than 1,A,Gold,62568
71078,Male,Urban,High School,More than 10L,1,5,2446,1,A,Platinum,56568
33039,Female,Urban,Bachelor,2L-5L,0,7,7352,More than 1,A,Silver,187800
81578,Female,Urban,Bachelor,5L-10L,0,6,0,1,B,Platinum,42276
15144,Male,Rural,Bachelor,5L-10L,0,7,3644,1,A,Platinum,50676
957,Female,Rural,Bachelor,More than 10L,0,5,0,1,A,Platinum,30888
36557,Female,Urban,High School,5L-10L,1,0,0,1,B,Platinum,35508
67873,Male,Urban,High School,5L-10L,1,6,5413,1,A,Silver,33744
46579,Male,Rural,Bachelor,5L-10L,1,7,0,1,A,Platinum,62172
14007,Male,Urban,High School,5L-10L,1,5,0,1,B,Gold,36012
41627,Female,Rural,Bachelor,2L-5L,1,0,0,1,A,Platinum,31932
16675,Male,Urban,High School,5L-10L,1,4,6700,1,B,Gold,38256
44949,Male,Urban,High School,2L-5L,1,5,7100,1,B,Gold,36276
62134,Male,Rural,High School,2L-5L,1,7,0,More than 1,A,Platinum,68928
41438,Male,Urban,Bachelor,More than 10L,1,6,3158,More than 1,B,Gold,65064
22758,Female,Rural,High School,5L-10L,1,5,2657,More than 1,A,Platinum,89052
35086,Male,Urban,High School,2L-5L,1,5,3864,More than 1,A,Platinum,303444
5590,Male,Urban,High School,5L-10L,1,1,0,1,C,Platinum,38136
68173,Male,Urban,High School,5L-10L,0,7,6437,1,A,Silver,90216
45322,Male,Rural,High School,5L-10L,1,5,8843,More than 1,A,Platinum,100932
64908,Female,Rural,Others,5L-10L,1,7,0,1,B,Silver,36588
26341,Male,Urban,Bachelor,5L-10L,1,1,4286,1,A,Silver,38304
85785,Female,Urban,High School,2L-5L,1,6,6689,More than 1,B,Silver,67980
69373,Female,Rural,Bachelor,2L-5L,0,4,0,More than 1,B,Platinum,62268
66195,Female,Urban,Bachelor,2L-5L,1,3,5850,1,A,Silver,36168
78898,Male,Urban,Bachelor,More than 10L,1,8,4764,More than 1,A,Gold,102336
8435,Female,Rural,Bachelor,2L-5L,0,6,4025,1,B,Silver,31236
2793,Male,Urban,Bachelor,5L-10L,1,6,0,More than 1,A,Gold,89604
7895,Male,Rural,High School,5L-10L,1,4,3461,More than 1,C,Platinum,100284
2193,Female,Rural,Bachelor,2L-5L,0,4,2501,1,B,Platinum,65688
77101,Female,Urban,High School,5L-10L,0,4,5136,1,C,Gold,33048
15456,Female,Urban,High School,More than 10L,1,3,3160,More than 1,A,Silver,61380
55245,Female,Urban,High School,More than 10L,1,3,3809,More than 1,A,Platinum,69996
82745,Male,Urban,High School,2L-5L,1,2,2700,More than 1,B,Gold,62820
14838,Female,Rural,Bachelor,5L-10L,1,7,2128,1,A,Platinum,30864
32214,Female,Urban,High School,More than 10L,0,2,6645,1,A,Platinum,32424
37536,Male,Urban,Bachelor,5L-10L,1,1,3936,More than 1,A,Platinum,58008
23783,Male,Rural,High School,5L-10L,1,5,3875,More than 1,B,Platinum,95760
38280,Male,Urban,Bachelor,5L-10L,1,2,0,1,A,Platinum,32088
13254,Male,Urban,High School,5L-10L,1,7,5223,More than 1,A,Gold,98400
58720,Female,Urban,High School,5L-10L,0,4,6611,More than 1,A,Platinum,116976
36862,Male,Urban,High School,5L-10L,0,2,5776,1,B,Silver,35700
35683,Female,Rural,High School,5L-10L,1,6,5471,More than 1,B,Platinum,65340
12442,Male,Urban,High School,2L-5L,0,6,6298,More than 1,B,Platinum,35988
46111,Female,Urban,Bachelor,5L-10L,1,5,2075,1,A,Platinum,31704
55874,Male,Urban,Bachelor,5L-10L,1,5,5577,More than 1,A,Platinum,48744
6877,Female,Rural,Bachelor,More than 10L,1,7,2238,More than 1,B,Platinum,80280
483,Male,Rural,Bachelor,5L-10L,1,4,0,More than 1,A,Platinum,108468
60995,Male,Urban,High School,5L-10L,1,2,5568,1,A,Gold,39324
9181,Male,Rural,Bachelor,5L-10L,1,8,0,1,A,Gold,72504
52591,Female,Rural,High School,5L-10L,1,7,8895,1,A,Platinum,48336
25021,Male,Urban,Bachelor,5L-10L,0,3,17079,More than 1,A,Platinum,107628
49453,Female,Urban,High School,More than 10L,0,5,3618,More than 1,A,Platinum,62640
20325,Female,Urban,High School,5L-10L,1,5,2578,More than 1,A,Platinum,71352
48731,Female,Urban,Others,2L-5L,0,6,4236,1,A,Platinum,49632
75547,Female,Urban,High School,More than 10L,0,7,10899,1,B,Gold,31824
71777,Female,Urban,High School,More than 10L,1,3,0,More than 1,B,Platinum,69096
61914,Female,Rural,High School,5L-10L,1,6,2784,1,A,Gold,40692
31181,Male,Urban,Bachelor,5L-10L,1,6,4037,More than 1,A,Platinum,98604
54494,Female,Urban,High School,5L-10L,1,0,0,1,A,Platinum,32304
67674,Female,Rural,Bachelor,5L-10L,1,8,14649,1,B,Platinum,47892
40589,Male,Urban,High School,5L-10L,1,0,3269,More than 1,B,Platinum,304092
61723,Male,Urban,High School,2L-5L,1,0,0,1,A,Platinum,31464
32454,Male,Urban,Bachelor,2L-5L,1,1,0,1,A,Platinum,33756
76541,Female,Urban,Bachelor,5L-10L,0,4,7570,More than 1,A,Silver,110784
58180,Male,Rural,High School,5L-10L,1,5,6819,1,C,Platinum,57048
87184,Female,Urban,High School,5L-10L,0,6,4014,More than 1,B,Platinum,64632
1865,Male,Rural,Bachelor,More than 10L,1,4,2193,1,B,Platinum,35616
12104,Female,Urban,High School,2L-5L,0,2,5075,More than 1,A,Platinum,569436
67763,Male,Urban,High School,2L-5L,0,0,4119,More than 1,A,Silver,106656
87472,Female,Urban,High School,More than 10L,0,6,3962,More than 1,C,Platinum,96924
24827,Male,Urban,High School,2L-5L,0,4,5958,1,A,Silver,46212
68459,Male,Urban,Bachelor,2L-5L,1,7,4532,1,A,Platinum,50976
80283,Female,Urban,Bachelor,5L-10L,1,7,4006,More than 1,B,Platinum,62568
53153,Male,Rural,High School,More than 10L,1,0,0,1,B,Platinum,33540
79262,Female,Urban,Bachelor,5L-10L,1,2,0,More than 1,A,Platinum,155256
72909,Male,Urban,High School,5L-10L,1,4,4888,1,C,Platinum,44652
5342,Male,Urban,Bachelor,5L-10L,1,8,3042,More than 1,A,Platinum,92688
13928,Female,Urban,High School,5L-10L,1,5,4513,1,B,Silver,36864
86259,Male,Urban,High School,5L-10L,0,5,7082,1,B,Silver,46824
74947,Female,Urban,High School,5L-10L,1,2,6679,More than 1,A,Platinum,93072
77775,Male,Urban,Bachelor,5L-10L,0,8,7032,More than 1,A,Platinum,257280
5932,Male,Urban,High School,More than 10L,1,4,3608,1,A,Gold,34860
50547,Male,Urban,Bachelor,5L-10L,1,6,5840,More than 1,A,Platinum,60708
56830,Female,Urban,High School,5L-10L,0,3,5531,More than 1,A,Platinum,60180
17322,Male,Urban,Bachelor,5L-10L,1,6,5285,1,A,Platinum,33504
68547,Female,Rural,High School,5L-10L,0,5,2904,More than 1,A,Platinum,306264
76177,Male,Urban,Bachelor,5L-10L,1,7,2748,1,A,Platinum,33540
67884,Male,Urban,High School,2L-5L,1,1,8642,More than 1,A,Platinum,112368
62659,Male,Urban,Bachelor,2L-5L,1,7,3694,1,A,Platinum,32280
55150,Male,Rural,Bachelor,5L-10L,0,7,3017,1,A,Platinum,47256
70843,Female,Urban,High School,More than 10L,1,6,6673,1,C,Platinum,41256
45344,Male,Urban,High School,5L-10L,0,3,7482,1,C,Gold,57696
19053,Male,Rural,High School,More than 10L,1,1,2034,More than 1,A,Platinum,65748
57652,Female,Urban,Bachelor,5L-10L,0,7,8008,More than 1,A,Platinum,118404
83909,Female,Urban,Bachelor,2L-5L,1,1,6199,1,A,Silver,37536
70303,Male,Urban,Others,5L-10L,1,7,5481,1,A,Gold,37944
1965,Male,Urban,High School,2L-5L,0,4,4094,More than 1,B,Gold,111552
61924,Male,Urban,High School,5L-10L,0,3,4927,More than 1,B,Platinum,68112
54461,Male,Rural,High School,More than 10L,0,4,0,1,A,Platinum,32124
68713,Male,Urban,Bachelor,More than 10L,1,7,6433,More than 1,A,Gold,101280
46942,Male,Urban,Bachelor,2L-5L,1,7,9461,More than 1,A,Gold,111192
57640,Male,Urban,High School,5L-10L,1,4,3659,More than 1,A,Platinum,102948
83677,Female,Urban,Bachelor,2L-5L,0,4,5970,1,A,Gold,35388
82525,Female,Urban,High School,2L-5L,1,3,3726,1,A,Platinum,43056
42288,Male,Urban,High School,5L-10L,1,5,0,1,C,Silver,32676
20316,Female,Rural,Others,More than 10L,0,0,0,1,B,Silver,36684
45048,Male,Urban,Others,5L-10L,0,6,9978,1,B,Platinum,33768
71284,Male,Urban,High School,5L-10L,0,0,5590,1,A,Silver,33648
88667,Male,Urban,High School,2L-5L,1,7,5054,1,A,Platinum,36672
39885,Male,Urban,Bachelor,5L-10L,0,3,8358,More than 1,A,Platinum,425004
40799,Male,Urban,High School,2L-5L,1,8,5277,More than 1,A,Platinum,295680
84457,Male,Rural,Bachelor,More than 10L,0,4,0,1,A,Silver,47832
27778,Male,Urban,High School,2L-5L,1,6,5236,1,B,Gold,39168
9043,Male,Urban,High School,5L-10L,1,7,3834,More than 1,A,Platinum,96876
70127,Male,Rural,High School,5L-10L,1,1,5204,1,B,Silver,60456
40881,Male,Urban,Bachelor,More than 10L,1,4,2114,More than 1,B,Platinum,63756
72284,Female,Urban,High School,5L-10L,1,8,0,More than 1,A,Gold,113292
61812,Male,Rural,High School,5L-10L,1,3,3371,More than 1,B,Platinum,64164
47994,Female,Rural,High School,5L-10L,0,2,5087,1,A,Platinum,30600
42827,Male,Urban,High School,5L-10L,1,4,2700,1,A,Silver,47784
21943,Male,Urban,High School,5L-10L,0,4,2998,1,A,Platinum,35424
19595,Female,Urban,High School,2L-5L,0,2,3502,More than 1,B,Silver,110748
76338,Male,Urban,High School,2L-5L,0,8,5759,1,B,Gold,43200
10178,Female,Urban,Bachelor,5L-10L,1,1,6772,More than 1,A,Platinum,99300
48385,Male,Urban,High School,5L-10L,1,4,7078,More than 1,A,Silver,288000
35487,Female,Urban,Bachelor,2L-5L,1,2,5503,1,A,Platinum,42528
6817,Male,Urban,High School,5L-10L,0,6,5175,1,A,Gold,30684
24117,Male,Urban,Bachelor,2L-5L,1,2,0,More than 1,B,Platinum,69372
57154,Female,Urban,Bachelor,2L-5L,0,5,5590,More than 1,A,Silver,69768
44102,Male,Urban,High School,2L-5L,0,5,6742,More than 1,A,Platinum,108432
4524,Male,Rural,Bachelor,More than 10L,0,6,0,More than 1,A,Gold,96588
29559,Male,Urban,Bachelor,5L-10L,1,0,2419,More than 1,A,Platinum,93060
24048,Male,Urban,High School,2L-5L,0,5,5988,More than 1,A,Platinum,187500
35163,Female,Urban,High School,5L-10L,1,5,2063,1,A,Platinum,33708
45598,Female,Urban,High School,5L-10L,1,7,3822,More than 1,A,Silver,87888
76765,Male,Rural,Others,5L-10L,1,7,0,1,B,Gold,31080
87397,Female,Urban,High School,2L-5L,0,6,6890,1,B,Silver,67140
17311,Male,Urban,Bachelor,More than 10L,0,4,8073,More than 1,A,Gold,151392
71259,Female,Urban,High School,5L-10L,1,1,9477,More than 1,A,Platinum,102300
48185,Male,Urban,High School,2L-5L,1,7,8769,More than 1,C,Gold,102576
83794,Male,Rural,Others,5L-10L,1,5,0,1,B,Platinum,38652
59627,Male,Urban,High School,5L-10L,1,3,5530,1,A,Silver,33816
29952,Female,Urban,Bachelor,5L-10L,1,2,7071,1,A,Gold,60048
83293,Male,Rural,Bachelor,More than 10L,1,4,2919,1,B,Silver,39864
51869,Female,Rural,Others,More than 10L,1,1,0,More than 1,A,Silver,93660
46943,Female,Urban,Bachelor,5L-10L,1,5,2322,1,A,Platinum,30612
88435,Female,Rural,Bachelor,5L-10L,1,0,2294,1,A,Platinum,47280
23346,Female,Rural,High School,2L-5L,0,6,3107,More than 1,B,Platinum,62796
23961,Female,Urban,High School,2L-5L,0,6,6759,1,A,Gold,38460
15869,Female,Urban,High School,2L-5L,0,2,7245,More than 1,C,Platinum,196752
60501,Male,Urban,High School,5L-10L,1,3,4329,1,A,Platinum,67260
65379,Female,Rural,High School,5L-10L,1,7,4388,1,A,Gold,33228
85710,Male,Urban,High School,2L-5L,1,4,6076,1,A,Platinum,45276
77488,Male,Rural,High School,5L-10L,1,7,0,1,A,Platinum,40488
76059,Female,Urban,Bachelor,2L-5L,1,7,0,1,B,Platinum,46380
51059,Female,Urban,High School,2L-5L,1,5,2597,More than 1,A,Silver,64836
46864,Male,Urban,Bachelor,5L-10L,0,8,2411,More than 1,B,Silver,73416
46379,Male,Rural,High School,5L-10L,1,3,0,More than 1,A,Platinum,70248
5444,Female,Rural,Bachelor,2L-5L,1,7,5673,1,A,Silver,32796
57899,Male,Urban,High School,More than 10L,1,5,7110,1,A,Platinum,35688
26151,Male,Rural,Bachelor,5L-10L,1,8,5872,1,A,Silver,31848
24006,Female,Rural,High School,5L-10L,0,7,0,1,A,Gold,33108
73272,Female,Rural,High School,2L-5L,0,3,2202,More than 1,B,Platinum,69264
49631,Female,Urban,High School,2L-5L,1,5,6736,1,A,Silver,60240
70781,Male,Urban,Bachelor,5L-10L,0,7,2702,More than 1,A,Platinum,60156
36428,Female,Urban,High School,2L-5L,0,5,2102,More than 1,A,Platinum,63360
36967,Female,Rural,Others,More than 10L,0,0,0,1,B,Platinum,32208
89240,Male,Rural,High School,5L-10L,1,6,0,1,A,Platinum,31632
25698,Female,Urban,Bachelor,2L-5L,1,8,6880,1,A,Platinum,32124
24777,Female,Urban,High School,2L-5L,1,2,5042,More than 1,C,Platinum,88044
58922,Female,Urban,High School,More than 10L,0,8,0,More than 1,B,Platinum,72144
18098,Female,Urban,Bachelor,More than 10L,1,6,0,More than 1,B,Gold,77436
80106,Female,Urban,Bachelor,5L-10L,0,4,5330,1,A,Silver,34896
6126,Female,Urban,High School,5L-10L,1,7,5711,More than 1,A,Platinum,91752
21731,Female,Urban,High School,5L-10L,1,4,3899,More than 1,B,Gold,70680
41310,Male,Urban,High School,<=2L,0,5,4249,1,A,Silver,45264
41131,Female,Urban,High School,5L-10L,1,1,0,1,A,Silver,31056
28556,Female,Rural,Bachelor,5L-10L,1,6,0,1,C,Platinum,32352
10559,Female,Rural,Others,5L-10L,1,4,0,More than 1,B,Silver,65016
61571,Male,Urban,Bachelor,5L-10L,1,6,4407,1,A,Platinum,58824
76611,Male,Urban,High School,2L-5L,1,4,11314,More than 1,A,Silver,73752
16566,Female,Urban,High School,2L-5L,0,3,5069,1,A,Silver,42888
27626,Female,Urban,High School,More than 10L,1,5,3851,More than 1,A,Gold,86208
12857,Male,Rural,High School,5L-10L,0,2,2886,1,B,Gold,53940
69770,Male,Rural,Bachelor,5L-10L,1,8,6516,More than 1,B,Platinum,67188
36878,Male,Urban,High School,More than 10L,1,4,0,1,C,Silver,34080
65501,Male,Urban,Bachelor,2L-5L,0,8,10478,More than 1,B,Gold,325728
10472,Male,Urban,High School,2L-5L,1,1,5552,1,A,Silver,35016
72828,Male,Rural,Bachelor,More than 10L,0,4,2343,More than 1,A,Platinum,100764
87762,Male,Urban,Bachelor,5L-10L,1,4,0,More than 1,A,Platinum,184908
67797,Male,Urban,Bachelor,5L-10L,0,5,4128,More than 1,A,Gold,92052
36760,Male,Urban,Bachelor,5L-10L,1,6,2739,1,B,Platinum,30204
3780,Male,Urban,Bachelor,2L-5L,1,6,7153,More than 1,A,Gold,60204
406,Female,Urban,Bachelor,5L-10L,0,5,16511,More than 1,A,Platinum,90432
29831,Male,Urban,High School,5L-10L,1,1,7077,More than 1,A,Platinum,95340
21934,Female,Rural,Others,5L-10L,1,7,2437,1,C,Silver,52272
28343,Male,Urban,Bachelor,5L-10L,1,5,6728,More than 1,B,Gold,105876
75476,Female,Rural,High School,2L-5L,1,0,0,More than 1,B,Silver,75528
84963,Male,Urban,High School,5L-10L,0,4,3975,More than 1,A,Gold,99624
1175,Female,Urban,High School,2L-5L,0,7,4944,1,A,Platinum,33528
20063,Male,Urban,High School,More than 10L,1,2,6080,More than 1,A,Gold,102156
34611,Female,Rural,Bachelor,5L-10L,0,2,0,1,A,Silver,32676
9658,Male,Urban,Bachelor,2L-5L,0,7,6208,1,A,Silver,50028
57949,Male,Urban,Others,2L-5L,1,7,4500,1,A,Platinum,49440
48980,Female,Rural,High School,5L-10L,1,5,2425,1,B,Silver,35328
65221,Male,Rural,High School,5L-10L,1,1,0,1,A,Gold,30720
37031,Male,Rural,Bachelor,5L-10L,1,3,6000,More than 1,C,Platinum,71244
60218,Female,Urban,Bachelor,2L-5L,0,7,9158,More than 1,B,Platinum,72444
28611,Male,Rural,Bachelor,5L-10L,1,6,3425,1,A,Silver,45684
9028,Female,Urban,Bachelor,2L-5L,1,7,9354,More than 1,A,Platinum,111300
32500,Male,Urban,Bachelor,5L-10L,1,7,5813,1,A,Platinum,95280
32524,Female,Urban,High School,5L-10L,1,7,3767,More than 1,B,Silver,108144
69346,Female,Rural,High School,5L-10L,0,3,0,1,C,Platinum,33384
49513,Male,Urban,Bachelor,5L-10L,0,7,3133,1,B,Gold,48780
82151,Male,Rural,High School,5L-10L,1,0,0,1,C,Silver,55344
11111,Female,Urban,High School,More than 10L,0,2,5789,More than 1,A,Platinum,104388
8864,Male,Rural,Bachelor,2L-5L,1,1,0,1,B,Silver,54012
47343,Female,Rural,High School,5L-10L,1,2,3870,More than 1,A,Gold,95196
87839,Male,Urban,High School,More than 10L,1,6,4262,1,A,Silver,66648
39475,Male,Rural,High School,5L-10L,0,6,2278,More than 1,B,Platinum,61656
23479,Male,Urban,High School,2L-5L,0,2,7312,More than 1,A,Platinum,68064
53228,Female,Urban,High School,5L-10L,1,1,3697,More than 1,A,Platinum,65052
27217,Male,Urban,Bachelor,2L-5L,1,1,2255,More than 1,B,Silver,63708
8213,Male,Urban,High School,5L-10L,0,7,5582,1,A,Silver,33780
86127,Female,Rural,High School,5L-10L,1,3,6637,1,A,Silver,48492
13744,Male,Urban,High School,5L-10L,0,2,6162,More than 1,A,Platinum,63900
42023,Female,Rural,Others,2L-5L,0,6,0,1,B,Platinum,60840
60249,Female,Rural,High School,5L-10L,1,6,0,More than 1,B,Platinum,72516
7920,Male,Urban,Bachelor,5L-10L,1,7,4311,1,B,Platinum,43416
22407,Female,Rural,High School,More than 10L,0,1,0,More than 1,B,Platinum,73500
75450,Male,Urban,Others,5L-10L,1,2,4924,1,B,Silver,34980
69982,Female,Rural,High School,5L-10L,1,1,0,1,B,Gold,33720
11591,Male,Urban,Bachelor,5L-10L,1,1,5669,1,A,Silver,35472
88400,Female,Rural,High School,2L-5L,1,7,0,More than 1,A,Platinum,67152
2070,Female,Rural,Bachelor,5L-10L,0,6,8135,More than 1,A,Silver,91632
79707,Male,Urban,High School,2L-5L,1,6,10369,1,A,Gold,64092
58224,Male,Urban,High School,5L-10L,0,6,5571,1,B,Silver,29136
46488,Female,Urban,Others,5L-10L,1,4,4075,1,A,Platinum,48336
113,Male,Urban,Bachelor,5L-10L,1,5,3243,1,A,Gold,48600
52954,Female,Urban,High School,More than 10L,0,1,4460,More than 1,A,Gold,101352
31593,Female,Urban,High School,<=2L,0,7,6761,1,A,Platinum,34500
19986,Male,Urban,High School,2L-5L,1,4,5241,1,B,Silver,33720
29029,Female,Rural,Bachelor,2L-5L,0,7,3846,More than 1,B,Silver,67584
82437,Female,Rural,Bachelor,More than 10L,0,6,0,More than 1,B,Silver,64704
65573,Female,Urban,High School,2L-5L,1,7,3819,1,B,Silver,45864
27460,Female,Urban,Bachelor,5L-10L,0,6,4098,More than 1,A,Platinum,95424
71444,Female,Urban,High School,2L-5L,0,3,8280,More than 1,A,Gold,121716
67119,Male,Rural,High School,5L-10L,1,4,0,More than 1,A,Platinum,75612
69420,Female,Rural,Bachelor,More than 10L,0,7,3163,More than 1,A,Silver,70104
63519,Male,Urban,High School,5L-10L,0,6,7404,More than 1,B,Silver,74592
85576,Female,Urban,High School,5L-10L,0,7,8778,More than 1,B,Platinum,123276
32022,Male,Rural,Bachelor,5L-10L,1,2,0,1,A,Platinum,36924
78893,Male,Rural,Bachelor,More than 10L,1,7,0,1,B,Platinum,33264
68921,Female,Rural,Bachelor,More than 10L,1,4,0,More than 1,B,Platinum,69504
57959,Female,Urban,High School,More than 10L,1,5,5654,1,B,Platinum,47568
47369,Male,Rural,Bachelor,5L-10L,1,1,0,More than 1,B,Silver,62196
55037,Male,Urban,High School,5L-10L,0,8,2322,More than 1,B,Platinum,72984
67350,Male,Urban,Bachelor,5L-10L,0,1,4006,More than 1,A,Platinum,248016
58471,Female,Rural,Others,5L-10L,1,7,0,1,A,Gold,32352
34252,Male,Urban,High School,5L-10L,1,7,7174,More than 1,A,Gold,93960
45292,Male,Urban,Bachelor,More than 10L,1,4,0,1,A,Silver,33828
49606,Female,Urban,Bachelor,5L-10L,0,2,3751,More than 1,A,Gold,101904
85698,Male,Rural,High School,5L-10L,1,1,0,1,A,Platinum,38508
7903,Male,Urban,Bachelor,5L-10L,1,5,5874,1,A,Platinum,35148
28995,Male,Urban,High School,5L-10L,0,4,7778,More than 1,A,Platinum,112836
56607,Female,Rural,High School,5L-10L,0,4,0,More than 1,B,Platinum,117804
846,Male,Urban,High School,2L-5L,1,8,15743,More than 1,A,Platinum,158976
73047,Male,Rural,High School,5L-10L,0,1,0,1,B,Platinum,35136
30231,Male,Urban,Others,2L-5L,0,6,2603,More than 1,B,Platinum,67368
63559,Male,Urban,High School,5L-10L,1,4,6104,1,A,Platinum,34236
83749,Male,Rural,High School,5L-10L,1,7,0,1,B,Silver,36336
61042,Male,Urban,High School,5L-10L,1,2,8288,1,A,Platinum,63036
13600,Female,Urban,High School,5L-10L,0,6,3495,More than 1,A,Silver,177564
81670,Male,Rural,Bachelor,2L-5L,1,8,0,More than 1,B,Silver,66672
78178,Male,Urban,High School,5L-10L,0,3,10869,More than 1,A,Platinum,46644
56226,Female,Rural,Bachelor,2L-5L,0,8,2147,More than 1,B,Silver,64512
55918,Male,Urban,High School,5L-10L,0,2,16791,More than 1,A,Gold,67008
50009,Female,Rural,Bachelor,More than 10L,0,6,0,More than 1,C,Platinum,66492
31402,Male,Urban,Bachelor,More than 10L,1,1,0,1,A,Silver,37008
15930,Female,Urban,Bachelor,2L-5L,1,7,5802,1,B,Silver,36192
67309,Male,Urban,High School,2L-5L,1,1,10425,1,B,Gold,59148
8827,Female,Rural,Bachelor,5L-10L,0,6,2192,1,B,Gold,56700
86350,Female,Urban,High School,5L-10L,0,7,8787,More than 1,A,Platinum,99156
37229,Male,Rural,Bachelor,2L-5L,0,8,2186,1,B,Silver,54456
20138,Female,Rural,Bachelor,More than 10L,0,7,0,More than 1,A,Platinum,99960
9001,Male,Urban,Bachelor,5L-10L,0,8,8906,More than 1,C,Gold,126180
58044,Female,Urban,Others,2L-5L,1,6,5037,1,A,Platinum,31776
36798,Male,Urban,Bachelor,5L-10L,1,0,3644,1,C,Gold,66168
16992,Female,Rural,High School,5L-10L,1,5,0,1,A,Silver,36684
65681,Male,Urban,High School,5L-10L,1,6,4756,More than 1,A,Platinum,60864
65839,Male,Urban,High School,2L-5L,0,6,2881,More than 1,C,Silver,106068
23770,Female,Rural,Bachelor,5L-10L,1,3,0,More than 1,A,Platinum,66960
15235,Male,Rural,Bachelor,5L-10L,1,6,0,More than 1,B,Platinum,47268
60270,Male,Urban,High School,More than 10L,1,2,4128,More than 1,A,Platinum,273228
36244,Male,Rural,High School,2L-5L,1,6,0,More than 1,B,Gold,63468
59217,Male,Urban,Bachelor,5L-10L,0,4,5145,1,A,Gold,33048
68551,Male,Rural,High School,5L-10L,1,3,2016,1,A,Silver,35892
85752,Male,Urban,Bachelor,2L-5L,1,7,3855,1,C,Silver,47580
22595,Female,Urban,Bachelor,2L-5L,0,6,5339,1,B,Gold,33708
28900,Female,Urban,High School,2L-5L,1,6,5130,1,A,Platinum,33228
28873,Male,Rural,High School,2L-5L,1,4,6253,1,B,Gold,44424
15129,Male,Rural,High School,2L-5L,0,2,0,1,A,Silver,34428
10663,Male,Rural,High School,5L-10L,1,7,0,More than 1,A,Platinum,88992
47270,Female,Urban,Bachelor,<=2L,1,4,6450,1,A,Gold,49092
33946,Female,Urban,Bachelor,2L-5L,0,2,6598,1,B,Gold,47760
49783,Female,Urban,Bachelor,2L-5L,0,7,7093,More than 1,B,Platinum,67788
10851,Male,Urban,High School,5L-10L,1,0,0,1,A,Platinum,31176
3514,Female,Urban,High School,5L-10L,1,4,9636,More than 1,C,Platinum,107424
6044,Male,Urban,Bachelor,5L-10L,0,1,5884,1,A,Platinum,43464
71832,Male,Urban,High School,5L-10L,1,0,2054,1,C,Gold,34956
59073,Male,Urban,Bachelor,2L-5L,0,2,4647,More than 1,B,Silver,93156
1059,Male,Urban,High School,More than 10L,1,6,3414,More than 1,A,Platinum,63072
54976,Male,Urban,Bachelor,2L-5L,0,3,3558,1,C,Platinum,46836
79569,Male,Urban,Bachelor,5L-10L,1,7,5211,1,A,Silver,55236
17557,Male,Urban,Bachelor,5L-10L,1,8,3932,1,B,Platinum,53184
68220,Female,Urban,High School,5L-10L,0,6,6801,1,A,Platinum,204264
54844,Male,Urban,Bachelor,5L-10L,0,5,5448,1,A,Silver,31236
37440,Male,Urban,High School,5L-10L,0,5,0,1,A,Platinum,35136
58936,Male,Rural,Bachelor,2L-5L,1,8,0,More than 1,A,Platinum,63384
44769,Female,Rural,High School,5L-10L,0,2,2134,More than 1,A,Platinum,66936
793,Female,Urban,High School,5L-10L,1,6,0,1,A,Platinum,31716
33267,Male,Urban,Bachelor,5L-10L,1,4,3595,More than 1,B,Platinum,67992
30814,Male,Urban,Others,2L-5L,0,7,7375,1,C,Silver,30660
60377,Male,Rural,Others,More than 10L,1,1,2028,More than 1,A,Platinum,70140
13479,Female,Urban,High School,5L-10L,1,2,6005,More than 1,A,Platinum,271680
53881,Male,Urban,High School,5L-10L,0,3,6541,1,A,Gold,32208
81598,Male,Urban,High School,2L-5L,1,3,5893,More than 1,A,Platinum,69036
59621,Male,Rural,Others,More than 10L,1,1,0,1,B,Silver,39456
24095,Male,Urban,Bachelor,5L-10L,0,3,4609,1,A,Silver,46200
80669,Male,Rural,High School,5L-10L,1,8,2382,More than 1,A,Platinum,97452
44267,Male,Urban,High School,5L-10L,1,5,5338,1,A,Platinum,29388
46510,Female,Urban,High School,5L-10L,1,8,9094,More than 1,A,Silver,101220
73339,Male,Rural,High School,5L-10L,0,2,2190,More than 1,B,Gold,57084
28075,Female,Rural,Bachelor,5L-10L,1,0,0,1,A,Platinum,52500
57934,Male,Urban,High School,5L-10L,1,6,0,1,B,Platinum,59088
74734,Female,Urban,High School,<=2L,1,1,5517,1,B,Platinum,64272
27758,Female,Urban,High School,2L-5L,1,3,6850,More than 1,A,Platinum,244296
71508,Male,Urban,High School,5L-10L,1,7,9508,1,A,Gold,49260
56980,Male,Urban,High School,5L-10L,1,6,5300,More than 1,A,Silver,153660
24715,Male,Urban,Bachelor,2L-5L,1,1,3657,More than 1,A,Platinum,54216
80703,Male,Rural,Bachelor,5L-10L,1,7,3114,More than 1,B,Platinum,64680
49439,Female,Rural,High School,5L-10L,1,6,4413,1,A,Gold,60792
85266,Male,Rural,High School,5L-10L,1,4,5635,1,B,Silver,54264
13173,Male,Urban,High School,More than 10L,0,3,2055,1,B,Platinum,67548
86160,Female,Urban,High School,2L-5L,1,4,4096,1,A,Platinum,46620
22249,Male,Urban,High School,5L-10L,1,2,6760,More than 1,B,Gold,122580
81608,Female,Urban,Bachelor,5L-10L,1,4,5253,More than 1,A,Platinum,95232
23541,Male,Rural,Bachelor,2L-5L,1,6,3199,1,B,Gold,34008
3664,Male,Rural,High School,More than 10L,1,7,0,1,B,Gold,36924
33647,Female,Urban,Bachelor,5L-10L,1,7,3760,More than 1,C,Silver,66504
73968,Male,Urban,High School,5L-10L,0,2,7083,1,A,Silver,50448
58038,Male,Urban,High School,5L-10L,0,7,9008,More than 1,A,Platinum,100824
46805,Male,Urban,High School,5L-10L,0,5,6878,More than 1,B,Silver,112680
24278,Male,Rural,Bachelor,2L-5L,1,0,5360,1,B,Platinum,53052
10186,Female,Urban,High School,2L-5L,1,5,6882,1,A,Platinum,31488
52452,Male,Urban,High School,5L-10L,0,8,12600,More than 1,A,Platinum,113112
54085,Male,Urban,High School,5L-10L,1,5,6706,1,B,Silver,48240
22969,Female,Urban,High School,2L-5L,1,5,0,More than 1,B,Platinum,65076
70908,Female,Urban,High School,5L-10L,1,2,6150,More than 1,A,Gold,89100
19930,Male,Rural,High School,5L-10L,0,0,0,More than 1,B,Platinum,98220
48628,Male,Rural,High School,5L-10L,1,7,0,1,A,Gold,42876
55459,Female,Rural,High School,5L-10L,0,1,3446,More than 1,B,Platinum,94392
16787,Male,Urban,High School,5L-10L,0,6,10136,1,A,Gold,54264
40700,Male,Rural,Bachelor,More than 10L,0,2,0,1,C,Silver,33840
81388,Male,Rural,Bachelor,5L-10L,0,6,0,1,B,Gold,35436
8675,Male,Urban,High School,5L-10L,1,6,6325,More than 1,C,Gold,132096
57923,Female,Urban,Bachelor,5L-10L,1,5,2765,1,B,Silver,53952
76366,Male,Urban,High School,2L-5L,0,6,4783,1,B,Silver,34320
51389,Male,Urban,High School,5L-10L,1,1,20094,1,C,Silver,50364
25457,Male,Rural,Bachelor,More than 10L,1,6,3344,1,A,Platinum,29964
39456,Female,Urban,Bachelor,5L-10L,1,5,6281,More than 1,A,Platinum,97428
36559,Male,Rural,High School,More than 10L,0,7,2436,More than 1,B,Gold,63552
78298,Male,Rural,Others,5L-10L,1,5,0,1,B,Platinum,35868
82449,Female,Rural,High School,5L-10L,0,6,2635,More than 1,A,Gold,72864
80591,Female,Urban,High School,5L-10L,1,6,4387,More than 1,B,Silver,71580
68708,Male,Urban,High School,5L-10L,1,1,5619,1,A,Silver,36444
40081,Female,Urban,Bachelor,5L-10L,1,5,5132,More than 1,A,Platinum,60288
5075,Female,Urban,Bachelor,2L-5L,0,4,5075,More than 1,B,Silver,110364
81441,Female,Rural,High School,More than 10L,1,2,0,More than 1,B,Gold,65724
41084,Male,Urban,Bachelor,5L-10L,1,5,7260,1,A,Gold,53268
1943,Male,Rural,High School,5L-10L,1,2,3116,More than 1,A,Platinum,65568
72806,Male,Urban,Bachelor,5L-10L,1,2,4002,More than 1,A,Platinum,105876
11104,Female,Urban,High School,5L-10L,1,1,7213,1,A,Silver,57684
76898,Male,Urban,Bachelor,2L-5L,1,2,6319,1,B,Silver,36708
71086,Female,Rural,Others,More than 10L,1,0,0,1,B,Platinum,34260
22437,Male,Rural,High School,More than 10L,0,7,2371,1,A,Silver,46944
54563,Female,Urban,Bachelor,5L-10L,0,4,5484,1,A,Silver,29172
45481,Male,Rural,High School,5L-10L,1,2,2742,1,A,Silver,32988
43619,Male,Urban,High School,5L-10L,1,0,4281,More than 1,A,Platinum,132960
74532,Male,Rural,Bachelor,5L-10L,1,5,2058,1,A,Platinum,46428
33998,Female,Urban,High School,5L-10L,0,2,7780,More than 1,C,Platinum,126264
46989,Male,Rural,High School,5L-10L,1,5,4247,1,A,Silver,54024
10369,Male,Rural,Bachelor,5L-10L,1,2,0,1,C,Gold,57372
35476,Female,Urban,Bachelor,5L-10L,1,3,2022,1,A,Platinum,36288
32939,Male,Urban,High School,5L-10L,0,4,5788,1,A,Platinum,37116
32345,Male,Urban,High School,2L-5L,1,1,4194,More than 1,C,Platinum,106308
86164,Male,Urban,Bachelor,2L-5L,1,2,7900,1,A,Silver,36948
12985,Male,Urban,High School,5L-10L,1,1,0,1,C,Silver,36096
84288,Female,Rural,Bachelor,More than 10L,0,3,3832,More than 1,A,Silver,92592
55558,Female,Urban,High School,5L-10L,0,7,5911,1,A,Silver,73164
19655,Male,Urban,High School,More than 10L,0,4,6862,More than 1,B,Gold,62544
69450,Female,Rural,Others,5L-10L,1,5,3510,More than 1,A,Platinum,63180
41629,Female,Urban,Bachelor,5L-10L,1,6,3397,More than 1,A,Platinum,376308
3112,Female,Urban,High School,2L-5L,1,4,9373,1,B,Silver,53796
88032,Male,Urban,Bachelor,More than 10L,0,2,0,More than 1,B,Platinum,68940
82051,Male,Urban,High School,More than 10L,0,6,0,More than 1,B,Platinum,61164
25206,Female,Urban,Others,2L-5L,0,5,2386,1,A,Gold,70980
63173,Female,Rural,High School,5L-10L,0,4,3038,More than 1,B,Gold,65208
13138,Male,Urban,High School,5L-10L,0,7,5653,1,A,Silver,45948
23600,Male,Urban,High School,5L-10L,0,3,2609,1,A,Platinum,46536
13243,Female,Urban,Bachelor,5L-10L,1,8,2026,1,C,Silver,39780
66749,Female,Rural,High School,5L-10L,0,1,9554,1,A,Platinum,56640
55152,Male,Urban,Bachelor,More than 10L,0,7,5442,1,A,Gold,33864
26851,Male,Urban,High School,2L-5L,1,0,11494,1,A,Platinum,106800
44535,Female,Rural,High School,More than 10L,0,6,5127,1,A,Gold,30324
43338,Male,Urban,High School,More than 10L,0,8,3453,More than 1,A,Platinum,103476
57477,Male,Rural,Bachelor,5L-10L,0,4,0,More than 1,A,Gold,70800
72813,Male,Urban,Bachelor,2L-5L,1,2,7231,1,C,Gold,58572
39346,Female,Urban,Bachelor,5L-10L,0,6,4158,1,A,Platinum,52092
19334,Female,Urban,Bachelor,2L-5L,1,7,4358,More than 1,B,Platinum,96396
42579,Male,Urban,Bachelor,2L-5L,1,6,5597,1,C,Gold,53208
35630,Male,Rural,Others,More than 10L,1,1,0,More than 1,B,Platinum,67788
59359,Female,Urban,Bachelor,2L-5L,0,4,5156,More than 1,A,Silver,60576
66919,Female,Rural,High School,5L-10L,0,1,3058,More than 1,B,Silver,71664
32230,Male,Urban,Bachelor,5L-10L,0,7,2268,1,B,Gold,61728
3385,Male,Urban,Bachelor,5L-10L,1,7,3563,More than 1,B,Platinum,71784
72794,Male,Urban,High School,5L-10L,1,6,4369,More than 1,A,Platinum,85680
27032,Male,Urban,Bachelor,5L-10L,0,3,5731,More than 1,B,Gold,317748
51295,Male,Urban,High School,2L-5L,0,4,7098,More than 1,C,Platinum,72240
75508,Female,Urban,High School,2L-5L,1,6,5898,More than 1,A,Gold,97572
24735,Male,Rural,Bachelor,More than 10L,0,6,0,1,B,Platinum,31188
13989,Male,Urban,High School,5L-10L,1,4,5204,1,A,Platinum,34404
5946,Female,Rural,High School,More than 10L,1,7,6080,1,B,Gold,33168
28888,Male,Urban,Bachelor,More than 10L,1,6,3760,More than 1,A,Platinum,94512
18734,Female,Urban,High School,5L-10L,1,5,2076,1,A,Platinum,31428
26361,Female,Urban,High School,2L-5L,0,4,7024,More than 1,B,Silver,115044
48317,Female,Urban,High School,More than 10L,1,4,0,More than 1,B,Silver,67764
39719,Female,Rural,High School,5L-10L,1,1,4074,1,A,Platinum,46908
28550,Male,Urban,Bachelor,More than 10L,1,6,4792,1,A,Platinum,102276
60531,Male,Urban,High School,5L-10L,0,4,7197,More than 1,A,Platinum,440100
67740,Female,Urban,High School,5L-10L,1,7,4344,1,B,Silver,36060
3211,Female,Urban,High School,5L-10L,1,4,3571,1,B,Silver,39996
76621,Female,Urban,High School,2L-5L,0,2,13253,More than 1,A,Platinum,94212
47388,Female,Urban,Bachelor,2L-5L,0,6,0,1,A,Silver,35340
84858,Male,Rural,Bachelor,More than 10L,0,0,2886,1,B,Silver,34584
10506,Female,Urban,High School,More than 10L,0,0,0,More than 1,C,Silver,94008
31833,Female,Urban,Bachelor,5L-10L,1,1,0,1,A,Silver,38532
65682,Female,Rural,Bachelor,5L-10L,0,5,5871,More than 1,B,Platinum,67128
53405,Male,Rural,High School,More than 10L,1,7,3184,More than 1,B,Platinum,72708
61010,Male,Urban,Others,5L-10L,1,3,3702,More than 1,A,Gold,98148
1146,Male,Rural,Bachelor,5L-10L,0,5,2378,More than 1,B,Silver,66612
27415,Female,Urban,High School,5L-10L,0,4,10574,1,A,Platinum,49464
32127,Male,Urban,High School,5L-10L,1,5,5263,1,C,Gold,34716
9931,Male,Rural,High School,5L-10L,1,2,5069,1,B,Platinum,32160
41271,Female,Urban,Bachelor,More than 10L,0,1,6768,More than 1,A,Silver,287136
51225,Male,Rural,High School,5L-10L,1,6,0,1,C,Gold,32808
52116,Male,Rural,Bachelor,5L-10L,1,2,2380,1,B,Silver,35604
74781,Male,Urban,High School,5L-10L,1,7,4139,1,B,Platinum,41976
18581,Female,Rural,High School,5L-10L,1,1,4161,More than 1,A,Platinum,101628
56644,Male,Urban,Bachelor,5L-10L,0,4,3854,1,A,Gold,61392
29527,Female,Urban,High School,5L-10L,0,5,5210,More than 1,A,Gold,68052
53464,Male,Rural,Bachelor,5L-10L,0,0,3815,More than 1,B,Platinum,64020
85840,Male,Urban,High School,5L-10L,0,6,7049,More than 1,A,Silver,69852
41907,Male,Urban,Bachelor,2L-5L,1,6,4247,More than 1,B,Silver,69480
1436,Female,Rural,High School,5L-10L,0,6,0,1,A,Platinum,41580
50809,Male,Urban,High School,5L-10L,1,6,3016,More than 1,A,Platinum,93876
2811,Female,Urban,Bachelor,More than 10L,0,3,3821,1,A,Gold,35592
59774,Female,Rural,High School,2L-5L,1,3,0,1,A,Platinum,36360
72455,Male,Urban,High School,5L-10L,1,5,11369,More than 1,A,Platinum,116592
31918,Male,Urban,High School,5L-10L,1,5,5813,More than 1,A,Platinum,62988
28309,Male,Urban,Bachelor,2L-5L,0,6,3639,More than 1,B,Platinum,98136
40864,Male,Urban,Bachelor,5L-10L,0,2,13093,More than 1,A,Platinum,92664
11826,Male,Rural,Bachelor,5L-10L,1,5,2217,More than 1,B,Gold,70884
18468,Female,Rural,Others,2L-5L,1,2,0,1,B,Silver,34944
27272,Male,Urban,Bachelor,5L-10L,1,7,3540,1,A,Gold,51240
76894,Male,Urban,Bachelor,2L-5L,1,5,2338,1,A,Platinum,42168
1791,Male,Urban,Bachelor,5L-10L,0,1,5049,1,A,Platinum,39216
15848,Female,Rural,Bachelor,5L-10L,1,0,0,More than 1,A,Platinum,58872
87586,Female,Urban,Bachelor,2L-5L,0,7,0,1,A,Silver,49116
68357,Male,Urban,High School,5L-10L,0,7,5794,More than 1,C,Silver,107688
59506,Female,Urban,High School,2L-5L,1,3,5052,1,A,Silver,32412
38116,Male,Urban,High School,5L-10L,0,2,4592,More than 1,A,Platinum,107616
73842,Female,Rural,High School,5L-10L,1,2,2488,1,A,Platinum,33516
64662,Female,Urban,Bachelor,5L-10L,1,5,4599,More than 1,A,Gold,89856
51491,Male,Urban,High School,5L-10L,1,1,6859,More than 1,A,Silver,115008
21578,Male,Urban,Bachelor,5L-10L,1,2,3866,1,A,Platinum,56880
59827,Male,Urban,High School,5L-10L,0,8,4470,More than 1,A,Gold,63072
28275,Male,Urban,High School,<=2L,1,4,4824,1,A,Platinum,33432
29813,Female,Urban,Others,5L-10L,0,5,10134,1,A,Gold,48816
69386,Female,Rural,High School,5L-10L,1,6,0,More than 1,B,Gold,60180
55465,Male,Urban,Bachelor,5L-10L,0,4,2879,1,A,Platinum,31080
84889,Female,Urban,Bachelor,5L-10L,0,4,3486,More than 1,A,Silver,105852
72877,Male,Urban,High School,2L-5L,0,4,6785,More than 1,A,Platinum,109164
54726,Female,Urban,High School,2L-5L,1,4,6486,1,A,Gold,31680
15793,Female,Rural,Bachelor,5L-10L,1,6,0,More than 1,B,Gold,68856
3145,Female,Urban,Bachelor,2L-5L,1,5,0,More than 1,A,Silver,91848
33849,Female,Urban,Bachelor,2L-5L,1,4,2529,1,A,Platinum,46356
61235,Female,Urban,Bachelor,5L-10L,1,2,6789,More than 1,A,Silver,283116
36634,Female,Urban,High School,5L-10L,0,4,4899,More than 1,A,Platinum,98028
69972,Female,Rural,High School,5L-10L,0,2,2550,1,A,Platinum,59700
38293,Female,Urban,Bachelor,2L-5L,0,8,10170,More than 1,A,Platinum,366732
6814,Female,Urban,Bachelor,2L-5L,1,7,4096,1,A,Gold,55848
5674,Female,Urban,High School,5L-10L,0,6,6618,1,A,Gold,58260
65655,Female,Urban,High School,5L-10L,1,1,0,More than 1,A,Platinum,94272
26057,Female,Urban,High School,2L-5L,0,5,5423,1,A,Gold,35940
24001,Male,Urban,High School,5L-10L,1,2,0,1,A,Platinum,36552
17175,Male,Rural,High School,5L-10L,1,6,5054,1,B,Platinum,34068
5433,Male,Rural,Others,More than 10L,1,7,2813,1,C,Platinum,32568
4001,Female,Urban,High School,5L-10L,1,5,3704,More than 1,A,Platinum,92004
20837,Female,Urban,High School,5L-10L,1,5,4277,1,A,Platinum,34764
31783,Female,Rural,High School,More than 10L,0,7,0,1,B,Silver,71280
3202,Female,Rural,Bachelor,More than 10L,1,3,5289,1,A,Platinum,35532
67160,Female,Rural,Bachelor,More than 10L,0,2,2316,1,A,Platinum,50904
68124,Male,Rural,High School,5L-10L,0,3,5256,More than 1,A,Silver,108984
77971,Female,Rural,Bachelor,More than 10L,1,7,5832,1,A,Silver,51144
16192,Female,Rural,High School,More than 10L,0,8,6225,More than 1,B,Platinum,76860
48894,Female,Urban,High School,More than 10L,0,5,5708,1,A,Silver,46620
85906,Male,Urban,Others,5L-10L,1,0,2401,1,A,Silver,34632
86182,Female,Urban,Bachelor,5L-10L,0,8,2946,More than 1,B,Platinum,103560
73138,Female,Urban,Others,5L-10L,0,8,4935,1,A,Gold,34680
52188,Male,Urban,Bachelor,5L-10L,0,1,8408,1,A,Platinum,60168
15121,Male,Urban,Bachelor,2L-5L,1,8,0,More than 1,B,Silver,75516
25891,Female,Rural,Others,2L-5L,0,5,5127,1,A,Platinum,33792
2119,Female,Rural,Bachelor,More than 10L,1,6,2455,More than 1,B,Silver,76764
60463,Male,Rural,Bachelor,5L-10L,1,2,0,More than 1,A,Gold,98856
63705,Female,Urban,Bachelor,2L-5L,1,5,6269,More than 1,A,Silver,94932
7395,Male,Rural,High School,2L-5L,1,3,0,1,B,Platinum,33480
16156,Male,Urban,High School,5L-10L,1,4,0,1,A,Platinum,34488
12509,Female,Urban,Bachelor,5L-10L,1,7,2895,1,B,Silver,50148
78559,Female,Urban,Bachelor,5L-10L,0,7,5750,More than 1,A,Platinum,62496
45400,Female,Urban,High School,More than 10L,1,2,6702,1,B,Platinum,49692
26172,Male,Urban,High School,More than 10L,1,7,4516,1,A,Platinum,67404
63663,Female,Rural,High School,More than 10L,0,3,5424,1,A,Platinum,47976
10327,Female,Rural,Bachelor,5L-10L,1,6,3221,1,A,Platinum,52836
8776,Male,Urban,Bachelor,2L-5L,0,7,2082,1,B,Silver,30420
35891,Male,Urban,Bachelor,5L-10L,1,1,5739,1,A,Gold,46152
66417,Female,Rural,Bachelor,5L-10L,1,6,12119,More than 1,B,Gold,93468
35608,Male,Rural,Bachelor,5L-10L,0,6,0,More than 1,A,Silver,67128
5187,Female,Urban,High School,5L-10L,0,6,5765,More than 1,B,Gold,101376
49146,Female,Urban,High School,2L-5L,1,6,3656,1,A,Gold,44340
4648,Male,Rural,Bachelor,5L-10L,1,4,0,1,C,Platinum,55980
31269,Male,Rural,Bachelor,5L-10L,0,6,4506,1,A,Gold,96960
11083,Female,Urban,Bachelor,More than 10L,0,1,5375,1,A,Silver,32736
47233,Male,Urban,High School,2L-5L,0,4,4372,More than 1,B,Platinum,114432
3340,Female,Rural,Bachelor,5L-10L,0,8,0,More than 1,A,Gold,91992
64790,Female,Rural,Others,2L-5L,0,0,3654,More than 1,B,Silver,103956
4669,Male,Urban,High School,5L-10L,0,2,7118,1,C,Gold,52140
46712,Female,Rural,High School,5L-10L,0,2,2513,1,A,Silver,46620
84998,Female,Urban,High School,2L-5L,1,7,6164,More than 1,B,Silver,47712
48839,Female,Rural,High School,2L-5L,1,2,0,1,B,Silver,28920
17946,Male,Urban,Bachelor,5L-10L,0,6,6281,More than 1,C,Gold,103920
44911,Male,Urban,High School,5L-10L,1,8,5943,1,A,Platinum,61212
85743,Female,Urban,High School,5L-10L,0,2,4377,1,A,Platinum,47604
31544,Male,Rural,Bachelor,5L-10L,0,7,16043,More than 1,A,Platinum,137988
27964,Female,Urban,Bachelor,<=2L,1,6,5567,More than 1,B,Gold,66168
52128,Female,Rural,Bachelor,More than 10L,1,1,2789,More than 1,B,Silver,73920
62176,Female,Rural,High School,5L-10L,1,2,3536,1,B,Platinum,38484
71933,Female,Urban,High School,2L-5L,1,4,3885,More than 1,A,Silver,54888
7237,Male,Rural,High School,More than 10L,1,4,4973,1,A,Platinum,32016
23943,Male,Urban,High School,5L-10L,0,3,5983,1,A,Platinum,30264
27656,Male,Urban,High School,5L-10L,0,6,11658,More than 1,A,Platinum,108696
52419,Female,Rural,Bachelor,More than 10L,1,7,0,More than 1,B,Gold,71736
28901,Male,Rural,High School,5L-10L,0,7,5450,1,A,Gold,34428
72036,Female,Rural,High School,5L-10L,0,6,0,More than 1,B,Platinum,74220
58723,Female,Rural,High School,5L-10L,1,0,2710,1,C,Gold,39972
66670,Male,Urban,High School,5L-10L,1,7,4012,1,A,Silver,38040
4044,Male,Urban,Bachelor,5L-10L,1,0,5600,1,A,Gold,48336
4841,Female,Rural,High School,More than 10L,1,3,0,More than 1,B,Platinum,29316
39272,Female,Rural,Bachelor,5L-10L,1,6,0,More than 1,C,Platinum,59328
14667,Male,Urban,High School,5L-10L,1,6,3849,More than 1,A,Silver,63384
79485,Female,Rural,High School,5L-10L,1,8,2173,More than 1,B,Platinum,77748
29141,Male,Rural,Bachelor,More than 10L,0,7,0,More than 1,B,Gold,63576
57504,Male,Urban,Bachelor,5L-10L,1,4,7569,More than 1,A,Platinum,104436
28168,Female,Urban,Bachelor,2L-5L,0,6,10021,More than 1,A,Platinum,65940
33546,Female,Rural,Bachelor,More than 10L,1,2,0,More than 1,A,Platinum,67272
3579,Male,Urban,Bachelor,5L-10L,0,1,5557,1,A,Platinum,38748
63742,Male,Urban,High School,5L-10L,0,6,3605,1,B,Silver,35616
50655,Male,Rural,High School,5L-10L,1,1,3104,1,A,Silver,55320
39830,Female,Urban,High School,5L-10L,1,6,11418,More than 1,B,Platinum,112896
74876,Female,Urban,Bachelor,5L-10L,1,6,4051,1,B,Silver,50652
75563,Female,Urban,Bachelor,5L-10L,1,0,0,1,A,Silver,38304
12170,Male,Urban,Bachelor,5L-10L,0,4,3761,More than 1,B,Platinum,67908
42282,Female,Urban,Bachelor,2L-5L,1,5,5242,More than 1,C,Platinum,65268
47870,Male,Urban,High School,5L-10L,0,3,5826,1,A,Platinum,36444
76498,Male,Rural,High School,More than 10L,1,5,0,More than 1,B,Platinum,61320
2670,Female,Urban,High School,5L-10L,1,8,5974,More than 1,A,Platinum,99492
34905,Female,Urban,High School,5L-10L,1,1,0,1,B,Platinum,47676
19725,Male,Urban,Bachelor,<=2L,0,1,16272,More than 1,A,Silver,101460
9744,Female,Urban,Bachelor,2L-5L,1,6,0,More than 1,A,Platinum,62160
55391,Male,Rural,High School,5L-10L,0,4,0,1,A,Platinum,36384
45055,Male,Urban,High School,5L-10L,0,2,3749,More than 1,A,Silver,101988
13371,Female,Rural,High School,More than 10L,1,5,0,1,B,Platinum,60864
2264,Male,Urban,Bachelor,5L-10L,1,4,0,1,A,Platinum,32340
68411,Male,Rural,Bachelor,5L-10L,1,6,5798,1,B,Platinum,33516
68744,Male,Urban,High School,More than 10L,1,6,0,1,B,Silver,36240
65516,Male,Rural,High School,5L-10L,0,4,7120,1,A,Platinum,48888
88253,Male,Urban,Bachelor,5L-10L,1,5,18340,1,A,Silver,59136
84773,Female,Rural,Bachelor,5L-10L,1,6,2125,1,A,Platinum,34884
52241,Male,Urban,Bachelor,5L-10L,1,1,6060,1,A,Gold,44124
28645,Male,Rural,High School,More than 10L,1,6,0,More than 1,B,Platinum,71496
56663,Male,Rural,High School,5L-10L,1,0,0,1,A,Platinum,45804
73883,Male,Rural,Bachelor,5L-10L,0,2,0,More than 1,A,Silver,94236
70169,Male,Rural,Bachelor,5L-10L,0,8,0,1,B,Silver,42000
72986,Female,Rural,Bachelor,5L-10L,1,5,0,More than 1,B,Silver,67284
65078,Male,Rural,High School,More than 10L,1,6,0,1,A,Gold,39744
40941,Male,Urban,High School,More than 10L,0,7,6636,More than 1,C,Platinum,109452
6520,Male,Urban,Bachelor,5L-10L,1,5,5631,1,A,Platinum,36192
7323,Female,Urban,High School,2L-5L,0,1,2882,More than 1,A,Platinum,96396
75482,Female,Rural,High School,5L-10L,1,1,0,More than 1,A,Silver,67728
8834,Male,Urban,High School,2L-5L,1,6,0,1,B,Platinum,32556
45584,Male,Urban,High School,<=2L,0,2,11440,More than 1,A,Gold,114480
48201,Male,Rural,High School,5L-10L,0,6,0,1,B,Gold,41352
79267,Female,Rural,Bachelor,5L-10L,1,8,0,More than 1,B,Platinum,71952
61344,Female,Urban,Bachelor,2L-5L,1,5,7371,More than 1,B,Silver,322128
38464,Female,Rural,Bachelor,5L-10L,1,5,0,More than 1,A,Platinum,53124
76971,Male,Urban,High School,More than 10L,1,6,2098,1,A,Gold,48576
37489,Female,Urban,High School,5L-10L,1,3,4977,1,A,Platinum,31152
52866,Male,Urban,Bachelor,5L-10L,1,6,3847,More than 1,B,Silver,68556
39863,Male,Urban,Bachelor,More than 10L,1,4,2487,1,B,Silver,38952
30067,Female,Urban,High School,5L-10L,0,6,0,More than 1,B,Platinum,68508
4908,Male,Rural,Others,5L-10L,1,0,5759,1,A,Gold,62772
57007,Male,Urban,High School,5L-10L,1,6,2841,More than 1,C,Gold,116772
58355,Female,Urban,Others,5L-10L,0,7,7367,More than 1,A,Platinum,54792
21216,Male,Urban,Bachelor,More than 10L,0,5,5092,More than 1,A,Platinum,519396
74161,Male,Urban,High School,5L-10L,0,3,5065,1,A,Gold,35736
73524,Female,Rural,High School,More than 10L,1,4,0,More than 1,B,Platinum,60300
59667,Female,Urban,High School,5L-10L,1,1,2766,More than 1,A,Platinum,250680
11593,Male,Urban,High School,5L-10L,1,8,5791,More than 1,C,Silver,69348
1822,Male,Rural,Bachelor,5L-10L,0,7,0,More than 1,A,Gold,104052
47226,Female,Urban,Bachelor,2L-5L,0,7,6616,1,B,Platinum,34704
18156,Female,Rural,Bachelor,2L-5L,1,7,2177,1,B,Silver,54012
41270,Male,Urban,Bachelor,5L-10L,0,6,3937,More than 1,A,Gold,109584
40851,Female,Rural,Bachelor,5L-10L,1,0,0,1,B,Platinum,33384
84434,Male,Urban,Bachelor,5L-10L,1,5,5844,1,A,Platinum,32136
50635,Female,Urban,Others,2L-5L,0,6,3737,More than 1,B,Platinum,64260
44327,Male,Urban,Bachelor,5L-10L,1,5,5421,1,A,Silver,35388
5505,Male,Urban,Bachelor,More than 10L,0,5,6738,More than 1,A,Platinum,120216
39316,Male,Urban,High School,5L-10L,1,5,5215,1,C,Platinum,36756
24395,Male,Rural,High School,5L-10L,1,8,0,1,B,Platinum,43920
16962,Male,Urban,High School,5L-10L,1,7,2060,1,A,Platinum,33060
61209,Female,Rural,High School,5L-10L,1,1,2116,More than 1,A,Platinum,66444
23696,Female,Rural,Bachelor,More than 10L,1,7,2897,More than 1,A,Silver,105696
43125,Male,Urban,High School,5L-10L,1,3,9400,More than 1,A,Platinum,139920
20157,Male,Rural,Bachelor,5L-10L,1,6,0,1,B,Platinum,58644
70879,Male,Urban,High School,5L-10L,1,6,4169,1,A,Gold,42996
75637,Male,Urban,Bachelor,5L-10L,1,4,5614,1,A,Platinum,35184
13211,Male,Urban,High School,5L-10L,1,0,4218,More than 1,A,Platinum,91644
30474,Male,Rural,High School,5L-10L,1,5,0,More than 1,A,Silver,108708
664,Female,Urban,Bachelor,2L-5L,0,2,3720,More than 1,B,Platinum,157212
85869,Male,Rural,Bachelor,5L-10L,0,3,2313,1,A,Silver,47952
1948,Male,Rural,Bachelor,5L-10L,1,5,0,1,B,Platinum,45948
26565,Female,Rural,Bachelor,5L-10L,0,6,2584,More than 1,A,Platinum,68004
54174,Female,Urban,High School,5L-10L,1,5,3942,1,A,Silver,42336
81080,Male,Rural,High School,More than 10L,0,1,0,More than 1,B,Platinum,66540
42187,Female,Urban,Bachelor,More than 10L,0,1,3536,1,A,Platinum,51444
86125,Male,Rural,Bachelor,5L-10L,1,6,0,More than 1,B,Platinum,61728
62389,Male,Rural,Bachelor,5L-10L,1,4,0,More than 1,B,Platinum,69672
40233,Male,Urban,High School,5L-10L,1,5,2148,1,B,Silver,33504
64701,Male,Urban,High School,5L-10L,0,3,3604,More than 1,A,Silver,102636
87439,Female,Urban,Bachelor,5L-10L,0,7,7342,More than 1,A,Platinum,126924
86986,Male,Urban,High School,2L-5L,1,6,15178,1,C,Silver,48132
11227,Male,Urban,Bachelor,5L-10L,1,6,2238,1,A,Platinum,38388
32027,Male,Rural,High School,2L-5L,1,5,2667,More than 1,B,Platinum,149244
55312,Male,Rural,High School,5L-10L,1,7,3853,More than 1,B,Silver,71436
22078,Male,Rural,Bachelor,More than 10L,0,7,0,More than 1,B,Platinum,60372
78932,Female,Rural,High School,5L-10L,0,7,2967,More than 1,C,Platinum,70128
53864,Male,Urban,Bachelor,5L-10L,1,3,7400,1,A,Platinum,71124
49295,Male,Rural,Bachelor,More than 10L,1,5,2639,1,A,Silver,58392
41873,Female,Urban,High School,5L-10L,0,8,5809,More than 1,A,Gold,106812
72375,Male,Urban,Bachelor,5L-10L,1,3,0,1,A,Platinum,31008
87196,Female,Rural,High School,5L-10L,0,1,0,1,B,Platinum,58836
76855,Female,Rural,High School,5L-10L,0,8,9108,More than 1,A,Silver,108312
62182,Male,Urban,High School,5L-10L,1,2,5654,More than 1,A,Platinum,56112
2867,Female,Urban,Bachelor,5L-10L,0,6,0,More than 1,B,Platinum,71304
81778,Female,Rural,Bachelor,5L-10L,1,1,5145,More than 1,A,Gold,70008
88269,Male,Urban,High School,5L-10L,1,2,3809,More than 1,A,Gold,92184
10658,Male,Rural,High School,More than 10L,0,8,0,1,A,Silver,31200
5382,Male,Rural,High School,More than 10L,0,3,0,More than 1,A,Platinum,65784
20251,Male,Urban,High School,5L-10L,0,6,7710,More than 1,A,Platinum,101112
28563,Female,Rural,Bachelor,More than 10L,0,6,2879,More than 1,B,Silver,74412
5507,Female,Urban,High School,5L-10L,0,3,5745,More than 1,B,Gold,65520
51573,Male,Rural,Bachelor,More than 10L,0,4,0,1,B,Platinum,36972
71092,Female,Urban,High School,5L-10L,0,4,6908,1,A,Gold,63168
71407,Male,Urban,Bachelor,5L-10L,1,6,3985,More than 1,A,Platinum,75000
76080,Female,Rural,Bachelor,More than 10L,1,8,2135,More than 1,B,Platinum,71352
47832,Male,Urban,Bachelor,2L-5L,1,6,0,More than 1,C,Silver,99408
13724,Female,Rural,High School,5L-10L,0,7,3377,More than 1,B,Platinum,94668
2013,Male,Rural,Bachelor,More than 10L,0,7,5413,1,A,Gold,44328
54928,Male,Rural,Bachelor,2L-5L,0,0,0,More than 1,A,Platinum,90084
25468,Female,Urban,Bachelor,More than 10L,0,4,0,More than 1,A,Platinum,89748
79311,Female,Urban,Bachelor,5L-10L,1,4,5338,1,A,Gold,32880
39721,Male,Urban,Bachelor,5L-10L,0,1,11753,More than 1,A,Platinum,359232
75297,Male,Urban,Bachelor,5L-10L,0,6,4777,1,A,Silver,32160
86585,Female,Rural,High School,2L-5L,0,8,5741,1,A,Silver,36312
16043,Female,Urban,High School,2L-5L,0,6,5169,More than 1,A,Platinum,63696
76265,Male,Urban,Bachelor,5L-10L,1,6,5941,1,A,Platinum,42564
6307,Male,Rural,Bachelor,5L-10L,1,7,2809,More than 1,A,Gold,203064
80434,Male,Urban,Bachelor,5L-10L,0,6,0,More than 1,A,Silver,105228
35104,Female,Urban,High School,2L-5L,1,0,3057,1,B,Gold,30732
62664,Female,Urban,High School,5L-10L,1,2,0,More than 1,A,Gold,71736
28831,Female,Urban,High School,5L-10L,1,3,0,1,A,Silver,32880
65968,Female,Urban,High School,5L-10L,1,7,4303,1,A,Silver,35712
52243,Female,Urban,Bachelor,2L-5L,1,2,0,1,A,Platinum,32988
23967,Male,Rural,High School,More than 10L,0,5,4129,1,B,Platinum,51984
29448,Male,Urban,High School,5L-10L,1,8,7253,More than 1,A,Silver,56232
44957,Female,Urban,Bachelor,5L-10L,1,7,2234,1,A,Platinum,33924
70521,Female,Rural,High School,5L-10L,0,1,0,1,B,Silver,35460
56180,Male,Urban,Bachelor,More than 10L,1,0,0,More than 1,A,Gold,67812
13828,Male,Rural,High School,More than 10L,0,5,2359,More than 1,B,Silver,59136
52794,Female,Urban,High School,5L-10L,1,4,5067,1,A,Platinum,31452
43376,Male,Urban,Bachelor,5L-10L,0,6,2507,1,A,Platinum,47736
88602,Female,Urban,Others,2L-5L,1,7,7472,1,B,Gold,36528
57953,Female,Urban,Bachelor,5L-10L,1,7,4140,More than 1,A,Platinum,150420
84749,Male,Rural,High School,5L-10L,1,7,2416,1,B,Silver,46368
58126,Female,Urban,High School,5L-10L,0,6,5720,1,A,Platinum,58776
29316,Female,Rural,Bachelor,5L-10L,1,3,0,More than 1,A,Silver,106356
9201,Male,Rural,Bachelor,5L-10L,1,7,2867,1,A,Platinum,48852
15982,Female,Urban,High School,More than 10L,1,6,7720,More than 1,A,Platinum,102864
26634,Female,Urban,High School,5L-10L,1,6,5682,1,C,Gold,57924
71279,Male,Urban,High School,5L-10L,1,2,5491,More than 1,B,Gold,110016
19765,Female,Urban,High School,5L-10L,0,6,5837,More than 1,A,Platinum,178656
4733,Male,Urban,Bachelor,5L-10L,1,2,2912,1,A,Gold,45588
18490,Female,Urban,High School,2L-5L,1,3,3190,1,A,Gold,51228
70117,Male,Urban,High School,5L-10L,1,8,2655,More than 1,B,Platinum,68544
51561,Female,Urban,Others,5L-10L,0,7,0,1,A,Gold,35796
30624,Female,Rural,Bachelor,5L-10L,1,6,2867,More than 1,A,Platinum,117036
70805,Female,Rural,Bachelor,5L-10L,1,7,0,More than 1,B,Gold,74628
35191,Male,Rural,Bachelor,5L-10L,0,6,0,1,B,Silver,48492
81307,Female,Urban,High School,5L-10L,1,6,10635,More than 1,B,Gold,104220
19160,Female,Rural,Bachelor,5L-10L,0,5,6700,1,B,Platinum,50148
70869,Male,Urban,Bachelor,5L-10L,1,4,3683,More than 1,A,Gold,91968
79138,Male,Rural,Others,More than 10L,0,4,0,1,A,Platinum,34236
17203,Female,Urban,Others,5L-10L,0,7,4826,1,A,Gold,36072
43767,Female,Urban,Bachelor,5L-10L,1,7,4362,More than 1,A,Platinum,242460
81806,Female,Urban,High School,2L-5L,0,6,3831,More than 1,A,Platinum,71220
7057,Male,Urban,Bachelor,5L-10L,1,8,9290,More than 1,A,Platinum,133740
4688,Female,Rural,High School,5L-10L,1,6,0,More than 1,B,Silver,63612
23380,Male,Urban,High School,5L-10L,1,7,4238,More than 1,A,Gold,60696
70380,Female,Urban,High School,5L-10L,0,7,4421,More than 1,B,Platinum,109236
27839,Male,Urban,High School,2L-5L,0,5,5772,1,C,Gold,32556
75839,Female,Rural,Bachelor,More than 10L,1,7,0,1,A,Gold,34908
52332,Male,Urban,High School,5L-10L,0,6,6362,1,A,Platinum,45588
88557,Female,Rural,High School,5L-10L,0,2,13997,More than 1,A,Gold,101856
24354,Male,Urban,Bachelor,More than 10L,1,4,0,More than 1,B,Platinum,65292
11407,Female,Urban,Bachelor,More than 10L,0,1,13489,More than 1,A,Platinum,103908
26863,Male,Urban,High School,5L-10L,1,4,6312,1,A,Platinum,45252
46512,Female,Urban,Bachelor,5L-10L,0,2,5291,More than 1,B,Silver,106572
53402,Female,Urban,Bachelor,5L-10L,0,2,4116,1,A,Platinum,32268
39709,Female,Urban,High School,5L-10L,1,3,6756,1,A,Platinum,31608
48017,Female,Urban,Bachelor,2L-5L,1,6,5935,More than 1,A,Platinum,60468
60173,Male,Urban,Bachelor,More than 10L,1,5,3417,More than 1,B,Gold,63432
36044,Female,Rural,High School,5L-10L,0,1,0,1,A,Gold,33924
13611,Male,Rural,High School,5L-10L,0,7,0,1,A,Platinum,45300
28546,Female,Urban,Bachelor,5L-10L,0,8,4029,More than 1,A,Silver,66036
86151,Female,Rural,High School,5L-10L,0,8,5841,More than 1,A,Silver,103548
78030,Male,Urban,High School,5L-10L,1,6,2771,More than 1,A,Platinum,96348
72722,Male,Urban,Others,5L-10L,1,4,9856,1,C,Platinum,52344
76847,Female,Urban,High School,5L-10L,1,1,4198,1,A,Silver,47892
89251,Female,Urban,Bachelor,2L-5L,0,6,6003,1,A,Gold,64176
87557,Male,Urban,Bachelor,5L-10L,0,4,4559,1,A,Gold,56772
59366,Male,Urban,Bachelor,5L-10L,1,2,6883,More than 1,A,Gold,122772
58421,Male,Rural,Bachelor,5L-10L,0,2,0,1,A,Silver,32244
63728,Male,Rural,Bachelor,5L-10L,1,6,2366,More than 1,B,Silver,72684
53650,Male,Urban,High School,5L-10L,0,4,3913,1,C,Platinum,41616
28944,Female,Rural,High School,5L-10L,0,8,0,1,A,Silver,50436
44860,Male,Urban,Bachelor,5L-10L,1,7,7566,1,B,Gold,59484
3184,Female,Rural,Others,2L-5L,1,0,0,1,B,Silver,32916
10803,Female,Urban,Bachelor,2L-5L,1,0,2224,More than 1,A,Platinum,69036
75039,Female,Urban,Bachelor,2L-5L,1,6,3517,1,A,Platinum,55872
32251,Male,Rural,High School,5L-10L,1,6,3348,More than 1,A,Platinum,92376
82132,Male,Urban,High School,More than 10L,1,0,2096,1,B,Silver,35112
49516,Male,Urban,Bachelor,5L-10L,0,2,3722,1,B,Platinum,48900
71196,Female,Urban,High School,5L-10L,1,7,0,More than 1,A,Gold,112212
17260,Female,Urban,High School,5L-10L,1,4,3421,More than 1,A,Gold,84636
58676,Female,Rural,Bachelor,5L-10L,1,5,0,More than 1,B,Silver,71712
34902,Male,Urban,Bachelor,5L-10L,1,3,3099,1,A,Platinum,46452
44184,Male,Urban,Bachelor,5L-10L,0,1,6896,1,A,Silver,33084
26319,Female,Urban,Bachelor,More than 10L,0,2,3282,More than 1,A,Platinum,62904
70393,Male,Rural,Bachelor,5L-10L,0,4,3067,1,A,Silver,50244
10401,Female,Urban,Bachelor,2L-5L,1,4,5715,1,C,Platinum,50232
3603,Male,Urban,High School,5L-10L,1,3,0,More than 1,B,Platinum,61788
81260,Male,Urban,Others,More than 10L,0,7,3313,1,A,Gold,51972
7227,Male,Urban,Bachelor,2L-5L,1,5,5998,More than 1,A,Platinum,64800
14784,Female,Urban,High School,5L-10L,0,6,2315,More than 1,C,Platinum,63948
72630,Female,Urban,High School,2L-5L,0,2,5471,More than 1,A,Platinum,106884
64474,Male,Urban,Others,More than 10L,0,1,3769,1,A,Silver,38628
63919,Male,Urban,High School,5L-10L,0,7,4084,More than 1,A,Platinum,62544
79004,Male,Rural,Bachelor,More than 10L,0,3,3034,1,C,Gold,38700
75664,Male,Rural,Bachelor,5L-10L,0,5,0,1,B,Gold,46068
36913,Female,Urban,Bachelor,2L-5L,1,6,8666,1,B,Silver,36936
71743,Male,Rural,Bachelor,2L-5L,1,4,4193,More than 1,B,Silver,70920
49576,Female,Urban,Bachelor,<=2L,1,2,5346,More than 1,A,Platinum,56988
87313,Female,Urban,Bachelor,5L-10L,1,1,3660,More than 1,A,Platinum,92148
995,Female,Urban,Bachelor,2L-5L,0,7,0,More than 1,B,Platinum,121044
44399,Female,Rural,High School,5L-10L,0,5,0,More than 1,B,Platinum,66012
24796,Male,Rural,Bachelor,5L-10L,0,7,2410,More than 1,B,Platinum,106548
8797,Male,Urban,High School,2L-5L,1,1,6609,1,A,Platinum,45612
83700,Male,Rural,Bachelor,More than 10L,1,8,0,1,B,Gold,46848
41511,Male,Rural,High School,5L-10L,1,3,0,More than 1,A,Silver,106392
50704,Male,Rural,High School,5L-10L,0,4,6060,More than 1,B,Platinum,98136
70220,Male,Rural,High School,5L-10L,1,8,2380,1,A,Platinum,33876
53606,Female,Rural,Bachelor,5L-10L,1,3,2976,More than 1,A,Gold,100332
2393,Female,Rural,Bachelor,More than 10L,0,1,0,More than 1,B,Platinum,102768
38433,Female,Urban,Bachelor,5L-10L,1,4,3194,More than 1,B,Silver,66984
12513,Male,Urban,Bachelor,5L-10L,0,6,6914,More than 1,A,Silver,106608
49780,Male,Rural,High School,5L-10L,1,2,2324,More than 1,B,Platinum,74640
54490,Female,Urban,High School,5L-10L,1,6,5628,1,C,Platinum,59412
78698,Male,Urban,Bachelor,More than 10L,1,7,3755,More than 1,A,Platinum,72480
67889,Female,Rural,High School,2L-5L,1,3,0,1,B,Gold,51000
75198,Female,Urban,High School,5L-10L,1,6,3569,More than 1,A,Platinum,103320
17897,Male,Rural,High School,5L-10L,0,0,0,1,B,Gold,59772
27080,Female,Urban,Bachelor,5L-10L,1,8,3971,More than 1,A,Platinum,87180
19352,Male,Urban,High School,5L-10L,0,7,6060,1,A,Platinum,31668
28974,Male,Rural,Bachelor,5L-10L,0,1,6027,1,A,Platinum,54096
74548,Female,Rural,Bachelor,More than 10L,1,5,2205,More than 1,B,Silver,66312
2846,Female,Urban,Bachelor,2L-5L,0,5,7187,More than 1,A,Platinum,104844
59271,Male,Urban,High School,2L-5L,0,3,9395,More than 1,A,Platinum,112008
51484,Male,Urban,Bachelor,5L-10L,1,5,3804,1,A,Platinum,47544
47793,Male,Urban,High School,More than 10L,0,3,5151,1,A,Silver,35292
64694,Male,Urban,High School,5L-10L,0,5,16279,More than 1,A,Platinum,110424
36151,Male,Urban,High School,2L-5L,0,6,5372,More than 1,A,Gold,59700
64931,Female,Urban,High School,5L-10L,1,5,5444,More than 1,A,Platinum,88932
84072,Female,Urban,High School,5L-10L,0,7,4521,1,A,Silver,37152
62461,Female,Rural,High School,5L-10L,0,8,0,More than 1,C,Silver,108876
5878,Female,Rural,High School,5L-10L,1,0,4473,1,A,Platinum,55008
23042,Male,Urban,High School,2L-5L,1,5,4198,1,A,Platinum,71712
48686,Male,Urban,Bachelor,5L-10L,1,5,3777,More than 1,A,Gold,61308
7849,Female,Urban,Bachelor,5L-10L,0,6,6784,More than 1,A,Platinum,103668
87452,Male,Rural,Bachelor,5L-10L,0,0,0,More than 1,B,Platinum,62868
53812,Male,Urban,Bachelor,2L-5L,0,3,7976,1,A,Silver,53988
68980,Female,Rural,Bachelor,5L-10L,1,6,0,1,B,Silver,38844
54581,Male,Rural,High School,More than 10L,0,2,3313,More than 1,B,Platinum,69672
8649,Male,Rural,High School,5L-10L,1,2,3809,1,A,Platinum,50640
54319,Female,Rural,Bachelor,5L-10L,1,6,9757,More than 1,B,Platinum,95400
16451,Female,Urban,Bachelor,5L-10L,1,8,0,More than 1,B,Platinum,66984
78009,Female,Rural,Bachelor,More than 10L,1,2,5327,More than 1,A,Silver,84948
24491,Male,Urban,Bachelor,5L-10L,0,6,4072,More than 1,A,Platinum,97680
61192,Female,Urban,Bachelor,5L-10L,0,4,7083,1,A,Platinum,47052
13516,Male,Urban,Bachelor,5L-10L,1,6,3641,More than 1,B,Platinum,90888
47381,Male,Urban,Bachelor,More than 10L,1,4,6505,More than 1,A,Platinum,523476
77752,Female,Urban,High School,2L-5L,0,7,5716,More than 1,A,Platinum,98784
58833,Male,Urban,Bachelor,5L-10L,0,7,3770,More than 1,B,Platinum,60264
77701,Male,Urban,Bachelor,2L-5L,1,7,3467,1,A,Gold,61284
49412,Male,Urban,High School,5L-10L,0,6,6155,More than 1,B,Gold,98520
68634,Female,Urban,Bachelor,2L-5L,1,5,9207,1,B,Platinum,51240
12221,Male,Urban,Bachelor,2L-5L,1,5,5467,1,B,Silver,30720
77180,Male,Urban,High School,5L-10L,1,1,0,1,C,Platinum,37080
12262,Male,Rural,Others,5L-10L,1,0,0,1,C,Silver,32664
39235,Male,Urban,Bachelor,2L-5L,1,5,3869,1,A,Platinum,29688
57172,Male,Rural,High School,2L-5L,1,4,0,1,C,Platinum,43548
79208,Male,Urban,Bachelor,5L-10L,0,5,3214,1,C,Gold,37164
61602,Female,Urban,Bachelor,2L-5L,0,7,5025,More than 1,A,Platinum,102876
46156,Male,Urban,High School,More than 10L,0,7,2272,1,A,Gold,53400
79116,Female,Urban,High School,5L-10L,1,4,2187,1,A,Silver,46656
49012,Male,Urban,High School,5L-10L,1,4,7211,More than 1,A,Platinum,108648
42992,Male,Rural,Bachelor,5L-10L,1,2,0,More than 1,A,Gold,418956
60723,Male,Urban,High School,5L-10L,1,8,7477,More than 1,A,Platinum,212664
42651,Male,Rural,High School,5L-10L,1,6,0,1,B,Silver,38544
49167,Male,Urban,High School,5L-10L,1,1,3746,1,A,Gold,53364
68625,Male,Urban,Bachelor,5L-10L,1,1,5813,1,A,Platinum,51612
27430,Male,Urban,Bachelor,2L-5L,1,3,18675,More than 1,A,Platinum,545112
14871,Female,Urban,Bachelor,2L-5L,1,1,0,1,A,Platinum,34728
68532,Female,Rural,High School,5L-10L,0,8,0,More than 1,B,Silver,68568
38384,Female,Urban,Bachelor,5L-10L,0,6,3667,More than 1,B,Silver,64320
82359,Female,Rural,High School,5L-10L,0,1,0,1,B,Gold,34380
17823,Female,Urban,High School,2L-5L,1,5,0,More than 1,B,Platinum,66768
33160,Male,Urban,High School,<=2L,1,5,3982,More than 1,A,Platinum,227640
18288,Male,Rural,High School,More than 10L,1,6,0,1,A,Platinum,48648
16060,Female,Urban,High School,2L-5L,0,6,3654,More than 1,A,Silver,76488
41698,Female,Urban,High School,2L-5L,1,5,4517,More than 1,C,Platinum,63168
88568,Male,Urban,High School,2L-5L,1,6,0,1,B,Silver,31800
67141,Female,Urban,High School,5L-10L,1,5,4251,More than 1,A,Platinum,97056
79982,Male,Urban,High School,More than 10L,0,7,17537,More than 1,C,Platinum,166368
31975,Male,Rural,Bachelor,5L-10L,1,6,0,More than 1,A,Silver,98388
3475,Male,Rural,High School,More than 10L,0,5,11852,More than 1,C,Silver,116448
2065,Male,Urban,Bachelor,2L-5L,1,7,5620,1,C,Gold,33276
1452,Female,Rural,Bachelor,5L-10L,1,7,0,More than 1,B,Gold,73152
32667,Male,Urban,High School,5L-10L,1,7,4010,More than 1,A,Gold,87192
47066,Female,Urban,Bachelor,5L-10L,1,7,8677,More than 1,A,Platinum,100620
39794,Male,Urban,High School,2L-5L,0,3,4138,1,A,Platinum,31164
27371,Male,Rural,High School,5L-10L,1,1,3818,1,A,Platinum,53460
60216,Male,Urban,Bachelor,2L-5L,0,2,10764,More than 1,A,Platinum,121908
75328,Female,Urban,Bachelor,2L-5L,0,3,2067,More than 1,B,Platinum,198288
26914,Male,Urban,High School,2L-5L,1,6,6477,More than 1,C,Platinum,255048
69135,Male,Urban,Bachelor,5L-10L,1,0,0,More than 1,B,Platinum,65976
27573,Female,Rural,High School,More than 10L,0,5,5788,More than 1,A,Platinum,115248
494,Male,Rural,Bachelor,5L-10L,0,6,6708,More than 1,A,Gold,68808
70469,Female,Urban,Bachelor,More than 10L,1,0,2145,More than 1,B,Gold,68328
58503,Male,Rural,High School,5L-10L,0,6,3805,1,B,Platinum,47892
49443,Female,Rural,Bachelor,5L-10L,1,6,3098,1,A,Silver,67896
17042,Male,Rural,Bachelor,5L-10L,1,7,5370,1,B,Silver,47160
65670,Female,Urban,High School,More than 10L,0,1,9486,More than 1,A,Platinum,112068
27189,Male,Urban,Bachelor,More than 10L,0,1,4467,More than 1,A,Platinum,107016
43051,Female,Rural,Bachelor,5L-10L,1,8,4043,1,A,Gold,29088
13474,Male,Urban,Bachelor,5L-10L,1,6,4189,More than 1,A,Platinum,116124
21598,Male,Urban,High School,5L-10L,1,3,2196,1,A,Platinum,29868
83139,Male,Rural,High School,5L-10L,0,2,0,More than 1,A,Platinum,105240
21527,Male,Urban,Bachelor,5L-10L,0,7,5164,1,C,Platinum,58104
2610,Female,Urban,High School,5L-10L,1,6,3619,More than 1,A,Platinum,94584
7437,Male,Rural,High School,5L-10L,1,7,2157,More than 1,A,Platinum,61968
27600,Female,Urban,High School,2L-5L,0,4,5064,More than 1,A,Platinum,101496
82776,Female,Rural,High School,More than 10L,0,5,0,1,A,Silver,36072
36885,Male,Urban,High School,5L-10L,1,5,3285,More than 1,B,Silver,66768
2676,Male,Urban,Others,5L-10L,1,1,0,1,C,Gold,53256
87821,Female,Urban,Bachelor,2L-5L,0,2,3501,More than 1,A,Platinum,93684
4546,Male,Urban,High School,5L-10L,1,2,3850,1,A,Platinum,48888
86256,Female,Urban,High School,5L-10L,1,8,6833,More than 1,A,Gold,88920
1493,Male,Urban,High School,2L-5L,1,0,3091,More than 1,B,Platinum,105324
82531,Male,Rural,Bachelor,2L-5L,1,6,2035,More than 1,B,Platinum,70476
22080,Female,Urban,Bachelor,<=2L,0,6,3897,1,A,Silver,30024
3872,Male,Urban,High School,5L-10L,1,4,4327,1,A,Platinum,34140
35784,Male,Rural,Bachelor,5L-10L,1,3,0,More than 1,B,Silver,77112
40210,Female,Rural,High School,More than 10L,1,5,7078,1,A,Silver,40836
88219,Male,Urban,High School,5L-10L,0,6,9679,1,B,Gold,48612
38012,Male,Urban,Bachelor,5L-10L,1,3,6969,More than 1,B,Platinum,61500
61178,Female,Urban,High School,5L-10L,1,0,6085,More than 1,A,Platinum,94680
60713,Male,Urban,High School,5L-10L,1,5,5753,1,A,Platinum,48456
37622,Female,Urban,High School,5L-10L,0,1,4911,More than 1,A,Platinum,41364
84275,Male,Urban,Bachelor,2L-5L,1,3,7451,More than 1,A,Platinum,93384
51593,Male,Urban,Bachelor,2L-5L,0,6,4656,1,A,Gold,34812
2880,Female,Urban,Bachelor,5L-10L,1,8,4112,More than 1,A,Gold,64932
67846,Female,Urban,High School,5L-10L,1,7,7398,More than 1,A,Gold,63924
29839,Male,Urban,Bachelor,More than 10L,1,1,5450,1,A,Gold,33948
76352,Male,Urban,High School,5L-10L,0,4,2983,1,B,Platinum,44112
18212,Male,Urban,Bachelor,5L-10L,1,6,2909,More than 1,A,Gold,96360
54862,Male,Urban,Others,5L-10L,0,1,5080,1,A,Gold,39204
12543,Male,Rural,High School,More than 10L,1,4,2152,1,B,Gold,56952
12329,Female,Urban,Bachelor,5L-10L,0,1,4556,More than 1,A,Platinum,377796
22239,Female,Urban,Bachelor,2L-5L,1,0,4211,More than 1,C,Platinum,104772
63251,Male,Rural,High School,5L-10L,1,8,2881,More than 1,B,Silver,184932
28908,Female,Rural,Bachelor,2L-5L,0,6,0,More than 1,B,Platinum,67584
31639,Female,Urban,High School,2L-5L,0,4,6615,1,A,Gold,52476
52641,Male,Rural,High School,5L-10L,1,2,6513,1,A,Gold,35016
4572,Male,Urban,High School,5L-10L,1,7,6377,More than 1,A,Platinum,112392
35304,Male,Urban,High School,2L-5L,1,4,4032,More than 1,A,Platinum,92568
62295,Female,Urban,Bachelor,<=2L,1,1,5220,More than 1,A,Silver,103476
5539,Female,Rural,High School,5L-10L,1,1,3107,1,A,Gold,46824
56237,Female,Urban,High School,5L-10L,0,5,2199,More than 1,A,Gold,86124
35365,Male,Urban,High School,More than 10L,1,1,5380,1,A,Platinum,33744
23017,Female,Urban,Others,5L-10L,1,8,7304,1,B,Platinum,36696
38485,Male,Urban,Bachelor,5L-10L,1,4,6564,1,B,Silver,32232
41549,Female,Rural,Others,5L-10L,1,5,0,More than 1,B,Silver,96108
12132,Male,Urban,High School,2L-5L,1,4,6320,More than 1,A,Platinum,98460
4505,Male,Urban,High School,5L-10L,1,7,9576,More than 1,A,Platinum,223200
43544,Male,Urban,Others,5L-10L,0,1,0,1,B,Platinum,33348
2893,Male,Urban,High School,5L-10L,1,7,4557,1,A,Silver,36108
68840,Male,Rural,High School,5L-10L,0,7,2303,More than 1,B,Platinum,66348
45126,Female,Urban,High School,2L-5L,1,2,7299,More than 1,A,Platinum,101076
10310,Male,Urban,High School,5L-10L,1,7,6385,1,C,Silver,36156
81923,Male,Urban,High School,More than 10L,0,0,3720,1,A,Platinum,29892
50551,Male,Rural,High School,More than 10L,1,5,4872,1,A,Platinum,35988
87688,Female,Urban,High School,2L-5L,0,7,5595,1,B,Platinum,29916
52009,Male,Urban,High School,5L-10L,1,3,3472,More than 1,A,Platinum,95904
70969,Female,Urban,Bachelor,2L-5L,0,6,7192,More than 1,A,Platinum,65352
77672,Male,Rural,High School,5L-10L,1,1,0,1,A,Platinum,35988
50744,Female,Urban,Bachelor,5L-10L,0,7,0,1,C,Gold,35928
12592,Female,Urban,Bachelor,More than 10L,1,5,8032,1,A,Platinum,32472
24071,Male,Urban,Bachelor,5L-10L,0,6,3516,More than 1,A,Gold,99120
7525,Male,Urban,High School,5L-10L,1,1,3965,1,B,Silver,36624
53380,Male,Urban,High School,5L-10L,0,2,7418,1,A,Silver,42132
13209,Male,Urban,Bachelor,5L-10L,1,7,3921,1,A,Silver,53484
83378,Male,Rural,High School,5L-10L,1,1,3183,More than 1,A,Platinum,63696
80203,Male,Urban,Bachelor,5L-10L,0,5,3483,More than 1,A,Silver,105468
2037,Male,Urban,High School,5L-10L,0,4,9248,More than 1,A,Platinum,116832
24565,Male,Urban,Bachelor,5L-10L,1,5,4468,1,A,Gold,58008
78057,Male,Urban,High School,2L-5L,1,8,10523,More than 1,A,Silver,105120
22444,Female,Urban,High School,2L-5L,1,6,5562,1,A,Gold,31020
49003,Female,Urban,High School,5L-10L,0,6,5584,More than 1,B,Platinum,59520
74706,Male,Rural,Bachelor,5L-10L,1,8,2239,More than 1,B,Silver,197544
58637,Male,Rural,High School,5L-10L,1,5,3745,More than 1,C,Platinum,161880
15612,Female,Rural,Bachelor,5L-10L,0,6,0,More than 1,A,Silver,116628
43498,Female,Rural,Others,5L-10L,1,0,3503,More than 1,B,Gold,94644
68542,Female,Urban,High School,<=2L,0,6,5564,More than 1,A,Platinum,96888
37797,Male,Urban,Bachelor,5L-10L,0,7,6512,More than 1,A,Platinum,104796
72699,Male,Urban,High School,5L-10L,1,6,4254,1,A,Platinum,40524
57181,Female,Urban,High School,5L-10L,1,8,6669,More than 1,A,Platinum,66144
8254,Female,Urban,High School,2L-5L,1,4,6919,1,A,Silver,49152
80390,Male,Rural,High School,More than 10L,1,4,0,1,B,Silver,34092
7112,Female,Urban,High School,5L-10L,0,4,3722,More than 1,A,Platinum,105996
85563,Female,Urban,High School,5L-10L,1,7,4403,1,B,Gold,35184
68613,Female,Rural,High School,5L-10L,1,6,0,More than 1,B,Platinum,70236
73298,Male,Urban,High School,5L-10L,0,6,8763,More than 1,A,Platinum,191208
37193,Female,Urban,High School,5L-10L,1,1,3795,More than 1,A,Platinum,98100
84132,Male,Urban,Bachelor,5L-10L,1,3,0,1,A,Platinum,39324
31963,Female,Urban,Bachelor,More than 10L,0,4,3679,More than 1,B,Platinum,96960
44844,Male,Urban,Bachelor,5L-10L,1,5,3946,1,B,Silver,42204
74743,Male,Urban,High School,5L-10L,1,7,3855,More than 1,A,Platinum,125448
43206,Male,Rural,High School,More than 10L,1,6,0,1,B,Silver,39540
78986,Female,Rural,High School,More than 10L,1,6,0,1,A,Silver,37704
24056,Female,Rural,High School,5L-10L,0,6,0,1,B,Silver,36576
39224,Male,Urban,High School,5L-10L,1,6,6541,1,A,Platinum,33852
84777,Female,Urban,Bachelor,5L-10L,1,2,6978,More than 1,A,Platinum,98976
38556,Female,Rural,Bachelor,5L-10L,0,7,3286,1,A,Gold,45120
64647,Female,Urban,High School,5L-10L,0,5,5731,1,A,Platinum,53256
2113,Female,Urban,High School,2L-5L,0,5,8774,1,A,Silver,33348
6171,Female,Urban,High School,5L-10L,0,6,9532,More than 1,A,Gold,69624
7214,Male,Urban,High School,More than 10L,1,4,5639,More than 1,A,Gold,93648
26086,Male,Urban,Bachelor,5L-10L,1,7,3120,1,A,Platinum,44460
41818,Male,Urban,High School,2L-5L,0,5,5229,1,A,Platinum,34956
70821,Female,Rural,Bachelor,5L-10L,0,5,2729,More than 1,A,Platinum,109812
9291,Male,Urban,High School,5L-10L,0,3,3907,1,A,Gold,45312
87683,Male,Rural,Bachelor,More than 10L,1,1,3087,More than 1,A,Gold,96348
55281,Male,Urban,High School,2L-5L,1,0,6353,More than 1,A,Silver,63396
66990,Female,Urban,High School,5L-10L,1,5,5505,1,A,Platinum,31248
40196,Female,Rural,High School,More than 10L,1,6,0,1,A,Gold,54456
61860,Male,Urban,High School,2L-5L,1,2,3634,More than 1,B,Gold,100644
19523,Male,Urban,High School,5L-10L,0,7,4397,More than 1,A,Platinum,91476
48137,Female,Urban,Bachelor,5L-10L,1,0,0,More than 1,A,Gold,66876
46566,Female,Urban,High School,5L-10L,1,5,4017,1,A,Gold,33348
15259,Female,Urban,High School,2L-5L,1,1,0,1,A,Silver,30876
44206,Male,Urban,Bachelor,2L-5L,0,7,5269,More than 1,A,Gold,68088
32701,Male,Rural,High School,5L-10L,1,0,10199,More than 1,A,Silver,76944
63165,Male,Urban,High School,5L-10L,1,1,3897,More than 1,C,Platinum,92448
36638,Male,Rural,High School,5L-10L,1,2,6919,More than 1,B,Platinum,73020
89243,Female,Rural,High School,5L-10L,0,6,3862,More than 1,B,Silver,58452
82687,Female,Urban,High School,5L-10L,0,1,3480,More than 1,A,Platinum,69276
49342,Male,Urban,High School,5L-10L,0,7,3001,1,C,Gold,48516
50211,Female,Rural,Bachelor,5L-10L,1,0,6161,More than 1,C,Platinum,105300
40783,Female,Urban,High School,5L-10L,1,7,0,More than 1,B,Gold,67992
25980,Male,Urban,High School,More than 10L,1,6,7750,More than 1,A,Gold,102204
5817,Male,Urban,High School,5L-10L,1,4,7478,1,B,Silver,34656
88365,Female,Rural,Bachelor,5L-10L,0,4,0,More than 1,A,Gold,87708
55922,Male,Urban,High School,5L-10L,0,8,4001,More than 1,A,Silver,59640
28933,Male,Rural,Bachelor,More than 10L,0,6,0,More than 1,B,Gold,68472
81064,Male,Rural,Bachelor,5L-10L,0,3,2615,1,C,Silver,32832
62285,Female,Urban,Bachelor,2L-5L,0,5,0,1,A,Platinum,59376
63626,Male,Urban,Bachelor,5L-10L,0,4,5302,More than 1,A,Silver,112236
70606,Female,Urban,High School,5L-10L,0,6,3791,More than 1,C,Platinum,119904
32629,Female,Urban,High School,5L-10L,1,6,2951,More than 1,A,Platinum,100704
17088,Male,Rural,Bachelor,5L-10L,1,7,2206,1,B,Silver,37272
73118,Female,Urban,High School,5L-10L,0,1,5298,1,A,Silver,36360
68300,Female,Rural,Bachelor,More than 10L,1,5,2137,1,A,Platinum,33084
89093,Male,Urban,Bachelor,5L-10L,0,6,3919,1,B,Platinum,49728
72964,Female,Urban,High School,More than 10L,0,1,6125,1,A,Platinum,60180
77737,Female,Urban,High School,2L-5L,1,3,4805,1,A,Platinum,33540
40200,Female,Urban,High School,5L-10L,1,1,6372,1,A,Silver,49380
37323,Male,Urban,Bachelor,2L-5L,1,2,5739,1,A,Silver,60972
15685,Female,Urban,High School,2L-5L,1,3,6205,1,A,Silver,35916
45906,Male,Urban,Bachelor,2L-5L,1,4,5539,More than 1,C,Gold,196860
49988,Male,Urban,Bachelor,5L-10L,1,6,5559,1,B,Silver,34404
77642,Male,Rural,Bachelor,5L-10L,1,4,0,More than 1,C,Gold,100236
6430,Male,Rural,Bachelor,5L-10L,1,6,2245,More than 1,A,Platinum,105000
61050,Male,Urban,High School,5L-10L,1,6,0,1,A,Silver,32940
82002,Male,Urban,Bachelor,5L-10L,0,7,4463,More than 1,B,Silver,114972
52922,Female,Rural,High School,5L-10L,1,4,4583,1,A,Platinum,29712
64578,Female,Rural,Bachelor,5L-10L,1,5,2314,1,B,Platinum,46896
33781,Female,Rural,Bachelor,More than 10L,1,8,2160,More than 1,A,Platinum,64044
85970,Male,Urban,High School,2L-5L,1,6,5525,More than 1,A,Silver,63288
42254,Female,Rural,Others,5L-10L,1,0,2043,1,A,Platinum,40536
32703,Female,Urban,High School,2L-5L,0,1,0,1,B,Platinum,33780
14790,Female,Rural,Bachelor,5L-10L,1,0,0,1,A,Platinum,39348
82884,Female,Rural,High School,5L-10L,0,1,2092,More than 1,B,Platinum,74352
22169,Male,Urban,High School,5L-10L,1,6,0,1,B,Gold,61884
62084,Male,Urban,High School,5L-10L,0,6,4113,More than 1,A,Platinum,97764
43310,Female,Urban,High School,2L-5L,1,5,5231,1,A,Silver,31584
3063,Male,Urban,High School,5L-10L,0,2,9778,More than 1,A,Platinum,145452
50183,Female,Rural,High School,5L-10L,1,4,0,More than 1,B,Silver,58644
45537,Male,Urban,High School,2L-5L,0,8,0,More than 1,A,Gold,109320
8661,Male,Urban,Bachelor,More than 10L,1,2,7105,1,B,Silver,37092
35078,Male,Rural,High School,More than 10L,1,3,0,1,A,Silver,33864
18161,Female,Urban,High School,5L-10L,1,5,6854,1,A,Platinum,35664
83195,Female,Urban,High School,More than 10L,0,6,5131,1,A,Silver,31884
25634,Female,Rural,High School,5L-10L,1,5,2130,More than 1,A,Silver,60036
88928,Male,Urban,High School,2L-5L,1,8,11996,1,A,Silver,53052
11712,Male,Rural,Others,5L-10L,0,0,0,1,C,Gold,60468
19597,Male,Rural,Bachelor,5L-10L,0,2,2191,1,B,Platinum,50364
9345,Male,Urban,High School,5L-10L,1,0,4560,1,B,Silver,61020
66691,Male,Rural,Bachelor,More than 10L,0,2,7905,More than 1,B,Platinum,88584
27807,Male,Urban,High School,2L-5L,0,7,3719,More than 1,B,Platinum,65736
12904,Female,Urban,Bachelor,5L-10L,0,6,6359,1,A,Gold,34308
81492,Male,Urban,High School,5L-10L,0,5,3708,More than 1,A,Platinum,58392
82217,Male,Rural,Bachelor,More than 10L,1,5,0,1,B,Platinum,46032
23685,Male,Urban,High School,More than 10L,0,5,6653,1,A,Silver,52200
87755,Female,Urban,High School,More than 10L,0,5,3869,More than 1,A,Platinum,67908
60011,Female,Urban,High School,2L-5L,1,2,0,More than 1,B,Gold,66660
7900,Female,Urban,Bachelor,5L-10L,1,1,5405,1,A,Platinum,30996
25825,Female,Urban,High School,<=2L,0,7,3759,More than 1,B,Platinum,100200
18195,Male,Urban,Others,5L-10L,0,4,0,1,B,Platinum,40392
18898,Female,Urban,Bachelor,5L-10L,0,8,0,1,A,Silver,37860
56910,Male,Urban,Bachelor,5L-10L,1,6,8930,More than 1,A,Platinum,63336
80080,Male,Urban,High School,5L-10L,1,3,12160,More than 1,A,Platinum,598140
11880,Male,Urban,Bachelor,5L-10L,1,3,4083,More than 1,A,Silver,98832
63296,Male,Urban,High School,More than 10L,1,3,8010,More than 1,A,Gold,204168
16706,Male,Urban,High School,2L-5L,1,3,3887,More than 1,A,Silver,105324
15947,Male,Rural,High School,5L-10L,1,5,0,1,B,Silver,38892
53441,Female,Urban,Bachelor,5L-10L,1,5,6101,More than 1,A,Gold,62976
3705,Female,Rural,High School,5L-10L,1,3,6690,1,C,Gold,55176
26748,Female,Rural,Bachelor,5L-10L,0,5,2206,More than 1,B,Platinum,118008
28921,Male,Rural,Bachelor,5L-10L,0,3,0,More than 1,C,Platinum,47496
34588,Female,Urban,High School,More than 10L,0,1,6431,1,A,Gold,53556
64852,Male,Rural,Bachelor,More than 10L,0,4,0,More than 1,B,Silver,141384
26374,Male,Urban,High School,2L-5L,0,1,4043,1,A,Silver,38016
72517,Female,Urban,High School,2L-5L,0,6,8541,More than 1,A,Gold,169800
66914,Male,Urban,Bachelor,5L-10L,1,2,4176,1,A,Gold,49464
11409,Male,Urban,High School,5L-10L,1,8,3096,More than 1,B,Gold,61140
80278,Male,Urban,High School,2L-5L,1,4,5560,1,A,Platinum,46452
17648,Male,Rural,Bachelor,More than 10L,0,8,4181,More than 1,B,Silver,32976
84940,Female,Urban,Bachelor,5L-10L,1,6,4896,1,C,Silver,36156
76776,Female,Urban,High School,More than 10L,0,5,6045,More than 1,A,Platinum,59904
17816,Male,Rural,Bachelor,2L-5L,1,6,5778,1,C,Platinum,46116
85634,Female,Urban,Bachelor,5L-10L,0,7,5659,More than 1,B,Platinum,81996
23621,Female,Urban,High School,2L-5L,0,4,10368,More than 1,A,Platinum,57120
87456,Male,Rural,Bachelor,More than 10L,1,7,0,More than 1,A,Silver,114516
52299,Female,Urban,High School,More than 10L,0,3,5917,More than 1,A,Platinum,97164
53937,Female,Urban,Bachelor,2L-5L,1,2,6467,More than 1,B,Platinum,91404
50714,Female,Rural,High School,More than 10L,1,6,5880,1,B,Silver,37932
16879,Male,Rural,High School,More than 10L,1,2,0,1,B,Platinum,32928
15021,Female,Urban,High School,2L-5L,0,5,6080,More than 1,A,Gold,114720
29986,Female,Urban,High School,2L-5L,1,7,5641,1,A,Platinum,36828
4372,Female,Urban,High School,2L-5L,1,7,6523,More than 1,A,Platinum,53424
12783,Male,Urban,Bachelor,5L-10L,1,2,6318,1,A,Platinum,36624
1596,Male,Urban,Bachelor,2L-5L,0,8,19587,1,A,Gold,31080
3398,Male,Rural,Bachelor,5L-10L,0,5,0,1,B,Platinum,52104
41828,Male,Rural,Bachelor,5L-10L,1,7,3788,More than 1,A,Platinum,68424
56272,Female,Rural,High School,5L-10L,0,1,0,1,B,Gold,31128
86016,Male,Urban,Bachelor,More than 10L,1,5,5512,More than 1,A,Silver,97200
15411,Male,Urban,High School,2L-5L,1,2,8246,1,B,Silver,44208
67073,Male,Rural,High School,More than 10L,1,4,4717,1,B,Silver,35652
86667,Female,Urban,High School,5L-10L,1,2,3822,More than 1,A,Platinum,69840
54897,Female,Urban,Bachelor,2L-5L,1,6,4398,1,B,Silver,60576
10838,Female,Urban,Bachelor,5L-10L,1,6,5718,More than 1,A,Platinum,108396
22357,Male,Rural,High School,5L-10L,0,7,0,1,B,Gold,50196
75380,Male,Rural,Bachelor,2L-5L,0,5,9337,More than 1,B,Platinum,102816
29877,Female,Rural,High School,5L-10L,1,0,0,More than 1,B,Platinum,61500
7170,Male,Urban,High School,2L-5L,1,8,6448,1,A,Platinum,29604
35243,Female,Urban,High School,2L-5L,1,6,6180,1,C,Gold,32592
11749,Female,Urban,High School,5L-10L,0,7,2796,More than 1,B,Silver,75684
85047,Male,Rural,High School,More than 10L,0,6,0,More than 1,A,Gold,75120
78060,Male,Urban,High School,More than 10L,1,1,10969,1,B,Gold,55800
3191,Male,Urban,Bachelor,2L-5L,1,6,3956,1,A,Silver,44124
58335,Female,Rural,High School,5L-10L,0,4,10774,More than 1,B,Platinum,285828
52286,Female,Urban,High School,More than 10L,0,0,4447,1,C,Silver,63936
4571,Female,Urban,High School,More than 10L,1,6,0,1,A,Platinum,34788
55791,Female,Urban,Bachelor,5L-10L,1,5,3350,1,A,Silver,42600
71966,Female,Urban,Bachelor,2L-5L,1,6,9128,More than 1,A,Silver,107724
54440,Male,Urban,High School,5L-10L,1,5,4964,1,C,Platinum,37392
19814,Female,Rural,High School,2L-5L,0,7,3123,More than 1,B,Silver,69276
3731,Male,Rural,Bachelor,2L-5L,1,7,2528,More than 1,B,Platinum,61536
47449,Female,Urban,Bachelor,5L-10L,1,7,3900,More than 1,B,Gold,90912
38385,Male,Urban,Bachelor,5L-10L,1,4,8879,More than 1,B,Platinum,106992
89230,Female,Urban,High School,5L-10L,1,8,2026,More than 1,B,Platinum,61116
47120,Male,Urban,High School,2L-5L,0,3,6361,More than 1,A,Gold,78288
55870,Male,Rural,High School,2L-5L,1,6,10456,More than 1,A,Silver,93888
68937,Male,Urban,Bachelor,More than 10L,0,7,0,1,A,Gold,52464
55036,Female,Rural,Bachelor,2L-5L,1,4,2964,More than 1,B,Platinum,188868
68976,Female,Urban,High School,2L-5L,1,6,6573,1,C,Platinum,34392
61129,Male,Urban,Bachelor,5L-10L,1,3,5861,More than 1,A,Silver,99576
48530,Male,Urban,High School,5L-10L,1,8,5116,1,A,Platinum,49872
78955,Male,Urban,High School,5L-10L,1,3,9151,More than 1,A,Silver,102180
51455,Male,Urban,High School,2L-5L,1,6,11184,More than 1,B,Silver,71976
30871,Female,Rural,Bachelor,5L-10L,1,1,0,More than 1,A,Gold,74484
58194,Female,Rural,Others,5L-10L,0,5,0,More than 1,A,Platinum,69768
10097,Male,Urban,Bachelor,5L-10L,1,4,26459,More than 1,A,Silver,155304
27340,Male,Urban,Bachelor,2L-5L,0,8,6493,More than 1,B,Silver,103560
58086,Male,Urban,Bachelor,5L-10L,1,6,2769,More than 1,C,Platinum,90924
48653,Male,Urban,High School,More than 10L,1,3,12446,More than 1,A,Silver,114216
63140,Female,Rural,High School,5L-10L,1,4,4798,1,A,Platinum,30528
52131,Female,Urban,High School,5L-10L,0,1,5669,More than 1,C,Platinum,66552
16612,Male,Urban,Bachelor,2L-5L,1,4,3752,More than 1,B,Silver,97596
81803,Female,Rural,High School,More than 10L,0,5,0,1,A,Silver,34656
66456,Female,Rural,High School,5L-10L,1,3,0,1,A,Platinum,67452
24506,Male,Urban,High School,2L-5L,1,2,0,1,A,Gold,30324
49108,Female,Urban,High School,More than 10L,1,5,15248,More than 1,A,Platinum,208980
16840,Male,Urban,Bachelor,2L-5L,1,5,7025,1,A,Gold,34368
44677,Male,Urban,Bachelor,5L-10L,1,0,2307,More than 1,A,Platinum,59544
66009,Male,Rural,High School,5L-10L,0,6,3692,More than 1,A,Silver,109884
5028,Male,Urban,Bachelor,More than 10L,0,6,14927,More than 1,B,Platinum,66168
41814,Female,Urban,High School,5L-10L,0,5,3298,More than 1,A,Gold,138732
20216,Female,Urban,High School,2L-5L,0,8,3838,More than 1,A,Platinum,115584
60891,Female,Urban,Bachelor,More than 10L,1,1,6527,1,A,Platinum,32376
11058,Male,Rural,Bachelor,5L-10L,1,4,0,1,A,Gold,33216
85672,Female,Urban,High School,5L-10L,0,8,5135,More than 1,A,Platinum,110244
75099,Male,Urban,Bachelor,2L-5L,0,6,5470,1,B,Silver,34032
9755,Male,Urban,High School,5L-10L,1,8,5359,More than 1,A,Silver,106788
70541,Female,Urban,High School,2L-5L,0,5,7723,More than 1,B,Gold,110616
80936,Female,Rural,High School,More than 10L,0,5,2301,More than 1,C,Silver,96264
77651,Female,Urban,High School,<=2L,0,4,4967,More than 1,A,Silver,167220
5100,Female,Rural,High School,5L-10L,1,6,3342,1,A,Silver,50700
82433,Female,Urban,Bachelor,5L-10L,0,5,2301,1,A,Platinum,33732
20048,Male,Urban,Bachelor,2L-5L,0,4,5857,1,A,Silver,46932
31511,Female,Urban,Bachelor,More than 10L,1,7,2160,More than 1,A,Gold,89340
11167,Male,Rural,High School,5L-10L,1,6,0,1,A,Gold,30612
9137,Female,Urban,High School,5L-10L,1,6,5991,1,C,Silver,33780
75631,Female,Rural,Bachelor,More than 10L,1,4,0,1,A,Platinum,61536
40046,Male,Rural,Bachelor,More than 10L,0,7,0,1,B,Platinum,65400
32396,Female,Urban,Bachelor,2L-5L,0,7,2337,More than 1,B,Silver,73548
29804,Male,Rural,High School,More than 10L,1,7,0,1,B,Silver,36768
60266,Male,Urban,Bachelor,5L-10L,1,3,5211,1,A,Platinum,32724
76134,Female,Urban,High School,5L-10L,1,7,0,1,B,Silver,35364
23016,Male,Urban,Bachelor,More than 10L,1,1,0,1,C,Gold,38388
16365,Male,Urban,Bachelor,5L-10L,0,7,4150,1,A,Silver,71712
2810,Female,Urban,Bachelor,More than 10L,1,1,3162,More than 1,A,Gold,92808
61262,Male,Urban,High School,5L-10L,1,4,3739,More than 1,A,Platinum,267168
50736,Female,Rural,Bachelor,5L-10L,0,0,5955,1,A,Platinum,90048
36322,Female,Rural,Bachelor,5L-10L,1,6,5772,More than 1,B,Silver,70164
76440,Male,Rural,High School,2L-5L,0,7,2634,1,B,Platinum,55320
16943,Male,Urban,High School,5L-10L,0,0,0,1,A,Gold,53808
19005,Male,Urban,High School,5L-10L,1,4,3249,1,A,Gold,32976
81332,Female,Urban,Bachelor,More than 10L,0,7,2020,1,B,Platinum,61416
52274,Female,Rural,High School,2L-5L,1,8,0,More than 1,B,Silver,97872
6735,Female,Urban,High School,5L-10L,1,5,2504,More than 1,A,Gold,89472
60072,Female,Urban,High School,5L-10L,0,4,6243,More than 1,A,Platinum,103296
62061,Male,Rural,High School,5L-10L,1,4,0,More than 1,A,Platinum,71604
21170,Female,Rural,High School,More than 10L,0,2,0,1,B,Platinum,33348
24954,Female,Urban,High School,2L-5L,0,0,4993,1,A,Silver,33396
55796,Female,Urban,High School,2L-5L,0,8,4123,More than 1,B,Platinum,69744
76322,Male,Urban,Others,5L-10L,0,4,5128,1,A,Platinum,30204
15484,Male,Urban,Bachelor,5L-10L,1,7,4301,More than 1,A,Platinum,95460
81826,Male,Urban,High School,2L-5L,0,6,4078,More than 1,A,Platinum,89976
69568,Female,Urban,High School,More than 10L,1,5,3479,More than 1,B,Platinum,68652
24061,Female,Rural,High School,More than 10L,0,5,2098,More than 1,B,Gold,64068
73945,Male,Urban,Bachelor,5L-10L,0,8,4095,1,B,Silver,49632
9341,Male,Rural,High School,5L-10L,1,6,0,More than 1,B,Silver,64428
81027,Male,Urban,High School,5L-10L,1,3,2540,1,A,Silver,63384
26049,Male,Rural,High School,5L-10L,1,7,2591,1,A,Silver,45408
78538,Female,Urban,High School,5L-10L,0,7,2001,1,C,Platinum,29796
37215,Male,Urban,Bachelor,2L-5L,1,6,2130,More than 1,B,Silver,62988
48614,Female,Rural,Bachelor,5L-10L,0,6,0,More than 1,A,Platinum,76404
67107,Female,Rural,High School,2L-5L,0,2,0,More than 1,C,Silver,64248
73612,Male,Urban,Bachelor,5L-10L,1,4,6634,More than 1,A,Platinum,98460
68539,Male,Urban,High School,<=2L,0,2,4207,More than 1,A,Silver,97980
29231,Female,Urban,Bachelor,2L-5L,1,1,6426,More than 1,A,Platinum,107232
18418,Male,Rural,High School,5L-10L,0,8,2077,More than 1,A,Platinum,73392
12443,Female,Rural,Bachelor,More than 10L,1,0,0,1,B,Platinum,36936
39819,Male,Rural,Bachelor,More than 10L,1,5,2476,More than 1,A,Platinum,49068
33305,Male,Rural,Bachelor,2L-5L,1,8,0,More than 1,A,Platinum,61116
20145,Male,Urban,High School,2L-5L,1,5,3797,More than 1,A,Platinum,107916
21819,Male,Rural,Bachelor,5L-10L,1,4,4381,1,B,Platinum,30528
5826,Female,Urban,Bachelor,5L-10L,0,0,4809,More than 1,A,Platinum,104652
44032,Male,Urban,High School,5L-10L,1,1,7889,More than 1,A,Platinum,100800
7841,Female,Urban,High School,2L-5L,0,6,8064,More than 1,B,Platinum,99216
18732,Male,Urban,Bachelor,5L-10L,1,4,3696,1,A,Gold,45168
58705,Female,Rural,High School,5L-10L,1,6,3718,More than 1,A,Platinum,51528
51433,Female,Urban,Others,5L-10L,1,5,0,1,A,Platinum,32184
20867,Male,Urban,Bachelor,5L-10L,0,2,4494,1,A,Platinum,35748
7741,Male,Urban,High School,5L-10L,0,8,9198,1,A,Platinum,62796
32150,Male,Urban,Bachelor,More than 10L,1,6,2242,More than 1,B,Platinum,125340
88697,Male,Rural,High School,5L-10L,1,1,2324,1,B,Platinum,33852
45607,Female,Rural,High School,5L-10L,1,3,0,1,B,Silver,56904
87020,Female,Rural,Bachelor,5L-10L,0,1,0,More than 1,A,Platinum,101700
18056,Male,Rural,Bachelor,2L-5L,0,1,6339,More than 1,B,Silver,93984
63156,Female,Rural,Bachelor,More than 10L,1,8,0,1,A,Platinum,57396
49384,Female,Urban,High School,5L-10L,1,6,6175,1,A,Gold,33540
1030,Female,Urban,Bachelor,5L-10L,0,3,6511,1,A,Silver,36012
41592,Male,Rural,High School,5L-10L,0,8,0,More than 1,B,Platinum,65496
41058,Female,Rural,High School,5L-10L,1,2,0,1,C,Platinum,37368
46363,Male,Rural,Others,5L-10L,1,6,4710,More than 1,A,Silver,100536
19855,Male,Urban,Bachelor,2L-5L,1,8,0,More than 1,B,Silver,73524
23769,Male,Urban,Bachelor,More than 10L,1,6,3793,More than 1,A,Gold,70416
78617,Female,Rural,Bachelor,5L-10L,1,3,2124,1,B,Gold,33324
7422,Female,Urban,High School,5L-10L,1,2,5969,More than 1,C,Platinum,179964
10608,Male,Urban,Others,5L-10L,0,1,5454,More than 1,A,Gold,124488
84062,Male,Urban,High School,More than 10L,1,0,6793,1,A,Gold,63480
57633,Male,Urban,High School,2L-5L,1,3,3443,More than 1,A,Platinum,164520
60601,Male,Rural,Bachelor,More than 10L,0,5,0,1,A,Silver,32496
80907,Male,Urban,High School,5L-10L,1,5,4779,1,A,Gold,33912
51747,Male,Urban,Bachelor,5L-10L,0,6,12159,1,A,Platinum,60924
57156,Female,Urban,Bachelor,5L-10L,0,7,2379,1,A,Platinum,46836
65939,Female,Urban,High School,2L-5L,1,5,4094,More than 1,A,Platinum,105828
93,Male,Urban,High School,<=2L,0,6,6445,More than 1,A,Silver,115908
55798,Male,Urban,Bachelor,More than 10L,1,6,6803,1,A,Platinum,35328
35609,Male,Rural,Others,5L-10L,1,6,4188,More than 1,B,Silver,65172
34783,Male,Urban,High School,5L-10L,0,6,5869,1,A,Platinum,35868
51659,Male,Urban,High School,5L-10L,0,4,7221,1,A,Gold,62844
88373,Male,Urban,High School,2L-5L,0,7,4862,More than 1,A,Silver,98352
23680,Male,Urban,High School,2L-5L,0,1,11470,More than 1,C,Platinum,68484
79447,Male,Urban,High School,5L-10L,1,4,4655,1,A,Platinum,36576
5256,Male,Urban,Bachelor,5L-10L,1,5,8178,More than 1,A,Gold,37944
58457,Female,Rural,Bachelor,5L-10L,0,6,5502,More than 1,B,Gold,67092
84800,Female,Urban,Bachelor,5L-10L,1,8,2247,More than 1,A,Platinum,55044
58273,Male,Urban,High School,More than 10L,0,1,4781,More than 1,A,Gold,88872
65845,Male,Rural,Bachelor,5L-10L,1,6,2641,More than 1,A,Platinum,88392
76362,Female,Rural,Bachelor,More than 10L,1,7,0,1,B,Platinum,73644
18670,Male,Urban,Bachelor,5L-10L,1,8,0,More than 1,C,Platinum,68892
17005,Male,Urban,High School,2L-5L,0,3,2680,More than 1,A,Silver,109788
21230,Female,Urban,Bachelor,5L-10L,1,7,0,More than 1,A,Gold,66924
7850,Male,Urban,Bachelor,5L-10L,0,1,10917,More than 1,A,Platinum,74688
65104,Male,Rural,Bachelor,2L-5L,0,7,16338,More than 1,B,Silver,73488
83991,Female,Urban,Bachelor,5L-10L,0,0,3509,More than 1,B,Gold,100860
79256,Female,Rural,High School,5L-10L,1,6,2263,More than 1,B,Silver,76704
18595,Male,Urban,High School,5L-10L,0,4,6680,1,A,Platinum,52812
63426,Female,Rural,Bachelor,5L-10L,1,3,2980,More than 1,A,Silver,96576
1351,Male,Urban,High School,5L-10L,1,6,10866,More than 1,A,Platinum,92832
89181,Female,Urban,High School,2L-5L,0,2,6270,More than 1,A,Gold,344004
50977,Male,Rural,High School,More than 10L,1,0,0,More than 1,B,Platinum,62160
10005,Female,Rural,High School,More than 10L,0,6,2771,More than 1,A,Platinum,99204
78364,Male,Rural,Bachelor,More than 10L,0,6,0,1,A,Silver,32004
35659,Male,Rural,Bachelor,More than 10L,1,5,0,1,B,Silver,56784
37466,Female,Rural,Bachelor,5L-10L,1,3,0,More than 1,B,Platinum,76056
20233,Male,Urban,Bachelor,5L-10L,1,0,2150,1,C,Platinum,50556
43994,Female,Urban,Others,<=2L,0,6,5173,More than 1,A,Platinum,253020
40245,Male,Urban,Bachelor,5L-10L,0,7,7023,More than 1,B,Platinum,340344
22004,Male,Rural,Others,More than 10L,0,5,0,1,A,Platinum,29808
51941,Male,Rural,Bachelor,2L-5L,1,8,0,1,B,Platinum,39120
50912,Female,Urban,High School,2L-5L,0,7,15731,1,A,Platinum,44376
64686,Female,Rural,Bachelor,5L-10L,1,1,3295,More than 1,A,Silver,69924
40911,Male,Urban,High School,5L-10L,1,2,8184,More than 1,A,Silver,63732
30000,Male,Urban,High School,2L-5L,0,6,3848,More than 1,A,Platinum,74892
42264,Male,Rural,Bachelor,More than 10L,1,7,2226,More than 1,B,Platinum,63864
8537,Female,Urban,High School,<=2L,1,5,8425,More than 1,A,Silver,102072
53845,Male,Urban,High School,5L-10L,1,6,6706,1,C,Gold,44544
36812,Male,Urban,Bachelor,5L-10L,1,2,27383,1,A,Platinum,54564
69306,Male,Rural,Bachelor,2L-5L,0,7,0,More than 1,B,Silver,65640
11014,Female,Rural,High School,More than 10L,0,5,0,1,A,Platinum,96696
40074,Male,Urban,High School,5L-10L,1,7,3842,More than 1,A,Silver,100716
9943,Female,Urban,High School,5L-10L,0,4,0,More than 1,B,Gold,69828
58980,Female,Urban,Bachelor,More than 10L,0,1,4326,More than 1,B,Silver,346824
54890,Female,Urban,Others,More than 10L,1,6,2124,1,A,Platinum,35304
20742,Male,Rural,High School,5L-10L,0,7,6311,More than 1,A,Platinum,55776
22792,Male,Urban,Bachelor,5L-10L,0,7,0,More than 1,B,Platinum,70164
4186,Male,Urban,Bachelor,2L-5L,0,8,4123,More than 1,B,Platinum,102300
2240,Female,Urban,Bachelor,5L-10L,1,6,2683,More than 1,B,Platinum,76020
59415,Female,Urban,High School,5L-10L,0,1,2899,1,A,Gold,48240
72202,Male,Rural,Bachelor,5L-10L,0,2,0,1,B,Platinum,33732
22386,Female,Rural,Bachelor,5L-10L,1,3,0,1,A,Gold,36228
85487,Female,Urban,Bachelor,5L-10L,1,4,9611,More than 1,B,Platinum,102756
70223,Male,Urban,High School,5L-10L,1,1,6848,More than 1,A,Platinum,112104
55447,Male,Urban,Bachelor,5L-10L,0,1,5247,1,A,Platinum,39012
58887,Male,Urban,Bachelor,5L-10L,0,5,6157,1,A,Platinum,38172
23697,Male,Urban,High School,5L-10L,0,3,6881,More than 1,A,Platinum,101616
87721,Male,Rural,Bachelor,2L-5L,1,4,4091,More than 1,B,Platinum,69972
25123,Female,Rural,High School,More than 10L,1,7,0,1,C,Platinum,35604
25048,Male,Urban,High School,More than 10L,1,4,3227,More than 1,B,Platinum,56052
18665,Female,Urban,High School,5L-10L,1,1,3699,More than 1,B,Platinum,64248
52781,Male,Urban,High School,5L-10L,1,8,0,1,A,Platinum,36240
59823,Female,Rural,Bachelor,5L-10L,0,6,2102,More than 1,A,Platinum,89952
64771,Female,Urban,High School,5L-10L,0,3,2498,More than 1,A,Platinum,112548
11869,Male,Urban,Bachelor,2L-5L,1,6,5628,More than 1,A,Silver,94872
23654,Female,Urban,Bachelor,2L-5L,1,4,3843,More than 1,B,Silver,77616
66128,Female,Rural,High School,More than 10L,0,2,10138,More than 1,A,Gold,103488
65703,Female,Rural,High School,5L-10L,1,1,2361,1,A,Platinum,44520
88134,Female,Urban,High School,5L-10L,1,7,6599,1,A,Platinum,53832
22527,Male,Urban,High School,5L-10L,1,5,8194,1,A,Silver,39108
12965,Female,Urban,High School,2L-5L,1,2,5937,More than 1,A,Silver,51336
10997,Male,Urban,Others,2L-5L,0,0,6964,1,B,Gold,61644
21319,Male,Urban,Bachelor,5L-10L,0,7,7872,More than 1,A,Gold,160560
28236,Female,Rural,Others,5L-10L,1,2,4527,More than 1,B,Silver,77172
32976,Female,Rural,Others,5L-10L,0,0,0,1,B,Platinum,34560
19669,Male,Rural,Bachelor,2L-5L,0,5,0,1,B,Gold,55992
8283,Male,Urban,High School,5L-10L,0,5,6758,More than 1,A,Platinum,83124
73109,Male,Rural,Bachelor,5L-10L,1,2,0,1,A,Silver,38604
87297,Female,Urban,High School,5L-10L,0,5,5886,More than 1,A,Gold,104256
29520,Male,Urban,Bachelor,5L-10L,1,3,5450,1,A,Silver,33756
57417,Male,Rural,Bachelor,2L-5L,0,0,3060,1,C,Silver,63000
82165,Male,Urban,High School,5L-10L,0,7,4278,More than 1,A,Platinum,117540
2715,Male,Urban,High School,5L-10L,1,4,6317,More than 1,A,Silver,232404
3059,Female,Rural,Bachelor,More than 10L,1,8,0,1,B,Gold,54252
84596,Male,Rural,High School,5L-10L,1,5,0,More than 1,B,Platinum,69672
5928,Male,Rural,High School,5L-10L,1,7,0,More than 1,B,Platinum,72408
5640,Male,Urban,Bachelor,5L-10L,1,1,5191,1,A,Platinum,36696
74539,Male,Urban,Bachelor,5L-10L,0,7,7674,More than 1,A,Gold,118392
1285,Male,Urban,Bachelor,<=2L,1,7,5213,1,A,Platinum,48228
77253,Male,Urban,Bachelor,2L-5L,1,7,5988,More than 1,C,Platinum,579720
61718,Male,Rural,Bachelor,5L-10L,0,1,0,1,A,Platinum,50040
19191,Female,Rural,High School,More than 10L,1,4,4836,1,B,Silver,35772
75871,Male,Rural,High School,5L-10L,1,8,0,1,B,Silver,35040
68333,Male,Rural,Bachelor,2L-5L,1,7,6911,More than 1,B,Platinum,65424
38576,Male,Urban,Bachelor,5L-10L,0,5,8309,1,A,Gold,55896
50634,Male,Urban,Bachelor,More than 10L,1,6,7130,More than 1,A,Platinum,58968
77607,Female,Urban,High School,5L-10L,0,5,3919,More than 1,B,Gold,80172
8979,Male,Urban,Others,2L-5L,0,3,7247,More than 1,A,Gold,113676
12021,Male,Rural,Bachelor,5L-10L,1,8,0,1,C,Platinum,63984
69566,Male,Rural,Others,5L-10L,0,3,0,1,C,Platinum,33600
68209,Male,Urban,High School,5L-10L,0,3,5221,1,C,Platinum,32304
88101,Male,Urban,High School,More than 10L,0,6,3554,More than 1,A,Platinum,108360
52044,Male,Urban,High School,2L-5L,0,5,6693,More than 1,A,Platinum,33480
72780,Female,Urban,Bachelor,2L-5L,1,3,4677,1,A,Silver,35724
6883,Male,Urban,Bachelor,2L-5L,1,6,6723,More than 1,A,Silver,99540
41878,Male,Urban,High School,<=2L,0,5,5980,1,A,Platinum,52272
34414,Male,Rural,Bachelor,5L-10L,1,3,4468,1,C,Gold,58308
39415,Female,Urban,High School,2L-5L,0,2,13127,More than 1,A,Silver,176928
86017,Male,Urban,High School,5L-10L,1,7,7515,More than 1,A,Platinum,99516
66609,Female,Rural,Bachelor,5L-10L,1,6,9142,More than 1,A,Silver,111444
62497,Female,Rural,High School,More than 10L,0,5,3302,More than 1,A,Silver,65556
61399,Male,Urban,High School,2L-5L,0,8,6752,1,A,Platinum,65736
66606,Female,Urban,Others,5L-10L,1,8,2031,1,B,Silver,37872
17493,Female,Urban,Bachelor,5L-10L,1,1,6138,More than 1,A,Platinum,93408
26262,Female,Urban,Others,5L-10L,1,4,6976,1,A,Silver,33780
29226,Female,Rural,Bachelor,2L-5L,1,4,0,More than 1,B,Silver,103992
29185,Female,Urban,High School,5L-10L,0,2,5632,More than 1,A,Platinum,98880
717,Male,Urban,High School,<=2L,1,7,7390,1,A,Platinum,58212
3750,Male,Rural,High School,5L-10L,1,3,0,1,A,Platinum,32940
58340,Female,Urban,High School,5L-10L,0,5,0,1,A,Platinum,229164
54659,Female,Urban,High School,2L-5L,0,8,3768,More than 1,C,Gold,63900
12438,Male,Urban,Bachelor,2L-5L,0,2,6498,1,A,Platinum,32496
49695,Female,Urban,High School,5L-10L,0,2,4359,1,B,Platinum,44052
27851,Female,Rural,Bachelor,5L-10L,0,8,2620,1,B,Platinum,58176
62520,Female,Urban,Bachelor,5L-10L,1,5,5249,1,B,Silver,38208
4285,Female,Urban,Bachelor,5L-10L,1,3,5479,1,A,Silver,32508
23841,Female,Rural,High School,5L-10L,0,4,5926,More than 1,A,Gold,373080
16798,Female,Urban,Bachelor,More than 10L,0,7,5708,More than 1,A,Platinum,102900
84246,Male,Urban,High School,5L-10L,0,4,3131,1,A,Platinum,43020
37947,Male,Rural,High School,5L-10L,1,7,0,1,C,Platinum,35976
24327,Male,Urban,High School,5L-10L,0,7,10311,More than 1,A,Platinum,161304
64257,Male,Urban,High School,5L-10L,1,1,11128,1,A,Platinum,58176
35422,Male,Urban,High School,More than 10L,1,2,14335,1,A,Platinum,35268
66986,Female,Rural,High School,5L-10L,0,6,3005,More than 1,B,Platinum,97320
61774,Male,Rural,Bachelor,More than 10L,1,7,15908,More than 1,B,Silver,70680
86342,Male,Rural,Bachelor,5L-10L,0,4,0,1,B,Silver,44208
66429,Male,Rural,High School,5L-10L,1,1,0,1,B,Gold,35244
48821,Female,Urban,High School,5L-10L,1,0,7724,More than 1,A,Gold,69888
1420,Female,Rural,High School,5L-10L,1,4,2611,More than 1,A,Platinum,66324
44891,Female,Urban,High School,2L-5L,1,8,4151,1,C,Platinum,61008
40857,Male,Urban,High School,2L-5L,0,3,9500,More than 1,C,Gold,99264
22701,Female,Urban,High School,5L-10L,1,7,13804,More than 1,A,Gold,32736
24520,Male,Urban,Bachelor,2L-5L,0,6,10593,More than 1,A,Platinum,106596
59183,Female,Rural,High School,5L-10L,1,8,2005,More than 1,B,Silver,67668
10235,Male,Urban,High School,5L-10L,0,8,7052,1,A,Silver,48432
11676,Female,Rural,High School,5L-10L,1,5,6850,1,A,Platinum,32484
52797,Male,Urban,High School,5L-10L,1,8,6776,1,A,Silver,64248
48867,Male,Urban,Bachelor,2L-5L,0,6,5711,1,A,Silver,33120
35385,Male,Urban,Bachelor,5L-10L,1,7,8949,More than 1,C,Platinum,77028
40080,Male,Urban,High School,5L-10L,1,8,2728,1,C,Gold,52128
32720,Male,Urban,Bachelor,5L-10L,1,2,5730,More than 1,A,Platinum,104796
50934,Female,Urban,High School,5L-10L,1,2,4293,1,A,Silver,49956
25257,Male,Urban,High School,5L-10L,1,1,5415,More than 1,A,Platinum,98892
63315,Female,Urban,Bachelor,2L-5L,0,5,5166,More than 1,A,Platinum,117360
26784,Male,Rural,Bachelor,2L-5L,0,2,4142,More than 1,B,Silver,70176
73438,Male,Urban,Bachelor,More than 10L,0,7,9032,More than 1,A,Silver,31428
79675,Male,Rural,Bachelor,More than 10L,1,1,3911,1,C,Platinum,52524
12559,Female,Rural,Bachelor,5L-10L,0,7,3207,More than 1,B,Platinum,59808
15817,Male,Urban,Others,2L-5L,1,2,5696,More than 1,A,Platinum,485304
88648,Male,Rural,High School,2L-5L,1,3,2205,1,B,Silver,37596
76559,Female,Rural,Others,5L-10L,1,1,0,1,A,Silver,36276
86626,Female,Urban,High School,5L-10L,1,1,5161,1,A,Platinum,34596
22827,Male,Urban,Bachelor,5L-10L,0,1,5718,1,A,Platinum,43956
10419,Female,Urban,High School,5L-10L,0,5,5962,More than 1,A,Platinum,100512
62908,Male,Rural,High School,2L-5L,1,7,2431,More than 1,C,Silver,61668
24791,Female,Urban,Bachelor,5L-10L,1,2,3586,More than 1,B,Platinum,75024
86840,Female,Urban,High School,5L-10L,0,8,3818,1,A,Silver,60480
6894,Male,Urban,Bachelor,5L-10L,0,6,6611,More than 1,B,Silver,89796
89169,Male,Rural,Bachelor,5L-10L,1,0,0,1,B,Silver,32148
61403,Male,Rural,High School,5L-10L,1,5,3260,1,C,Gold,53220
74936,Female,Urban,High School,2L-5L,0,2,6665,1,A,Gold,48252
76313,Female,Urban,High School,5L-10L,1,8,6045,More than 1,A,Platinum,98376
10007,Male,Urban,Bachelor,5L-10L,1,8,7222,More than 1,A,Platinum,67716
23471,Male,Rural,Others,5L-10L,1,2,6455,More than 1,B,Gold,77772
9758,Female,Urban,Bachelor,More than 10L,1,4,3711,More than 1,A,Platinum,333012
54878,Male,Urban,Bachelor,5L-10L,0,6,4531,More than 1,A,Platinum,114012
82138,Male,Urban,Bachelor,5L-10L,0,5,7267,1,A,Platinum,31560
64491,Male,Urban,Bachelor,5L-10L,0,3,2559,1,C,Platinum,62208
69718,Male,Rural,High School,5L-10L,1,7,0,More than 1,B,Silver,74496
20689,Male,Rural,Bachelor,5L-10L,0,7,0,1,C,Silver,37656
9199,Female,Urban,High School,5L-10L,0,8,11351,More than 1,A,Platinum,107064
38866,Male,Urban,High School,5L-10L,1,2,5409,1,A,Platinum,32496
55537,Female,Rural,High School,5L-10L,1,4,0,More than 1,B,Gold,64680
83416,Male,Urban,High School,5L-10L,0,2,14794,More than 1,A,Platinum,70908
63128,Male,Urban,High School,2L-5L,1,8,0,1,A,Platinum,33984
87412,Male,Urban,Bachelor,5L-10L,0,6,6231,More than 1,A,Platinum,65592
68451,Male,Rural,Bachelor,More than 10L,1,1,5193,More than 1,C,Gold,70032
80096,Male,Urban,Bachelor,5L-10L,0,7,3599,1,A,Silver,41136
56193,Male,Urban,High School,5L-10L,0,6,4371,1,A,Gold,53040
89326,Male,Urban,High School,5L-10L,1,3,5199,1,A,Platinum,33408
10172,Male,Rural,Others,More than 10L,1,7,0,1,A,Platinum,40680
49810,Female,Rural,Bachelor,5L-10L,1,7,3891,More than 1,A,Gold,262032
21187,Female,Urban,Bachelor,2L-5L,0,6,5465,More than 1,C,Platinum,153708
23203,Female,Urban,High School,More than 10L,1,3,5215,1,A,Platinum,48168
10952,Male,Urban,High School,2L-5L,0,6,6406,More than 1,B,Silver,105516
24824,Female,Urban,High School,5L-10L,1,6,6593,More than 1,A,Platinum,103896
60263,Male,Urban,Bachelor,5L-10L,1,2,2124,1,A,Platinum,33960
26249,Female,Urban,High School,More than 10L,0,6,4196,1,B,Gold,36504
58408,Male,Urban,High School,5L-10L,1,5,7330,1,A,Silver,58620
8331,Male,Urban,High School,2L-5L,1,2,0,1,B,Silver,31740
13286,Male,Urban,Bachelor,5L-10L,1,1,4636,1,A,Platinum,34080
55171,Male,Rural,Others,5L-10L,1,1,0,1,A,Platinum,40392
83277,Male,Urban,High School,5L-10L,1,1,6155,1,B,Gold,50508
57040,Female,Urban,Bachelor,5L-10L,0,1,3749,More than 1,B,Platinum,72060
66636,Male,Urban,High School,5L-10L,0,7,0,1,A,Silver,30948
86417,Female,Urban,Bachelor,More than 10L,1,2,5946,1,A,Platinum,42480
45208,Male,Rural,Others,More than 10L,1,7,7291,1,A,Platinum,48792
72651,Male,Urban,Bachelor,5L-10L,1,4,4131,1,B,Silver,30888
7984,Male,Urban,High School,2L-5L,0,6,9930,1,A,Silver,49560
83141,Male,Urban,High School,More than 10L,0,8,5673,1,B,Platinum,32640
52481,Male,Urban,High School,2L-5L,1,6,4828,1,B,Silver,42948
43128,Female,Urban,High School,5L-10L,0,7,6340,More than 1,A,Gold,96300
29883,Male,Urban,High School,2L-5L,1,2,5907,1,A,Silver,35820
61973,Female,Rural,High School,2L-5L,1,5,0,1,C,Platinum,32844
60077,Male,Rural,Others,2L-5L,1,2,3993,More than 1,B,Platinum,65112
19424,Male,Urban,High School,More than 10L,1,6,3656,1,A,Silver,65940
80728,Male,Urban,High School,2L-5L,0,5,6199,More than 1,A,Platinum,116460
33487,Female,Urban,High School,2L-5L,0,5,7502,1,A,Platinum,29484
9393,Male,Urban,High School,5L-10L,1,3,0,More than 1,B,Platinum,64764
56965,Male,Rural,High School,More than 10L,1,5,0,More than 1,A,Gold,66696
56351,Male,Rural,Bachelor,5L-10L,0,3,0,More than 1,B,Silver,66444
72740,Male,Rural,High School,5L-10L,0,2,3911,More than 1,A,Platinum,156912
9816,Female,Urban,High School,5L-10L,0,7,2726,1,A,Platinum,55596
38482,Male,Rural,Bachelor,5L-10L,1,3,2104,1,A,Gold,33924
16247,Female,Urban,High School,5L-10L,1,1,3364,More than 1,A,Silver,93672
4427,Female,Rural,Bachelor,5L-10L,1,6,2958,1,C,Platinum,34884
5839,Female,Urban,Bachelor,5L-10L,1,3,0,1,B,Gold,50436
77995,Male,Urban,High School,2L-5L,0,5,4924,More than 1,A,Platinum,96348
36048,Male,Urban,Bachelor,2L-5L,1,6,4188,More than 1,B,Platinum,64236
77283,Male,Urban,High School,5L-10L,1,7,0,1,B,Platinum,51480
69991,Male,Urban,High School,5L-10L,0,6,2462,1,B,Platinum,44496
84684,Female,Urban,Bachelor,5L-10L,1,8,6627,1,B,Platinum,48432
60950,Female,Rural,Bachelor,5L-10L,1,5,3473,More than 1,B,Silver,70092
19209,Male,Rural,High School,5L-10L,0,7,5645,More than 1,B,Platinum,105072
26037,Male,Urban,Others,More than 10L,1,6,4059,1,B,Platinum,37104
1025,Male,Rural,Bachelor,More than 10L,1,3,0,More than 1,A,Platinum,64176
77786,Male,Rural,Others,5L-10L,1,3,0,1,C,Silver,33816
19570,Male,Urban,High School,5L-10L,1,5,0,More than 1,B,Platinum,62976
50927,Male,Rural,Bachelor,2L-5L,1,8,2094,More than 1,A,Gold,313332
82130,Female,Urban,Bachelor,5L-10L,1,2,4576,1,C,Silver,34656
55500,Male,Rural,High School,5L-10L,0,2,2643,More than 1,B,Platinum,72168
5260,Female,Urban,Bachelor,5L-10L,1,2,6326,More than 1,A,Platinum,71172
43614,Male,Urban,High School,5L-10L,1,5,3470,1,A,Platinum,43476
11887,Female,Rural,Bachelor,2L-5L,1,6,3473,More than 1,B,Silver,77532
82400,Female,Urban,Bachelor,5L-10L,0,5,6265,1,A,Platinum,31428
4987,Female,Urban,Bachelor,5L-10L,1,6,3473,1,A,Platinum,51744
4709,Male,Urban,High School,2L-5L,1,4,14517,More than 1,A,Platinum,75528
77789,Female,Urban,Bachelor,5L-10L,1,6,8369,1,A,Platinum,41088
27069,Female,Rural,High School,2L-5L,1,0,3310,More than 1,A,Platinum,89148
13658,Male,Rural,Bachelor,More than 10L,1,5,0,More than 1,A,Platinum,102036
41859,Male,Urban,High School,2L-5L,1,5,4030,More than 1,A,Platinum,67980
65479,Male,Urban,Bachelor,More than 10L,1,6,5206,1,A,Gold,31092
34704,Male,Urban,High School,More than 10L,0,4,5776,1,A,Silver,30912
8061,Male,Rural,Others,More than 10L,1,4,0,1,A,Gold,33252
58504,Male,Urban,High School,5L-10L,1,5,8380,More than 1,A,Platinum,106704
31711,Female,Urban,High School,5L-10L,1,7,0,More than 1,A,Platinum,64992
28256,Male,Urban,Bachelor,2L-5L,1,7,5805,1,B,Platinum,31656
17039,Male,Urban,High School,More than 10L,1,1,3750,More than 1,A,Gold,86424
74729,Male,Urban,Bachelor,5L-10L,0,8,6458,More than 1,A,Platinum,100344
88990,Female,Rural,High School,More than 10L,0,3,0,1,B,Silver,69348
70915,Female,Urban,High School,5L-10L,1,6,4448,1,B,Platinum,62940
11199,Male,Urban,Bachelor,5L-10L,1,5,0,1,C,Platinum,38544
15760,Female,Urban,High School,2L-5L,1,8,8216,1,C,Platinum,43368
78741,Male,Rural,Bachelor,More than 10L,1,1,0,1,B,Silver,50964
65648,Female,Rural,High School,5L-10L,1,7,3594,1,C,Gold,54852
65996,Female,Urban,High School,5L-10L,1,5,4339,More than 1,B,Platinum,89820
83225,Male,Urban,High School,5L-10L,1,7,5464,1,A,Silver,32880
53512,Female,Rural,High School,More than 10L,0,7,0,More than 1,B,Platinum,65136
69598,Female,Rural,High School,5L-10L,0,4,2728,More than 1,A,Gold,90480
8471,Female,Urban,Bachelor,2L-5L,1,8,10063,More than 1,A,Platinum,32952
55104,Male,Rural,High School,5L-10L,1,2,3168,1,A,Silver,45648
1313,Female,Urban,Bachelor,5L-10L,1,7,3691,1,A,Platinum,98784
59431,Male,Rural,Bachelor,5L-10L,0,4,0,More than 1,C,Platinum,103068
58286,Male,Rural,Bachelor,5L-10L,0,7,4787,More than 1,B,Platinum,97920
63540,Male,Urban,Bachelor,5L-10L,0,6,3843,More than 1,B,Platinum,91944
81879,Male,Urban,Bachelor,More than 10L,1,2,3513,More than 1,A,Silver,108972
1081,Male,Urban,Bachelor,5L-10L,1,0,6557,1,A,Platinum,61692
21621,Female,Rural,Bachelor,More than 10L,1,7,0,1,C,Silver,54264
47771,Female,Urban,High School,5L-10L,1,0,3465,1,A,Gold,57132
12714,Female,Urban,Bachelor,2L-5L,1,7,6494,1,A,Platinum,38616
26367,Female,Urban,Bachelor,5L-10L,1,7,13588,1,A,Silver,47964
47843,Male,Rural,High School,5L-10L,0,8,2258,More than 1,A,Silver,97776
36589,Male,Urban,Bachelor,5L-10L,1,0,0,More than 1,B,Platinum,64248
27443,Female,Rural,Bachelor,More than 10L,1,4,2167,1,C,Platinum,51756
89226,Male,Rural,Bachelor,2L-5L,1,6,3846,More than 1,B,Platinum,63984
61251,Female,Urban,High School,5L-10L,0,7,0,1,A,Platinum,44100
58866,Female,Urban,Bachelor,More than 10L,1,8,2115,1,B,Silver,35544
88748,Male,Rural,Bachelor,More than 10L,1,4,0,More than 1,A,Platinum,61488
69403,Female,Urban,High School,2L-5L,0,3,5834,More than 1,A,Platinum,177516
38087,Male,Urban,Bachelor,2L-5L,0,8,16828,More than 1,A,Platinum,69228
13103,Female,Rural,Bachelor,5L-10L,1,6,5623,More than 1,A,Platinum,83964
782,Male,Rural,Bachelor,5L-10L,0,3,4381,More than 1,A,Silver,113376
12882,Male,Urban,High School,2L-5L,1,2,7853,More than 1,A,Platinum,66084
59165,Female,Rural,Bachelor,More than 10L,1,3,0,More than 1,B,Platinum,55572
69457,Male,Urban,Bachelor,More than 10L,1,2,5562,1,B,Platinum,31092
7103,Male,Urban,High School,5L-10L,1,2,5235,1,A,Gold,37200
15283,Female,Urban,Bachelor,5L-10L,1,3,5382,1,B,Platinum,36792
17155,Male,Rural,Bachelor,5L-10L,0,6,0,1,B,Platinum,64692
71066,Male,Rural,High School,5L-10L,0,1,3929,1,A,Platinum,56472
14031,Female,Urban,Bachelor,More than 10L,1,1,0,1,A,Silver,36132
84254,Male,Rural,Bachelor,5L-10L,0,7,6871,More than 1,B,Gold,67836
34117,Female,Urban,High School,More than 10L,0,5,3377,More than 1,B,Platinum,99120
23010,Female,Rural,Bachelor,5L-10L,1,0,3135,More than 1,B,Platinum,59076
37321,Female,Urban,Bachelor,5L-10L,1,4,3947,More than 1,A,Platinum,89460
42256,Male,Urban,High School,5L-10L,0,1,6488,1,A,Platinum,43752
35008,Female,Urban,High School,5L-10L,0,1,4162,More than 1,A,Platinum,94584
36655,Male,Urban,High School,5L-10L,1,7,8346,1,A,Silver,57276
64270,Male,Urban,High School,More than 10L,1,7,0,More than 1,B,Platinum,65208
83687,Female,Rural,High School,More than 10L,1,7,0,1,A,Gold,39576
6142,Female,Rural,High School,More than 10L,1,5,0,1,B,Platinum,48960
74534,Male,Rural,Bachelor,5L-10L,1,4,0,More than 1,B,Platinum,72408
33513,Male,Urban,High School,More than 10L,0,2,7689,More than 1,A,Platinum,102168
25720,Male,Urban,High School,2L-5L,0,6,9470,1,B,Platinum,49044
85903,Female,Urban,Others,5L-10L,0,5,5496,1,A,Silver,33540
65399,Male,Urban,High School,5L-10L,1,2,3093,More than 1,A,Platinum,96312
58790,Male,Urban,High School,5L-10L,1,4,6575,More than 1,C,Platinum,69984
60186,Male,Urban,Others,5L-10L,1,1,4299,1,A,Platinum,36336
75470,Male,Rural,Bachelor,5L-10L,1,5,3704,1,A,Gold,35268
1462,Male,Rural,Bachelor,2L-5L,1,1,2106,More than 1,B,Silver,100044
29293,Male,Rural,High School,5L-10L,0,3,2519,More than 1,B,Platinum,95688
29009,Male,Rural,Bachelor,5L-10L,1,4,3111,1,A,Platinum,51840
14382,Female,Urban,High School,More than 10L,1,2,0,More than 1,B,Gold,61512
38821,Female,Urban,Bachelor,5L-10L,0,4,7345,1,A,Platinum,291072
37376,Female,Urban,Bachelor,5L-10L,0,6,7373,More than 1,A,Platinum,113328
81890,Female,Urban,High School,5L-10L,1,8,2794,More than 1,B,Platinum,67596
54713,Female,Urban,Bachelor,5L-10L,1,6,5470,More than 1,A,Platinum,107484
46493,Female,Urban,High School,5L-10L,0,5,8630,More than 1,A,Platinum,101232
19024,Male,Rural,High School,5L-10L,0,7,3283,More than 1,A,Platinum,48648
17419,Male,Rural,Bachelor,More than 10L,1,0,0,1,B,Platinum,59976
60496,Male,Rural,High School,5L-10L,0,4,0,1,A,Platinum,47748
10866,Male,Urban,Bachelor,5L-10L,1,0,0,More than 1,B,Platinum,71184
27604,Male,Urban,High School,5L-10L,0,1,10163,More than 1,A,Platinum,68568
82566,Female,Rural,Bachelor,More than 10L,1,7,2585,More than 1,B,Silver,68088
77084,Female,Urban,High School,2L-5L,0,2,5685,More than 1,A,Platinum,56280
27886,Female,Rural,High School,5L-10L,0,0,0,More than 1,A,Platinum,61680
6583,Male,Urban,Bachelor,5L-10L,0,6,4186,1,C,Platinum,44172
20472,Female,Rural,High School,5L-10L,0,7,0,More than 1,A,Silver,258252
23372,Male,Rural,High School,5L-10L,1,2,7889,1,B,Gold,67680
79215,Female,Rural,High School,More than 10L,1,6,0,More than 1,A,Silver,91644
55861,Female,Rural,High School,More than 10L,1,5,0,More than 1,B,Platinum,33084
89312,Male,Urban,High School,2L-5L,1,8,4200,More than 1,A,Gold,67068
56765,Male,Rural,High School,5L-10L,1,5,6734,More than 1,A,Gold,89844
44561,Male,Urban,High School,More than 10L,1,5,3953,1,A,Silver,35280
85896,Male,Urban,High School,2L-5L,1,6,3281,More than 1,A,Silver,69576
25657,Male,Rural,High School,5L-10L,0,6,0,1,C,Gold,33492
23713,Female,Urban,High School,2L-5L,1,4,6274,More than 1,C,Platinum,204672
76501,Male,Urban,Bachelor,2L-5L,1,6,5385,More than 1,A,Silver,109152
36492,Male,Rural,High School,More than 10L,1,6,0,More than 1,A,Gold,93456
4377,Male,Urban,Bachelor,2L-5L,0,8,16150,More than 1,B,Platinum,74316
67463,Female,Rural,High School,5L-10L,1,4,0,1,B,Gold,46056
12351,Female,Rural,High School,5L-10L,1,5,0,1,C,Gold,47340
67283,Male,Rural,Bachelor,5L-10L,0,2,0,1,A,Gold,43608
64625,Female,Rural,Others,2L-5L,0,8,2755,1,B,Silver,39456
30792,Male,Urban,Bachelor,2L-5L,1,1,8418,More than 1,A,Gold,67908
78181,Male,Rural,Bachelor,2L-5L,0,5,0,More than 1,B,Silver,99444
8610,Male,Urban,High School,5L-10L,0,8,2887,More than 1,A,Silver,97848
71762,Male,Urban,High School,5L-10L,0,4,0,1,C,Platinum,62388
39023,Male,Urban,High School,2L-5L,1,7,5434,1,A,Platinum,60504
19192,Female,Rural,Others,More than 10L,1,1,0,1,B,Silver,34020
56443,Female,Rural,Bachelor,2L-5L,0,7,0,More than 1,B,Gold,62640
13559,Female,Urban,Bachelor,5L-10L,1,2,5437,More than 1,A,Platinum,215148
16050,Female,Urban,Bachelor,5L-10L,1,5,4039,More than 1,A,Platinum,62148
81019,Female,Urban,Bachelor,2L-5L,0,6,4793,More than 1,A,Silver,109896
56378,Female,Urban,Bachelor,5L-10L,1,6,3185,More than 1,A,Gold,96024
15559,Female,Urban,High School,5L-10L,0,6,2438,More than 1,B,Platinum,74208
86927,Male,Rural,High School,5L-10L,1,2,0,More than 1,A,Platinum,64968
30398,Male,Urban,Bachelor,2L-5L,1,5,16785,1,A,Silver,60600
13237,Male,Urban,High School,5L-10L,1,2,4141,1,B,Platinum,64560
65937,Female,Urban,Bachelor,More than 10L,0,4,4673,1,A,Platinum,32892
54682,Male,Urban,High School,2L-5L,0,3,6108,1,B,Platinum,35412
19630,Male,Urban,High School,2L-5L,0,7,6745,1,C,Silver,57084
63547,Male,Urban,Bachelor,More than 10L,0,6,2652,More than 1,A,Gold,102012
56104,Female,Urban,High School,5L-10L,0,3,8832,More than 1,A,Platinum,80628
62101,Female,Urban,Others,2L-5L,1,7,6390,More than 1,B,Platinum,92340
86879,Male,Urban,Others,More than 10L,1,4,0,1,A,Gold,31380
1287,Female,Urban,Bachelor,5L-10L,0,5,2537,More than 1,A,Gold,91608
77796,Male,Urban,Bachelor,2L-5L,0,6,3047,More than 1,B,Silver,99036
21965,Male,Rural,High School,5L-10L,1,1,2378,1,C,Gold,35280
75611,Male,Urban,High School,More than 10L,0,7,6668,1,A,Gold,34440
30594,Female,Urban,Others,5L-10L,1,1,5522,1,A,Silver,43488
85226,Male,Urban,Bachelor,5L-10L,1,1,5271,1,C,Gold,33120
33192,Male,Urban,Others,5L-10L,1,3,0,More than 1,A,Platinum,69960
3934,Female,Rural,Others,More than 10L,0,1,0,1,B,Gold,54204
1823,Female,Urban,High School,More than 10L,1,6,5588,1,A,Gold,48276
68010,Male,Rural,Bachelor,More than 10L,0,6,3298,1,C,Silver,59544
11665,Female,Urban,Bachelor,More than 10L,0,3,10691,1,A,Platinum,34776
27475,Male,Rural,High School,More than 10L,0,5,0,1,A,Silver,33396
41951,Male,Rural,Bachelor,5L-10L,1,4,5824,More than 1,B,Silver,71184
40718,Female,Rural,Bachelor,5L-10L,1,2,2044,More than 1,A,Platinum,66804
87637,Male,Rural,Bachelor,2L-5L,1,6,0,More than 1,B,Platinum,68904
13174,Male,Urban,High School,2L-5L,1,7,6293,1,B,Silver,43284
43163,Male,Urban,High School,5L-10L,1,8,2774,More than 1,B,Silver,67104
62825,Male,Urban,High School,2L-5L,1,1,5202,1,A,Silver,34944
31227,Male,Urban,High School,More than 10L,0,8,4047,More than 1,A,Silver,55104
34441,Male,Rural,Bachelor,More than 10L,1,8,0,1,B,Platinum,46380
6366,Female,Urban,High School,<=2L,0,7,3859,More than 1,A,Platinum,54504
64689,Male,Urban,High School,5L-10L,0,3,10805,More than 1,A,Silver,114408
25524,Male,Urban,Bachelor,5L-10L,1,0,0,1,C,Silver,33648
87691,Male,Rural,Bachelor,2L-5L,1,7,0,More than 1,B,Platinum,64500
16233,Female,Urban,High School,2L-5L,0,7,7721,More than 1,C,Silver,164628
42458,Female,Rural,High School,2L-5L,1,8,3792,More than 1,A,Silver,66336
65179,Female,Urban,High School,5L-10L,1,2,4667,1,C,Gold,43248
7155,Female,Rural,High School,5L-10L,1,7,4761,1,A,Platinum,39624
69092,Female,Urban,Others,2L-5L,1,2,6002,More than 1,A,Platinum,93420
62715,Male,Urban,High School,More than 10L,1,6,5425,More than 1,A,Gold,97836
9835,Male,Urban,Bachelor,5L-10L,1,2,3216,More than 1,B,Gold,67416
50589,Male,Urban,High School,2L-5L,0,5,7369,1,A,Platinum,55212
71886,Female,Urban,High School,5L-10L,1,2,10337,More than 1,A,Gold,77232
53275,Male,Urban,Bachelor,5L-10L,0,6,4132,1,C,Silver,35376
63577,Male,Urban,High School,More than 10L,0,4,6704,More than 1,A,Platinum,108960
80560,Male,Rural,High School,5L-10L,1,7,0,More than 1,A,Platinum,89856
22041,Female,Rural,High School,5L-10L,1,8,0,More than 1,B,Gold,71376
53135,Male,Rural,Bachelor,5L-10L,1,4,0,1,A,Platinum,44676
67180,Male,Rural,High School,5L-10L,1,6,2337,1,A,Platinum,38760
35672,Female,Rural,High School,5L-10L,1,6,2175,1,A,Silver,35964
88588,Male,Urban,Bachelor,5L-10L,1,5,0,1,A,Gold,32484
78735,Male,Urban,High School,2L-5L,0,4,11451,More than 1,B,Gold,101292
31984,Male,Rural,Bachelor,5L-10L,0,7,4034,More than 1,A,Silver,85800
49902,Female,Urban,High School,5L-10L,1,7,2963,More than 1,B,Silver,71808
31637,Female,Urban,Bachelor,2L-5L,0,1,4707,More than 1,A,Gold,62184
32283,Male,Urban,High School,5L-10L,1,8,3540,More than 1,C,Silver,114084
60908,Male,Urban,Bachelor,5L-10L,0,3,8683,More than 1,C,Platinum,105024
4778,Female,Rural,Others,More than 10L,1,2,0,More than 1,A,Platinum,67200
63034,Male,Rural,Bachelor,5L-10L,0,5,5753,1,A,Platinum,69372
62078,Male,Urban,Bachelor,2L-5L,0,5,14240,More than 1,A,Platinum,125472
7692,Male,Rural,Bachelor,5L-10L,1,1,0,1,B,Silver,38880
58354,Male,Urban,Bachelor,2L-5L,1,8,5756,More than 1,A,Silver,87468
52171,Female,Rural,Others,5L-10L,1,5,2475,More than 1,C,Platinum,75660
52640,Male,Rural,Bachelor,2L-5L,1,6,5441,More than 1,A,Platinum,103716
73943,Male,Urban,Bachelor,5L-10L,1,4,4903,1,A,Silver,34176
15568,Female,Urban,High School,5L-10L,1,4,0,1,A,Silver,36912
179,Male,Rural,Bachelor,More than 10L,1,6,0,More than 1,B,Silver,147648
75026,Male,Rural,Bachelor,5L-10L,1,6,0,1,B,Platinum,39492
77025,Male,Urban,Bachelor,5L-10L,0,0,5488,1,A,Gold,32868
84674,Male,Urban,Bachelor,5L-10L,0,7,3128,More than 1,B,Platinum,67452
47424,Male,Rural,Bachelor,5L-10L,1,1,2191,1,A,Silver,136308
9645,Male,Urban,High School,5L-10L,1,1,3038,1,A,Platinum,36864
8156,Male,Rural,Bachelor,5L-10L,0,7,5168,More than 1,A,Platinum,95100
38600,Male,Urban,High School,5L-10L,1,5,6298,1,A,Platinum,38340
49927,Male,Rural,High School,5L-10L,0,6,0,1,A,Gold,44268
67676,Female,Urban,Bachelor,2L-5L,0,2,5204,1,A,Silver,44112
58370,Male,Urban,Bachelor,5L-10L,1,3,4965,More than 1,A,Gold,61932
34895,Female,Urban,Bachelor,More than 10L,0,7,3355,More than 1,A,Platinum,91116
52773,Female,Urban,High School,5L-10L,1,5,5192,1,B,Platinum,37644
18244,Male,Rural,Bachelor,More than 10L,0,3,0,1,B,Platinum,33480
80071,Female,Urban,High School,2L-5L,0,5,2542,1,A,Gold,69468
35776,Male,Urban,High School,2L-5L,0,4,3998,More than 1,B,Silver,102768
28872,Female,Urban,High School,<=2L,1,2,4882,More than 1,A,Gold,95424
32662,Female,Rural,High School,5L-10L,1,7,2976,More than 1,A,Gold,95280
81681,Female,Urban,High School,2L-5L,0,6,5788,More than 1,C,Platinum,179316
72500,Male,Rural,High School,5L-10L,1,7,2547,More than 1,C,Platinum,99816
14404,Male,Urban,High School,2L-5L,0,6,7406,1,B,Platinum,49428
28078,Female,Rural,Bachelor,5L-10L,0,3,0,1,B,Gold,46764
36367,Female,Rural,High School,2L-5L,0,5,3089,1,C,Silver,50856
59198,Female,Urban,Bachelor,5L-10L,1,2,0,More than 1,C,Platinum,71400
38135,Male,Urban,High School,More than 10L,0,2,17206,More than 1,A,Platinum,105120
14496,Female,Urban,Bachelor,5L-10L,1,6,8211,More than 1,A,Platinum,96828
52585,Male,Urban,High School,2L-5L,0,2,8248,1,B,Silver,56820
77114,Male,Urban,High School,5L-10L,0,4,4111,More than 1,A,Platinum,107016
34101,Female,Urban,High School,5L-10L,1,1,5257,1,C,Platinum,29244
59337,Male,Urban,High School,<=2L,1,5,7872,More than 1,A,Platinum,152628
46313,Female,Urban,High School,2L-5L,1,3,5940,More than 1,C,Platinum,103332
65701,Male,Urban,Bachelor,5L-10L,1,8,2614,More than 1,B,Silver,59616
88434,Male,Urban,High School,5L-10L,1,5,2117,1,B,Platinum,29136
61732,Male,Rural,High School,More than 10L,1,6,2144,1,B,Platinum,36516
89073,Male,Rural,Bachelor,5L-10L,0,6,4164,1,C,Silver,48672
84803,Female,Urban,High School,2L-5L,1,7,6816,More than 1,B,Platinum,107700
7405,Female,Urban,High School,5L-10L,0,0,10561,More than 1,A,Silver,101760
82172,Female,Urban,Bachelor,5L-10L,1,2,6431,More than 1,A,Platinum,100260
68005,Male,Urban,High School,2L-5L,1,1,4292,More than 1,A,Platinum,101652
49572,Male,Rural,High School,5L-10L,0,4,6054,More than 1,A,Gold,97116
37182,Female,Urban,Bachelor,More than 10L,0,8,3739,More than 1,A,Platinum,192216
36665,Male,Urban,High School,5L-10L,1,7,5292,1,A,Platinum,31812
41191,Male,Rural,Bachelor,More than 10L,1,8,2090,More than 1,B,Platinum,75372
4063,Female,Urban,High School,2L-5L,0,8,5749,More than 1,A,Gold,88116
64607,Male,Urban,High School,5L-10L,0,2,4323,More than 1,B,Platinum,98880
79536,Female,Urban,Bachelor,2L-5L,1,0,6234,More than 1,A,Gold,74256
21614,Male,Urban,Bachelor,5L-10L,1,1,5689,1,A,Platinum,32460
2607,Female,Rural,Bachelor,2L-5L,0,4,0,More than 1,B,Silver,70716
79718,Female,Rural,Bachelor,5L-10L,1,6,0,More than 1,B,Silver,69168
17126,Male,Urban,Bachelor,5L-10L,1,8,2863,1,A,Platinum,55776
42761,Female,Rural,High School,5L-10L,0,2,2085,More than 1,B,Platinum,69192
86196,Female,Urban,Bachelor,2L-5L,1,5,5118,1,A,Platinum,33096
72638,Female,Rural,Bachelor,2L-5L,1,6,5557,1,C,Platinum,52284
58139,Male,Rural,High School,More than 10L,1,7,0,1,B,Silver,36612
48624,Male,Rural,High School,More than 10L,1,3,0,More than 1,B,Platinum,65796
45049,Female,Urban,High School,2L-5L,0,6,5046,More than 1,A,Platinum,93096
68768,Female,Rural,Bachelor,5L-10L,0,8,2651,More than 1,B,Platinum,70140
71351,Female,Urban,High School,5L-10L,0,8,3174,More than 1,B,Platinum,113664
83760,Male,Urban,Bachelor,5L-10L,1,8,3755,1,A,Platinum,41928
4039,Female,Urban,High School,2L-5L,1,5,3831,More than 1,A,Gold,96204
66360,Female,Rural,Bachelor,5L-10L,1,6,5073,1,B,Silver,39768
26824,Female,Rural,Bachelor,5L-10L,0,4,0,More than 1,B,Gold,105096
69402,Female,Urban,High School,5L-10L,1,5,2145,1,A,Gold,47952
54636,Female,Urban,Bachelor,5L-10L,1,1,6419,1,C,Platinum,40332
26787,Female,Urban,Others,5L-10L,0,6,10075,More than 1,A,Platinum,97596
71759,Male,Urban,High School,2L-5L,0,4,5117,More than 1,A,Platinum,92244
70172,Male,Rural,Bachelor,5L-10L,0,5,7471,More than 1,A,Platinum,140364
15339,Female,Rural,High School,More than 10L,0,0,0,More than 1,A,Platinum,65712
14433,Female,Urban,High School,2L-5L,1,5,10163,More than 1,A,Silver,117264
45241,Female,Urban,High School,2L-5L,1,3,4080,More than 1,C,Platinum,101988
36861,Male,Urban,High School,2L-5L,1,6,9445,More than 1,A,Platinum,452076
12336,Male,Urban,Bachelor,5L-10L,1,6,4473,1,A,Platinum,66924
58938,Male,Urban,Bachelor,5L-10L,1,6,4286,More than 1,A,Platinum,60876
62141,Female,Urban,High School,2L-5L,0,4,5352,1,A,Platinum,49800
19185,Female,Urban,Bachelor,More than 10L,1,4,6712,1,A,Platinum,37680
8632,Male,Urban,Bachelor,2L-5L,1,6,7147,More than 1,B,Gold,59520
74227,Female,Urban,Bachelor,2L-5L,1,3,5580,More than 1,A,Platinum,92424
15691,Female,Urban,High School,<=2L,1,8,8014,More than 1,A,Platinum,378552
51776,Female,Urban,High School,More than 10L,1,6,9473,1,A,Gold,62328
56829,Male,Rural,High School,5L-10L,1,4,0,1,A,Gold,30744
14143,Female,Rural,High School,More than 10L,1,5,3621,More than 1,A,Platinum,48600
58847,Male,Rural,Others,2L-5L,1,2,0,1,C,Platinum,31908
88325,Female,Rural,Bachelor,2L-5L,0,6,0,More than 1,B,Silver,62112
57397,Male,Urban,Others,More than 10L,0,7,7296,More than 1,B,Platinum,101832
29060,Female,Urban,Bachelor,5L-10L,1,4,3569,More than 1,B,Gold,73284
15420,Female,Rural,High School,5L-10L,0,8,2422,1,A,Gold,32520
48182,Male,Urban,Bachelor,2L-5L,1,2,6848,1,A,Silver,37080
56664,Female,Urban,High School,More than 10L,1,4,3578,More than 1,A,Platinum,100656
55774,Male,Rural,Bachelor,5L-10L,0,6,3293,More than 1,B,Platinum,68700
22260,Female,Rural,High School,5L-10L,1,0,3664,1,A,Platinum,32700
15380,Male,Urban,Bachelor,5L-10L,1,7,5467,More than 1,B,Platinum,75648
69181,Female,Rural,High School,5L-10L,1,1,0,1,A,Gold,33024
17019,Female,Rural,High School,More than 10L,1,7,0,More than 1,A,Platinum,416868
66795,Male,Urban,High School,5L-10L,0,2,10751,More than 1,C,Gold,91068
84518,Female,Urban,High School,5L-10L,1,4,2048,1,A,Platinum,36564
50193,Male,Urban,Bachelor,5L-10L,0,5,0,1,A,Platinum,43380
58974,Female,Urban,High School,5L-10L,1,2,8946,1,A,Silver,30480
31218,Female,Rural,High School,5L-10L,0,6,2202,More than 1,B,Silver,64812
89203,Female,Rural,High School,5L-10L,1,2,0,1,C,Platinum,37536
53772,Female,Rural,Bachelor,5L-10L,1,8,0,1,B,Gold,58716
2937,Female,Rural,High School,2L-5L,1,6,2426,More than 1,B,Gold,67776
22417,Male,Urban,Bachelor,5L-10L,0,4,3557,More than 1,B,Silver,63588
28928,Male,Rural,Bachelor,More than 10L,0,4,10917,More than 1,C,Gold,117660
17428,Female,Rural,Bachelor,More than 10L,1,8,0,More than 1,A,Platinum,110124
54503,Female,Urban,Bachelor,5L-10L,0,2,3938,1,A,Platinum,45804
51045,Female,Rural,High School,2L-5L,1,4,2389,More than 1,A,Silver,89412
82561,Female,Rural,Bachelor,5L-10L,1,4,5718,More than 1,A,Platinum,72252
14558,Male,Urban,High School,2L-5L,1,5,6885,More than 1,A,Platinum,110136
43980,Female,Urban,Bachelor,More than 10L,0,1,4832,More than 1,A,Gold,61116
5913,Female,Urban,Bachelor,5L-10L,1,5,9976,More than 1,A,Platinum,98148
89102,Female,Urban,High School,5L-10L,0,5,8747,More than 1,A,Platinum,96480
78369,Male,Urban,High School,5L-10L,0,0,5604,1,B,Silver,31956
63734,Female,Urban,Bachelor,5L-10L,0,4,8830,More than 1,A,Platinum,277008
1861,Female,Urban,High School,5L-10L,1,5,5045,More than 1,C,Platinum,67176
4621,Male,Urban,High School,More than 10L,0,5,5000,1,A,Platinum,35304
71074,Male,Rural,Bachelor,5L-10L,1,0,0,More than 1,A,Silver,69984
73487,Female,Rural,High School,5L-10L,0,0,0,More than 1,B,Platinum,73200
18899,Male,Rural,Bachelor,2L-5L,1,6,0,More than 1,B,Platinum,66108
48926,Male,Urban,Others,5L-10L,1,6,0,1,C,Platinum,67596
58260,Male,Urban,Bachelor,2L-5L,1,3,6636,1,A,Silver,51360
4351,Female,Urban,High School,5L-10L,0,8,4451,More than 1,C,Silver,111672
16488,Female,Rural,Bachelor,5L-10L,0,4,7946,More than 1,A,Platinum,140256
20064,Male,Urban,Bachelor,2L-5L,0,5,5271,More than 1,A,Gold,99360
25973,Male,Rural,Bachelor,More than 10L,0,5,0,More than 1,B,Platinum,67080
52521,Female,Rural,High School,5L-10L,0,8,0,More than 1,A,Gold,113472
49571,Male,Rural,High School,5L-10L,0,6,9673,More than 1,B,Platinum,101016
26006,Female,Urban,Bachelor,5L-10L,0,8,2569,1,C,Gold,31812
63985,Female,Urban,High School,5L-10L,0,1,5288,1,A,Gold,34704
39407,Male,Rural,High School,5L-10L,1,0,2226,More than 1,A,Platinum,49452
73645,Male,Rural,Bachelor,5L-10L,0,4,7737,More than 1,A,Gold,115800
37102,Male,Rural,High School,5L-10L,1,7,3524,More than 1,A,Gold,97044
80761,Female,Rural,Others,5L-10L,0,2,0,More than 1,B,Platinum,114180
67305,Male,Urban,Bachelor,5L-10L,1,4,4305,1,B,Platinum,49992
86056,Female,Urban,High School,5L-10L,1,6,6490,1,A,Gold,38052
29292,Female,Urban,Bachelor,5L-10L,1,1,3779,More than 1,A,Platinum,91620
65260,Male,Urban,Bachelor,More than 10L,0,2,0,1,A,Silver,34512
82032,Male,Urban,Bachelor,5L-10L,1,7,0,1,C,Gold,37488
908,Female,Urban,High School,5L-10L,0,5,3619,1,B,Gold,32220
69189,Female,Rural,Bachelor,2L-5L,1,0,3868,1,A,Gold,57636
83892,Male,Urban,Bachelor,5L-10L,0,2,0,More than 1,B,Platinum,69372
20978,Female,Urban,High School,5L-10L,1,8,4060,1,A,Platinum,45348
40417,Male,Urban,Bachelor,2L-5L,1,7,6269,More than 1,B,Platinum,107016
45699,Female,Urban,High School,5L-10L,1,5,5271,More than 1,A,Platinum,100680
78670,Male,Urban,High School,2L-5L,1,7,6740,1,A,Platinum,233136
86566,Female,Rural,Others,More than 10L,1,6,0,More than 1,B,Platinum,72060
40733,Male,Urban,High School,5L-10L,0,1,4531,1,C,Platinum,51300
7161,Male,Rural,Bachelor,5L-10L,1,4,2095,1,A,Gold,64200
41217,Female,Rural,High School,More than 10L,1,3,3104,More than 1,A,Silver,67476
37180,Female,Rural,Bachelor,5L-10L,0,6,7832,More than 1,B,Platinum,56508
51325,Male,Rural,Bachelor,5L-10L,1,4,0,More than 1,A,Platinum,65004
81735,Male,Urban,High School,5L-10L,1,8,3663,1,A,Gold,37236
83341,Male,Urban,High School,5L-10L,1,1,7032,1,A,Platinum,53064
11655,Male,Urban,Bachelor,5L-10L,1,7,0,More than 1,B,Platinum,68784
16251,Male,Urban,Others,5L-10L,1,1,5405,1,B,Silver,37092
79992,Female,Urban,Bachelor,5L-10L,0,3,8016,More than 1,A,Silver,101664
4065,Male,Rural,Bachelor,2L-5L,1,8,4530,1,B,Platinum,55668
3157,Male,Urban,High School,5L-10L,1,5,3001,1,A,Platinum,70296
31854,Male,Urban,High School,2L-5L,0,1,9837,More than 1,A,Platinum,142044
76139,Female,Urban,High School,5L-10L,1,6,3460,More than 1,A,Gold,89796
27723,Male,Urban,Bachelor,More than 10L,0,4,5293,More than 1,A,Platinum,94620
5281,Male,Urban,High School,2L-5L,1,6,5847,More than 1,A,Platinum,99900
35143,Female,Urban,High School,5L-10L,0,7,6909,1,A,Silver,67680
10386,Female,Urban,High School,2L-5L,0,2,6325,1,A,Platinum,46596
62929,Female,Rural,High School,2L-5L,0,6,0,More than 1,A,Silver,64692
43433,Male,Urban,High School,5L-10L,0,0,6306,More than 1,B,Platinum,448716
72670,Male,Urban,Bachelor,5L-10L,1,6,3223,1,A,Platinum,48648
58708,Male,Rural,High School,5L-10L,0,1,0,More than 1,B,Silver,84144
34781,Male,Urban,High School,More than 10L,1,8,5461,More than 1,A,Silver,55428
81183,Male,Urban,High School,5L-10L,1,7,5488,More than 1,A,Platinum,111936
2180,Female,Rural,Bachelor,2L-5L,0,6,5124,1,B,Platinum,45168
26717,Male,Urban,High School,5L-10L,0,2,2894,More than 1,A,Platinum,85128
12900,Female,Rural,Bachelor,5L-10L,0,6,2979,More than 1,B,Platinum,69972
70121,Female,Rural,High School,More than 10L,1,8,0,More than 1,A,Gold,91404
80667,Male,Urban,High School,2L-5L,1,2,6550,1,B,Platinum,40200
72072,Female,Urban,High School,5L-10L,1,3,0,1,B,Platinum,39600
72163,Female,Urban,High School,5L-10L,0,5,3849,More than 1,A,Silver,97368
81134,Female,Rural,Bachelor,More than 10L,0,5,4520,1,B,Platinum,42228
10636,Male,Urban,High School,5L-10L,0,6,5981,1,C,Silver,35628
67880,Male,Rural,High School,5L-10L,1,1,0,1,C,Silver,31404
52311,Male,Urban,Bachelor,5L-10L,1,8,17864,More than 1,A,Platinum,115248
88200,Female,Urban,Bachelor,2L-5L,1,6,11350,More than 1,A,Silver,328452
83371,Female,Urban,Bachelor,2L-5L,1,1,8411,More than 1,A,Platinum,124560
61274,Female,Rural,Others,More than 10L,1,6,0,1,C,Silver,34212
64444,Female,Rural,High School,5L-10L,1,7,0,More than 1,A,Platinum,72948
22829,Male,Urban,Bachelor,5L-10L,1,7,3977,1,A,Gold,41688
70847,Male,Urban,High School,5L-10L,1,5,2778,1,A,Platinum,45564
9077,Female,Urban,High School,5L-10L,0,6,5574,1,A,Platinum,47496
59726,Female,Rural,Bachelor,More than 10L,1,3,5477,1,B,Silver,36168
75005,Male,Urban,High School,5L-10L,0,8,10988,More than 1,A,Platinum,121920
84758,Female,Urban,High School,5L-10L,1,0,4442,More than 1,A,Platinum,90672
50596,Male,Rural,High School,5L-10L,0,6,9526,More than 1,B,Platinum,63324
66382,Male,Urban,Bachelor,5L-10L,1,6,6048,1,A,Platinum,46584
34186,Male,Urban,High School,5L-10L,1,2,0,More than 1,B,Gold,63984
15987,Male,Urban,Others,More than 10L,1,7,3862,1,A,Platinum,29796
83360,Female,Urban,Bachelor,5L-10L,0,5,5360,1,B,Platinum,51372
42096,Male,Rural,Bachelor,More than 10L,0,7,0,1,B,Silver,35568
2698,Male,Rural,High School,5L-10L,1,8,3254,More than 1,A,Platinum,68916
63758,Male,Urban,Bachelor,2L-5L,0,4,6454,1,A,Platinum,43164
44875,Female,Urban,High School,5L-10L,0,1,7268,More than 1,C,Gold,308268
21150,Female,Urban,Bachelor,2L-5L,1,7,5561,1,A,Platinum,36744
32706,Male,Rural,High School,5L-10L,0,1,5712,More than 1,A,Gold,153600
37625,Male,Urban,High School,More than 10L,0,6,2386,1,B,Silver,34452
10730,Male,Urban,High School,5L-10L,0,1,5651,More than 1,A,Platinum,107160
65610,Female,Urban,Bachelor,5L-10L,1,2,9797,1,A,Platinum,30840
60958,Male,Urban,Bachelor,5L-10L,1,5,11945,More than 1,A,Silver,110568
61355,Male,Urban,Bachelor,More than 10L,1,7,4947,More than 1,B,Platinum,97620
63012,Female,Urban,High School,5L-10L,0,1,5251,1,A,Platinum,32844
64952,Male,Urban,High School,5L-10L,1,5,3613,More than 1,A,Platinum,88008
47970,Female,Rural,High School,5L-10L,0,2,3531,More than 1,A,Silver,70944
54483,Female,Urban,High School,More than 10L,0,6,6037,1,B,Gold,48744
81180,Male,Urban,High School,More than 10L,1,3,6529,1,A,Platinum,32736
2343,Male,Urban,Bachelor,5L-10L,1,6,3941,1,A,Silver,45792
83943,Male,Urban,Bachelor,5L-10L,0,7,5231,1,A,Platinum,47916
38647,Female,Urban,High School,5L-10L,1,5,5245,1,A,Platinum,32040
21858,Female,Urban,Bachelor,5L-10L,1,8,6715,More than 1,A,Gold,95904
63371,Female,Rural,Bachelor,2L-5L,1,8,0,More than 1,A,Silver,63384
87236,Male,Rural,High School,5L-10L,1,1,2060,1,A,Platinum,31188
79498,Male,Rural,Bachelor,2L-5L,1,7,4330,1,B,Gold,57168
64932,Female,Rural,High School,More than 10L,1,0,4386,1,A,Gold,33600
62119,Female,Urban,High School,5L-10L,1,2,5839,1,A,Silver,36312
80100,Male,Urban,Bachelor,5L-10L,1,4,7122,More than 1,A,Platinum,104412
4178,Male,Urban,High School,5L-10L,1,3,6325,More than 1,A,Gold,96372
62703,Male,Urban,High School,2L-5L,1,4,2193,1,A,Gold,36396
77981,Female,Urban,Bachelor,2L-5L,0,5,11849,More than 1,C,Platinum,66564
64843,Female,Rural,Bachelor,5L-10L,1,0,0,More than 1,B,Gold,61800
32947,Male,Urban,Bachelor,5L-10L,1,6,2487,1,A,Silver,54960
70133,Female,Urban,Bachelor,5L-10L,1,8,2089,1,B,Silver,37632
50103,Male,Urban,Others,5L-10L,1,7,7020,1,B,Silver,34476
53063,Female,Urban,High School,2L-5L,1,6,6703,More than 1,A,Silver,101028
31490,Male,Urban,Bachelor,5L-10L,1,5,4966,1,A,Silver,44952
1936,Male,Rural,Bachelor,5L-10L,0,7,0,1,B,Platinum,46776
8222,Male,Urban,Bachelor,2L-5L,0,3,3686,More than 1,B,Platinum,45708
71301,Male,Rural,High School,More than 10L,1,2,2796,1,A,Silver,41028
68922,Male,Urban,Bachelor,5L-10L,1,3,5514,1,A,Platinum,37416
57312,Male,Rural,Bachelor,5L-10L,1,3,3111,More than 1,B,Platinum,64668
53955,Male,Urban,High School,2L-5L,1,5,7160,1,A,Platinum,56220
3858,Female,Urban,Bachelor,5L-10L,0,6,10631,More than 1,A,Platinum,135276
64350,Female,Urban,Bachelor,5L-10L,1,3,6103,More than 1,A,Silver,63924
25895,Female,Urban,High School,More than 10L,1,4,3875,More than 1,C,Silver,72384
56308,Male,Urban,High School,2L-5L,0,2,7118,More than 1,B,Silver,62868
4474,Male,Urban,Others,2L-5L,1,6,3836,More than 1,C,Gold,273192
63670,Male,Rural,Bachelor,More than 10L,0,4,0,1,A,Silver,46308
26815,Female,Rural,Bachelor,5L-10L,0,6,0,More than 1,A,Platinum,72696
81640,Male,Urban,Bachelor,5L-10L,0,4,5256,1,A,Silver,36192
50152,Male,Rural,Others,More than 10L,1,0,2412,More than 1,C,Silver,64692
31560,Female,Urban,Bachelor,5L-10L,0,7,3694,More than 1,A,Gold,275880
50876,Male,Urban,High School,5L-10L,0,8,4665,1,A,Platinum,65664
33955,Male,Urban,High School,5L-10L,1,5,5271,1,A,Platinum,31236
79356,Female,Urban,Bachelor,More than 10L,0,3,5449,More than 1,A,Gold,134748
41987,Male,Urban,Bachelor,5L-10L,1,3,9693,1,A,Silver,33444
31436,Female,Rural,High School,5L-10L,1,2,2277,More than 1,A,Platinum,80664
19050,Male,Urban,Bachelor,2L-5L,0,8,4115,More than 1,B,Platinum,105156
40425,Male,Urban,High School,5L-10L,0,6,16205,1,B,Silver,46620
6613,Male,Urban,Bachelor,2L-5L,0,7,6055,1,A,Silver,48720
1605,Male,Urban,Bachelor,5L-10L,1,2,5992,1,C,Silver,37380
27737,Male,Urban,High School,More than 10L,0,3,3920,More than 1,A,Gold,57276
75550,Female,Urban,High School,2L-5L,1,5,2949,More than 1,A,Platinum,96780
2109,Male,Urban,High School,2L-5L,1,8,3869,More than 1,B,Platinum,97884
76092,Male,Urban,High School,5L-10L,0,5,5151,1,A,Gold,30444
84517,Male,Urban,Others,5L-10L,0,3,5194,More than 1,A,Gold,112092
35935,Female,Rural,High School,5L-10L,0,8,0,More than 1,B,Platinum,63768
19686,Female,Urban,Bachelor,5L-10L,1,4,0,1,A,Silver,51000
63464,Male,Urban,Bachelor,5L-10L,1,7,0,More than 1,A,Platinum,102372
2143,Female,Urban,High School,2L-5L,0,5,6352,1,A,Gold,30468
74564,Male,Urban,Bachelor,5L-10L,0,5,5758,More than 1,A,Platinum,114936
8137,Male,Urban,High School,5L-10L,0,5,6528,1,A,Gold,33312
8557,Male,Urban,Bachelor,5L-10L,0,7,5400,1,A,Silver,50220
61601,Female,Urban,Bachelor,2L-5L,0,0,5184,More than 1,A,Silver,98244
32155,Male,Urban,Bachelor,5L-10L,1,2,2539,1,A,Gold,32628
51051,Male,Rural,High School,5L-10L,1,7,6704,1,B,Platinum,59088
42610,Male,Urban,High School,5L-10L,0,5,3972,More than 1,B,Gold,286020
79557,Female,Urban,High School,5L-10L,0,2,3675,More than 1,B,Gold,114708
2974,Female,Urban,High School,More than 10L,0,8,13024,More than 1,A,Gold,295092
85071,Male,Rural,High School,5L-10L,1,4,0,More than 1,B,Silver,60936
85594,Female,Urban,Bachelor,2L-5L,0,6,0,1,A,Platinum,32556
45402,Male,Urban,High School,5L-10L,1,0,3559,More than 1,C,Platinum,69864
54142,Female,Urban,Bachelor,5L-10L,1,4,8031,More than 1,A,Platinum,61596
20591,Male,Urban,Bachelor,5L-10L,1,4,6529,1,C,Silver,44964
24091,Female,Urban,High School,5L-10L,0,2,6146,1,A,Platinum,55524
55286,Male,Urban,High School,2L-5L,0,8,2523,More than 1,A,Platinum,63048
41750,Female,Urban,High School,5L-10L,0,3,2219,More than 1,A,Platinum,96288
61802,Female,Rural,Bachelor,5L-10L,0,3,6511,1,C,Platinum,40800
70409,Male,Urban,High School,5L-10L,0,7,4279,More than 1,A,Platinum,267288
7963,Male,Urban,Bachelor,5L-10L,0,2,3724,More than 1,B,Silver,64692
82645,Female,Rural,Others,2L-5L,0,6,10017,More than 1,B,Platinum,99012
11565,Male,Urban,Bachelor,5L-10L,1,6,3248,More than 1,A,Platinum,398628
17609,Male,Rural,Bachelor,5L-10L,1,6,0,1,B,Gold,36948
87275,Male,Urban,Bachelor,5L-10L,0,8,4045,More than 1,B,Platinum,448332
81867,Male,Urban,Bachelor,5L-10L,1,7,0,More than 1,B,Platinum,33684
84863,Male,Urban,High School,2L-5L,0,1,8563,More than 1,A,Platinum,68664
8501,Female,Urban,High School,<=2L,1,6,2628,More than 1,A,Silver,66420
64391,Female,Urban,High School,5L-10L,1,7,6133,1,A,Silver,50820
19867,Female,Urban,High School,5L-10L,1,6,3712,More than 1,A,Gold,94140
38694,Male,Rural,High School,5L-10L,1,6,2269,More than 1,A,Platinum,104724
32444,Female,Urban,High School,More than 10L,0,2,6023,More than 1,A,Silver,106572
60941,Female,Urban,High School,5L-10L,1,1,3883,1,B,Silver,48120
39278,Female,Urban,Bachelor,5L-10L,0,4,5363,More than 1,B,Platinum,79344
47488,Female,Urban,Bachelor,2L-5L,0,1,5872,1,A,Gold,44004
39825,Male,Urban,Bachelor,More than 10L,1,5,0,More than 1,A,Platinum,96696
87563,Male,Urban,High School,2L-5L,1,7,5060,1,B,Silver,34284
26446,Female,Urban,Bachelor,5L-10L,0,5,5815,More than 1,A,Platinum,97212
50979,Male,Rural,High School,2L-5L,0,6,0,1,C,Silver,36636
52182,Male,Urban,High School,2L-5L,1,6,5929,More than 1,A,Gold,100152
9065,Female,Urban,High School,5L-10L,1,2,6124,More than 1,C,Silver,107640
85380,Male,Urban,Bachelor,5L-10L,1,2,6769,More than 1,A,Platinum,99564
80235,Male,Urban,Bachelor,5L-10L,0,2,4758,More than 1,C,Platinum,145248
76466,Male,Urban,High School,5L-10L,0,4,2653,1,A,Platinum,51312
73234,Male,Rural,High School,5L-10L,1,6,3997,More than 1,C,Silver,72804
83062,Male,Urban,High School,More than 10L,1,3,5838,1,A,Platinum,36660
39,Female,Urban,High School,2L-5L,0,5,5573,1,A,Silver,34944
29304,Female,Rural,High School,5L-10L,0,5,0,More than 1,B,Platinum,69912
11323,Male,Rural,High School,5L-10L,0,5,4586,More than 1,B,Gold,92268
89386,Male,Urban,Bachelor,5L-10L,1,4,3138,More than 1,A,Gold,96672
6095,Male,Rural,High School,5L-10L,1,6,0,1,A,Gold,37716
87693,Female,Urban,High School,5L-10L,1,7,6559,1,A,Platinum,41580
64547,Male,Rural,Bachelor,5L-10L,1,6,0,1,B,Platinum,36912
72536,Female,Rural,Bachelor,5L-10L,0,8,3261,More than 1,B,Platinum,72660
18296,Male,Urban,Bachelor,5L-10L,1,3,6060,1,B,Gold,36360
33145,Female,Urban,High School,5L-10L,1,5,4373,1,A,Gold,46524
51885,Male,Rural,High School,More than 10L,0,2,0,1,A,Gold,52932
10755,Female,Rural,High School,More than 10L,0,4,3791,1,B,Platinum,49212
78040,Male,Urban,High School,5L-10L,1,6,0,1,A,Platinum,69900
53327,Female,Urban,High School,2L-5L,1,8,5027,1,A,Platinum,34140
41117,Female,Rural,High School,2L-5L,0,6,5505,More than 1,A,Gold,98004
66085,Male,Rural,Bachelor,5L-10L,0,7,2440,1,A,Silver,38928
30425,Male,Urban,Bachelor,5L-10L,1,4,2214,1,A,Gold,55116
60738,Female,Rural,Others,More than 10L,0,3,0,More than 1,B,Platinum,48552
76380,Male,Rural,High School,5L-10L,1,5,0,1,B,Silver,32304
29991,Male,Urban,Bachelor,5L-10L,1,7,3813,1,A,Silver,50064
41921,Male,Rural,High School,5L-10L,1,5,0,1,B,Gold,48720
1516,Female,Urban,Bachelor,5L-10L,1,4,7467,More than 1,A,Platinum,64224
9965,Male,Rural,Bachelor,More than 10L,1,6,0,1,B,Silver,37728
16129,Male,Urban,Bachelor,2L-5L,1,4,4234,More than 1,A,Gold,96324
4920,Female,Rural,Others,5L-10L,0,6,2259,1,B,Platinum,42816
1652,Female,Urban,Bachelor,<=2L,0,6,7996,1,A,Silver,55716
45853,Male,Urban,High School,5L-10L,0,5,6003,More than 1,A,Platinum,32316
26058,Female,Urban,Bachelor,2L-5L,0,2,6315,1,A,Gold,61920
17380,Male,Urban,Bachelor,5L-10L,1,3,6272,More than 1,A,Gold,63240
83761,Male,Urban,Bachelor,5L-10L,1,5,4270,More than 1,A,Gold,90756
73244,Male,Urban,High School,5L-10L,1,5,4332,1,A,Platinum,49860
21963,Male,Urban,High School,5L-10L,1,2,6542,More than 1,A,Platinum,69120
24905,Male,Urban,High School,2L-5L,1,0,6145,More than 1,B,Platinum,101412
6357,Female,Urban,High School,5L-10L,1,2,6097,1,A,Platinum,45528
17032,Male,Rural,Bachelor,More than 10L,0,0,0,1,B,Platinum,52728
78972,Male,Urban,High School,More than 10L,1,7,0,More than 1,B,Platinum,70380
35355,Female,Urban,High School,<=2L,0,1,6485,More than 1,A,Platinum,61236
79155,Male,Rural,High School,More than 10L,1,5,2327,More than 1,B,Platinum,74772
39603,Female,Urban,High School,2L-5L,1,1,2922,More than 1,A,Silver,69480
64346,Female,Urban,Bachelor,2L-5L,1,1,2144,More than 1,A,Gold,257712
22833,Male,Urban,Bachelor,5L-10L,0,5,3582,1,B,Silver,33900
80632,Male,Urban,High School,5L-10L,1,8,5881,More than 1,A,Platinum,91224
1136,Female,Rural,High School,5L-10L,0,5,3302,1,A,Silver,39960
39390,Male,Rural,High School,5L-10L,0,2,2191,1,B,Silver,36696
2415,Male,Urban,Bachelor,More than 10L,1,0,6789,1,A,Platinum,55152
67282,Male,Urban,High School,2L-5L,1,2,8963,More than 1,A,Gold,88884
21571,Female,Rural,Bachelor,More than 10L,1,4,4933,1,C,Gold,40140
47105,Male,Rural,Others,2L-5L,1,8,0,More than 1,A,Silver,65436
80955,Female,Urban,Bachelor,2L-5L,1,1,6068,1,A,Gold,35808
56256,Male,Urban,High School,5L-10L,0,6,4582,1,C,Gold,39240
57912,Male,Urban,High School,<=2L,0,6,6009,1,A,Silver,48408
40550,Female,Urban,Bachelor,5L-10L,1,7,5930,1,A,Gold,46404
19059,Male,Urban,Bachelor,5L-10L,1,7,8074,1,A,Platinum,58152
29162,Male,Rural,Bachelor,More than 10L,0,5,0,1,A,Gold,46452
32494,Female,Urban,High School,5L-10L,1,2,0,More than 1,A,Platinum,97176
46628,Female,Rural,Bachelor,5L-10L,0,0,4173,1,B,Silver,68088
39351,Male,Urban,High School,5L-10L,1,7,2599,1,A,Gold,53304
75987,Female,Urban,High School,5L-10L,0,3,5507,1,A,Gold,32424
45163,Female,Urban,Bachelor,5L-10L,0,5,0,1,A,Silver,32232
1788,Female,Rural,High School,More than 10L,1,8,0,More than 1,B,Platinum,74124
50468,Female,Rural,High School,5L-10L,0,6,2944,More than 1,A,Platinum,237720
60014,Female,Urban,Bachelor,5L-10L,1,5,8627,1,A,Gold,35112
79906,Male,Rural,High School,5L-10L,1,3,4857,1,A,Silver,38436
79475,Female,Urban,Others,2L-5L,1,3,4931,1,A,Gold,35124
28380,Male,Rural,Bachelor,2L-5L,1,7,0,More than 1,B,Platinum,68592
23124,Female,Urban,Bachelor,2L-5L,0,4,3650,More than 1,B,Platinum,94272
11102,Female,Urban,High School,More than 10L,1,6,2097,1,C,Silver,38616
73167,Male,Urban,High School,5L-10L,1,6,3121,More than 1,A,Platinum,93756
37143,Male,Rural,High School,5L-10L,0,4,2008,More than 1,B,Platinum,71208
13407,Male,Rural,High School,More than 10L,1,3,6265,1,B,Silver,37656
51514,Male,Urban,High School,More than 10L,0,6,0,1,B,Silver,32748
85771,Male,Rural,Bachelor,5L-10L,1,2,0,1,A,Gold,31908
7240,Male,Urban,Bachelor,5L-10L,0,6,8392,More than 1,A,Platinum,94164
28115,Female,Rural,High School,5L-10L,1,0,0,More than 1,B,Platinum,65688
1060,Male,Rural,Bachelor,5L-10L,0,5,2523,More than 1,B,Silver,67500
67057,Male,Rural,Bachelor,5L-10L,0,4,0,1,B,Silver,63156
70829,Male,Urban,High School,2L-5L,1,7,2517,More than 1,A,Gold,63708
77629,Male,Urban,Bachelor,5L-10L,0,6,0,More than 1,B,Platinum,70380
8913,Female,Urban,High School,More than 10L,0,2,3778,More than 1,A,Silver,297624
55858,Female,Urban,Bachelor,More than 10L,0,0,0,1,A,Gold,33264
87209,Male,Urban,High School,5L-10L,1,8,6331,More than 1,A,Platinum,98424
83094,Female,Urban,Bachelor,More than 10L,0,6,3494,More than 1,A,Silver,97176
84753,Male,Rural,Others,More than 10L,1,1,0,1,B,Gold,28836
66538,Female,Urban,High School,5L-10L,0,6,6246,1,A,Gold,31920
42780,Female,Urban,High School,5L-10L,0,8,0,1,A,Silver,32016
2621,Male,Urban,Bachelor,5L-10L,1,7,5534,1,A,Silver,34668
80394,Female,Urban,High School,5L-10L,1,2,0,1,B,Silver,35688
58336,Male,Urban,High School,5L-10L,0,1,5977,More than 1,A,Gold,64524
21370,Female,Urban,Bachelor,More than 10L,1,7,3792,More than 1,C,Silver,99432
86471,Male,Urban,High School,5L-10L,1,2,2115,More than 1,A,Platinum,104076
14583,Female,Rural,Bachelor,5L-10L,0,5,0,1,A,Platinum,36816
75352,Female,Urban,Bachelor,More than 10L,0,2,7048,1,A,Silver,35124
26691,Female,Urban,Bachelor,5L-10L,1,7,5283,1,A,Platinum,34356
41897,Female,Urban,High School,5L-10L,1,1,9913,More than 1,A,Platinum,113100
29894,Male,Urban,High School,2L-5L,0,5,3965,More than 1,C,Gold,95304
19705,Female,Urban,Bachelor,5L-10L,1,8,2895,More than 1,C,Silver,72132
5425,Male,Rural,Bachelor,2L-5L,1,8,0,1,B,Silver,47160
20700,Male,Urban,Bachelor,5L-10L,0,2,2275,More than 1,B,Platinum,473820
45491,Male,Rural,High School,5L-10L,1,1,0,1,C,Gold,38544
38399,Male,Urban,Bachelor,5L-10L,0,5,2071,More than 1,A,Platinum,35160
49983,Male,Rural,High School,5L-10L,1,7,3632,More than 1,A,Platinum,65244
42382,Female,Rural,High School,2L-5L,0,2,2807,More than 1,B,Silver,70452
17513,Male,Rural,Others,5L-10L,0,5,0,1,A,Platinum,31560
68580,Male,Urban,Bachelor,5L-10L,0,7,2760,More than 1,A,Gold,98304
71402,Male,Urban,High School,5L-10L,0,8,3697,More than 1,A,Gold,108408
66759,Male,Urban,Bachelor,More than 10L,0,4,3402,1,A,Platinum,46068
69065,Female,Urban,Bachelor,2L-5L,0,8,6033,1,A,Platinum,62580
16353,Male,Urban,Bachelor,2L-5L,1,6,3452,More than 1,B,Platinum,100548
6989,Female,Urban,High School,5L-10L,0,7,4205,1,A,Platinum,100644
78162,Male,Urban,High School,5L-10L,1,1,4816,More than 1,A,Platinum,103116
88026,Male,Rural,Bachelor,5L-10L,0,1,0,1,B,Platinum,42672
54916,Male,Urban,High School,More than 10L,1,4,4094,More than 1,A,Platinum,55848
14805,Male,Urban,Bachelor,2L-5L,1,4,12780,More than 1,B,Gold,258144
33920,Female,Rural,Bachelor,2L-5L,0,6,3519,More than 1,B,Silver,69504
9954,Male,Rural,High School,5L-10L,1,5,3660,More than 1,C,Silver,65376
46159,Male,Rural,Bachelor,5L-10L,1,7,2484,1,B,Silver,38052
5787,Male,Urban,High School,2L-5L,1,6,6240,More than 1,C,Silver,73200
36082,Male,Urban,Bachelor,5L-10L,1,6,4242,More than 1,A,Platinum,97548
3623,Male,Urban,Bachelor,More than 10L,1,6,6853,More than 1,B,Platinum,107508
63737,Male,Urban,High School,2L-5L,0,5,6641,More than 1,B,Platinum,94872
18998,Male,Rural,Bachelor,More than 10L,0,5,0,1,B,Platinum,48012
36236,Female,Urban,High School,5L-10L,0,3,3935,More than 1,A,Silver,105540
6979,Male,Urban,Bachelor,More than 10L,1,6,7291,More than 1,A,Platinum,100020
7433,Male,Rural,High School,5L-10L,1,0,0,1,A,Gold,32484
62043,Female,Urban,Bachelor,More than 10L,0,6,3675,1,A,Gold,51324
58174,Female,Rural,Bachelor,2L-5L,0,6,3879,1,A,Gold,52776
67099,Male,Urban,High School,5L-10L,0,8,4272,1,B,Platinum,61248
89038,Male,Urban,Bachelor,2L-5L,1,6,8563,More than 1,A,Platinum,170184
45882,Female,Urban,High School,2L-5L,1,1,4026,More than 1,A,Silver,104244
69250,Female,Urban,High School,2L-5L,1,6,6521,1,A,Gold,32604
46543,Male,Rural,Bachelor,5L-10L,1,6,2049,More than 1,B,Silver,72732
78236,Female,Rural,Others,5L-10L,0,5,4231,1,B,Platinum,33732
41686,Male,Urban,High School,More than 10L,1,0,6621,1,A,Gold,34176
82530,Male,Rural,High School,5L-10L,0,7,2773,More than 1,A,Gold,95364
47817,Female,Urban,High School,5L-10L,0,6,6529,More than 1,A,Silver,104136
55646,Male,Urban,High School,5L-10L,1,7,13199,1,A,Gold,39168
81973,Male,Urban,High School,5L-10L,1,6,7167,More than 1,A,Platinum,103416
28089,Male,Urban,Bachelor,5L-10L,0,5,0,1,C,Gold,33228
33017,Male,Urban,Bachelor,5L-10L,1,7,6301,More than 1,C,Platinum,342888
28260,Male,Urban,Others,2L-5L,0,5,5391,1,B,Platinum,58116
69554,Male,Urban,High School,2L-5L,1,6,10593,1,A,Gold,67176
21000,Male,Urban,High School,More than 10L,1,4,9143,More than 1,A,Silver,119016
8938,Female,Urban,High School,More than 10L,1,3,0,More than 1,B,Platinum,69732
43103,Male,Urban,High School,<=2L,0,5,4621,1,A,Silver,32484
84537,Male,Rural,Bachelor,More than 10L,0,7,0,More than 1,B,Platinum,62412
50593,Male,Urban,Bachelor,5L-10L,0,3,6411,1,A,Silver,37968
86671,Male,Rural,High School,5L-10L,1,5,0,1,C,Platinum,34656
31986,Female,Urban,High School,5L-10L,0,8,5087,More than 1,B,Silver,66708
42321,Male,Rural,Bachelor,5L-10L,0,3,5349,More than 1,A,Platinum,97812
54525,Female,Urban,High School,5L-10L,0,0,0,1,A,Platinum,92184
84721,Female,Urban,High School,More than 10L,1,6,3656,More than 1,A,Platinum,91272
48404,Male,Rural,High School,More than 10L,1,2,4189,1,A,Platinum,42084
35188,Female,Urban,High School,5L-10L,0,6,0,More than 1,B,Platinum,67632
32748,Female,Rural,High School,5L-10L,0,5,3042,More than 1,A,Gold,68496
80615,Male,Urban,High School,5L-10L,1,6,6261,More than 1,A,Platinum,392196
9666,Female,Urban,Bachelor,5L-10L,1,8,5053,More than 1,A,Gold,254928
51545,Male,Rural,Others,More than 10L,1,2,3757,More than 1,A,Platinum,67800
51434,Female,Rural,High School,2L-5L,0,6,3867,More than 1,B,Silver,73164
84253,Male,Rural,High School,5L-10L,1,1,0,1,B,Platinum,34272
63178,Male,Rural,Bachelor,5L-10L,1,4,0,1,B,Silver,39060
56204,Female,Rural,Bachelor,More than 10L,0,4,2287,More than 1,A,Silver,65664
4030,Female,Urban,High School,5L-10L,0,4,8824,More than 1,C,Silver,214956
75966,Male,Urban,High School,2L-5L,0,5,7098,More than 1,A,Platinum,61320
17512,Male,Rural,Bachelor,More than 10L,1,7,9243,More than 1,A,Gold,102984
77013,Female,Urban,Bachelor,5L-10L,1,7,5733,1,A,Silver,34548
10465,Female,Rural,High School,More than 10L,0,1,5716,More than 1,A,Silver,95652
56333,Female,Rural,Bachelor,5L-10L,1,4,0,1,B,Platinum,40692
