id,gender,area,qualification,income,marital_status,vintage,claim_amount,num_policies,policy,type_of_policy,cltv
43600,Female,Urban,High School,More than 10L,1,6,4222,1,A,Gold,62136
27626,Female,Urban,High School,More than 10L,1,5,3851,More than 1,A,Gold,86208
28097,Male,Urban,Bachelor,2L-5L,1,0,3856,More than 1,A,Platinum,102636
81549,Female,Rural,Bachelor,More than 10L,0,8,0,More than 1,C,Gold,70560
88588,Male,Urban,Bachelor,5L-10L,1,5,0,1,A,Gold,32484
35078,Male,Rural,High School,More than 10L,1,3,0,1,A,Silver,33864
19603,Female,Urban,Bachelor,More than 10L,0,6,2185,More than 1,B,Silver,98772
74640,Male,Rural,Bachelor,5L-10L,0,6,0,1,B,Gold,34692
89227,Male,Rural,Bachelor,5L-10L,0,8,0,1,C,Silver,30396
18665,Female,Urban,High School,5L-10L,1,1,3699,More than 1,B,Platinum,64248
70989,Male,Urban,Bachelor,2L-5L,1,0,9553,More than 1,B,Silver,91584
47812,Female,Urban,High School,More than 10L,0,4,0,1,B,Platinum,49332
45720,Male,Rural,Bachelor,5L-10L,0,4,0,More than 1,A,Gold,70740
67674,Female,Rural,Bachelor,5L-10L,1,8,14649,1,B,Platinum,47892
87028,Male,Rural,Bachelor,5L-10L,1,8,2782,More than 1,B,Silver,88764
9819,Male,Rural,High School,2L-5L,1,1,0,1,A,Platinum,31188
46028,Male,Urban,Bachelor,More than 10L,1,7,2992,More than 1,A,Platinum,97332
26414,Female,Urban,High School,5L-10L,0,8,5030,More than 1,C,Platinum,93684
54084,Male,Urban,Others,<=2L,0,8,6416,1,A,Silver,33060
4915,Female,Urban,High School,2L-5L,1,8,4047,More than 1,A,Gold,98700
85779,Female,Rural,Bachelor,5L-10L,1,4,0,1,B,Platinum,42504
59627,Male,Urban,High School,5L-10L,1,3,5530,1,A,Silver,33816
48908,Male,Rural,Bachelor,5L-10L,0,1,4890,1,A,Silver,33792
27539,Male,Urban,Bachelor,More than 10L,0,7,5754,1,A,Silver,34092
88901,Male,Urban,High School,5L-10L,0,6,6209,1,B,Platinum,60924
34105,Male,Urban,Bachelor,5L-10L,0,2,6056,1,A,Platinum,45984
36786,Female,Urban,Bachelor,More than 10L,0,5,4159,More than 1,A,Platinum,88776
72031,Male,Rural,Bachelor,2L-5L,1,3,4104,More than 1,B,Gold,70872
5163,Male,Urban,High School,5L-10L,1,5,3737,1,A,Platinum,52008
23867,Male,Urban,High School,2L-5L,1,1,5204,1,A,Gold,32484
34012,Male,Rural,Bachelor,5L-10L,0,6,2081,1,B,Gold,35208
75276,Male,Urban,High School,5L-10L,1,8,2852,More than 1,B,Platinum,72168
34920,Female,Rural,High School,5L-10L,0,2,5109,1,A,Platinum,34740
42073,Male,Rural,High School,5L-10L,1,1,4075,More than 1,A,Gold,69408
32686,Female,Rural,High School,5L-10L,0,5,2219,More than 1,A,Gold,111432
1690,Male,Rural,Others,5L-10L,1,4,0,1,B,Platinum,42960
75708,Male,Rural,High School,More than 10L,1,7,3998,More than 1,B,Platinum,65796
83339,Male,Urban,Bachelor,5L-10L,1,4,6437,More than 1,A,Platinum,100812
67309,Male,Urban,High School,2L-5L,1,1,10425,1,B,Gold,59148
62163,Female,Urban,High School,5L-10L,0,6,6079,1,A,Gold,37776
78377,Female,Urban,Bachelor,5L-10L,0,6,3810,More than 1,B,Platinum,97332
7460,Female,Urban,High School,5L-10L,0,8,9516,More than 1,B,Gold,110100
41657,Male,Rural,High School,2L-5L,1,4,3049,More than 1,B,Platinum,70080
37273,Female,Urban,High School,More than 10L,1,5,0,1,A,Silver,38232
14725,Male,Rural,Bachelor,More than 10L,0,8,0,1,B,Platinum,33588
4040,Female,Rural,High School,5L-10L,0,6,3516,1,B,Platinum,46620
68187,Male,Urban,Others,More than 10L,1,2,11008,1,C,Gold,52272
45805,Male,Rural,Bachelor,5L-10L,0,3,0,More than 1,B,Silver,63516
1217,Male,Rural,Bachelor,5L-10L,1,6,0,1,C,Gold,34140
66033,Male,Urban,High School,5L-10L,1,2,4219,1,A,Gold,51720
64276,Male,Rural,High School,2L-5L,1,2,0,1,B,Silver,51228
54347,Male,Urban,High School,More than 10L,0,2,6608,1,A,Platinum,36372
68479,Female,Urban,High School,5L-10L,0,5,8153,More than 1,A,Platinum,105228
3947,Female,Urban,High School,5L-10L,1,3,2996,More than 1,A,Platinum,89916
78030,Male,Urban,High School,5L-10L,1,6,2771,More than 1,A,Platinum,96348
61129,Male,Urban,Bachelor,5L-10L,1,3,5861,More than 1,A,Silver,99576
76077,Male,Urban,Bachelor,5L-10L,1,7,2192,More than 1,B,Platinum,75732
51804,Female,Urban,Bachelor,5L-10L,0,5,11471,More than 1,A,Silver,111348
42434,Female,Urban,High School,5L-10L,0,7,6443,More than 1,A,Platinum,103128
74133,Male,Rural,Bachelor,5L-10L,0,4,0,More than 1,B,Silver,97260
84773,Female,Rural,Bachelor,5L-10L,1,6,2125,1,A,Platinum,34884
29178,Female,Urban,Others,5L-10L,1,5,9935,More than 1,A,Platinum,95280
82338,Female,Rural,High School,5L-10L,0,5,7034,More than 1,A,Platinum,102960
11135,Female,Urban,High School,5L-10L,1,4,6576,1,A,Platinum,35004
40550,Female,Urban,Bachelor,5L-10L,1,7,5930,1,A,Gold,46404
36630,Female,Rural,High School,5L-10L,1,5,0,More than 1,A,Silver,76728
32388,Female,Urban,High School,2L-5L,0,6,5006,More than 1,C,Silver,110676
60966,Male,Rural,High School,More than 10L,0,2,5577,1,A,Platinum,30768
44985,Male,Rural,Bachelor,More than 10L,1,2,3798,1,A,Silver,47748
81476,Female,Urban,High School,More than 10L,0,5,8848,More than 1,A,Gold,110556
78803,Female,Urban,High School,2L-5L,1,3,5157,1,B,Silver,34812
50926,Male,Urban,Others,5L-10L,0,1,5122,1,C,Gold,31092
87936,Female,Urban,High School,5L-10L,0,5,4046,1,A,Platinum,53340
30578,Female,Rural,Others,More than 10L,1,6,0,1,A,Platinum,47868
41873,Female,Urban,High School,5L-10L,0,8,5809,More than 1,A,Gold,106812
24447,Female,Urban,High School,More than 10L,1,4,2365,More than 1,B,Platinum,72876
73641,Male,Rural,High School,5L-10L,1,1,0,1,B,Platinum,34872
80390,Male,Rural,High School,More than 10L,1,4,0,1,B,Silver,34092
9502,Female,Rural,Bachelor,More than 10L,0,4,0,1,A,Platinum,33324
48295,Female,Urban,High School,More than 10L,0,1,13458,More than 1,C,Platinum,112152
19605,Male,Urban,Bachelor,2L-5L,1,7,5269,1,A,Platinum,31368
33048,Female,Urban,Bachelor,5L-10L,1,5,4918,1,A,Platinum,34140
12340,Female,Urban,Others,5L-10L,1,2,5868,1,C,Gold,37512
12891,Male,Urban,High School,2L-5L,0,7,2225,More than 1,B,Platinum,97392
989,Male,Urban,High School,5L-10L,1,7,5809,More than 1,A,Platinum,107112
81685,Male,Rural,High School,2L-5L,1,3,4145,More than 1,B,Platinum,70056
88614,Male,Urban,Bachelor,More than 10L,1,4,2329,1,B,Gold,58104
27270,Female,Urban,High School,5L-10L,1,6,2070,1,C,Platinum,31392
60359,Male,Urban,Bachelor,5L-10L,1,8,9816,More than 1,A,Gold,125256
80106,Female,Urban,Bachelor,5L-10L,0,4,5330,1,A,Silver,34896
57556,Female,Urban,Bachelor,5L-10L,0,7,15548,More than 1,C,Gold,117864
63396,Male,Urban,High School,5L-10L,1,3,8036,More than 1,B,Gold,111168
55057,Male,Urban,High School,5L-10L,1,5,6252,More than 1,A,Platinum,101988
31734,Male,Urban,High School,5L-10L,1,1,5810,More than 1,A,Platinum,98244
87821,Female,Urban,Bachelor,2L-5L,0,2,3501,More than 1,A,Platinum,93684
84033,Male,Urban,Bachelor,More than 10L,1,6,0,1,B,Gold,38232
81656,Female,Urban,Bachelor,2L-5L,0,7,6555,1,C,Silver,50964
1228,Male,Rural,High School,5L-10L,1,3,0,More than 1,B,Platinum,86868
82032,Male,Urban,Bachelor,5L-10L,1,7,0,1,C,Gold,37488
12732,Female,Urban,Bachelor,5L-10L,1,6,6731,1,A,Gold,47016
45682,Male,Urban,High School,5L-10L,1,6,4156,More than 1,A,Gold,103788
18693,Male,Rural,Bachelor,5L-10L,1,6,2886,1,A,Silver,43860
29612,Male,Urban,Others,2L-5L,1,5,6014,More than 1,A,Platinum,111048
34824,Male,Rural,Bachelor,5L-10L,1,1,2232,1,A,Platinum,51744
66770,Male,Urban,High School,5L-10L,1,4,3642,More than 1,B,Platinum,69972
25698,Female,Urban,Bachelor,2L-5L,1,8,6880,1,A,Platinum,32124
29675,Male,Urban,High School,5L-10L,0,6,6875,1,C,Platinum,34968
44605,Male,Urban,Bachelor,5L-10L,1,8,7361,More than 1,A,Platinum,186072
26994,Male,Rural,Others,More than 10L,1,2,0,1,B,Platinum,32820
29450,Male,Rural,High School,5L-10L,0,4,0,1,A,Gold,32904
29727,Female,Rural,Bachelor,5L-10L,1,5,0,1,A,Platinum,49872
39672,Female,Urban,High School,2L-5L,1,2,3040,More than 1,A,Platinum,95832
48829,Female,Rural,High School,5L-10L,0,4,0,More than 1,A,Silver,71940
41276,Male,Rural,Bachelor,More than 10L,0,7,0,More than 1,B,Platinum,65148
17519,Male,Urban,Bachelor,5L-10L,0,7,3641,1,B,Platinum,50772
28772,Male,Rural,Others,5L-10L,1,6,0,1,B,Silver,39756
8864,Male,Rural,Bachelor,2L-5L,1,1,0,1,B,Silver,54012
62084,Male,Urban,High School,5L-10L,0,6,4113,More than 1,A,Platinum,97764
284,Female,Urban,High School,5L-10L,1,4,5843,More than 1,A,Platinum,96492
16291,Male,Urban,High School,More than 10L,0,7,6306,More than 1,A,Silver,108816
89026,Male,Rural,Bachelor,2L-5L,1,3,0,1,A,Platinum,37908
80252,Male,Rural,Bachelor,5L-10L,0,3,3283,1,A,Platinum,46068
43102,Female,Rural,Bachelor,2L-5L,0,4,0,More than 1,B,Silver,70608
57076,Female,Rural,High School,5L-10L,0,5,0,More than 1,B,Platinum,67272
33659,Female,Urban,High School,2L-5L,0,5,4245,More than 1,C,Platinum,106104
41828,Male,Rural,Bachelor,5L-10L,1,7,3788,More than 1,A,Platinum,68424
88568,Male,Urban,High School,2L-5L,1,6,0,1,B,Silver,31800
59243,Male,Urban,Bachelor,5L-10L,0,7,3627,More than 1,A,Platinum,103332
4310,Female,Rural,High School,More than 10L,0,4,0,More than 1,B,Gold,69816
40418,Female,Rural,Others,5L-10L,1,7,0,1,A,Silver,31308
52188,Male,Urban,Bachelor,5L-10L,0,1,8408,1,A,Platinum,60168
22592,Female,Urban,Bachelor,2L-5L,1,7,10557,More than 1,A,Silver,107748
87318,Female,Urban,Bachelor,2L-5L,0,4,3986,1,A,Platinum,42660
84246,Male,Urban,High School,5L-10L,0,4,3131,1,A,Platinum,43020
5741,Male,Rural,Bachelor,2L-5L,0,1,0,More than 1,B,Gold,69516
40834,Male,Rural,High School,5L-10L,0,5,2881,1,B,Platinum,49080
2910,Male,Rural,High School,More than 10L,1,3,2102,More than 1,B,Platinum,62268
18418,Male,Rural,High School,5L-10L,0,8,2077,More than 1,A,Platinum,73392
38224,Male,Rural,Others,5L-10L,0,0,0,1,A,Gold,52476
76047,Male,Urban,Bachelor,<=2L,1,5,6313,1,A,Platinum,47844
22465,Male,Urban,High School,5L-10L,0,6,5928,More than 1,A,Silver,93804
32890,Male,Rural,Bachelor,More than 10L,1,5,3934,1,A,Gold,56340
48853,Female,Urban,Bachelor,5L-10L,1,5,5113,More than 1,A,Silver,95280
3154,Male,Urban,High School,5L-10L,1,1,4522,1,A,Silver,40044
50688,Female,Urban,High School,5L-10L,0,8,6071,1,A,Gold,58884
27272,Male,Urban,Bachelor,5L-10L,1,7,3540,1,A,Gold,51240
28774,Female,Urban,Others,5L-10L,0,2,6083,1,B,Platinum,34764
38331,Female,Urban,High School,<=2L,1,5,3561,More than 1,A,Platinum,91380
81376,Male,Urban,High School,5L-10L,0,7,5599,More than 1,A,Platinum,91932
38912,Male,Urban,High School,2L-5L,0,7,5321,1,B,Silver,37092
34801,Female,Rural,Others,5L-10L,1,7,0,1,C,Silver,29808
11362,Male,Urban,High School,2L-5L,1,4,7127,1,A,Gold,49800
15607,Female,Rural,High School,5L-10L,0,6,5889,More than 1,A,Platinum,67572
40941,Male,Urban,High School,More than 10L,0,7,6636,More than 1,C,Platinum,109452
36665,Male,Urban,High School,5L-10L,1,7,5292,1,A,Platinum,31812
23442,Male,Urban,High School,More than 10L,1,0,2374,1,A,Silver,38316
48565,Female,Rural,Bachelor,2L-5L,1,2,5851,More than 1,B,Platinum,65724
66234,Male,Rural,High School,5L-10L,1,8,3182,More than 1,A,Platinum,66072
83677,Female,Urban,Bachelor,2L-5L,0,4,5970,1,A,Gold,35388
45646,Female,Urban,High School,More than 10L,1,2,8278,1,A,Platinum,33972
35034,Female,Rural,Others,More than 10L,0,6,5528,1,B,Silver,48744
87209,Male,Urban,High School,5L-10L,1,8,6331,More than 1,A,Platinum,98424
51366,Female,Rural,Bachelor,5L-10L,0,3,5654,1,A,Silver,48324
35030,Female,Urban,High School,2L-5L,0,4,7084,1,A,Silver,49236
29192,Female,Urban,High School,5L-10L,1,5,6277,1,A,Platinum,42372
30229,Male,Urban,Others,5L-10L,1,0,0,1,A,Platinum,32160
24524,Female,Rural,High School,More than 10L,1,6,0,1,B,Silver,35148
19979,Male,Urban,Bachelor,5L-10L,1,1,6436,1,B,Gold,57588
77693,Male,Urban,Bachelor,5L-10L,1,8,4133,1,B,Platinum,31320
34828,Female,Urban,Bachelor,5L-10L,0,8,12553,More than 1,B,Gold,118332
26781,Female,Urban,High School,More than 10L,0,3,4692,1,A,Gold,37176
196,Female,Urban,Bachelor,<=2L,0,1,3964,More than 1,A,Platinum,103824
40104,Female,Urban,Bachelor,5L-10L,1,7,5282,More than 1,B,Platinum,104472
53050,Female,Urban,Bachelor,5L-10L,1,6,4878,More than 1,A,Platinum,104664
46328,Male,Rural,High School,5L-10L,0,7,2285,More than 1,A,Gold,107508
87281,Male,Urban,High School,5L-10L,1,8,4033,1,C,Platinum,53496
11819,Male,Urban,High School,5L-10L,0,1,6420,1,C,Platinum,59628
51457,Male,Urban,High School,2L-5L,1,0,4132,1,A,Gold,35172
48028,Female,Urban,High School,More than 10L,1,7,3332,More than 1,A,Gold,95592
45424,Female,Rural,Bachelor,5L-10L,0,6,3185,More than 1,B,Gold,67164
21670,Female,Urban,High School,2L-5L,0,7,4110,1,A,Platinum,50148
57843,Female,Rural,High School,5L-10L,0,6,0,1,C,Platinum,33648
18197,Female,Rural,Bachelor,5L-10L,0,4,2454,More than 1,B,Platinum,93888
44304,Male,Urban,Bachelor,5L-10L,0,6,3962,1,A,Platinum,53436
67925,Female,Urban,High School,5L-10L,1,3,16478,1,A,Platinum,63588
65505,Female,Urban,Bachelor,5L-10L,1,6,8076,More than 1,A,Platinum,102540
81386,Female,Urban,Bachelor,5L-10L,1,8,0,1,A,Platinum,50256
74109,Male,Rural,Others,5L-10L,1,6,4649,1,A,Platinum,34584
31969,Female,Urban,High School,2L-5L,0,3,7763,1,A,Platinum,58932
45882,Female,Urban,High School,2L-5L,1,1,4026,More than 1,A,Silver,104244
70172,Male,Rural,Bachelor,5L-10L,0,5,7471,More than 1,A,Platinum,140364
15075,Male,Urban,Bachelor,More than 10L,1,2,3462,More than 1,A,Platinum,99144
56205,Male,Urban,High School,More than 10L,1,8,5903,1,C,Silver,66396
28098,Female,Rural,Bachelor,5L-10L,0,4,2389,More than 1,A,Platinum,97944
7099,Female,Rural,Bachelor,5L-10L,0,7,0,More than 1,A,Platinum,72156
26668,Female,Urban,High School,More than 10L,0,1,6386,1,C,Silver,55596
64980,Male,Urban,Bachelor,5L-10L,0,4,6061,More than 1,A,Silver,101676
54483,Female,Urban,High School,More than 10L,0,6,6037,1,B,Gold,48744
79695,Male,Urban,High School,5L-10L,1,7,4007,1,A,Silver,48468
18959,Female,Urban,High School,More than 10L,1,7,5608,More than 1,A,Gold,98952
53739,Male,Urban,High School,5L-10L,1,4,4823,1,A,Platinum,34068
28219,Female,Rural,Others,5L-10L,0,3,7137,1,A,Platinum,46524
62119,Female,Urban,High School,5L-10L,1,2,5839,1,A,Silver,36312
16339,Male,Urban,High School,2L-5L,0,7,4008,More than 1,A,Platinum,104736
1830,Female,Rural,High School,5L-10L,1,6,2181,More than 1,B,Platinum,86904
12545,Male,Rural,Bachelor,2L-5L,1,7,3250,More than 1,B,Platinum,69300
18296,Male,Urban,Bachelor,5L-10L,1,3,6060,1,B,Gold,36360
83293,Male,Rural,Bachelor,More than 10L,1,4,2919,1,B,Silver,39864
40067,Male,Urban,High School,2L-5L,0,6,3717,More than 1,C,Platinum,107496
68950,Female,Rural,Bachelor,5L-10L,0,2,4537,More than 1,A,Platinum,79668
76820,Female,Urban,High School,5L-10L,1,1,2249,More than 1,A,Gold,96648
44755,Male,Urban,Bachelor,5L-10L,1,6,0,1,C,Silver,44400
37453,Female,Rural,High School,More than 10L,1,5,2880,1,A,Gold,49068
28343,Male,Urban,Bachelor,5L-10L,1,5,6728,More than 1,B,Gold,105876
67764,Male,Urban,High School,5L-10L,1,3,3635,More than 1,A,Platinum,98256
32059,Female,Urban,Others,More than 10L,1,6,0,1,B,Platinum,43512
79044,Male,Urban,High School,More than 10L,0,5,7302,1,A,Gold,54600
50395,Male,Urban,High School,More than 10L,1,4,5369,1,B,Silver,30240
24423,Female,Rural,High School,2L-5L,0,0,0,1,A,Gold,63528
62349,Male,Urban,High School,5L-10L,1,1,2232,1,B,Platinum,55056
25450,Male,Urban,High School,5L-10L,1,2,3989,More than 1,A,Platinum,90948
11706,Female,Urban,High School,5L-10L,1,6,6089,1,A,Silver,49632
5116,Male,Urban,Bachelor,2L-5L,1,4,12065,1,A,Gold,56208
39563,Male,Rural,High School,More than 10L,1,4,2946,More than 1,A,Platinum,98892
6430,Male,Rural,Bachelor,5L-10L,1,6,2245,More than 1,A,Platinum,105000
89203,Female,Rural,High School,5L-10L,1,2,0,1,C,Platinum,37536
15392,Male,Rural,Bachelor,5L-10L,0,5,5816,More than 1,B,Silver,59808
71307,Female,Urban,High School,More than 10L,0,7,7430,More than 1,A,Platinum,108372
87039,Male,Rural,High School,5L-10L,0,3,0,1,B,Silver,54924
13884,Male,Rural,High School,2L-5L,0,6,0,More than 1,A,Gold,66468
14395,Male,Urban,Bachelor,More than 10L,1,5,3931,More than 1,A,Silver,95340
33394,Female,Rural,Bachelor,5L-10L,1,6,0,More than 1,B,Platinum,86304
53937,Female,Urban,Bachelor,2L-5L,1,2,6467,More than 1,B,Platinum,91404
29875,Male,Rural,High School,5L-10L,1,1,3873,More than 1,A,Platinum,96252
16663,Female,Urban,High School,5L-10L,1,7,0,More than 1,B,Gold,74352
66990,Female,Urban,High School,5L-10L,1,5,5505,1,A,Platinum,31248
70711,Male,Urban,High School,5L-10L,0,6,5946,More than 1,A,Gold,86448
62096,Female,Rural,Bachelor,5L-10L,1,7,4903,1,B,Silver,54588
29821,Male,Rural,High School,More than 10L,0,4,6021,1,B,Silver,33384
60725,Female,Urban,High School,5L-10L,1,2,0,More than 1,B,Silver,46572
65491,Male,Urban,Bachelor,5L-10L,1,6,5945,1,A,Gold,38052
70467,Female,Urban,High School,2L-5L,0,2,3608,More than 1,A,Platinum,96372
30114,Male,Urban,Bachelor,More than 10L,1,5,4209,1,A,Platinum,53652
84108,Female,Rural,Bachelor,5L-10L,0,4,5566,1,A,Gold,52116
32848,Male,Rural,Bachelor,5L-10L,1,3,2079,More than 1,A,Gold,91404
34081,Female,Urban,High School,2L-5L,0,5,6393,More than 1,A,Gold,103932
50890,Male,Urban,Bachelor,5L-10L,1,7,2300,More than 1,B,Silver,62724
46835,Female,Urban,Bachelor,5L-10L,1,1,6291,More than 1,B,Platinum,105672
28711,Female,Urban,Others,<=2L,0,6,6548,1,A,Silver,48636
65845,Male,Rural,Bachelor,5L-10L,1,6,2641,More than 1,A,Platinum,88392
49060,Female,Urban,High School,5L-10L,0,1,6419,More than 1,A,Platinum,97464
12190,Male,Urban,High School,2L-5L,1,3,7218,More than 1,A,Gold,100764
41443,Female,Rural,Others,5L-10L,1,0,0,1,A,Silver,33192
21256,Male,Rural,Bachelor,5L-10L,0,6,3344,1,C,Silver,56544
60235,Female,Urban,Bachelor,5L-10L,0,3,3129,More than 1,C,Platinum,112392
11869,Male,Urban,Bachelor,2L-5L,1,6,5628,More than 1,A,Silver,94872
12708,Female,Rural,High School,5L-10L,1,7,2322,More than 1,B,Platinum,68412
31265,Female,Urban,High School,2L-5L,1,5,0,1,A,Silver,32568
29529,Female,Urban,High School,5L-10L,1,3,4530,1,A,Silver,35448
67280,Male,Urban,Others,5L-10L,1,3,5774,More than 1,B,Silver,102552
63626,Male,Urban,Bachelor,5L-10L,0,4,5302,More than 1,A,Silver,112236
18514,Male,Urban,Bachelor,More than 10L,1,5,3806,More than 1,A,Gold,99300
12900,Female,Rural,Bachelor,5L-10L,0,6,2979,More than 1,B,Platinum,69972
87945,Female,Urban,Bachelor,More than 10L,0,1,4333,1,A,Platinum,63456
46478,Female,Urban,Others,5L-10L,0,8,5883,1,C,Silver,48828
85026,Male,Urban,Bachelor,5L-10L,1,6,5407,1,B,Platinum,34332
82729,Male,Rural,High School,5L-10L,0,5,2469,More than 1,B,Platinum,91992
12933,Male,Urban,High School,5L-10L,1,8,5825,More than 1,C,Platinum,95328
74046,Male,Urban,High School,More than 10L,1,2,3640,1,A,Gold,47616
38280,Male,Urban,Bachelor,5L-10L,1,2,0,1,A,Platinum,32088
47988,Male,Rural,Bachelor,5L-10L,1,0,6053,1,B,Gold,55956
54726,Female,Urban,High School,2L-5L,1,4,6486,1,A,Gold,31680
69826,Female,Rural,Others,5L-10L,1,7,5060,More than 1,A,Platinum,63768
78145,Male,Urban,High School,2L-5L,1,1,5554,1,C,Silver,34416
88297,Male,Rural,High School,5L-10L,1,8,4209,1,A,Silver,58812
26974,Female,Urban,Bachelor,5L-10L,0,4,7446,More than 1,A,Platinum,134388
12204,Male,Urban,Others,2L-5L,1,1,2366,More than 1,A,Platinum,102636
37440,Male,Urban,High School,5L-10L,0,5,0,1,A,Platinum,35136
37109,Female,Rural,High School,5L-10L,0,6,0,1,A,Gold,32664
79534,Female,Urban,High School,2L-5L,1,6,5698,1,A,Platinum,44880
14096,Male,Urban,Bachelor,More than 10L,0,7,0,More than 1,A,Platinum,96816
1465,Female,Urban,High School,2L-5L,1,4,6137,More than 1,A,Gold,91932
76474,Male,Rural,High School,5L-10L,0,6,0,1,B,Platinum,48960
44686,Female,Urban,Bachelor,5L-10L,0,7,16277,More than 1,B,Platinum,98160
19126,Female,Urban,High School,2L-5L,0,3,2049,More than 1,A,Gold,111756
13686,Male,Urban,Bachelor,2L-5L,0,3,3803,More than 1,A,Platinum,101568
45769,Male,Rural,Bachelor,5L-10L,1,7,2147,1,C,Gold,42000
76882,Female,Rural,Bachelor,2L-5L,0,2,2920,1,A,Gold,50724
8850,Male,Rural,Bachelor,5L-10L,1,7,5086,More than 1,A,Platinum,91320
53891,Female,Urban,High School,5L-10L,0,5,6624,1,A,Silver,49992
6082,Female,Urban,Bachelor,5L-10L,1,4,5801,More than 1,C,Platinum,69732
57328,Male,Urban,High School,5L-10L,1,4,4758,1,A,Silver,35892
33439,Female,Rural,High School,More than 10L,0,8,0,1,B,Silver,36744
171,Male,Rural,Bachelor,More than 10L,1,5,2280,More than 1,A,Platinum,103740
71508,Male,Urban,High School,5L-10L,1,7,9508,1,A,Gold,49260
72215,Male,Urban,High School,<=2L,1,6,7569,1,A,Platinum,59616
12141,Male,Rural,Others,5L-10L,1,7,3334,More than 1,B,Platinum,67824
57445,Female,Urban,High School,5L-10L,0,1,6627,1,A,Platinum,49056
23847,Male,Rural,Bachelor,More than 10L,0,8,0,1,A,Platinum,49956
24980,Male,Urban,High School,2L-5L,1,8,6786,More than 1,B,Platinum,103572
25065,Male,Urban,Bachelor,5L-10L,0,5,6346,1,A,Platinum,43908
62141,Female,Urban,High School,2L-5L,0,4,5352,1,A,Platinum,49800
78955,Male,Urban,High School,5L-10L,1,3,9151,More than 1,A,Silver,102180
25074,Male,Urban,Bachelor,5L-10L,1,2,0,More than 1,A,Platinum,74064
66950,Male,Urban,High School,2L-5L,0,7,5127,More than 1,C,Silver,109956
10478,Male,Urban,Bachelor,2L-5L,1,7,4193,More than 1,A,Silver,93144
42827,Male,Urban,High School,5L-10L,1,4,2700,1,A,Silver,47784
69766,Female,Rural,Bachelor,More than 10L,1,2,0,1,A,Platinum,66192
7720,Male,Urban,High School,5L-10L,1,6,6777,More than 1,A,Gold,109908
4393,Female,Rural,High School,More than 10L,0,2,5367,More than 1,A,Platinum,71508
74829,Male,Urban,Bachelor,5L-10L,1,6,3832,1,A,Platinum,50076
70846,Male,Urban,High School,5L-10L,0,5,3625,More than 1,B,Platinum,96276
46896,Female,Rural,High School,5L-10L,0,4,2859,More than 1,A,Platinum,110316
11658,Male,Urban,High School,5L-10L,1,7,9307,More than 1,B,Gold,104784
1942,Female,Urban,High School,5L-10L,0,6,5344,More than 1,A,Platinum,108912
40050,Female,Rural,High School,More than 10L,0,1,3180,1,A,Silver,39744
9887,Male,Rural,Bachelor,5L-10L,0,0,0,More than 1,A,Silver,66060
41084,Male,Urban,Bachelor,5L-10L,1,5,7260,1,A,Gold,53268
81951,Male,Urban,Bachelor,2L-5L,1,6,4790,1,C,Silver,39192
34777,Female,Rural,High School,More than 10L,0,8,3083,1,B,Gold,49272
56301,Male,Rural,High School,More than 10L,1,7,2439,1,B,Platinum,44388
79874,Male,Urban,High School,5L-10L,1,5,0,1,C,Gold,33372
47989,Female,Rural,High School,5L-10L,0,7,0,1,A,Gold,35052
81645,Male,Urban,Bachelor,2L-5L,0,2,4208,More than 1,B,Silver,100512
76140,Male,Urban,High School,5L-10L,0,0,0,1,A,Silver,36684
8963,Male,Urban,Bachelor,5L-10L,1,8,2655,More than 1,B,Platinum,61452
53167,Male,Rural,Others,5L-10L,1,7,0,1,A,Platinum,49728
67488,Male,Rural,High School,5L-10L,1,7,7002,1,A,Platinum,53628
41727,Female,Urban,Bachelor,5L-10L,1,6,6102,1,B,Gold,52260
63742,Male,Urban,High School,5L-10L,0,6,3605,1,B,Silver,35616
23401,Female,Urban,Others,More than 10L,1,8,16688,1,A,Platinum,42324
61461,Female,Urban,High School,More than 10L,1,6,2558,1,A,Silver,31800
19287,Female,Rural,High School,5L-10L,1,1,6076,More than 1,A,Gold,71256
9411,Female,Urban,Bachelor,2L-5L,1,6,5639,More than 1,B,Gold,96660
53838,Female,Urban,Bachelor,<=2L,0,2,6075,1,B,Platinum,36636
88652,Female,Rural,High School,5L-10L,1,7,3661,More than 1,B,Silver,91752
49289,Female,Urban,High School,5L-10L,1,7,5592,More than 1,A,Gold,92532
84983,Male,Rural,Bachelor,5L-10L,0,8,6443,1,B,Silver,37740
79485,Female,Rural,High School,5L-10L,1,8,2173,More than 1,B,Platinum,77748
5126,Male,Urban,Bachelor,More than 10L,1,2,4048,1,A,Platinum,47664
26589,Female,Rural,High School,5L-10L,1,1,2265,1,B,Gold,56664
62389,Male,Rural,Bachelor,5L-10L,1,4,0,More than 1,B,Platinum,69672
55733,Male,Urban,High School,5L-10L,0,6,3630,More than 1,A,Platinum,105444
15285,Male,Urban,High School,5L-10L,1,6,9577,1,A,Gold,46956
6436,Male,Rural,Others,More than 10L,0,3,0,1,A,Gold,52812
17042,Male,Rural,Bachelor,5L-10L,1,7,5370,1,B,Silver,47160
4279,Male,Rural,Bachelor,5L-10L,1,1,4020,More than 1,B,Platinum,72408
54684,Male,Rural,Bachelor,2L-5L,0,2,6017,More than 1,B,Silver,97548
37206,Male,Urban,High School,5L-10L,0,8,4008,More than 1,A,Silver,109140
35944,Male,Urban,Bachelor,More than 10L,1,1,0,1,A,Platinum,34776
84313,Female,Rural,Bachelor,5L-10L,0,4,3660,More than 1,B,Gold,108180
41403,Female,Rural,Bachelor,2L-5L,1,0,0,More than 1,B,Silver,68880
20316,Female,Rural,Others,More than 10L,0,0,0,1,B,Silver,36684
2035,Male,Urban,High School,5L-10L,0,3,15902,1,A,Silver,50388
9451,Male,Rural,Others,5L-10L,0,5,2170,1,A,Platinum,51072
14656,Female,Urban,Bachelor,2L-5L,0,5,6492,1,B,Silver,50772
57337,Female,Urban,High School,5L-10L,0,5,5662,1,A,Platinum,32856
36326,Male,Rural,High School,More than 10L,1,1,2018,More than 1,B,Silver,63888
14128,Male,Urban,High School,5L-10L,0,0,6952,1,A,Gold,51132
12762,Male,Urban,High School,5L-10L,1,6,6528,1,A,Silver,37836
59478,Male,Urban,High School,More than 10L,1,6,4000,1,A,Platinum,35244
22883,Female,Urban,High School,5L-10L,0,7,8406,More than 1,B,Gold,108660
55459,Female,Rural,High School,5L-10L,0,1,3446,More than 1,B,Platinum,94392
72814,Male,Urban,Bachelor,5L-10L,1,5,8172,More than 1,A,Platinum,92196
89230,Female,Urban,High School,5L-10L,1,8,2026,More than 1,B,Platinum,61116
43245,Female,Urban,High School,5L-10L,1,2,5461,1,C,Gold,32280
81602,Female,Urban,High School,More than 10L,1,1,4050,More than 1,A,Gold,98028
65347,Male,Urban,High School,5L-10L,1,1,6794,1,C,Platinum,35376
25067,Male,Urban,High School,5L-10L,0,6,4216,1,B,Gold,39288
5141,Female,Rural,High School,5L-10L,1,5,5930,More than 1,A,Platinum,86508
3434,Female,Urban,Bachelor,2L-5L,0,0,0,1,A,Platinum,51732
46189,Female,Urban,High School,More than 10L,1,6,3916,More than 1,A,Gold,88248
69528,Female,Urban,High School,5L-10L,1,5,5439,More than 1,A,Platinum,92436
43903,Male,Urban,Bachelor,5L-10L,1,3,3807,More than 1,A,Silver,90636
1865,Male,Rural,Bachelor,More than 10L,1,4,2193,1,B,Platinum,35616
8237,Male,Rural,High School,5L-10L,0,4,2207,More than 1,A,Platinum,90828
71260,Female,Rural,Bachelor,5L-10L,1,0,2167,More than 1,B,Silver,106020
8588,Female,Urban,Bachelor,5L-10L,0,6,2093,More than 1,B,Silver,65460
21001,Male,Urban,Bachelor,More than 10L,1,4,5713,More than 1,A,Gold,94608
11959,Female,Urban,High School,2L-5L,1,1,8340,1,A,Platinum,34476
19012,Male,Urban,Bachelor,5L-10L,0,7,6283,1,A,Gold,33684
70680,Female,Rural,Bachelor,5L-10L,0,0,0,More than 1,B,Platinum,91224
88485,Female,Rural,Bachelor,5L-10L,1,5,0,1,A,Silver,34764
25171,Female,Urban,Others,More than 10L,0,5,7427,More than 1,A,Platinum,103524
36812,Male,Urban,Bachelor,5L-10L,1,2,27383,1,A,Platinum,54564
86237,Male,Urban,High School,5L-10L,1,0,6342,1,A,Platinum,54012
50126,Male,Urban,High School,5L-10L,0,6,5181,1,B,Silver,29544
50733,Male,Rural,Bachelor,5L-10L,1,1,8481,More than 1,A,Platinum,103752
4823,Male,Urban,Bachelor,2L-5L,1,5,6688,More than 1,A,Silver,101544
55144,Female,Rural,Bachelor,2L-5L,1,8,3196,More than 1,B,Platinum,63600
46712,Female,Rural,High School,5L-10L,0,2,2513,1,A,Silver,46620
80632,Male,Urban,High School,5L-10L,1,8,5881,More than 1,A,Platinum,91224
21924,Female,Urban,Bachelor,5L-10L,1,0,2337,More than 1,B,Silver,68256
35770,Male,Urban,High School,5L-10L,1,8,8768,More than 1,A,Platinum,99420
19176,Female,Urban,Bachelor,2L-5L,0,3,2796,More than 1,A,Platinum,102252
82130,Female,Urban,Bachelor,5L-10L,1,2,4576,1,C,Silver,34656
34214,Female,Urban,High School,5L-10L,0,8,6030,1,A,Silver,46092
33904,Male,Rural,High School,5L-10L,0,6,2951,More than 1,B,Platinum,58416
77018,Male,Urban,High School,5L-10L,1,7,10424,More than 1,A,Gold,96108
79618,Male,Urban,Bachelor,2L-5L,0,0,2076,1,B,Silver,57180
73675,Male,Rural,Bachelor,5L-10L,1,5,6377,More than 1,A,Silver,70164
5762,Female,Rural,High School,5L-10L,1,7,0,1,A,Platinum,51048
83874,Male,Urban,Bachelor,2L-5L,0,5,3626,More than 1,B,Gold,101256
19746,Female,Urban,High School,5L-10L,1,4,0,More than 1,B,Silver,67476
53845,Male,Urban,High School,5L-10L,1,6,6706,1,C,Gold,44544
15615,Male,Rural,High School,5L-10L,1,0,3628,1,A,Platinum,48552
64001,Female,Rural,High School,2L-5L,0,0,3915,More than 1,B,Silver,67740
31283,Male,Rural,Bachelor,5L-10L,0,5,0,1,B,Platinum,54768
52064,Male,Urban,Bachelor,5L-10L,1,1,3319,More than 1,A,Platinum,91956
85711,Male,Urban,High School,5L-10L,0,6,0,More than 1,C,Platinum,106560
87296,Female,Urban,High School,More than 10L,0,7,5967,More than 1,A,Platinum,105624
11547,Male,Rural,High School,5L-10L,0,1,0,More than 1,A,Platinum,62172
21621,Female,Rural,Bachelor,More than 10L,1,7,0,1,C,Silver,54264
7623,Female,Urban,Bachelor,5L-10L,1,1,0,1,A,Silver,35268
25286,Male,Urban,High School,5L-10L,1,1,0,1,C,Platinum,39636
67355,Female,Rural,High School,5L-10L,0,8,2903,More than 1,B,Silver,74772
76135,Female,Rural,Bachelor,5L-10L,0,2,3155,1,A,Silver,50280
88748,Male,Rural,Bachelor,More than 10L,1,4,0,More than 1,A,Platinum,61488
40047,Male,Urban,High School,5L-10L,1,4,5263,1,A,Gold,34404
31639,Female,Urban,High School,2L-5L,0,4,6615,1,A,Gold,52476
18235,Female,Rural,Bachelor,2L-5L,1,0,5281,1,B,Platinum,44808
89276,Female,Urban,High School,2L-5L,0,6,5160,1,A,Gold,33504
81736,Male,Rural,High School,More than 10L,1,7,4480,More than 1,A,Platinum,88140
58918,Male,Urban,High School,5L-10L,0,2,4344,More than 1,A,Platinum,91020
78038,Female,Urban,High School,5L-10L,0,8,0,More than 1,B,Silver,68436
60348,Male,Urban,Bachelor,5L-10L,1,7,2913,1,C,Gold,62616
85830,Female,Rural,High School,More than 10L,1,4,3609,1,A,Platinum,51528
19237,Female,Urban,Bachelor,5L-10L,0,6,4414,More than 1,A,Platinum,97188
4441,Male,Urban,High School,2L-5L,1,5,0,More than 1,A,Platinum,92604
41223,Female,Rural,High School,5L-10L,0,4,0,1,C,Gold,34752
41802,Female,Rural,Bachelor,5L-10L,1,3,17133,1,A,Silver,65232
1774,Male,Urban,Bachelor,2L-5L,0,8,3932,More than 1,B,Gold,104256
47576,Male,Urban,Bachelor,More than 10L,1,5,6776,1,C,Gold,57492
39013,Female,Urban,High School,2L-5L,0,2,11490,More than 1,A,Silver,116892
8219,Female,Urban,Bachelor,5L-10L,1,5,6559,More than 1,A,Platinum,108780
29808,Male,Urban,High School,More than 10L,0,6,8646,More than 1,A,Platinum,180960
41674,Female,Urban,High School,More than 10L,0,7,0,More than 1,A,Gold,95136
4209,Male,Urban,High School,2L-5L,0,1,5021,More than 1,B,Platinum,92592
42024,Female,Urban,High School,5L-10L,0,6,4860,1,A,Platinum,33924
50147,Male,Rural,High School,5L-10L,1,6,0,More than 1,B,Gold,67140
31634,Male,Rural,Bachelor,2L-5L,0,7,0,More than 1,B,Platinum,65892
22910,Female,Rural,High School,More than 10L,1,5,0,1,C,Silver,35856
4713,Male,Urban,Bachelor,5L-10L,1,5,7283,1,B,Silver,51936
45119,Male,Urban,High School,2L-5L,1,8,5874,More than 1,A,Silver,107712
72278,Female,Urban,Bachelor,2L-5L,0,6,4361,More than 1,C,Gold,105888
71730,Male,Urban,Bachelor,5L-10L,0,3,9230,More than 1,A,Gold,119904
38970,Male,Urban,Bachelor,5L-10L,1,6,7069,1,A,Silver,50292
20630,Male,Rural,Bachelor,2L-5L,0,8,3038,More than 1,B,Silver,63156
30363,Male,Urban,High School,5L-10L,1,8,4013,1,B,Gold,33564
63825,Male,Urban,High School,2L-5L,1,7,5777,1,B,Platinum,43440
72141,Female,Urban,High School,More than 10L,1,4,0,1,A,Gold,31728
68985,Female,Urban,High School,More than 10L,1,7,2041,More than 1,B,Platinum,65916
80829,Male,Urban,High School,5L-10L,1,5,5896,1,C,Silver,38736
12531,Female,Rural,High School,5L-10L,0,7,9965,More than 1,A,Gold,96204
19243,Male,Urban,High School,5L-10L,1,1,5109,1,A,Gold,38076
4099,Female,Urban,High School,More than 10L,0,7,5499,More than 1,B,Silver,66888
11286,Male,Urban,High School,5L-10L,0,6,3055,More than 1,A,Platinum,96492
58794,Male,Urban,Bachelor,2L-5L,1,7,3843,More than 1,B,Gold,91824
51869,Female,Rural,Others,More than 10L,1,1,0,More than 1,A,Silver,93660
28441,Male,Rural,High School,5L-10L,0,7,5193,1,A,Platinum,46752
83329,Female,Urban,Others,5L-10L,1,3,0,1,B,Silver,35928
39175,Female,Rural,High School,5L-10L,1,5,0,1,C,Platinum,33564
38540,Female,Urban,High School,5L-10L,0,5,7879,More than 1,A,Platinum,98268
28450,Male,Urban,Bachelor,More than 10L,0,6,5824,More than 1,A,Platinum,102696
2323,Male,Urban,Bachelor,5L-10L,1,8,6415,1,A,Gold,35352
70569,Male,Urban,High School,More than 10L,0,3,0,1,A,Gold,48804
84253,Male,Rural,High School,5L-10L,1,1,0,1,B,Platinum,34272
47174,Female,Rural,Bachelor,5L-10L,1,8,0,More than 1,B,Gold,71016
4417,Female,Rural,Bachelor,5L-10L,1,4,2634,1,A,Gold,52440
11989,Male,Urban,Bachelor,5L-10L,1,2,7223,More than 1,A,Silver,104664
11543,Male,Rural,High School,5L-10L,0,4,2026,More than 1,B,Gold,61692
28325,Male,Rural,High School,5L-10L,1,5,5727,1,B,Silver,33264
46144,Female,Urban,Bachelor,5L-10L,1,8,11170,1,B,Silver,71352
52088,Female,Rural,Others,5L-10L,1,6,4124,1,C,Gold,34824
80851,Male,Rural,Bachelor,5L-10L,0,1,2730,More than 1,A,Platinum,65448
73997,Male,Urban,Others,2L-5L,1,7,5320,1,B,Silver,31932
19428,Male,Urban,Others,5L-10L,0,4,0,1,B,Platinum,39636
81306,Male,Rural,High School,5L-10L,0,6,2010,More than 1,B,Platinum,64056
45250,Male,Urban,High School,5L-10L,1,1,8173,More than 1,A,Platinum,93192
52876,Male,Urban,Bachelor,More than 10L,1,5,2732,1,C,Platinum,34644
8642,Male,Rural,High School,5L-10L,1,5,3242,1,A,Gold,59304
6520,Male,Urban,Bachelor,5L-10L,1,5,5631,1,A,Platinum,36192
59902,Male,Rural,High School,More than 10L,1,0,2702,More than 1,A,Platinum,96660
60852,Female,Urban,High School,More than 10L,0,3,6445,1,A,Gold,41436
4752,Female,Urban,Bachelor,More than 10L,0,4,2479,More than 1,B,Silver,95700
32660,Male,Rural,Bachelor,5L-10L,1,2,7107,1,A,Silver,49380
54106,Male,Rural,High School,More than 10L,0,1,0,More than 1,A,Platinum,52932
16845,Female,Urban,Bachelor,5L-10L,1,3,3974,More than 1,A,Platinum,93888
21344,Female,Urban,Bachelor,5L-10L,1,8,2610,More than 1,B,Platinum,73140
58956,Male,Rural,High School,5L-10L,1,3,2895,More than 1,A,Platinum,71220
42,Female,Rural,High School,5L-10L,0,6,2708,1,A,Silver,47964
62911,Female,Rural,High School,More than 10L,0,6,0,1,C,Platinum,40044
16905,Male,Rural,High School,5L-10L,1,4,2336,More than 1,B,Platinum,93972
59746,Male,Urban,High School,5L-10L,1,6,2061,1,A,Silver,31260
67961,Female,Urban,Bachelor,5L-10L,0,1,9493,More than 1,A,Gold,108684
40650,Male,Rural,High School,5L-10L,0,6,0,1,A,Platinum,37128
48119,Male,Urban,High School,5L-10L,1,8,2581,More than 1,A,Platinum,94344
42900,Male,Urban,Bachelor,More than 10L,1,2,0,More than 1,A,Gold,100260
829,Male,Urban,Bachelor,5L-10L,1,7,6939,1,C,Gold,34524
20538,Male,Urban,Bachelor,5L-10L,1,4,4131,More than 1,A,Gold,96600
30903,Male,Urban,Others,2L-5L,1,2,0,1,A,Platinum,32040
72601,Male,Urban,Bachelor,<=2L,1,3,4237,More than 1,B,Platinum,93936
41117,Female,Rural,High School,2L-5L,0,6,5505,More than 1,A,Gold,98004
62961,Female,Urban,Bachelor,5L-10L,0,2,10738,More than 1,A,Platinum,102060
66429,Male,Rural,High School,5L-10L,1,1,0,1,B,Gold,35244
17469,Female,Urban,High School,2L-5L,0,6,7172,1,B,Platinum,43368
34719,Female,Rural,High School,More than 10L,1,8,2047,1,A,Silver,37248
60582,Male,Urban,Bachelor,More than 10L,1,0,2949,More than 1,B,Silver,70308
38357,Male,Rural,Bachelor,5L-10L,0,8,6792,More than 1,A,Gold,105468
61008,Male,Rural,High School,More than 10L,0,4,2329,1,B,Platinum,46020
46308,Female,Urban,High School,2L-5L,0,5,6158,1,A,Platinum,48156
74502,Male,Rural,Bachelor,5L-10L,1,0,0,More than 1,A,Platinum,71064
3934,Female,Rural,Others,More than 10L,0,1,0,1,B,Gold,54204
45347,Male,Urban,High School,5L-10L,1,7,4925,More than 1,B,Platinum,70212
71259,Female,Urban,High School,5L-10L,1,1,9477,More than 1,A,Platinum,102300
87713,Male,Urban,High School,5L-10L,0,4,5034,More than 1,A,Platinum,104748
69360,Female,Rural,High School,5L-10L,1,6,3140,More than 1,B,Gold,74616
66585,Male,Rural,Bachelor,2L-5L,0,1,0,More than 1,B,Platinum,57720
66320,Male,Rural,High School,5L-10L,0,3,5478,More than 1,C,Platinum,67728
26234,Female,Urban,High School,2L-5L,0,5,10873,1,A,Silver,50472
83288,Female,Urban,Bachelor,5L-10L,1,7,4895,1,C,Platinum,33408
79433,Male,Rural,High School,5L-10L,0,6,5665,1,A,Gold,56472
62178,Female,Urban,Bachelor,2L-5L,0,1,5024,1,C,Silver,46248
85672,Female,Urban,High School,5L-10L,0,8,5135,More than 1,A,Platinum,110244
69933,Male,Rural,Others,2L-5L,0,3,2103,1,B,Silver,31032
87472,Female,Urban,High School,More than 10L,0,6,3962,More than 1,C,Platinum,96924
60249,Female,Rural,High School,5L-10L,1,6,0,More than 1,B,Platinum,72516
47018,Male,Rural,Bachelor,More than 10L,1,2,5219,1,A,Platinum,56640
14959,Female,Urban,High School,2L-5L,0,1,6380,1,B,Platinum,44124
13928,Female,Urban,High School,5L-10L,1,5,4513,1,B,Silver,36864
80989,Female,Urban,Others,5L-10L,1,2,3480,1,A,Gold,49116
61183,Female,Rural,Bachelor,5L-10L,0,4,0,More than 1,A,Silver,100116
37285,Male,Rural,Bachelor,5L-10L,1,0,2351,More than 1,A,Gold,66744
56383,Male,Urban,Others,5L-10L,1,0,0,1,A,Platinum,31404
45530,Male,Rural,Bachelor,5L-10L,0,4,5423,1,A,Silver,43296
76458,Male,Rural,Bachelor,More than 10L,0,4,0,1,C,Silver,38712
8649,Male,Rural,High School,5L-10L,1,2,3809,1,A,Platinum,50640
77114,Male,Urban,High School,5L-10L,0,4,4111,More than 1,A,Platinum,107016
49016,Female,Urban,High School,<=2L,1,5,3830,1,A,Silver,45384
5928,Male,Rural,High School,5L-10L,1,7,0,More than 1,B,Platinum,72408
32087,Male,Urban,Bachelor,5L-10L,1,4,2508,1,B,Silver,56868
59668,Female,Urban,High School,5L-10L,1,1,5382,1,A,Platinum,31692
67690,Male,Urban,Bachelor,5L-10L,1,5,4033,1,C,Platinum,45084
27829,Female,Urban,High School,5L-10L,1,7,0,1,A,Platinum,42120
51706,Male,Urban,High School,5L-10L,0,4,2196,More than 1,B,Platinum,108576
65655,Female,Urban,High School,5L-10L,1,1,0,More than 1,A,Platinum,94272
10470,Male,Rural,Others,5L-10L,1,1,0,1,C,Gold,52740
70971,Female,Urban,High School,5L-10L,1,5,3998,More than 1,A,Platinum,86844
56932,Male,Urban,High School,5L-10L,0,4,2302,1,A,Platinum,36204
31330,Male,Urban,High School,5L-10L,0,1,5683,1,A,Platinum,55356
76148,Female,Rural,Bachelor,5L-10L,0,7,0,More than 1,A,Gold,99432
47749,Female,Rural,Bachelor,2L-5L,1,5,0,More than 1,B,Silver,71460
76059,Female,Urban,Bachelor,2L-5L,1,7,0,1,B,Platinum,46380
87309,Male,Urban,High School,5L-10L,1,7,2136,1,A,Platinum,36852
55556,Male,Urban,Bachelor,5L-10L,1,5,5041,1,A,Gold,45888
61880,Male,Rural,High School,5L-10L,1,3,0,1,A,Gold,35592
24278,Male,Rural,Bachelor,2L-5L,1,0,5360,1,B,Platinum,53052
29650,Male,Rural,Bachelor,5L-10L,0,6,4437,1,B,Silver,46284
36298,Male,Rural,High School,5L-10L,1,6,3912,More than 1,B,Platinum,63264
75611,Male,Urban,High School,More than 10L,0,7,6668,1,A,Gold,34440
58231,Male,Rural,High School,5L-10L,0,5,4441,1,A,Gold,35976
73360,Female,Rural,Others,5L-10L,1,3,0,1,B,Platinum,32616
27397,Female,Urban,Bachelor,5L-10L,0,3,8939,More than 1,A,Platinum,109224
71733,Male,Rural,High School,5L-10L,0,2,2169,More than 1,B,Platinum,61776
67318,Female,Urban,High School,5L-10L,0,0,5581,1,A,Gold,34440
26064,Female,Urban,Bachelor,2L-5L,1,6,5410,1,B,Gold,33960
67331,Female,Rural,Bachelor,More than 10L,1,5,0,1,A,Silver,33432
24485,Female,Rural,High School,5L-10L,0,6,0,1,A,Silver,45396
86053,Female,Urban,High School,5L-10L,0,5,8713,1,A,Silver,31020
58139,Male,Rural,High School,More than 10L,1,7,0,1,B,Silver,36612
14181,Male,Urban,Bachelor,5L-10L,1,7,3832,More than 1,A,Silver,93204
30814,Male,Urban,Others,2L-5L,0,7,7375,1,C,Silver,30660
82107,Female,Rural,High School,5L-10L,1,1,0,1,A,Gold,31092
70579,Female,Urban,Bachelor,5L-10L,0,5,3714,More than 1,A,Platinum,96696
73943,Male,Urban,Bachelor,5L-10L,1,4,4903,1,A,Silver,34176
78898,Male,Urban,Bachelor,More than 10L,1,8,4764,More than 1,A,Gold,102336
33168,Male,Urban,Bachelor,5L-10L,0,4,3946,1,B,Gold,48288
52882,Male,Urban,High School,5L-10L,1,6,11819,More than 1,A,Platinum,112716
57765,Male,Rural,Bachelor,More than 10L,1,8,0,1,A,Gold,63948
87772,Male,Urban,Bachelor,More than 10L,1,6,2285,1,A,Platinum,38508
63547,Male,Urban,Bachelor,More than 10L,0,6,2652,More than 1,A,Gold,102012
23419,Male,Urban,High School,5L-10L,1,2,4032,1,A,Gold,47520
73503,Female,Urban,High School,2L-5L,0,4,6678,More than 1,A,Gold,101496
49513,Male,Urban,Bachelor,5L-10L,0,7,3133,1,B,Gold,48780
11635,Female,Urban,Bachelor,5L-10L,0,3,4632,1,A,Platinum,59376
73583,Male,Urban,High School,5L-10L,0,7,7784,More than 1,B,Silver,105168
34787,Male,Rural,Bachelor,5L-10L,0,6,7349,More than 1,B,Silver,60696
25543,Female,Urban,High School,More than 10L,1,2,7670,More than 1,A,Gold,110376
65544,Female,Urban,Bachelor,5L-10L,1,2,9093,1,A,Silver,31332
32611,Female,Urban,Bachelor,5L-10L,0,4,6148,More than 1,A,Platinum,103188
29267,Male,Urban,Bachelor,5L-10L,1,5,2415,1,A,Gold,43596
3977,Female,Rural,Bachelor,2L-5L,0,5,0,1,C,Gold,59616
27846,Male,Urban,Bachelor,2L-5L,0,4,8162,More than 1,A,Platinum,125424
50861,Male,Rural,Bachelor,More than 10L,0,0,2635,More than 1,B,Silver,61956
46442,Male,Urban,High School,5L-10L,1,2,8818,More than 1,B,Platinum,113004
69685,Male,Urban,Bachelor,2L-5L,0,0,6557,1,A,Silver,68088
52265,Male,Rural,High School,2L-5L,1,7,0,More than 1,B,Platinum,68532
88578,Male,Urban,Bachelor,2L-5L,0,2,4386,1,A,Platinum,35772
29365,Male,Urban,Bachelor,5L-10L,1,8,4034,1,A,Platinum,59064
87758,Female,Urban,Bachelor,2L-5L,1,6,4205,More than 1,B,Platinum,70080
37797,Male,Urban,Bachelor,5L-10L,0,7,6512,More than 1,A,Platinum,104796
9820,Male,Urban,Bachelor,More than 10L,0,4,5631,1,A,Platinum,47616
15005,Male,Urban,High School,2L-5L,1,5,2530,More than 1,B,Silver,68340
6071,Female,Urban,High School,5L-10L,1,1,7619,1,C,Silver,53748
60510,Male,Urban,High School,2L-5L,1,3,7361,More than 1,B,Silver,100308
80634,Male,Rural,High School,5L-10L,1,1,0,More than 1,A,Gold,59640
12336,Male,Urban,Bachelor,5L-10L,1,6,4473,1,A,Platinum,66924
16740,Male,Urban,Bachelor,5L-10L,0,1,6535,1,C,Silver,62148
15975,Male,Urban,Bachelor,5L-10L,1,0,0,1,A,Gold,37128
64131,Male,Rural,Others,5L-10L,1,7,0,1,B,Silver,35304
40247,Female,Urban,High School,5L-10L,1,7,9540,1,A,Gold,51036
47631,Male,Rural,Bachelor,5L-10L,1,4,0,1,C,Gold,32160
6552,Male,Urban,High School,5L-10L,0,2,21635,1,A,Gold,57384
48915,Female,Urban,High School,2L-5L,1,7,6339,More than 1,A,Silver,88392
12509,Female,Urban,Bachelor,5L-10L,1,7,2895,1,B,Silver,50148
473,Male,Urban,Bachelor,2L-5L,1,5,6662,1,C,Silver,70320
46821,Female,Urban,Bachelor,5L-10L,1,7,5946,1,A,Platinum,47316
58057,Male,Urban,Bachelor,More than 10L,1,5,15090,1,A,Platinum,31980
4781,Male,Urban,High School,2L-5L,1,4,0,1,A,Silver,32448
67873,Male,Urban,High School,5L-10L,1,6,5413,1,A,Silver,33744
47747,Female,Rural,Bachelor,5L-10L,0,2,5836,More than 1,A,Platinum,86316
70427,Female,Urban,High School,5L-10L,0,4,9567,More than 1,B,Gold,99972
32387,Female,Urban,Bachelor,More than 10L,0,1,0,More than 1,B,Platinum,64860
54128,Male,Rural,High School,More than 10L,1,1,0,1,A,Gold,31284
12234,Male,Urban,Bachelor,5L-10L,1,4,7796,1,A,Platinum,47040
74036,Male,Rural,High School,More than 10L,0,7,7232,More than 1,B,Gold,104652
31886,Male,Urban,Bachelor,5L-10L,1,1,4469,More than 1,A,Gold,102516
35125,Male,Rural,High School,5L-10L,0,1,6190,1,A,Platinum,60144
76810,Female,Rural,High School,2L-5L,0,7,0,More than 1,B,Platinum,75156
13254,Male,Urban,High School,5L-10L,1,7,5223,More than 1,A,Gold,98400
63192,Male,Rural,High School,5L-10L,1,2,0,More than 1,A,Silver,61788
82705,Female,Urban,Bachelor,5L-10L,1,3,7480,More than 1,B,Silver,126720
15503,Female,Rural,Bachelor,5L-10L,1,6,5866,1,A,Platinum,47412
59429,Male,Urban,High School,5L-10L,0,2,16193,More than 1,B,Platinum,112068
24006,Female,Rural,High School,5L-10L,0,7,0,1,A,Gold,33108
65179,Female,Urban,High School,5L-10L,1,2,4667,1,C,Gold,43248
20319,Male,Urban,Bachelor,5L-10L,1,7,2474,1,C,Silver,48456
70511,Male,Urban,Bachelor,2L-5L,0,6,2102,More than 1,B,Silver,74376
48530,Male,Urban,High School,5L-10L,1,8,5116,1,A,Platinum,49872
20076,Female,Rural,Others,More than 10L,1,5,0,1,C,Silver,34860
87881,Female,Urban,Bachelor,5L-10L,1,8,0,More than 1,B,Platinum,68064
88649,Male,Rural,High School,5L-10L,0,7,3080,More than 1,B,Platinum,67656
33963,Male,Urban,High School,2L-5L,1,7,3968,More than 1,A,Silver,110016
72280,Male,Urban,Bachelor,More than 10L,0,6,12356,1,A,Gold,32952
11236,Male,Rural,Bachelor,5L-10L,1,6,5073,1,B,Silver,31632
81080,Male,Rural,High School,More than 10L,0,1,0,More than 1,B,Platinum,66540
80699,Male,Urban,High School,5L-10L,0,7,3780,More than 1,A,Gold,95160
73779,Female,Rural,Bachelor,5L-10L,1,4,4383,1,A,Platinum,32496
84461,Female,Urban,High School,5L-10L,0,1,2330,1,B,Gold,38448
18238,Male,Urban,High School,5L-10L,1,1,6547,1,A,Gold,58332
12631,Male,Rural,Bachelor,More than 10L,0,5,4214,1,C,Silver,51396
14607,Female,Urban,High School,More than 10L,1,3,0,More than 1,B,Platinum,70584
18750,Female,Urban,High School,2L-5L,1,3,5491,More than 1,A,Gold,107196
50390,Male,Urban,Bachelor,5L-10L,1,6,0,More than 1,B,Silver,63516
45770,Male,Rural,High School,More than 10L,1,5,0,1,B,Platinum,45732
80796,Female,Rural,Others,5L-10L,1,5,0,More than 1,B,Platinum,68220
60854,Female,Urban,Bachelor,5L-10L,0,5,5489,More than 1,A,Gold,105696
41375,Female,Urban,High School,5L-10L,0,4,5316,More than 1,A,Gold,120816
32321,Male,Urban,High School,2L-5L,1,6,2172,1,C,Silver,29904
63758,Male,Urban,Bachelor,2L-5L,0,4,6454,1,A,Platinum,43164
77862,Male,Rural,High School,5L-10L,1,6,0,1,A,Silver,38712
70127,Male,Rural,High School,5L-10L,1,1,5204,1,B,Silver,60456
85907,Male,Urban,High School,2L-5L,1,6,6951,More than 1,B,Platinum,88644
84517,Male,Urban,Others,5L-10L,0,3,5194,More than 1,A,Gold,112092
17441,Female,Urban,High School,2L-5L,1,2,8195,1,A,Platinum,36264
86703,Male,Rural,High School,5L-10L,1,8,5221,More than 1,A,Platinum,101280
60266,Male,Urban,Bachelor,5L-10L,1,3,5211,1,A,Platinum,32724
68333,Male,Rural,Bachelor,2L-5L,1,7,6911,More than 1,B,Platinum,65424
75809,Female,Rural,High School,5L-10L,0,7,0,1,B,Gold,40596
49379,Female,Urban,High School,5L-10L,0,4,9488,More than 1,A,Platinum,109812
85202,Male,Urban,Others,More than 10L,0,0,4902,More than 1,A,Platinum,97356
32396,Female,Urban,Bachelor,2L-5L,0,7,2337,More than 1,B,Silver,73548
39208,Male,Rural,Bachelor,5L-10L,1,6,3425,1,B,Platinum,53844
23038,Male,Rural,High School,5L-10L,1,8,2683,More than 1,A,Platinum,96732
11257,Male,Urban,High School,2L-5L,0,7,5584,More than 1,B,Silver,72396
58510,Male,Urban,Bachelor,More than 10L,0,4,0,1,A,Gold,32664
49424,Male,Urban,Others,More than 10L,1,6,4272,1,A,Gold,44736
30852,Male,Rural,Bachelor,5L-10L,0,4,5568,More than 1,A,Gold,88200
75222,Female,Urban,High School,2L-5L,1,6,4118,More than 1,C,Gold,102552
63513,Male,Rural,High School,5L-10L,0,2,0,1,A,Silver,31284
50812,Female,Urban,High School,5L-10L,1,5,4082,More than 1,A,Platinum,87996
8122,Male,Rural,Bachelor,5L-10L,1,6,18729,1,B,Silver,46140
25474,Male,Urban,Bachelor,2L-5L,0,4,6875,1,B,Silver,49248
52597,Female,Urban,High School,More than 10L,0,6,4885,More than 1,A,Gold,92388
55365,Male,Urban,Bachelor,5L-10L,0,4,3134,More than 1,A,Platinum,109044
14849,Male,Urban,Bachelor,2L-5L,0,0,4053,More than 1,B,Platinum,129156
28873,Male,Rural,High School,2L-5L,1,4,6253,1,B,Gold,44424
60458,Female,Urban,High School,2L-5L,1,0,5866,More than 1,A,Platinum,85932
38433,Female,Urban,Bachelor,5L-10L,1,4,3194,More than 1,B,Silver,66984
52589,Female,Rural,Bachelor,5L-10L,1,8,2327,More than 1,B,Platinum,77508
63179,Female,Urban,High School,More than 10L,1,0,0,1,A,Silver,35640
74030,Male,Urban,High School,5L-10L,0,7,4115,1,C,Silver,53028
46756,Male,Urban,Bachelor,5L-10L,1,2,5073,1,A,Silver,37740
43652,Female,Rural,High School,2L-5L,1,6,2144,More than 1,B,Platinum,70164
87618,Female,Rural,High School,5L-10L,1,4,0,1,A,Gold,45876
31840,Male,Urban,Bachelor,5L-10L,1,8,3463,More than 1,B,Platinum,62532
5195,Male,Urban,High School,5L-10L,0,4,3735,More than 1,B,Platinum,90660
21713,Female,Urban,High School,5L-10L,1,6,2322,1,C,Platinum,49860
25895,Female,Urban,High School,More than 10L,1,4,3875,More than 1,C,Silver,72384
45241,Female,Urban,High School,2L-5L,1,3,4080,More than 1,C,Platinum,101988
59140,Male,Rural,High School,More than 10L,1,4,2127,More than 1,A,Platinum,100800
60645,Male,Rural,Bachelor,5L-10L,0,2,0,More than 1,A,Platinum,74136
41637,Male,Rural,Others,5L-10L,1,0,0,1,A,Platinum,31572
82625,Male,Urban,Bachelor,2L-5L,1,0,9220,More than 1,B,Gold,111576
22195,Male,Urban,Bachelor,2L-5L,0,4,4299,1,B,Platinum,40092
68515,Male,Urban,Bachelor,5L-10L,0,1,5616,More than 1,A,Gold,123720
3356,Male,Rural,Others,5L-10L,0,5,0,1,B,Gold,32328
41518,Male,Urban,High School,More than 10L,1,1,5516,1,A,Platinum,37032
51907,Female,Urban,Bachelor,2L-5L,0,5,9173,1,B,Platinum,64908
56032,Male,Urban,Bachelor,5L-10L,0,4,6406,More than 1,A,Silver,109260
12530,Female,Rural,High School,More than 10L,1,0,0,1,A,Gold,32196
63040,Female,Urban,High School,5L-10L,1,0,0,1,A,Platinum,34080
44316,Male,Urban,Bachelor,5L-10L,1,6,2999,1,A,Platinum,50856
62546,Female,Urban,High School,5L-10L,1,2,4109,1,A,Platinum,51816
67537,Male,Urban,High School,5L-10L,0,1,4197,1,A,Platinum,41040
34291,Male,Urban,High School,<=2L,0,6,6929,1,B,Gold,53472
63426,Female,Rural,Bachelor,5L-10L,1,3,2980,More than 1,A,Silver,96576
60950,Female,Rural,Bachelor,5L-10L,1,5,3473,More than 1,B,Silver,70092
84054,Male,Rural,High School,5L-10L,0,4,5869,1,B,Silver,49296
76596,Male,Urban,Bachelor,2L-5L,0,7,10831,More than 1,B,Platinum,108864
34492,Female,Rural,Bachelor,5L-10L,1,1,0,More than 1,B,Platinum,60480
77773,Male,Urban,High School,<=2L,0,2,3588,More than 1,B,Gold,98532
54071,Female,Urban,High School,5L-10L,0,6,6500,More than 1,C,Platinum,162972
57810,Male,Urban,High School,2L-5L,0,6,5396,More than 1,A,Platinum,100656
16188,Female,Urban,Bachelor,5L-10L,1,8,0,More than 1,B,Platinum,64092
76917,Female,Urban,High School,2L-5L,1,0,4158,More than 1,B,Platinum,62208
5946,Female,Rural,High School,More than 10L,1,7,6080,1,B,Gold,33168
12620,Female,Rural,Bachelor,More than 10L,0,0,0,More than 1,B,Platinum,74112
63540,Male,Urban,Bachelor,5L-10L,0,6,3843,More than 1,B,Platinum,91944
56081,Male,Urban,High School,5L-10L,0,4,5265,More than 1,A,Gold,116580
45711,Male,Rural,Bachelor,More than 10L,1,0,2230,More than 1,B,Gold,69084
47560,Female,Urban,High School,5L-10L,1,4,3744,More than 1,B,Gold,74256
79169,Female,Urban,Bachelor,2L-5L,1,5,5271,1,A,Platinum,29592
80322,Male,Rural,Others,5L-10L,1,0,2415,More than 1,A,Platinum,94716
77896,Male,Urban,High School,5L-10L,0,1,4612,1,A,Gold,50868
62217,Female,Urban,High School,More than 10L,1,6,2352,1,A,Silver,33036
38587,Female,Urban,High School,2L-5L,0,2,5538,1,A,Gold,37260
71053,Male,Urban,High School,5L-10L,1,4,3262,More than 1,A,Platinum,90384
34818,Male,Urban,Bachelor,More than 10L,1,7,2142,More than 1,B,Platinum,63672
39284,Male,Urban,Bachelor,5L-10L,1,8,6996,More than 1,C,Silver,106260
41057,Male,Urban,Others,2L-5L,1,5,5117,1,A,Gold,32448
32963,Female,Rural,Others,5L-10L,1,5,5162,1,B,Silver,33888
11299,Male,Urban,High School,5L-10L,1,0,6591,1,A,Silver,32832
73588,Female,Rural,Bachelor,2L-5L,1,6,0,1,B,Platinum,67692
1058,Female,Rural,High School,5L-10L,1,7,4440,More than 1,A,Silver,99708
63707,Male,Urban,Bachelor,5L-10L,0,8,5963,1,A,Gold,47160
83610,Male,Urban,High School,5L-10L,0,6,6996,1,A,Platinum,46752
84148,Female,Rural,Bachelor,5L-10L,1,8,3371,1,B,Silver,53520
34084,Male,Urban,Bachelor,5L-10L,1,5,4238,More than 1,B,Platinum,101316
49312,Female,Urban,Bachelor,5L-10L,0,3,4405,More than 1,A,Silver,102048
49281,Male,Urban,Bachelor,2L-5L,0,1,5193,1,A,Silver,40740
73058,Male,Rural,High School,More than 10L,0,7,3046,1,C,Platinum,45624
77327,Male,Urban,High School,<=2L,1,7,7154,More than 1,A,Platinum,70188
43050,Female,Urban,Bachelor,5L-10L,0,4,8988,More than 1,A,Platinum,118932
22851,Male,Urban,Bachelor,2L-5L,0,3,3193,More than 1,B,Silver,103344
79320,Female,Rural,Bachelor,More than 10L,1,4,0,1,C,Platinum,51276
6118,Female,Urban,High School,5L-10L,0,6,0,1,A,Platinum,33504
60792,Male,Urban,Bachelor,5L-10L,1,1,7165,More than 1,A,Platinum,105960
50175,Female,Rural,Bachelor,5L-10L,0,7,0,More than 1,B,Platinum,76968
80500,Female,Urban,Bachelor,2L-5L,0,7,6153,More than 1,A,Gold,104580
62061,Male,Rural,High School,5L-10L,1,4,0,More than 1,A,Platinum,71604
43292,Male,Rural,High School,5L-10L,0,1,0,1,A,Silver,36132
79876,Male,Rural,Bachelor,More than 10L,0,5,4159,More than 1,A,Platinum,103740
50163,Male,Urban,High School,2L-5L,0,5,5491,1,B,Platinum,61140
17438,Male,Urban,Bachelor,2L-5L,1,7,4772,1,A,Gold,48216
85844,Female,Rural,High School,5L-10L,0,4,0,More than 1,C,Gold,93300
33991,Male,Rural,Bachelor,5L-10L,1,7,3249,More than 1,B,Platinum,64908
77501,Male,Urban,High School,More than 10L,1,4,6359,1,C,Gold,44184
58676,Female,Rural,Bachelor,5L-10L,1,5,0,More than 1,B,Silver,71712
84721,Female,Urban,High School,More than 10L,1,6,3656,More than 1,A,Platinum,91272
58457,Female,Rural,Bachelor,5L-10L,0,6,5502,More than 1,B,Gold,67092
18389,Female,Urban,Bachelor,5L-10L,1,6,2752,More than 1,A,Platinum,94104
88714,Male,Urban,Bachelor,5L-10L,0,2,6868,More than 1,A,Platinum,107484
20375,Male,Urban,Bachelor,5L-10L,1,2,15226,More than 1,B,Gold,116028
22052,Male,Urban,High School,5L-10L,1,2,6482,More than 1,A,Platinum,100692
45491,Male,Rural,High School,5L-10L,1,1,0,1,C,Gold,38544
43751,Male,Rural,Bachelor,5L-10L,0,8,4139,More than 1,B,Silver,70728
87646,Male,Urban,High School,2L-5L,0,4,5639,More than 1,B,Platinum,116508
75476,Female,Rural,High School,2L-5L,1,0,0,More than 1,B,Silver,75528
23159,Male,Urban,High School,2L-5L,1,3,6548,1,C,Gold,31116
72333,Male,Rural,High School,5L-10L,1,6,7330,1,B,Platinum,61140
88235,Female,Urban,Bachelor,5L-10L,0,7,3935,More than 1,A,Gold,110112
16216,Male,Urban,High School,5L-10L,1,6,3915,1,A,Silver,44664
35568,Female,Rural,Bachelor,More than 10L,1,8,2151,More than 1,B,Silver,71916
82172,Female,Urban,Bachelor,5L-10L,1,2,6431,More than 1,A,Platinum,100260
24442,Female,Urban,Bachelor,More than 10L,1,8,3503,More than 1,B,Silver,65652
20291,Female,Urban,Bachelor,5L-10L,1,2,6902,1,A,Silver,56568
53129,Male,Rural,Bachelor,2L-5L,0,2,0,More than 1,C,Silver,64428
47800,Male,Urban,High School,5L-10L,1,8,3836,1,A,Silver,47148
50901,Female,Urban,Bachelor,<=2L,0,4,4101,More than 1,B,Silver,97848
49974,Female,Urban,High School,5L-10L,0,3,5192,More than 1,A,Platinum,94404
78893,Male,Rural,Bachelor,More than 10L,1,7,0,1,B,Platinum,33264
812,Male,Urban,High School,5L-10L,0,5,2210,1,A,Platinum,35424
27600,Female,Urban,High School,2L-5L,0,4,5064,More than 1,A,Platinum,101496
88370,Female,Rural,High School,More than 10L,1,3,0,1,B,Platinum,36960
5050,Male,Rural,High School,5L-10L,0,4,0,More than 1,A,Platinum,62508
45158,Female,Rural,High School,More than 10L,0,0,5473,1,A,Silver,34992
10397,Female,Rural,High School,2L-5L,1,6,0,More than 1,A,Platinum,95028
50335,Male,Rural,High School,2L-5L,0,6,0,1,A,Platinum,53148
39518,Male,Urban,High School,5L-10L,1,6,3243,More than 1,B,Platinum,96996
53996,Female,Rural,High School,5L-10L,1,6,2033,1,A,Silver,36972
52156,Female,Urban,High School,5L-10L,1,2,7139,1,A,Platinum,37104
70034,Female,Urban,High School,5L-10L,0,5,6233,More than 1,A,Platinum,107376
84562,Male,Urban,Bachelor,2L-5L,1,3,3430,1,C,Silver,38400
52243,Female,Urban,Bachelor,2L-5L,1,2,0,1,A,Platinum,32988
19519,Female,Rural,High School,More than 10L,0,6,8461,1,A,Silver,69108
74781,Male,Urban,High School,5L-10L,1,7,4139,1,B,Platinum,41976
58873,Male,Urban,High School,5L-10L,0,5,4886,1,A,Silver,34500
5553,Male,Rural,Bachelor,More than 10L,1,7,0,1,B,Platinum,33048
29509,Male,Rural,High School,More than 10L,1,6,3777,1,A,Silver,51720
33936,Male,Urban,Bachelor,2L-5L,0,4,4409,More than 1,A,Silver,99276
85182,Male,Urban,High School,5L-10L,1,4,9025,More than 1,A,Gold,103200
59148,Female,Urban,Bachelor,5L-10L,1,5,5732,1,A,Platinum,53232
62778,Male,Rural,Bachelor,5L-10L,0,5,2406,1,A,Gold,49188
65670,Female,Urban,High School,More than 10L,0,1,9486,More than 1,A,Platinum,112068
21649,Male,Urban,Bachelor,2L-5L,1,3,7021,1,A,Gold,65040
34846,Male,Rural,Bachelor,5L-10L,1,2,3647,1,A,Silver,56616
4904,Female,Rural,High School,More than 10L,1,0,0,More than 1,A,Silver,71760
77024,Male,Urban,High School,5L-10L,1,1,4215,1,A,Gold,51672
15045,Female,Rural,Bachelor,5L-10L,1,1,3481,More than 1,B,Platinum,107556
35379,Female,Rural,High School,5L-10L,1,3,0,1,A,Platinum,48144
46735,Female,Urban,Bachelor,5L-10L,1,7,5376,More than 1,C,Platinum,115044
70805,Female,Rural,Bachelor,5L-10L,1,7,0,More than 1,B,Gold,74628
64257,Male,Urban,High School,5L-10L,1,1,11128,1,A,Platinum,58176
76621,Female,Urban,High School,2L-5L,0,2,13253,More than 1,A,Platinum,94212
36589,Male,Urban,Bachelor,5L-10L,1,0,0,More than 1,B,Platinum,64248
47395,Male,Urban,Bachelor,2L-5L,1,6,6155,1,A,Platinum,34428
47066,Female,Urban,Bachelor,5L-10L,1,7,8677,More than 1,A,Platinum,100620
79556,Female,Urban,Bachelor,5L-10L,0,7,5465,1,A,Platinum,51420
56737,Male,Urban,Bachelor,5L-10L,1,6,5318,1,A,Silver,33756
64689,Male,Urban,High School,5L-10L,0,3,10805,More than 1,A,Silver,114408
76493,Male,Rural,Others,5L-10L,0,2,0,1,B,Platinum,32928
60173,Male,Urban,Bachelor,More than 10L,1,5,3417,More than 1,B,Gold,63432
9474,Male,Rural,Bachelor,5L-10L,0,3,0,1,A,Gold,44328
38095,Male,Urban,High School,5L-10L,0,3,3251,1,A,Silver,38220
28599,Male,Urban,Bachelor,More than 10L,1,8,3462,More than 1,A,Gold,112128
5324,Female,Rural,Bachelor,5L-10L,1,0,2797,1,B,Gold,57912
89091,Male,Urban,Bachelor,5L-10L,0,2,4330,More than 1,A,Platinum,97440
68616,Male,Rural,Others,More than 10L,0,8,0,1,B,Platinum,32664
5990,Male,Rural,Bachelor,5L-10L,1,8,0,1,C,Gold,32724
13052,Male,Rural,Bachelor,5L-10L,1,6,3162,More than 1,B,Silver,69612
18663,Male,Urban,High School,5L-10L,1,1,4657,1,A,Gold,32916
46396,Male,Urban,High School,5L-10L,0,3,5350,1,A,Silver,37476
81792,Male,Urban,High School,5L-10L,1,2,2073,1,A,Platinum,33456
32142,Male,Rural,Bachelor,5L-10L,0,6,5183,1,B,Platinum,45756
26768,Male,Rural,High School,5L-10L,0,8,0,More than 1,B,Silver,58848
42254,Female,Rural,Others,5L-10L,1,0,2043,1,A,Platinum,40536
33,Male,Rural,Bachelor,5L-10L,0,0,2854,1,B,Platinum,60156
4757,Female,Rural,High School,2L-5L,1,7,5001,1,B,Silver,55152
71674,Female,Rural,Bachelor,More than 10L,1,3,2498,More than 1,A,Platinum,67140
38483,Male,Rural,Bachelor,2L-5L,0,6,2730,More than 1,B,Platinum,71568
14382,Female,Urban,High School,More than 10L,1,2,0,More than 1,B,Gold,61512
82325,Male,Urban,High School,More than 10L,0,5,6978,More than 1,A,Gold,105120
77025,Male,Urban,Bachelor,5L-10L,0,0,5488,1,A,Gold,32868
57312,Male,Rural,Bachelor,5L-10L,1,3,3111,More than 1,B,Platinum,64668
40122,Male,Urban,Bachelor,2L-5L,1,4,5925,More than 1,A,Silver,103908
12859,Male,Urban,High School,2L-5L,0,5,4990,1,A,Silver,31476
56315,Female,Urban,High School,<=2L,1,1,6126,1,A,Silver,47856
55393,Male,Urban,High School,5L-10L,1,4,2801,More than 1,A,Gold,99900
62587,Male,Rural,Bachelor,5L-10L,0,2,0,1,A,Silver,33372
10465,Female,Rural,High School,More than 10L,0,1,5716,More than 1,A,Silver,95652
66888,Male,Rural,Bachelor,2L-5L,1,8,2038,More than 1,A,Platinum,69708
23007,Female,Rural,High School,More than 10L,0,7,0,1,A,Gold,33216
29304,Female,Rural,High School,5L-10L,0,5,0,More than 1,B,Platinum,69912
21405,Female,Urban,High School,More than 10L,1,2,6359,More than 1,A,Gold,104412
85524,Male,Urban,Bachelor,5L-10L,1,8,2284,More than 1,B,Platinum,62760
7092,Female,Urban,Bachelor,5L-10L,1,4,5253,1,A,Gold,30756
34996,Male,Rural,High School,More than 10L,1,2,4777,1,B,Platinum,35628
51764,Female,Rural,Bachelor,More than 10L,1,5,2190,More than 1,A,Silver,92604
13662,Female,Rural,High School,More than 10L,1,3,0,1,B,Gold,37200
66457,Male,Rural,High School,5L-10L,0,3,3220,More than 1,A,Gold,99960
38677,Female,Urban,Others,5L-10L,0,6,5099,More than 1,B,Platinum,100752
79935,Male,Rural,Bachelor,5L-10L,0,7,0,More than 1,A,Platinum,80544
61840,Female,Rural,High School,2L-5L,0,7,5886,More than 1,A,Silver,89148
42848,Female,Urban,Bachelor,2L-5L,1,2,5763,More than 1,A,Platinum,91116
50989,Male,Urban,High School,More than 10L,0,6,6443,1,A,Platinum,49896
22041,Female,Rural,High School,5L-10L,1,8,0,More than 1,B,Gold,71376
35809,Male,Rural,Others,2L-5L,0,7,0,1,B,Silver,53880
79475,Female,Urban,Others,2L-5L,1,3,4931,1,A,Gold,35124
49716,Female,Urban,High School,5L-10L,0,0,5019,1,A,Gold,43116
51174,Female,Rural,Bachelor,5L-10L,1,1,9267,1,A,Gold,44616
6434,Male,Urban,High School,5L-10L,1,6,22788,1,B,Silver,33252
82985,Male,Urban,High School,2L-5L,0,4,6687,1,A,Silver,45780
50830,Female,Urban,High School,5L-10L,0,1,5405,1,C,Platinum,54072
5749,Male,Rural,Bachelor,More than 10L,1,0,0,1,C,Gold,35652
34863,Female,Rural,Bachelor,2L-5L,1,6,2740,More than 1,B,Silver,71028
40033,Male,Urban,Others,5L-10L,1,6,5637,1,A,Gold,51072
6671,Male,Urban,High School,5L-10L,1,3,5242,1,A,Platinum,31596
33320,Female,Urban,Bachelor,5L-10L,0,0,6268,1,A,Platinum,33168
22997,Female,Urban,Bachelor,5L-10L,0,3,5526,1,A,Gold,30828
84202,Female,Rural,Others,More than 10L,0,3,2156,More than 1,A,Gold,89808
68282,Female,Rural,High School,5L-10L,0,8,0,More than 1,B,Silver,67752
57477,Male,Rural,Bachelor,5L-10L,0,4,0,More than 1,A,Gold,70800
14291,Male,Urban,High School,5L-10L,0,7,6268,1,A,Platinum,35664
48185,Male,Urban,High School,2L-5L,1,7,8769,More than 1,C,Gold,102576
70981,Male,Rural,High School,5L-10L,1,0,0,1,B,Platinum,31560
87556,Male,Rural,Bachelor,5L-10L,1,8,0,1,C,Gold,32256
2399,Male,Urban,High School,More than 10L,0,1,5387,1,A,Platinum,49836
55852,Male,Urban,High School,5L-10L,1,6,2121,1,A,Silver,31596
29952,Female,Urban,Bachelor,5L-10L,1,2,7071,1,A,Gold,60048
33562,Male,Urban,High School,2L-5L,0,7,10079,1,A,Platinum,62652
73296,Male,Rural,Bachelor,More than 10L,1,1,2116,1,A,Platinum,34404
5406,Male,Rural,High School,More than 10L,1,5,2007,1,B,Silver,67320
79490,Female,Urban,High School,More than 10L,0,4,3359,1,A,Gold,36912
29820,Female,Urban,High School,2L-5L,1,0,5530,1,A,Platinum,37392
22146,Male,Rural,Bachelor,5L-10L,1,2,2299,More than 1,A,Platinum,63600
47055,Female,Urban,Bachelor,2L-5L,0,6,7246,1,A,Gold,45912
76904,Male,Rural,Bachelor,5L-10L,0,7,0,More than 1,B,Platinum,74004
36501,Female,Rural,Bachelor,More than 10L,0,7,0,1,B,Platinum,49584
43344,Male,Rural,Bachelor,5L-10L,0,8,0,More than 1,A,Gold,94008
21047,Female,Urban,Bachelor,2L-5L,1,0,3935,More than 1,C,Silver,77112
1115,Male,Urban,High School,5L-10L,0,6,7002,1,A,Platinum,53004
25719,Female,Urban,High School,More than 10L,0,2,3468,More than 1,A,Gold,87780
6112,Male,Urban,Bachelor,5L-10L,1,8,3240,More than 1,A,Platinum,89604
58931,Male,Urban,High School,5L-10L,1,6,7312,1,A,Platinum,46776
50432,Female,Rural,Bachelor,More than 10L,1,1,3648,More than 1,B,Platinum,98148
69242,Male,Rural,Bachelor,2L-5L,0,6,2243,1,B,Silver,53184
41131,Female,Urban,High School,5L-10L,1,1,0,1,A,Silver,31056
71966,Female,Urban,Bachelor,2L-5L,1,6,9128,More than 1,A,Silver,107724
75129,Male,Rural,High School,5L-10L,1,6,6306,More than 1,A,Gold,71280
67160,Female,Rural,Bachelor,More than 10L,0,2,2316,1,A,Platinum,50904
5437,Female,Urban,Others,5L-10L,1,5,4329,More than 1,A,Platinum,96108
52641,Male,Rural,High School,5L-10L,1,2,6513,1,A,Gold,35016
22200,Female,Rural,Bachelor,5L-10L,0,7,3554,More than 1,A,Platinum,70572
10997,Male,Urban,Others,2L-5L,0,0,6964,1,B,Gold,61644
88042,Female,Urban,High School,2L-5L,1,6,0,More than 1,C,Platinum,70716
51825,Female,Urban,Bachelor,2L-5L,1,7,3028,More than 1,B,Silver,77712
11070,Male,Urban,High School,5L-10L,0,1,6089,More than 1,B,Silver,66276
24327,Male,Urban,High School,5L-10L,0,7,10311,More than 1,A,Platinum,161304
17688,Male,Urban,High School,5L-10L,0,5,2566,More than 1,A,Silver,88476
50180,Female,Urban,High School,2L-5L,1,4,7864,More than 1,A,Platinum,130548
67438,Female,Rural,Bachelor,5L-10L,0,8,0,More than 1,B,Gold,70968
67227,Male,Urban,Bachelor,More than 10L,1,4,0,1,A,Gold,34128
34252,Male,Urban,High School,5L-10L,1,7,7174,More than 1,A,Gold,93960
8887,Female,Urban,Bachelor,5L-10L,0,2,4009,More than 1,A,Platinum,101712
52193,Female,Urban,Bachelor,More than 10L,0,6,5126,1,A,Silver,34680
67740,Female,Urban,High School,5L-10L,1,7,4344,1,B,Silver,36060
45323,Female,Rural,High School,More than 10L,1,4,0,1,B,Gold,34764
57241,Female,Rural,Others,More than 10L,0,8,2202,1,A,Platinum,63636
20688,Female,Urban,Bachelor,More than 10L,1,5,3451,1,A,Platinum,43644
16172,Male,Urban,High School,5L-10L,0,6,2206,1,A,Platinum,33684
32826,Male,Rural,Bachelor,5L-10L,1,6,3895,More than 1,A,Gold,98808
27711,Male,Urban,High School,<=2L,1,3,4653,1,A,Platinum,33324
30624,Female,Rural,Bachelor,5L-10L,1,6,2867,More than 1,A,Platinum,117036
65490,Female,Urban,High School,5L-10L,1,4,6293,1,A,Gold,47400
33789,Male,Rural,High School,5L-10L,0,1,0,More than 1,A,Gold,69072
25462,Female,Urban,Bachelor,5L-10L,0,7,13330,1,A,Platinum,52380
49765,Male,Rural,Bachelor,More than 10L,1,0,0,1,A,Silver,45828
54104,Male,Urban,Bachelor,5L-10L,1,3,6255,1,C,Gold,50124
60916,Female,Urban,High School,5L-10L,0,7,3454,1,B,Platinum,38352
12543,Male,Rural,High School,More than 10L,1,4,2152,1,B,Gold,56952
75664,Male,Rural,Bachelor,5L-10L,0,5,0,1,B,Gold,46068
43343,Male,Urban,Bachelor,2L-5L,0,1,3304,1,A,Gold,40200
24824,Female,Urban,High School,5L-10L,1,6,6593,More than 1,A,Platinum,103896
84288,Female,Rural,Bachelor,More than 10L,0,3,3832,More than 1,A,Silver,92592
57652,Female,Urban,Bachelor,5L-10L,0,7,8008,More than 1,A,Platinum,118404
63985,Female,Urban,High School,5L-10L,0,1,5288,1,A,Gold,34704
38797,Female,Urban,High School,5L-10L,0,4,5809,More than 1,A,Platinum,102228
44903,Male,Urban,High School,2L-5L,0,7,2398,1,A,Platinum,43728
2070,Female,Rural,Bachelor,5L-10L,0,6,8135,More than 1,A,Silver,91632
41952,Female,Urban,Bachelor,5L-10L,0,7,5738,1,A,Silver,33816
82662,Female,Urban,Bachelor,5L-10L,1,7,3471,More than 1,B,Silver,64584
58347,Male,Urban,High School,5L-10L,1,8,0,1,B,Gold,32832
75675,Male,Rural,Bachelor,2L-5L,0,0,2261,1,B,Platinum,41544
10526,Male,Rural,Bachelor,5L-10L,1,2,2762,More than 1,A,Silver,74220
29879,Female,Urban,High School,5L-10L,0,3,0,More than 1,A,Platinum,112980
54490,Female,Urban,High School,5L-10L,1,6,5628,1,C,Platinum,59412
4204,Female,Urban,High School,5L-10L,0,1,2146,More than 1,B,Silver,70788
71078,Male,Urban,High School,More than 10L,1,5,2446,1,A,Platinum,56568
9192,Male,Urban,High School,2L-5L,1,2,5000,1,A,Gold,32436
20686,Male,Rural,Bachelor,More than 10L,1,6,0,1,A,Platinum,40656
35391,Male,Rural,Bachelor,More than 10L,1,7,0,1,C,Silver,60768
9962,Female,Rural,Bachelor,2L-5L,0,7,5547,More than 1,B,Silver,67068
59554,Female,Rural,High School,2L-5L,0,6,2964,More than 1,B,Silver,67212
32345,Male,Urban,High School,2L-5L,1,1,4194,More than 1,C,Platinum,106308
29570,Male,Urban,Bachelor,5L-10L,1,6,2130,1,A,Platinum,32772
77998,Male,Urban,High School,5L-10L,0,8,19025,1,A,Gold,42288
6018,Male,Rural,High School,5L-10L,1,7,0,1,B,Silver,34632
43673,Male,Urban,High School,2L-5L,1,7,4970,1,A,Silver,33816
36722,Male,Urban,High School,More than 10L,0,2,7156,1,A,Platinum,66804
26787,Female,Urban,Others,5L-10L,0,6,10075,More than 1,A,Platinum,97596
86697,Female,Rural,Bachelor,5L-10L,0,6,0,1,A,Gold,35952
10522,Male,Urban,High School,More than 10L,1,6,4708,1,A,Silver,36720
30412,Male,Urban,Bachelor,More than 10L,1,5,6231,More than 1,A,Gold,97680
60216,Male,Urban,Bachelor,2L-5L,0,2,10764,More than 1,A,Platinum,121908
87382,Male,Urban,Bachelor,5L-10L,1,6,5744,1,A,Silver,35976
49124,Male,Urban,High School,2L-5L,1,3,6897,More than 1,C,Silver,186468
38478,Male,Rural,High School,2L-5L,1,7,0,1,B,Platinum,59136
846,Male,Urban,High School,2L-5L,1,8,15743,More than 1,A,Platinum,158976
57324,Male,Urban,Bachelor,5L-10L,0,6,3876,1,A,Platinum,48360
11814,Female,Urban,Bachelor,5L-10L,0,6,3280,More than 1,A,Platinum,106932
88709,Female,Urban,High School,5L-10L,1,1,6664,1,A,Gold,46872
12696,Male,Urban,Bachelor,5L-10L,1,7,25096,1,A,Silver,40272
80343,Male,Rural,Bachelor,5L-10L,1,4,0,1,C,Gold,36600
78368,Male,Urban,High School,2L-5L,1,2,5469,1,A,Silver,33660
77629,Male,Urban,Bachelor,5L-10L,0,6,0,More than 1,B,Platinum,70380
6762,Female,Urban,High School,5L-10L,0,1,9211,More than 1,A,Platinum,105540
88962,Male,Urban,High School,2L-5L,1,6,5047,More than 1,B,Platinum,105540
19622,Male,Rural,Bachelor,5L-10L,1,3,5534,More than 1,C,Platinum,72348
61413,Female,Urban,High School,More than 10L,0,5,4112,More than 1,A,Platinum,93312
31792,Male,Urban,Bachelor,5L-10L,1,1,2993,1,A,Platinum,37308
10044,Male,Urban,High School,5L-10L,1,2,5277,1,A,Gold,36792
6698,Female,Urban,High School,More than 10L,0,5,4381,More than 1,A,Platinum,118812
60498,Female,Rural,Others,5L-10L,1,5,0,1,A,Platinum,46812
67745,Female,Rural,Bachelor,5L-10L,0,6,0,1,A,Silver,53952
59906,Male,Rural,Bachelor,2L-5L,1,6,2118,1,B,Platinum,32112
18548,Male,Rural,Bachelor,5L-10L,0,1,0,More than 1,C,Platinum,63780
24095,Male,Urban,Bachelor,5L-10L,0,3,4609,1,A,Silver,46200
83864,Male,Urban,Bachelor,5L-10L,1,1,0,1,C,Silver,41880
65904,Male,Urban,Bachelor,5L-10L,1,4,5431,1,B,Gold,35484
43669,Male,Urban,High School,5L-10L,0,4,5016,More than 1,A,Platinum,91416
28149,Male,Rural,Others,More than 10L,1,4,3050,More than 1,C,Platinum,62280
18721,Male,Rural,High School,5L-10L,0,0,2046,1,A,Platinum,32736
7496,Male,Rural,Bachelor,5L-10L,1,6,12809,1,B,Platinum,63912
78595,Female,Urban,Bachelor,2L-5L,1,5,5622,More than 1,A,Silver,100644
55447,Male,Urban,Bachelor,5L-10L,0,1,5247,1,A,Platinum,39012
51514,Male,Urban,High School,More than 10L,0,6,0,1,B,Silver,32748
26204,Male,Urban,High School,5L-10L,0,1,5908,1,A,Gold,36132
48225,Male,Rural,High School,2L-5L,0,1,4148,More than 1,B,Silver,92244
55116,Female,Urban,Bachelor,2L-5L,0,8,4278,More than 1,B,Silver,121176
35653,Male,Rural,High School,5L-10L,1,8,2736,More than 1,A,Gold,93960
86471,Male,Urban,High School,5L-10L,1,2,2115,More than 1,A,Platinum,104076
82683,Male,Urban,Bachelor,5L-10L,1,5,2632,1,A,Silver,39036
36931,Male,Urban,Bachelor,<=2L,1,7,5624,1,A,Silver,51564
22877,Male,Urban,Bachelor,2L-5L,0,5,4258,1,B,Silver,46392
64535,Male,Urban,High School,5L-10L,0,3,5286,More than 1,A,Platinum,113388
29271,Male,Urban,Bachelor,2L-5L,0,3,6971,More than 1,A,Gold,109572
43009,Female,Rural,Bachelor,More than 10L,0,2,2470,More than 1,B,Platinum,105588
30425,Male,Urban,Bachelor,5L-10L,1,4,2214,1,A,Gold,55116
45224,Female,Urban,High School,5L-10L,1,8,3127,1,C,Silver,38700
23416,Female,Rural,High School,2L-5L,0,7,0,More than 1,B,Gold,65208
21172,Male,Rural,Bachelor,2L-5L,1,5,3440,1,A,Platinum,52440
31733,Male,Urban,Bachelor,5L-10L,1,6,4288,More than 1,B,Silver,75168
52224,Female,Urban,Bachelor,2L-5L,1,4,6156,1,B,Gold,45084
14184,Female,Urban,Bachelor,2L-5L,0,1,2584,1,A,Gold,44352
59282,Female,Urban,High School,5L-10L,0,1,5782,1,C,Platinum,48156
86925,Male,Urban,High School,More than 10L,0,1,3713,1,B,Gold,31536
660,Female,Rural,Others,2L-5L,0,3,0,More than 1,B,Platinum,69684
67735,Male,Rural,High School,5L-10L,0,1,11029,More than 1,B,Platinum,108636
42467,Male,Rural,Bachelor,More than 10L,1,6,2381,1,B,Platinum,35496
54976,Male,Urban,Bachelor,2L-5L,0,3,3558,1,C,Platinum,46836
2218,Male,Rural,Bachelor,5L-10L,1,5,0,1,B,Silver,37944
60633,Male,Urban,Bachelor,5L-10L,1,5,0,1,A,Gold,34236
59311,Male,Urban,High School,5L-10L,1,2,6513,1,A,Platinum,35004
71718,Male,Rural,Bachelor,More than 10L,1,5,0,More than 1,A,Silver,65436
82561,Female,Rural,Bachelor,5L-10L,1,4,5718,More than 1,A,Platinum,72252
7418,Female,Rural,Bachelor,More than 10L,1,6,0,1,A,Platinum,40068
2824,Female,Rural,Bachelor,5L-10L,1,6,3144,1,A,Silver,52644
49551,Male,Urban,High School,More than 10L,0,6,6251,More than 1,B,Platinum,71988
32690,Male,Urban,Bachelor,2L-5L,1,6,5582,1,C,Silver,32220
46488,Female,Urban,Others,5L-10L,1,4,4075,1,A,Platinum,48336
10854,Male,Urban,Others,2L-5L,1,7,8422,1,B,Silver,34836
54829,Male,Urban,Bachelor,2L-5L,1,5,5314,More than 1,A,Platinum,98580
15130,Female,Rural,High School,5L-10L,1,8,4131,More than 1,A,Gold,92568
78899,Male,Rural,High School,5L-10L,1,1,0,1,B,Silver,49824
32905,Male,Urban,Bachelor,2L-5L,1,5,6052,More than 1,A,Platinum,100800
24262,Male,Urban,Bachelor,2L-5L,1,4,0,More than 1,B,Silver,73236
89332,Male,Rural,Bachelor,5L-10L,1,7,2457,More than 1,C,Platinum,66972
4106,Male,Urban,Bachelor,5L-10L,1,7,9005,More than 1,A,Platinum,107196
39278,Female,Urban,Bachelor,5L-10L,0,4,5363,More than 1,B,Platinum,79344
74227,Female,Urban,Bachelor,2L-5L,1,3,5580,More than 1,A,Platinum,92424
66665,Male,Urban,High School,5L-10L,0,0,9384,More than 1,A,Gold,108936
60077,Male,Rural,Others,2L-5L,1,2,3993,More than 1,B,Platinum,65112
11712,Male,Rural,Others,5L-10L,0,0,0,1,C,Gold,60468
49992,Male,Rural,Bachelor,5L-10L,0,4,2627,More than 1,B,Gold,98688
68542,Female,Urban,High School,<=2L,0,6,5564,More than 1,A,Platinum,96888
35008,Female,Urban,High School,5L-10L,0,1,4162,More than 1,A,Platinum,94584
59640,Female,Urban,High School,5L-10L,0,4,6140,More than 1,A,Platinum,97104
48716,Male,Urban,Bachelor,5L-10L,1,2,6908,More than 1,A,Platinum,92412
56829,Male,Rural,High School,5L-10L,1,4,0,1,A,Gold,30744
86275,Female,Urban,High School,More than 10L,1,2,2085,More than 1,B,Gold,67236
55358,Female,Rural,Others,More than 10L,1,4,0,More than 1,B,Silver,71352
75159,Male,Urban,Bachelor,5L-10L,1,3,6524,1,A,Silver,54720
35276,Female,Urban,Bachelor,2L-5L,0,6,5251,More than 1,C,Silver,155904
88934,Male,Urban,Bachelor,5L-10L,0,1,9031,More than 1,A,Gold,105036
38142,Female,Rural,Bachelor,5L-10L,1,4,0,More than 1,A,Platinum,92832
88833,Female,Rural,Bachelor,More than 10L,1,7,0,1,B,Silver,64080
88373,Male,Urban,High School,2L-5L,0,7,4862,More than 1,A,Silver,98352
28374,Female,Urban,High School,5L-10L,0,0,7926,More than 1,A,Silver,115464
70128,Male,Rural,Bachelor,More than 10L,1,7,0,1,A,Platinum,36504
39474,Male,Urban,High School,2L-5L,0,1,6209,More than 1,C,Silver,100380
1823,Female,Urban,High School,More than 10L,1,6,5588,1,A,Gold,48276
6468,Female,Urban,Bachelor,2L-5L,1,3,4324,1,A,Silver,48924
32307,Female,Urban,High School,5L-10L,1,7,0,1,B,Platinum,36420
59172,Male,Urban,High School,5L-10L,1,5,4523,1,B,Silver,36336
58777,Male,Urban,Bachelor,5L-10L,1,4,5340,1,A,Silver,32520
83907,Male,Rural,Bachelor,5L-10L,1,7,0,More than 1,B,Silver,62856
49463,Male,Urban,High School,2L-5L,0,4,14294,More than 1,B,Platinum,101244
21619,Male,Urban,High School,5L-10L,0,6,0,1,A,Silver,35136
32972,Male,Rural,Bachelor,2L-5L,0,5,0,More than 1,A,Silver,69396
23853,Female,Urban,High School,5L-10L,1,6,4897,1,A,Platinum,30120
3036,Female,Rural,High School,More than 10L,0,7,2631,1,A,Platinum,38592
78296,Male,Urban,High School,2L-5L,0,5,6391,More than 1,A,Silver,102396
62909,Male,Rural,High School,5L-10L,0,2,0,1,A,Platinum,58848
61338,Female,Urban,High School,5L-10L,1,1,3559,1,A,Platinum,48240
23683,Male,Urban,High School,2L-5L,1,3,0,More than 1,B,Platinum,66960
88263,Female,Urban,High School,5L-10L,0,6,6354,More than 1,A,Gold,93636
79872,Male,Urban,Bachelor,2L-5L,0,7,2021,1,B,Platinum,46788
56226,Female,Rural,Bachelor,2L-5L,0,8,2147,More than 1,B,Silver,64512
86749,Male,Rural,High School,5L-10L,0,2,0,1,A,Silver,33864
24783,Male,Urban,Others,More than 10L,1,5,2674,1,A,Silver,37236
28151,Female,Rural,High School,5L-10L,1,5,3416,More than 1,B,Platinum,57324
40809,Female,Rural,High School,More than 10L,1,5,2566,More than 1,C,Gold,105324
30072,Female,Rural,High School,More than 10L,1,6,5327,1,A,Platinum,31284
26336,Male,Urban,High School,5L-10L,1,6,6296,1,C,Platinum,45720
39572,Male,Urban,Bachelor,5L-10L,0,5,5936,1,A,Gold,34728
45153,Male,Urban,Bachelor,2L-5L,1,8,8674,More than 1,B,Gold,93060
74458,Female,Urban,High School,5L-10L,0,5,4966,1,A,Gold,33720
43808,Male,Rural,Bachelor,5L-10L,1,4,2833,More than 1,A,Platinum,94968
52735,Female,Urban,High School,5L-10L,0,3,2283,More than 1,B,Platinum,110424
79573,Male,Rural,Bachelor,5L-10L,0,7,0,1,A,Platinum,46620
19928,Female,Rural,High School,5L-10L,0,2,2424,More than 1,C,Silver,147912
13388,Male,Urban,Bachelor,5L-10L,1,5,2660,1,C,Platinum,56028
24959,Female,Urban,Bachelor,More than 10L,1,6,0,1,A,Silver,57288
25559,Female,Urban,Others,More than 10L,1,5,4196,1,B,Silver,55452
47111,Female,Urban,Bachelor,5L-10L,0,7,8175,More than 1,A,Platinum,99576
32167,Male,Urban,Bachelor,5L-10L,1,2,0,1,A,Gold,33984
68115,Male,Urban,High School,5L-10L,0,8,4026,1,B,Silver,34020
56184,Male,Urban,High School,5L-10L,1,5,6772,1,A,Gold,43224
35326,Male,Urban,High School,2L-5L,1,6,2126,1,B,Gold,29772
22239,Female,Urban,Bachelor,2L-5L,1,0,4211,More than 1,C,Platinum,104772
72077,Female,Urban,Bachelor,More than 10L,1,4,2521,More than 1,B,Gold,72288
65648,Female,Rural,High School,5L-10L,1,7,3594,1,C,Gold,54852
9469,Male,Rural,Others,5L-10L,1,1,0,1,A,Gold,44256
31721,Female,Urban,Bachelor,5L-10L,1,2,4836,1,C,Platinum,36240
65026,Male,Urban,Bachelor,5L-10L,1,1,7997,More than 1,A,Silver,111996
50491,Male,Urban,High School,5L-10L,1,7,6121,1,A,Platinum,54420
83989,Female,Urban,Bachelor,5L-10L,0,6,7427,More than 1,A,Platinum,107604
80807,Female,Urban,High School,<=2L,0,1,5538,More than 1,B,Gold,111780
25439,Female,Rural,Bachelor,2L-5L,0,6,3142,More than 1,B,Platinum,64128
27663,Female,Urban,Bachelor,2L-5L,1,3,3898,More than 1,A,Platinum,89016
44645,Male,Urban,Bachelor,More than 10L,0,7,5680,1,A,Platinum,35244
68156,Male,Urban,Bachelor,2L-5L,1,2,8793,More than 1,A,Gold,109404
56076,Female,Rural,High School,5L-10L,1,6,0,1,A,Silver,43404
8767,Male,Rural,High School,More than 10L,1,5,2048,1,A,Silver,32952
76462,Female,Urban,High School,5L-10L,1,7,0,More than 1,A,Gold,100140
73339,Male,Rural,High School,5L-10L,0,2,2190,More than 1,B,Gold,57084
84698,Female,Urban,High School,<=2L,0,5,6573,More than 1,B,Platinum,90804
39687,Female,Rural,Bachelor,5L-10L,0,5,0,1,B,Platinum,50832
89264,Male,Urban,Bachelor,2L-5L,1,8,5806,More than 1,A,Silver,106704
61503,Female,Urban,Bachelor,5L-10L,1,3,0,1,A,Platinum,34044
39028,Female,Rural,High School,5L-10L,0,7,0,1,C,Gold,42360
41408,Male,Rural,High School,More than 10L,1,5,5220,1,A,Gold,38064
87516,Female,Urban,High School,5L-10L,0,6,5450,1,B,Silver,38136
51308,Male,Rural,Bachelor,More than 10L,1,3,0,More than 1,B,Platinum,67008
78276,Male,Urban,Bachelor,More than 10L,0,5,6816,More than 1,A,Gold,126984
80917,Male,Urban,Bachelor,5L-10L,1,5,4804,More than 1,C,Platinum,94524
71807,Female,Urban,High School,5L-10L,0,2,6015,1,C,Gold,33696
52171,Female,Rural,Others,5L-10L,1,5,2475,More than 1,C,Platinum,75660
11861,Male,Rural,High School,5L-10L,0,2,0,1,A,Platinum,57024
40718,Female,Rural,Bachelor,5L-10L,1,2,2044,More than 1,A,Platinum,66804
8583,Female,Rural,Bachelor,More than 10L,1,5,0,1,A,Silver,34872
35025,Female,Urban,Bachelor,More than 10L,1,8,9102,More than 1,A,Platinum,96180
41670,Male,Rural,High School,More than 10L,1,6,5063,1,A,Platinum,32388
79992,Female,Urban,Bachelor,5L-10L,0,3,8016,More than 1,A,Silver,101664
62530,Male,Urban,High School,5L-10L,1,5,3496,More than 1,A,Platinum,98376
53548,Male,Urban,High School,5L-10L,1,8,5657,1,A,Platinum,52092
25409,Female,Urban,Bachelor,5L-10L,0,1,0,1,A,Platinum,31536
28948,Female,Urban,High School,5L-10L,0,4,3532,More than 1,A,Gold,99192
1502,Female,Urban,High School,5L-10L,1,0,0,1,A,Silver,32460
273,Female,Rural,High School,5L-10L,0,1,0,1,B,Silver,35364
70938,Female,Rural,High School,2L-5L,1,8,0,More than 1,B,Platinum,68796
43720,Male,Urban,Bachelor,2L-5L,1,6,5002,1,A,Platinum,33672
50398,Male,Urban,Bachelor,5L-10L,0,6,3009,More than 1,A,Gold,93108
75498,Male,Rural,High School,5L-10L,1,3,4515,1,A,Platinum,43584
87586,Female,Urban,Bachelor,2L-5L,0,7,0,1,A,Silver,49116
31868,Male,Rural,Others,5L-10L,0,6,4350,1,B,Platinum,55464
80728,Male,Urban,High School,2L-5L,0,5,6199,More than 1,A,Platinum,116460
41086,Female,Urban,Bachelor,More than 10L,0,8,3130,More than 1,A,Gold,98568
65607,Female,Urban,High School,5L-10L,1,8,3065,1,A,Gold,48096
19557,Male,Rural,Bachelor,5L-10L,1,6,0,More than 1,B,Platinum,69480
50488,Female,Urban,High School,5L-10L,1,5,4052,More than 1,A,Platinum,89412
16369,Male,Urban,High School,5L-10L,1,4,2117,1,A,Gold,31404
64027,Male,Rural,High School,5L-10L,1,2,5882,1,A,Platinum,34344
80608,Male,Urban,High School,More than 10L,1,0,3963,More than 1,A,Platinum,86940
43113,Female,Rural,Bachelor,5L-10L,1,8,0,More than 1,C,Silver,65388
58109,Female,Urban,Others,5L-10L,1,6,4936,1,A,Silver,33024
48250,Female,Rural,High School,More than 10L,0,6,0,1,B,Silver,36744
61462,Male,Rural,Bachelor,5L-10L,1,6,6735,1,C,Gold,69936
82125,Male,Urban,High School,5L-10L,1,5,8881,1,A,Platinum,46980
51453,Male,Urban,Others,5L-10L,1,5,3877,More than 1,A,Silver,99108
61035,Male,Rural,Others,More than 10L,0,7,5228,1,A,Gold,50568
76539,Male,Rural,Bachelor,More than 10L,0,7,0,More than 1,B,Platinum,59460
14223,Male,Urban,High School,2L-5L,1,0,0,More than 1,C,Platinum,96996
43103,Male,Urban,High School,<=2L,0,5,4621,1,A,Silver,32484
6270,Male,Urban,High School,5L-10L,0,7,4406,1,A,Gold,33780
12354,Female,Rural,High School,More than 10L,0,2,0,1,B,Platinum,33492
68858,Male,Rural,Bachelor,More than 10L,1,2,2447,More than 1,B,Silver,105108
28702,Female,Rural,Bachelor,5L-10L,0,6,0,More than 1,A,Platinum,72948
15940,Male,Urban,High School,2L-5L,1,1,12684,1,A,Platinum,56436
62465,Female,Urban,High School,5L-10L,1,2,7606,1,C,Platinum,46152
56193,Male,Urban,High School,5L-10L,0,6,4371,1,A,Gold,53040
50440,Female,Urban,Others,5L-10L,1,1,0,1,B,Platinum,37476
82321,Male,Urban,Bachelor,5L-10L,1,5,0,More than 1,C,Gold,63528
12387,Female,Urban,High School,5L-10L,1,7,7434,More than 1,B,Platinum,111972
24580,Female,Urban,High School,More than 10L,0,6,3517,More than 1,A,Silver,107448
46885,Male,Urban,High School,5L-10L,0,4,9378,More than 1,A,Platinum,123024
85894,Male,Urban,High School,2L-5L,1,6,5190,More than 1,A,Platinum,100332
64741,Female,Rural,Bachelor,More than 10L,1,1,0,More than 1,B,Silver,70032
64416,Female,Urban,Bachelor,2L-5L,0,7,6024,More than 1,A,Silver,95436
51255,Male,Rural,Others,5L-10L,1,2,6041,1,B,Silver,36240
54517,Male,Urban,High School,2L-5L,0,4,5105,1,A,Platinum,47724
12132,Male,Urban,High School,2L-5L,1,4,6320,More than 1,A,Platinum,98460
58624,Female,Rural,High School,More than 10L,0,4,2192,1,B,Gold,50124
67941,Female,Rural,Others,5L-10L,0,1,0,1,A,Gold,37404
47793,Male,Urban,High School,More than 10L,0,3,5151,1,A,Silver,35292
79731,Female,Urban,High School,More than 10L,1,1,8175,1,A,Platinum,32352
23631,Female,Urban,High School,<=2L,0,1,7437,1,A,Gold,55248
12754,Female,Urban,Bachelor,2L-5L,0,0,5716,1,A,Platinum,53964
29083,Male,Rural,Bachelor,More than 10L,1,4,0,1,A,Gold,33756
6329,Male,Rural,Bachelor,5L-10L,1,6,6477,1,B,Silver,50292
19388,Male,Rural,Bachelor,5L-10L,1,0,0,1,B,Gold,36972
8384,Female,Urban,Bachelor,2L-5L,0,7,3841,More than 1,B,Silver,104196
53186,Female,Rural,High School,5L-10L,0,5,10146,1,A,Platinum,54228
86342,Male,Rural,Bachelor,5L-10L,0,4,0,1,B,Silver,44208
80948,Male,Urban,High School,More than 10L,0,4,7671,1,B,Platinum,54864
263,Female,Urban,High School,5L-10L,1,5,8365,1,A,Silver,76080
45838,Male,Urban,Bachelor,5L-10L,0,4,5244,1,A,Gold,31500
73487,Female,Rural,High School,5L-10L,0,0,0,More than 1,B,Platinum,73200
67165,Male,Rural,Bachelor,5L-10L,0,1,0,More than 1,A,Gold,73008
37719,Male,Urban,Others,More than 10L,1,5,2979,More than 1,B,Gold,63156
68726,Female,Urban,Others,2L-5L,1,2,0,More than 1,A,Silver,98136
68154,Female,Rural,High School,More than 10L,0,3,0,More than 1,C,Platinum,66756
84024,Female,Urban,Bachelor,5L-10L,0,5,8527,More than 1,A,Platinum,102000
87800,Female,Urban,High School,5L-10L,0,2,5680,More than 1,A,Platinum,103536
43500,Male,Rural,High School,More than 10L,0,6,0,1,B,Silver,49800
17146,Male,Rural,High School,More than 10L,0,8,0,More than 1,A,Gold,60144
30992,Female,Urban,Bachelor,5L-10L,0,7,2722,More than 1,A,Silver,72828
56454,Male,Urban,Bachelor,2L-5L,1,8,2122,More than 1,B,Gold,58632
69841,Male,Urban,High School,More than 10L,0,7,12534,1,B,Gold,31980
70184,Female,Urban,High School,<=2L,1,2,13743,More than 1,C,Platinum,153192
22438,Male,Urban,Bachelor,5L-10L,1,6,4003,More than 1,A,Gold,93756
38490,Female,Urban,Bachelor,2L-5L,0,8,9176,More than 1,A,Silver,129648
56366,Female,Rural,High School,More than 10L,0,7,0,1,B,Platinum,47292
51822,Female,Urban,High School,<=2L,1,5,7314,1,A,Gold,66492
26043,Female,Urban,Bachelor,2L-5L,0,6,4989,1,A,Platinum,40164
76256,Female,Urban,High School,5L-10L,1,6,6425,1,C,Platinum,51480
35289,Female,Urban,High School,2L-5L,1,5,0,More than 1,B,Gold,66600
9126,Female,Rural,Bachelor,2L-5L,0,5,0,More than 1,B,Silver,61092
64641,Male,Urban,High School,5L-10L,1,6,5456,1,A,Platinum,32760
52241,Male,Urban,Bachelor,5L-10L,1,1,6060,1,A,Gold,44124
16486,Female,Urban,High School,5L-10L,1,7,6920,More than 1,A,Platinum,109956
1552,Male,Urban,Bachelor,5L-10L,1,6,3935,More than 1,C,Silver,99084
34739,Female,Rural,High School,5L-10L,1,6,2161,1,A,Platinum,34356
81991,Female,Urban,High School,2L-5L,0,4,7048,1,A,Platinum,44616
73277,Female,Urban,High School,5L-10L,1,6,6425,1,B,Gold,57984
3280,Female,Urban,Bachelor,<=2L,0,8,5870,1,A,Platinum,32628
34425,Male,Urban,High School,5L-10L,1,4,5723,1,A,Gold,46020
77672,Male,Rural,High School,5L-10L,1,1,0,1,A,Platinum,35988
43377,Male,Rural,High School,5L-10L,1,8,2363,1,A,Platinum,32496
33552,Male,Rural,High School,5L-10L,0,7,0,1,C,Silver,39768
16750,Male,Rural,High School,5L-10L,1,4,0,1,A,Gold,31164
84062,Male,Urban,High School,More than 10L,1,0,6793,1,A,Gold,63480
10503,Female,Urban,High School,5L-10L,0,5,4956,More than 1,A,Platinum,107724
80738,Male,Rural,Bachelor,5L-10L,1,7,3969,1,B,Silver,50100
35872,Male,Rural,High School,More than 10L,0,5,2291,More than 1,B,Platinum,72624
17493,Female,Urban,Bachelor,5L-10L,1,1,6138,More than 1,A,Platinum,93408
50843,Male,Urban,High School,2L-5L,1,2,5333,1,A,Platinum,33756
66432,Male,Rural,High School,5L-10L,1,3,8880,More than 1,B,Gold,110328
83471,Male,Urban,Others,5L-10L,0,3,6671,1,A,Gold,54048
29349,Male,Urban,Bachelor,5L-10L,1,1,6233,1,A,Platinum,37284
52042,Male,Rural,High School,5L-10L,0,7,0,More than 1,A,Platinum,69072
38729,Female,Urban,High School,5L-10L,1,5,0,1,C,Platinum,36396
23872,Female,Urban,Bachelor,5L-10L,0,5,6762,More than 1,A,Platinum,98220
75943,Male,Urban,High School,5L-10L,1,6,5471,1,A,Silver,32316
17557,Male,Urban,Bachelor,5L-10L,1,8,3932,1,B,Platinum,53184
44102,Male,Urban,High School,2L-5L,0,5,6742,More than 1,A,Platinum,108432
6979,Male,Urban,Bachelor,More than 10L,1,6,7291,More than 1,A,Platinum,100020
20187,Female,Urban,High School,5L-10L,0,5,11226,1,A,Platinum,43944
10649,Female,Rural,High School,5L-10L,0,2,6427,More than 1,A,Gold,96012
11525,Male,Urban,Bachelor,2L-5L,1,6,5701,More than 1,B,Platinum,94932
82782,Male,Rural,Bachelor,5L-10L,0,1,0,1,A,Platinum,50196
56376,Male,Urban,Bachelor,5L-10L,0,1,5376,1,A,Platinum,35676
19442,Female,Urban,High School,5L-10L,0,3,3768,More than 1,A,Silver,105648
36557,Female,Urban,High School,5L-10L,1,0,0,1,B,Platinum,35508
68838,Female,Rural,Others,2L-5L,1,1,0,1,B,Silver,32868
58194,Female,Rural,Others,5L-10L,0,5,0,More than 1,A,Platinum,69768
34785,Male,Rural,Bachelor,5L-10L,1,7,3783,More than 1,B,Platinum,79680
87225,Male,Urban,High School,More than 10L,1,4,2443,More than 1,B,Gold,68760
65968,Female,Urban,High School,5L-10L,1,7,4303,1,A,Silver,35712
49504,Female,Rural,Bachelor,2L-5L,1,7,5112,1,A,Silver,34512
26349,Male,Urban,High School,2L-5L,0,6,11329,1,C,Silver,34296
78532,Male,Urban,Bachelor,5L-10L,1,5,0,1,B,Platinum,36792
9789,Male,Rural,Bachelor,5L-10L,0,1,0,1,A,Platinum,50232
7775,Female,Rural,High School,More than 10L,0,7,7759,More than 1,B,Silver,115500
27224,Female,Urban,High School,5L-10L,1,2,3291,1,C,Silver,45456
19989,Male,Urban,Bachelor,5L-10L,1,7,5822,1,B,Platinum,34584
27995,Male,Urban,Bachelor,5L-10L,1,5,4138,1,A,Gold,50508
20907,Female,Urban,High School,5L-10L,1,6,4751,1,A,Platinum,41544
67693,Male,Rural,High School,More than 10L,0,3,0,1,A,Platinum,33072
23600,Male,Urban,High School,5L-10L,0,3,2609,1,A,Platinum,46536
33955,Male,Urban,High School,5L-10L,1,5,5271,1,A,Platinum,31236
46406,Female,Urban,Bachelor,2L-5L,1,8,0,More than 1,B,Platinum,71004
50918,Male,Rural,Others,5L-10L,0,7,0,1,B,Platinum,55464
65463,Male,Urban,High School,2L-5L,0,7,16337,1,A,Gold,48444
5711,Female,Rural,High School,More than 10L,0,1,0,1,B,Platinum,32748
15411,Male,Urban,High School,2L-5L,1,2,8246,1,B,Silver,44208
78874,Female,Rural,Bachelor,More than 10L,0,6,2634,More than 1,B,Platinum,91188
3060,Female,Urban,High School,5L-10L,0,1,9031,More than 1,A,Gold,104256
16732,Female,Urban,High School,5L-10L,1,4,3933,1,B,Platinum,36444
65329,Male,Rural,High School,More than 10L,1,1,2346,1,C,Platinum,38124
5382,Male,Rural,High School,More than 10L,0,3,0,More than 1,A,Platinum,65784
69370,Male,Urban,High School,More than 10L,1,4,5527,1,A,Gold,39408
88564,Female,Urban,Bachelor,2L-5L,0,1,3480,More than 1,A,Platinum,94488
51573,Male,Rural,Bachelor,More than 10L,0,4,0,1,B,Platinum,36972
66591,Female,Urban,High School,5L-10L,1,2,3194,More than 1,A,Platinum,95112
85071,Male,Rural,High School,5L-10L,1,4,0,More than 1,B,Silver,60936
54996,Male,Urban,Others,2L-5L,1,4,5334,1,B,Platinum,44964
29316,Female,Rural,Bachelor,5L-10L,1,3,0,More than 1,A,Silver,106356
51436,Female,Rural,High School,5L-10L,0,7,5019,1,B,Gold,47568
3662,Female,Urban,High School,5L-10L,1,5,5309,1,A,Platinum,31848
30790,Male,Rural,Bachelor,More than 10L,0,2,12067,1,B,Platinum,45708
39456,Female,Urban,Bachelor,5L-10L,1,5,6281,More than 1,A,Platinum,97428
35603,Female,Rural,Bachelor,5L-10L,1,6,2174,More than 1,B,Gold,74916
38573,Female,Urban,High School,5L-10L,0,7,2423,More than 1,A,Gold,94392
68983,Male,Urban,High School,5L-10L,0,8,6446,1,A,Gold,31968
46873,Male,Urban,High School,5L-10L,0,1,10596,1,A,Gold,36660
19225,Male,Urban,High School,5L-10L,1,5,4050,More than 1,A,Platinum,96528
87170,Female,Urban,High School,5L-10L,0,6,4033,1,A,Platinum,51576
17225,Male,Rural,Others,More than 10L,1,1,0,1,A,Silver,48912
63407,Female,Urban,High School,5L-10L,0,4,6153,1,C,Silver,55656
34180,Female,Rural,Bachelor,5L-10L,0,5,4123,More than 1,C,Gold,102396
24962,Male,Urban,Bachelor,5L-10L,1,6,5498,1,B,Silver,36240
40666,Female,Urban,High School,<=2L,0,1,5662,1,A,Silver,56928
89169,Male,Rural,Bachelor,5L-10L,1,0,0,1,B,Silver,32148
66662,Female,Rural,High School,2L-5L,1,6,0,More than 1,B,Silver,100860
31885,Female,Urban,High School,More than 10L,0,1,3184,More than 1,A,Gold,98364
75073,Male,Urban,Bachelor,2L-5L,0,8,4893,More than 1,B,Platinum,91872
62087,Female,Rural,Bachelor,5L-10L,1,3,0,1,A,Platinum,43464
50766,Female,Rural,High School,2L-5L,1,4,3895,More than 1,C,Gold,111624
29639,Male,Urban,High School,2L-5L,1,4,6604,More than 1,A,Gold,97188
7741,Male,Urban,High School,5L-10L,0,8,9198,1,A,Platinum,62796
75472,Male,Urban,High School,5L-10L,0,3,5982,1,A,Silver,33108
57007,Male,Urban,High School,5L-10L,1,6,2841,More than 1,C,Gold,116772
48550,Female,Urban,Bachelor,5L-10L,0,7,7866,More than 1,B,Silver,199704
36609,Female,Urban,Bachelor,5L-10L,0,6,10875,1,A,Silver,57264
48580,Male,Urban,High School,More than 10L,1,6,5988,1,A,Gold,36696
60353,Female,Urban,High School,2L-5L,1,5,6882,1,A,Platinum,40488
18105,Female,Urban,Bachelor,2L-5L,1,1,0,1,B,Silver,32208
49447,Male,Rural,Others,5L-10L,1,0,2704,1,B,Silver,40608
68445,Male,Urban,High School,2L-5L,0,2,2024,1,C,Gold,51312
57504,Male,Urban,Bachelor,5L-10L,1,4,7569,More than 1,A,Platinum,104436
49342,Male,Urban,High School,5L-10L,0,7,3001,1,C,Gold,48516
28681,Male,Urban,Bachelor,5L-10L,1,2,3999,More than 1,B,Silver,77868
65919,Female,Rural,Bachelor,5L-10L,0,8,0,1,B,Silver,60576
53950,Male,Urban,Bachelor,More than 10L,1,7,4926,More than 1,A,Gold,97716
16082,Male,Urban,High School,<=2L,1,6,6125,1,A,Platinum,49824
9582,Male,Rural,Others,5L-10L,1,7,0,1,C,Platinum,34572
81274,Female,Rural,High School,2L-5L,0,6,2029,1,B,Silver,37032
77144,Male,Rural,High School,5L-10L,1,4,4293,More than 1,C,Gold,78216
33176,Female,Urban,High School,More than 10L,0,4,0,1,A,Silver,42216
4054,Female,Urban,Bachelor,5L-10L,1,5,4674,1,A,Gold,34128
32141,Male,Rural,Bachelor,5L-10L,1,5,2600,1,B,Platinum,43224
68209,Male,Urban,High School,5L-10L,0,3,5221,1,C,Platinum,32304
79325,Male,Urban,Bachelor,More than 10L,0,8,4022,More than 1,A,Gold,89064
33374,Female,Urban,High School,5L-10L,0,1,3981,More than 1,A,Platinum,93840
17012,Male,Urban,Bachelor,2L-5L,1,5,4283,1,A,Platinum,48336
47263,Male,Urban,High School,5L-10L,1,7,4165,More than 1,B,Gold,73140
37693,Male,Rural,Bachelor,2L-5L,0,4,10299,More than 1,B,Gold,109068
33820,Male,Urban,Others,More than 10L,0,6,4039,1,A,Gold,48036
39185,Female,Rural,Bachelor,5L-10L,1,3,6542,1,B,Silver,37164
41764,Female,Urban,High School,2L-5L,1,2,5664,More than 1,A,Platinum,87984
40631,Male,Rural,Bachelor,More than 10L,1,3,0,1,A,Gold,33108
58675,Female,Rural,High School,2L-5L,0,4,5882,More than 1,A,Platinum,60216
61850,Female,Urban,High School,2L-5L,1,5,5229,More than 1,A,Platinum,104064
11887,Female,Rural,Bachelor,2L-5L,1,6,3473,More than 1,B,Silver,77532
42271,Male,Rural,High School,5L-10L,1,6,4078,1,A,Silver,53376
71616,Female,Urban,High School,5L-10L,0,6,4861,1,C,Gold,35568
4934,Female,Urban,High School,5L-10L,0,4,5142,More than 1,A,Platinum,101628
59807,Female,Urban,High School,2L-5L,1,2,4265,More than 1,C,Platinum,104448
1485,Female,Rural,Bachelor,5L-10L,0,7,2568,1,B,Platinum,54900
11063,Male,Urban,Bachelor,2L-5L,1,3,5273,1,A,Platinum,34452
58171,Male,Urban,High School,5L-10L,0,4,5083,1,A,Silver,31032
30372,Male,Urban,High School,5L-10L,1,2,10102,1,A,Silver,49104
27892,Male,Urban,High School,5L-10L,1,5,3921,More than 1,A,Silver,99012
38655,Male,Rural,Others,5L-10L,0,5,2680,More than 1,B,Platinum,62772
36814,Male,Urban,Bachelor,5L-10L,1,6,5716,1,A,Platinum,36804
12349,Male,Urban,High School,2L-5L,1,6,0,More than 1,B,Silver,64992
26680,Female,Urban,High School,5L-10L,1,2,0,1,A,Gold,33612
4069,Male,Urban,High School,5L-10L,0,6,5498,More than 1,A,Platinum,101220
13243,Female,Urban,Bachelor,5L-10L,1,8,2026,1,C,Silver,39780
39952,Female,Urban,Bachelor,More than 10L,1,6,3348,1,A,Gold,34992
43449,Female,Urban,High School,5L-10L,0,1,4200,1,A,Gold,39564
56770,Male,Urban,Bachelor,5L-10L,1,6,6249,1,C,Platinum,50928
44731,Male,Urban,High School,2L-5L,1,5,5940,More than 1,A,Platinum,113976
11794,Female,Urban,High School,More than 10L,0,7,6777,More than 1,A,Gold,97668
39316,Male,Urban,High School,5L-10L,1,5,5215,1,C,Platinum,36756
76265,Male,Urban,Bachelor,5L-10L,1,6,5941,1,A,Platinum,42564
41651,Male,Urban,Others,<=2L,0,2,5751,1,A,Platinum,46416
10506,Female,Urban,High School,More than 10L,0,0,0,More than 1,C,Silver,94008
41627,Female,Rural,Bachelor,2L-5L,1,0,0,1,A,Platinum,31932
27616,Female,Urban,Bachelor,2L-5L,0,5,5040,1,A,Platinum,46008
84366,Female,Urban,Others,More than 10L,0,5,3988,More than 1,B,Platinum,95724
27041,Male,Rural,High School,5L-10L,0,5,4448,1,A,Gold,45804
5932,Male,Urban,High School,More than 10L,1,4,3608,1,A,Gold,34860
3159,Female,Urban,Bachelor,<=2L,1,2,5234,More than 1,A,Silver,101844
2652,Female,Rural,Others,5L-10L,0,7,0,1,A,Gold,30144
3152,Male,Urban,High School,More than 10L,0,1,7112,More than 1,A,Platinum,91692
54751,Male,Urban,High School,5L-10L,0,5,2675,More than 1,B,Platinum,116592
55543,Male,Urban,Bachelor,5L-10L,1,7,0,More than 1,B,Platinum,66648
3509,Male,Urban,Bachelor,5L-10L,1,6,0,1,C,Platinum,34128
26821,Female,Urban,Others,5L-10L,0,8,6739,1,A,Platinum,43728
64439,Male,Urban,Bachelor,More than 10L,0,8,4332,More than 1,B,Platinum,116748
45657,Female,Rural,High School,5L-10L,0,5,2962,More than 1,A,Gold,103188
81485,Female,Urban,Bachelor,5L-10L,0,4,10456,1,A,Platinum,53292
48179,Male,Urban,High School,5L-10L,0,6,5587,1,A,Platinum,36636
6140,Male,Urban,Others,5L-10L,0,8,6722,More than 1,A,Gold,119388
65660,Male,Urban,Bachelor,5L-10L,1,1,5869,More than 1,A,Gold,108072
35235,Male,Urban,Bachelor,More than 10L,0,6,4117,More than 1,A,Platinum,127536
49572,Male,Rural,High School,5L-10L,0,4,6054,More than 1,A,Gold,97116
82649,Female,Urban,High School,5L-10L,1,6,4824,1,C,Gold,33732
63030,Male,Rural,Bachelor,2L-5L,1,6,2242,1,B,Platinum,56100
41319,Male,Urban,High School,5L-10L,0,1,7018,1,A,Silver,50472
25246,Male,Urban,Bachelor,<=2L,1,6,6065,1,C,Platinum,46644
34164,Male,Urban,High School,More than 10L,0,6,7219,1,A,Silver,53856
61132,Male,Rural,Bachelor,5L-10L,0,2,6188,1,A,Platinum,50508
78241,Female,Rural,High School,More than 10L,1,1,0,More than 1,B,Platinum,70368
6210,Female,Rural,Bachelor,5L-10L,0,4,3899,More than 1,B,Silver,104652
61542,Female,Rural,High School,5L-10L,1,1,5642,1,C,Silver,65196
88855,Male,Urban,High School,More than 10L,0,7,2190,1,B,Platinum,40800
35604,Male,Urban,Bachelor,More than 10L,0,8,8816,More than 1,A,Silver,106428
70173,Male,Urban,High School,5L-10L,1,4,4789,1,A,Gold,33324
14596,Female,Urban,High School,5L-10L,1,1,5609,1,A,Gold,48396
48480,Female,Urban,Bachelor,More than 10L,0,2,5610,1,A,Silver,59484
43488,Male,Urban,High School,5L-10L,1,5,3924,1,A,Gold,47616
76682,Male,Rural,High School,5L-10L,1,5,0,1,A,Platinum,37428
57151,Female,Urban,High School,5L-10L,0,6,9977,1,A,Silver,50784
49517,Female,Rural,Bachelor,5L-10L,1,4,5204,More than 1,C,Platinum,71832
75712,Male,Rural,High School,More than 10L,0,3,2548,1,B,Platinum,46944
6915,Male,Urban,Bachelor,5L-10L,1,4,6368,1,B,Silver,39768
76955,Male,Urban,Bachelor,5L-10L,0,7,8046,1,A,Silver,50760
52631,Female,Urban,High School,2L-5L,1,5,0,1,C,Gold,34920
1864,Female,Urban,High School,5L-10L,1,3,6326,More than 1,A,Platinum,95568
55973,Male,Rural,Bachelor,5L-10L,1,6,4135,1,B,Gold,52620
54476,Male,Urban,Bachelor,5L-10L,0,5,6507,1,A,Platinum,35520
60377,Male,Rural,Others,More than 10L,1,1,2028,More than 1,A,Platinum,70140
79510,Male,Urban,High School,2L-5L,1,2,7159,1,A,Platinum,60276
42159,Male,Urban,Others,5L-10L,1,4,3987,More than 1,A,Gold,92988
15085,Male,Rural,Bachelor,More than 10L,0,6,0,1,B,Platinum,35688
74751,Female,Urban,High School,5L-10L,0,6,4775,More than 1,A,Silver,101664
35219,Female,Rural,Bachelor,More than 10L,1,2,0,More than 1,A,Platinum,63228
28129,Male,Urban,High School,2L-5L,1,6,4457,1,B,Platinum,57888
65340,Male,Urban,High School,5L-10L,0,2,4061,1,C,Platinum,48432
68604,Female,Urban,High School,5L-10L,0,7,5883,More than 1,A,Platinum,106440
57432,Male,Rural,Bachelor,2L-5L,1,4,0,More than 1,A,Platinum,70572
58903,Male,Urban,High School,More than 10L,0,5,3782,More than 1,A,Silver,79872
59974,Male,Rural,Others,5L-10L,1,7,3242,More than 1,A,Platinum,66456
57508,Male,Urban,High School,5L-10L,1,6,10652,More than 1,A,Gold,97056
74663,Male,Rural,Bachelor,5L-10L,1,0,0,1,A,Gold,33060
39099,Male,Urban,Bachelor,5L-10L,1,6,3838,More than 1,A,Silver,95688
9486,Female,Urban,High School,2L-5L,0,6,5154,More than 1,B,Silver,88008
53188,Female,Urban,High School,2L-5L,1,6,4299,1,C,Gold,36324
66634,Female,Rural,Bachelor,2L-5L,0,7,0,1,B,Silver,41448
2006,Male,Urban,High School,5L-10L,1,6,0,1,C,Platinum,30516
7754,Male,Rural,Bachelor,5L-10L,1,4,2387,More than 1,A,Platinum,103884
31472,Female,Urban,High School,5L-10L,0,7,0,More than 1,A,Silver,114576
86866,Female,Rural,Bachelor,5L-10L,0,6,6690,More than 1,A,Platinum,103704
86014,Male,Urban,Bachelor,5L-10L,0,4,5977,1,A,Platinum,40404
60345,Male,Urban,High School,More than 10L,1,6,6264,More than 1,A,Platinum,100068
65946,Female,Urban,High School,5L-10L,1,0,3138,More than 1,C,Silver,63852
50912,Female,Urban,High School,2L-5L,0,7,15731,1,A,Platinum,44376
48493,Male,Urban,High School,5L-10L,1,6,8173,More than 1,A,Silver,93324
20481,Male,Rural,High School,More than 10L,0,2,0,1,A,Silver,36276
13749,Female,Urban,Bachelor,5L-10L,1,0,7983,More than 1,A,Gold,98364
60918,Male,Rural,High School,5L-10L,1,0,0,1,B,Gold,35784
61819,Male,Urban,Bachelor,2L-5L,1,7,3638,More than 1,B,Silver,75576
45400,Female,Urban,High School,More than 10L,1,2,6702,1,B,Platinum,49692
35169,Female,Urban,Bachelor,5L-10L,0,7,4265,1,B,Platinum,55836
12453,Female,Urban,High School,5L-10L,1,6,5906,More than 1,A,Platinum,87792
30564,Male,Urban,Bachelor,2L-5L,0,5,5991,More than 1,B,Gold,100476
51509,Male,Urban,High School,More than 10L,0,1,2000,More than 1,B,Gold,97104
44243,Female,Urban,Bachelor,5L-10L,1,4,4704,1,A,Platinum,34380
5419,Female,Urban,High School,More than 10L,1,5,4315,1,A,Silver,34668
50785,Female,Urban,High School,2L-5L,0,1,0,More than 1,A,Platinum,102132
43204,Male,Urban,High School,5L-10L,1,0,4640,1,A,Platinum,35364
61063,Female,Urban,High School,5L-10L,1,2,3328,More than 1,A,Platinum,91404
80746,Female,Urban,Bachelor,2L-5L,0,8,4732,1,B,Platinum,52824
88300,Male,Urban,Bachelor,5L-10L,1,5,6292,1,A,Platinum,46752
87761,Male,Urban,Others,5L-10L,0,6,6195,1,B,Platinum,36600
24314,Female,Rural,Bachelor,More than 10L,1,5,0,1,A,Silver,36192
16742,Male,Urban,High School,5L-10L,0,6,4693,1,A,Gold,47712
87557,Male,Urban,Bachelor,5L-10L,0,4,4559,1,A,Gold,56772
54280,Female,Urban,High School,More than 10L,1,7,6611,1,A,Silver,45384
19127,Female,Urban,Bachelor,5L-10L,0,7,6159,More than 1,A,Platinum,102780
89386,Male,Urban,Bachelor,5L-10L,1,4,3138,More than 1,A,Gold,96672
8740,Male,Urban,High School,2L-5L,1,6,6691,1,C,Platinum,55464
35123,Male,Rural,High School,5L-10L,1,6,6430,More than 1,B,Platinum,98640
32806,Male,Rural,Bachelor,5L-10L,1,8,3377,More than 1,B,Platinum,67008
63342,Male,Urban,Bachelor,5L-10L,0,4,4988,1,A,Platinum,34920
15983,Male,Urban,High School,5L-10L,1,6,5763,1,A,Gold,32520
1490,Male,Urban,Bachelor,2L-5L,1,5,6160,1,A,Silver,35292
24984,Male,Urban,High School,5L-10L,1,4,6617,More than 1,A,Platinum,104724
49196,Female,Urban,High School,5L-10L,0,3,6515,1,B,Platinum,37032
5793,Male,Rural,Bachelor,5L-10L,1,3,4589,1,A,Gold,33372
12863,Male,Rural,Bachelor,5L-10L,0,5,2111,1,B,Platinum,32580
1605,Male,Urban,Bachelor,5L-10L,1,2,5992,1,C,Silver,37380
82343,Male,Urban,High School,5L-10L,1,7,14900,More than 1,A,Platinum,132852
47411,Female,Rural,Bachelor,5L-10L,0,2,0,1,A,Platinum,43404
37350,Male,Urban,Bachelor,5L-10L,1,4,3775,More than 1,A,Platinum,92796
33995,Male,Rural,Bachelor,More than 10L,1,7,2002,More than 1,A,Platinum,64020
5187,Female,Urban,High School,5L-10L,0,6,5765,More than 1,B,Gold,101376
33794,Male,Urban,High School,5L-10L,0,0,3310,More than 1,A,Platinum,100848
53585,Female,Urban,Bachelor,5L-10L,1,7,5685,1,B,Silver,35040
7225,Female,Rural,High School,5L-10L,1,2,3833,More than 1,B,Gold,70188
55456,Male,Urban,Bachelor,2L-5L,0,7,2074,More than 1,B,Silver,75972
14731,Male,Rural,High School,More than 10L,1,7,3925,More than 1,A,Gold,91668
10303,Female,Urban,High School,2L-5L,0,1,3720,More than 1,C,Platinum,102408
80383,Male,Urban,High School,5L-10L,0,7,2400,1,A,Platinum,36948
54906,Male,Urban,Bachelor,2L-5L,1,2,0,1,B,Silver,29868
20781,Male,Urban,High School,5L-10L,1,6,2788,1,A,Silver,38292
77171,Female,Urban,High School,5L-10L,1,5,5021,1,A,Gold,33840
57032,Female,Urban,Others,5L-10L,0,8,3401,1,A,Gold,35472
49446,Male,Urban,High School,More than 10L,0,6,4999,1,A,Gold,36264
89328,Male,Rural,High School,5L-10L,1,5,0,More than 1,C,Platinum,105828
36754,Male,Rural,High School,5L-10L,1,7,2060,More than 1,B,Platinum,61368
43997,Male,Rural,Bachelor,5L-10L,0,2,2465,1,A,Platinum,47976
65242,Female,Rural,High School,5L-10L,1,1,0,1,A,Gold,34932
39152,Male,Urban,High School,5L-10L,0,0,10402,1,A,Gold,46536
13302,Male,Rural,High School,5L-10L,1,8,3720,1,B,Platinum,47016
3720,Male,Urban,High School,5L-10L,1,6,2162,1,A,Platinum,35616
20706,Male,Urban,High School,5L-10L,0,5,4967,1,B,Silver,30168
4648,Male,Rural,Bachelor,5L-10L,1,4,0,1,C,Platinum,55980
80574,Male,Rural,High School,5L-10L,0,8,0,1,A,Platinum,31656
85407,Female,Rural,Others,5L-10L,1,5,2116,1,B,Platinum,32208
72986,Female,Rural,Bachelor,5L-10L,1,5,0,More than 1,B,Silver,67284
61723,Male,Urban,High School,2L-5L,1,0,0,1,A,Platinum,31464
57215,Female,Rural,High School,5L-10L,1,6,4836,1,A,Gold,30816
52050,Female,Rural,Bachelor,5L-10L,0,7,0,1,B,Platinum,34500
36236,Female,Urban,High School,5L-10L,0,3,3935,More than 1,A,Silver,105540
6318,Male,Urban,High School,2L-5L,1,2,6720,More than 1,C,Platinum,70260
18679,Female,Urban,Bachelor,5L-10L,1,8,2121,More than 1,B,Platinum,74520
61774,Male,Rural,Bachelor,More than 10L,1,7,15908,More than 1,B,Silver,70680
31203,Female,Rural,High School,5L-10L,0,0,2927,More than 1,A,Gold,98304
64719,Male,Urban,Bachelor,5L-10L,1,5,2002,1,A,Silver,45552
36302,Female,Urban,Bachelor,5L-10L,1,6,10337,1,A,Platinum,34980
20629,Male,Urban,High School,5L-10L,0,4,2487,1,B,Platinum,46092
81577,Male,Urban,High School,5L-10L,1,3,4352,1,A,Silver,51816
31174,Male,Urban,High School,<=2L,1,7,5659,More than 1,A,Platinum,116112
84667,Female,Rural,Bachelor,5L-10L,1,0,0,1,A,Platinum,33384
87643,Male,Urban,Bachelor,5L-10L,1,4,0,More than 1,B,Silver,75564
55537,Female,Rural,High School,5L-10L,1,4,0,More than 1,B,Gold,64680
26247,Male,Urban,Bachelor,More than 10L,1,6,8314,More than 1,A,Platinum,117852
10172,Male,Rural,Others,More than 10L,1,7,0,1,A,Platinum,40680
43802,Female,Urban,Bachelor,5L-10L,0,5,5302,More than 1,A,Platinum,104796
13635,Male,Rural,Bachelor,5L-10L,0,6,0,More than 1,B,Silver,93096
16002,Male,Urban,High School,5L-10L,1,6,4414,1,A,Platinum,54708
29860,Female,Urban,Bachelor,5L-10L,0,7,6233,1,A,Platinum,49476
62859,Male,Urban,High School,More than 10L,1,3,3694,More than 1,A,Silver,97440
69472,Female,Urban,Bachelor,2L-5L,0,5,9318,More than 1,A,Platinum,104088
52863,Male,Urban,Bachelor,2L-5L,0,6,5758,1,B,Gold,34572
77905,Male,Rural,Bachelor,More than 10L,1,3,0,More than 1,A,Platinum,62400
42673,Male,Urban,High School,2L-5L,0,4,5889,1,A,Platinum,40884
70751,Female,Urban,Bachelor,More than 10L,1,6,0,1,B,Platinum,59532
14190,Female,Rural,High School,5L-10L,0,1,6438,More than 1,A,Gold,93312
63175,Male,Urban,Bachelor,5L-10L,0,5,6650,1,C,Gold,53928
23967,Male,Rural,High School,More than 10L,0,5,4129,1,B,Platinum,51984
7485,Female,Rural,Bachelor,5L-10L,1,2,0,More than 1,A,Silver,87672
2525,Male,Urban,High School,5L-10L,0,0,6127,More than 1,A,Platinum,106608
41256,Male,Rural,Bachelor,5L-10L,1,6,0,1,B,Silver,45564
34663,Male,Urban,Others,More than 10L,1,4,3689,1,A,Platinum,30708
4524,Male,Rural,Bachelor,More than 10L,0,6,0,More than 1,A,Gold,96588
13962,Female,Rural,High School,5L-10L,0,2,5273,1,A,Platinum,64812
49277,Male,Rural,Bachelor,2L-5L,1,7,0,More than 1,B,Gold,70740
18058,Female,Rural,High School,2L-5L,0,7,6437,1,A,Gold,48264
27246,Male,Rural,Bachelor,5L-10L,0,3,0,1,A,Platinum,31440
60026,Male,Rural,High School,5L-10L,1,0,0,1,C,Silver,37656
48917,Male,Urban,Bachelor,5L-10L,1,3,5242,1,A,Platinum,30900
46545,Male,Rural,High School,5L-10L,1,4,2892,More than 1,B,Silver,74028
20137,Male,Urban,High School,More than 10L,0,4,4918,1,A,Platinum,43908
88467,Male,Rural,Bachelor,5L-10L,1,0,0,More than 1,A,Platinum,70164
87070,Male,Urban,High School,5L-10L,1,6,6584,1,B,Silver,35844
15760,Female,Urban,High School,2L-5L,1,8,8216,1,C,Platinum,43368
86101,Male,Urban,Bachelor,5L-10L,1,5,4570,1,B,Silver,44472
41339,Male,Urban,High School,5L-10L,1,5,5112,1,A,Platinum,36024
42010,Male,Urban,High School,2L-5L,1,1,0,1,B,Platinum,32940
34919,Male,Urban,High School,2L-5L,0,7,4021,1,B,Platinum,47976
41014,Male,Rural,High School,5L-10L,1,5,5712,1,A,Silver,36612
61549,Male,Rural,High School,More than 10L,1,2,0,1,C,Silver,33636
19106,Male,Rural,High School,5L-10L,1,0,4609,1,B,Platinum,46752
82650,Male,Urban,High School,5L-10L,0,7,6943,1,A,Platinum,42192
32462,Male,Rural,High School,5L-10L,1,6,0,1,A,Silver,36312
22527,Male,Urban,High School,5L-10L,1,5,8194,1,A,Silver,39108
17295,Female,Urban,Bachelor,2L-5L,0,5,12071,1,A,Platinum,53712
66184,Female,Rural,High School,5L-10L,1,6,3048,1,A,Gold,49764
53171,Male,Rural,High School,More than 10L,1,7,0,More than 1,B,Silver,65004
41897,Female,Urban,High School,5L-10L,1,1,9913,More than 1,A,Platinum,113100
4956,Female,Rural,High School,5L-10L,0,6,0,1,B,Platinum,47484
10312,Male,Rural,Bachelor,5L-10L,0,6,0,1,A,Silver,52536
19420,Female,Rural,Others,5L-10L,0,6,0,1,C,Silver,35628
66782,Male,Urban,High School,5L-10L,0,1,4778,1,A,Platinum,40032
21552,Female,Urban,High School,<=2L,0,5,8788,More than 1,A,Platinum,107556
68708,Male,Urban,High School,5L-10L,1,1,5619,1,A,Silver,36444
46069,Male,Rural,High School,5L-10L,0,2,2998,More than 1,A,Platinum,83688
71298,Male,Urban,High School,2L-5L,0,1,8331,More than 1,A,Gold,108792
57627,Male,Rural,Bachelor,5L-10L,1,3,0,1,A,Platinum,58848
61225,Male,Urban,High School,5L-10L,1,6,7224,1,A,Gold,51612
4492,Male,Urban,Bachelor,5L-10L,0,5,0,More than 1,A,Silver,64860
51794,Female,Rural,High School,2L-5L,1,4,2219,More than 1,B,Platinum,72792
31014,Female,Urban,Others,2L-5L,0,6,4428,1,A,Platinum,49500
10131,Female,Urban,High School,2L-5L,1,0,11110,More than 1,A,Gold,96984
84206,Female,Rural,Bachelor,More than 10L,0,7,0,1,A,Silver,33036
53660,Female,Urban,Bachelor,5L-10L,0,6,6205,1,A,Platinum,46488
63200,Female,Urban,High School,<=2L,1,5,3664,More than 1,C,Platinum,63624
73808,Female,Urban,Bachelor,5L-10L,0,6,10996,More than 1,A,Silver,101052
61860,Male,Urban,High School,2L-5L,1,2,3634,More than 1,B,Gold,100644
18195,Male,Urban,Others,5L-10L,0,4,0,1,B,Platinum,40392
14296,Male,Urban,Bachelor,More than 10L,1,6,4037,More than 1,A,Gold,101448
71444,Female,Urban,High School,2L-5L,0,3,8280,More than 1,A,Gold,121716
79507,Male,Urban,High School,More than 10L,0,4,24245,1,A,Gold,36024
75556,Male,Urban,High School,5L-10L,0,3,8643,More than 1,B,Platinum,110688
20890,Male,Urban,Others,2L-5L,1,5,7370,1,C,Gold,35988
8961,Male,Urban,High School,5L-10L,0,4,10996,More than 1,A,Platinum,113712
58997,Female,Rural,Others,5L-10L,1,7,5970,1,A,Silver,47868
33473,Male,Rural,Bachelor,5L-10L,1,0,0,1,B,Silver,37956
7265,Female,Urban,High School,More than 10L,1,6,3889,More than 1,A,Platinum,88296
51875,Male,Urban,High School,5L-10L,1,2,6481,1,B,Platinum,59016
54883,Male,Urban,High School,2L-5L,0,7,5651,1,B,Platinum,36288
28617,Female,Urban,High School,5L-10L,1,5,6680,1,A,Platinum,51288
27319,Male,Rural,High School,5L-10L,1,3,3458,More than 1,B,Silver,71520
40783,Female,Urban,High School,5L-10L,1,7,0,More than 1,B,Gold,67992
13846,Female,Urban,High School,5L-10L,0,8,5784,1,A,Platinum,54384
5921,Male,Urban,High School,2L-5L,1,6,6591,1,B,Gold,31212
64701,Male,Urban,High School,5L-10L,0,3,3604,More than 1,A,Silver,102636
79953,Male,Urban,High School,2L-5L,0,8,4240,1,A,Silver,49992
81273,Female,Rural,Bachelor,More than 10L,0,7,5032,More than 1,B,Gold,68208
54581,Male,Rural,High School,More than 10L,0,2,3313,More than 1,B,Platinum,69672
38950,Male,Rural,High School,More than 10L,1,6,6443,1,A,Silver,45888
51274,Male,Urban,High School,2L-5L,0,8,6802,More than 1,C,Silver,107136
59718,Female,Urban,High School,5L-10L,0,4,5598,1,A,Platinum,49620
9035,Male,Urban,High School,2L-5L,1,1,7585,1,A,Silver,40128
43844,Male,Rural,Bachelor,More than 10L,1,7,0,More than 1,B,Gold,63264
48454,Male,Rural,High School,5L-10L,0,2,0,1,A,Gold,33672
69119,Male,Urban,High School,5L-10L,1,2,2372,1,A,Platinum,45684
9943,Female,Urban,High School,5L-10L,0,4,0,More than 1,B,Gold,69828
54050,Male,Urban,Bachelor,5L-10L,1,0,2187,More than 1,B,Silver,68808
35015,Female,Urban,High School,5L-10L,1,5,0,1,A,Gold,44472
26815,Female,Rural,Bachelor,5L-10L,0,6,0,More than 1,A,Platinum,72696
81730,Male,Urban,High School,5L-10L,1,2,5942,1,A,Silver,35196
5688,Male,Urban,Bachelor,2L-5L,1,1,0,1,A,Silver,34128
65516,Male,Rural,High School,5L-10L,0,4,7120,1,A,Platinum,48888
13138,Male,Urban,High School,5L-10L,0,7,5653,1,A,Silver,45948
66486,Male,Rural,Bachelor,5L-10L,0,7,2783,More than 1,B,Platinum,65700
21842,Female,Rural,Others,More than 10L,1,7,0,1,B,Platinum,38484
31573,Female,Urban,High School,5L-10L,0,7,8669,1,A,Platinum,46572
87856,Male,Rural,Others,5L-10L,0,4,2796,More than 1,B,Silver,73272
46156,Male,Urban,High School,More than 10L,0,7,2272,1,A,Gold,53400
54440,Male,Urban,High School,5L-10L,1,5,4964,1,C,Platinum,37392
82077,Male,Urban,High School,More than 10L,1,5,6007,1,A,Silver,33696
40733,Male,Urban,High School,5L-10L,0,1,4531,1,C,Platinum,51300
58523,Male,Urban,High School,5L-10L,1,6,8733,More than 1,A,Gold,110316
68787,Male,Rural,High School,5L-10L,1,7,2834,More than 1,A,Gold,95448
6225,Male,Rural,Bachelor,5L-10L,0,3,0,1,A,Silver,41628
28132,Female,Urban,High School,More than 10L,0,3,4805,1,A,Gold,38544
31727,Male,Urban,High School,5L-10L,1,1,5158,1,B,Platinum,33420
36569,Male,Urban,Bachelor,More than 10L,1,1,0,1,A,Gold,34992
87619,Female,Rural,High School,5L-10L,1,2,0,1,A,Platinum,47724
80345,Female,Rural,High School,5L-10L,1,8,0,More than 1,C,Platinum,95556
41772,Female,Urban,Bachelor,2L-5L,0,4,5913,1,C,Platinum,43776
77810,Male,Rural,High School,5L-10L,0,2,0,1,B,Gold,36924
382,Female,Urban,Others,5L-10L,0,5,5556,1,A,Silver,38112
20463,Female,Urban,Bachelor,5L-10L,0,8,6621,More than 1,B,Platinum,101400
35715,Male,Rural,Bachelor,More than 10L,1,6,2439,More than 1,A,Silver,69120
19060,Male,Rural,Bachelor,5L-10L,0,5,2705,1,B,Silver,51180
41750,Female,Urban,High School,5L-10L,0,3,2219,More than 1,A,Platinum,96288
68010,Male,Rural,Bachelor,More than 10L,0,6,3298,1,C,Silver,59544
68943,Male,Urban,High School,5L-10L,1,2,2053,1,C,Platinum,31968
33947,Male,Rural,Bachelor,2L-5L,1,5,2622,More than 1,B,Platinum,94044
42135,Male,Rural,Others,5L-10L,1,1,0,1,C,Platinum,34296
75617,Female,Urban,High School,5L-10L,0,4,3911,More than 1,A,Platinum,104976
77108,Female,Urban,High School,2L-5L,0,0,2147,More than 1,B,Silver,101856
16728,Female,Urban,Bachelor,<=2L,0,2,7005,More than 1,B,Platinum,162912
26109,Female,Rural,High School,5L-10L,1,3,5574,More than 1,C,Platinum,65448
43978,Male,Urban,Bachelor,5L-10L,0,2,3582,More than 1,A,Platinum,96900
87331,Female,Urban,High School,5L-10L,0,1,4867,1,A,Platinum,44064
51050,Male,Urban,High School,5L-10L,1,7,3924,More than 1,A,Platinum,88332
36422,Male,Urban,High School,<=2L,0,2,6723,1,A,Silver,49440
37552,Male,Rural,High School,5L-10L,1,6,0,1,A,Silver,34056
41189,Male,Urban,High School,2L-5L,1,5,4569,1,A,Gold,33972
87563,Male,Urban,High School,2L-5L,1,7,5060,1,B,Silver,34284
86927,Male,Rural,High School,5L-10L,1,2,0,More than 1,A,Platinum,64968
20031,Male,Urban,Bachelor,5L-10L,1,6,11489,1,A,Platinum,62724
49402,Male,Urban,High School,5L-10L,0,5,3027,1,A,Gold,41784
85698,Male,Rural,High School,5L-10L,1,1,0,1,A,Platinum,38508
35217,Male,Urban,High School,2L-5L,1,6,3895,1,B,Platinum,48972
19396,Male,Rural,High School,5L-10L,1,1,0,1,A,Platinum,34704
48404,Male,Rural,High School,More than 10L,1,2,4189,1,A,Platinum,42084
64607,Male,Urban,High School,5L-10L,0,2,4323,More than 1,B,Platinum,98880
29009,Male,Rural,Bachelor,5L-10L,1,4,3111,1,A,Platinum,51840
32476,Female,Urban,Others,2L-5L,0,8,4337,1,B,Gold,52044
35834,Male,Rural,Bachelor,More than 10L,0,6,10297,More than 1,B,Platinum,118932
37801,Female,Urban,Others,2L-5L,0,2,0,1,A,Silver,29844
37798,Female,Urban,High School,5L-10L,1,1,5201,1,A,Platinum,35376
49722,Male,Urban,High School,5L-10L,1,5,0,1,A,Silver,35424
54503,Female,Urban,Bachelor,5L-10L,0,2,3938,1,A,Platinum,45804
42112,Male,Urban,Bachelor,5L-10L,1,5,7001,1,B,Silver,56184
74508,Female,Urban,High School,2L-5L,0,6,2305,More than 1,A,Silver,103500
58726,Female,Urban,Bachelor,5L-10L,0,4,2137,More than 1,A,Gold,94560
64574,Female,Urban,High School,5L-10L,1,3,5847,More than 1,A,Platinum,112668
77662,Female,Urban,Bachelor,5L-10L,0,4,8105,More than 1,B,Platinum,108312
1625,Male,Urban,Bachelor,5L-10L,1,2,2237,1,A,Platinum,51144
36046,Male,Urban,Bachelor,5L-10L,1,8,0,1,B,Silver,43512
50626,Male,Urban,High School,5L-10L,0,2,11385,More than 1,A,Silver,109500
25059,Male,Urban,High School,5L-10L,0,4,6053,More than 1,A,Platinum,101604
30357,Male,Rural,Bachelor,More than 10L,1,6,2205,More than 1,B,Gold,66648
40700,Male,Rural,Bachelor,More than 10L,0,2,0,1,C,Silver,33840
34077,Female,Urban,Bachelor,2L-5L,0,2,2317,1,A,Silver,43836
68928,Male,Urban,High School,5L-10L,1,5,4740,1,A,Platinum,34032
70133,Female,Urban,Bachelor,5L-10L,1,8,2089,1,B,Silver,37632
63996,Male,Urban,High School,5L-10L,1,4,5741,More than 1,A,Platinum,101640
18098,Female,Urban,Bachelor,More than 10L,1,6,0,More than 1,B,Gold,77436
19894,Female,Urban,Bachelor,2L-5L,1,3,3609,1,A,Silver,46656
59748,Female,Rural,High School,5L-10L,1,7,0,1,B,Gold,34404
45344,Male,Urban,High School,5L-10L,0,3,7482,1,C,Gold,57696
38864,Male,Urban,Bachelor,5L-10L,0,5,7441,More than 1,B,Platinum,91716
18097,Male,Rural,Others,5L-10L,0,1,0,1,A,Platinum,32472
59540,Male,Rural,High School,More than 10L,1,6,2005,1,B,Silver,63696
61134,Male,Urban,Bachelor,More than 10L,1,1,5209,1,A,Platinum,48060
14966,Male,Urban,High School,5L-10L,1,1,5775,1,A,Platinum,33336
2677,Female,Urban,Bachelor,5L-10L,0,6,4249,More than 1,A,Platinum,97344
22998,Male,Urban,Bachelor,5L-10L,1,6,4200,More than 1,A,Platinum,95544
14977,Male,Urban,Bachelor,5L-10L,1,6,3480,1,B,Silver,40248
28561,Female,Urban,High School,More than 10L,1,1,2129,1,A,Gold,32628
44923,Male,Urban,High School,5L-10L,1,2,3772,More than 1,A,Gold,93540
9442,Male,Rural,High School,5L-10L,1,6,0,1,C,Platinum,35028
7443,Female,Rural,Bachelor,5L-10L,1,0,0,More than 1,B,Platinum,63300
68422,Male,Rural,Bachelor,2L-5L,1,2,0,More than 1,B,Silver,63168
22903,Female,Urban,Bachelor,2L-5L,1,8,2101,More than 1,B,Silver,62760
88442,Female,Urban,Others,More than 10L,1,2,2205,More than 1,B,Platinum,94800
67102,Female,Rural,High School,More than 10L,1,1,0,More than 1,B,Platinum,73248
2659,Female,Urban,Bachelor,2L-5L,1,2,9453,More than 1,C,Silver,123288
31236,Male,Urban,Bachelor,5L-10L,0,4,4031,1,A,Silver,46656
79111,Female,Rural,Bachelor,More than 10L,1,5,0,1,A,Platinum,47796
6609,Male,Urban,Others,2L-5L,1,6,6368,1,C,Gold,33252
18898,Female,Urban,Bachelor,5L-10L,0,8,0,1,A,Silver,37860
75005,Male,Urban,High School,5L-10L,0,8,10988,More than 1,A,Platinum,121920
51775,Male,Urban,Others,5L-10L,0,5,2020,More than 1,B,Platinum,57432
9807,Female,Rural,Bachelor,More than 10L,1,2,0,1,A,Gold,58116
31494,Male,Rural,High School,5L-10L,0,6,0,1,A,Silver,42120
88353,Male,Urban,Bachelor,5L-10L,1,3,3999,1,A,Platinum,52752
83796,Male,Urban,High School,5L-10L,1,7,3826,More than 1,A,Platinum,91404
54452,Male,Rural,Others,5L-10L,1,7,0,1,B,Silver,37176
32394,Male,Urban,Bachelor,5L-10L,0,2,4440,More than 1,A,Platinum,102864
14007,Male,Urban,High School,5L-10L,1,5,0,1,B,Gold,36012
56283,Male,Urban,Bachelor,More than 10L,1,6,5127,1,A,Gold,30528
5079,Male,Urban,Bachelor,5L-10L,1,6,8532,More than 1,B,Gold,110976
43845,Female,Urban,Bachelor,5L-10L,0,6,4305,More than 1,A,Platinum,103488
34942,Female,Urban,Bachelor,<=2L,0,5,21982,More than 1,A,Platinum,91836
37239,Male,Rural,High School,More than 10L,0,8,2463,More than 1,A,Gold,96840
28311,Female,Urban,High School,5L-10L,0,5,3860,More than 1,B,Platinum,72072
76739,Female,Urban,High School,5L-10L,1,3,3067,1,A,Silver,50808
4044,Male,Urban,Bachelor,5L-10L,1,0,5600,1,A,Gold,48336
65114,Female,Rural,Others,5L-10L,1,7,0,More than 1,B,Gold,64332
74180,Male,Urban,High School,More than 10L,0,7,4951,1,A,Silver,36540
12226,Male,Urban,Others,5L-10L,1,1,0,1,A,Platinum,33948
12617,Male,Urban,High School,2L-5L,1,5,5360,1,A,Platinum,43404
51086,Male,Urban,High School,2L-5L,1,1,0,1,A,Gold,33180
50370,Female,Urban,Bachelor,5L-10L,0,1,6262,1,A,Gold,43452
9065,Female,Urban,High School,5L-10L,1,2,6124,More than 1,C,Silver,107640
81786,Male,Urban,High School,5L-10L,1,6,0,1,C,Platinum,33516
44399,Female,Rural,High School,5L-10L,0,5,0,More than 1,B,Platinum,66012
57587,Female,Urban,High School,More than 10L,1,5,5182,1,B,Silver,31164
34588,Female,Urban,High School,More than 10L,0,1,6431,1,A,Gold,53556
45584,Male,Urban,High School,<=2L,0,2,11440,More than 1,A,Gold,114480
8213,Male,Urban,High School,5L-10L,0,7,5582,1,A,Silver,33780
44062,Male,Urban,Bachelor,5L-10L,0,4,3893,More than 1,A,Gold,110364
89145,Female,Urban,High School,5L-10L,1,0,4369,1,A,Platinum,39564
32776,Male,Urban,Others,2L-5L,1,6,4844,1,C,Silver,30792
70,Male,Urban,High School,5L-10L,1,1,6111,1,A,Platinum,44688
6363,Female,Urban,High School,5L-10L,1,7,6543,More than 1,A,Gold,106236
32092,Female,Rural,Bachelor,More than 10L,1,5,3501,More than 1,B,Silver,76284
49713,Male,Urban,Bachelor,2L-5L,1,7,4163,More than 1,B,Silver,73452
84889,Female,Urban,Bachelor,5L-10L,0,4,3486,More than 1,A,Silver,105852
80415,Female,Rural,High School,5L-10L,0,6,3897,1,A,Silver,36924
30998,Male,Rural,Bachelor,5L-10L,0,6,0,1,B,Platinum,50160
46511,Male,Urban,High School,2L-5L,0,6,6891,1,A,Platinum,60324
42869,Female,Rural,High School,More than 10L,0,5,7744,More than 1,B,Platinum,113868
37167,Female,Urban,High School,5L-10L,0,6,5290,More than 1,C,Platinum,110916
15857,Female,Urban,High School,5L-10L,0,6,0,1,C,Gold,35688
40112,Male,Urban,Bachelor,5L-10L,0,2,7025,More than 1,A,Platinum,95196
66755,Female,Urban,High School,2L-5L,1,4,4930,More than 1,B,Platinum,92856
58425,Male,Urban,Bachelor,5L-10L,0,7,2824,1,A,Silver,50400
43471,Male,Urban,High School,5L-10L,1,5,3881,More than 1,A,Platinum,100284
82273,Male,Urban,High School,5L-10L,1,7,4272,1,A,Platinum,46944
64177,Female,Urban,Bachelor,5L-10L,1,4,6277,1,A,Platinum,43332
47123,Male,Urban,Bachelor,5L-10L,0,3,13199,1,A,Silver,33924
13684,Male,Urban,Bachelor,2L-5L,0,1,4223,1,A,Platinum,48492
83660,Female,Urban,Others,5L-10L,1,6,0,1,A,Platinum,51024
41579,Female,Rural,High School,5L-10L,1,7,0,More than 1,A,Platinum,69156
7709,Male,Urban,High School,More than 10L,0,5,3258,More than 1,A,Platinum,101424
48752,Female,Rural,Bachelor,5L-10L,1,1,0,1,C,Platinum,54396
42034,Female,Rural,Bachelor,5L-10L,1,6,4132,More than 1,B,Silver,70308
26044,Male,Urban,High School,5L-10L,1,7,0,1,B,Platinum,43668
42651,Male,Rural,High School,5L-10L,1,6,0,1,B,Silver,38544
67865,Male,Urban,High School,5L-10L,1,4,0,1,C,Platinum,35688
2001,Male,Urban,High School,More than 10L,0,6,7195,1,A,Platinum,58704
22795,Male,Urban,Bachelor,5L-10L,1,7,7738,1,A,Silver,42168
26361,Female,Urban,High School,2L-5L,0,4,7024,More than 1,B,Silver,115044
47442,Male,Urban,High School,2L-5L,1,3,5120,More than 1,B,Platinum,98556
54807,Male,Rural,Bachelor,More than 10L,1,7,5505,1,A,Platinum,58584
26834,Male,Urban,High School,5L-10L,1,3,6283,1,A,Gold,44808
5424,Male,Urban,Bachelor,2L-5L,1,5,3647,1,B,Silver,54564
77502,Male,Urban,High School,5L-10L,1,7,5739,1,B,Silver,41916
67880,Male,Rural,High School,5L-10L,1,1,0,1,C,Silver,31404
53064,Female,Urban,High School,2L-5L,1,0,2255,More than 1,A,Silver,68232
10364,Male,Urban,High School,5L-10L,1,5,4133,More than 1,A,Gold,90948
53198,Female,Urban,High School,2L-5L,0,4,14389,More than 1,A,Platinum,126096
33534,Male,Rural,Bachelor,5L-10L,1,0,0,1,B,Silver,31236
20007,Male,Urban,Bachelor,5L-10L,0,2,4628,More than 1,A,Gold,71484
83432,Female,Rural,Bachelor,5L-10L,1,5,5330,More than 1,A,Platinum,102000
32872,Male,Rural,Bachelor,More than 10L,1,7,3150,1,B,Platinum,42144
22827,Male,Urban,Bachelor,5L-10L,0,1,5718,1,A,Platinum,43956
69747,Male,Urban,High School,2L-5L,0,5,5307,1,C,Gold,33000
87634,Male,Rural,Bachelor,5L-10L,1,6,0,1,C,Gold,33312
69318,Male,Urban,High School,5L-10L,0,3,5419,1,A,Platinum,35508
53069,Male,Rural,Bachelor,More than 10L,1,6,0,1,B,Silver,35280
11558,Male,Rural,High School,More than 10L,1,1,0,1,A,Gold,32364
68768,Female,Rural,Bachelor,5L-10L,0,8,2651,More than 1,B,Platinum,70140
52527,Male,Urban,Bachelor,5L-10L,0,2,4530,1,A,Platinum,49176
42450,Female,Urban,Bachelor,5L-10L,1,7,4331,1,A,Gold,45396
73937,Female,Rural,High School,2L-5L,1,3,2445,More than 1,C,Platinum,67692
53995,Male,Urban,High School,5L-10L,1,1,5607,1,A,Gold,47616
21587,Male,Rural,Bachelor,5L-10L,1,4,2092,1,B,Silver,34500
41090,Female,Urban,High School,<=2L,1,4,5736,1,A,Silver,53592
81670,Male,Rural,Bachelor,2L-5L,1,8,0,More than 1,B,Silver,66672
59990,Male,Rural,High School,More than 10L,1,5,3776,1,A,Silver,51012
20733,Male,Urban,High School,5L-10L,0,5,3478,More than 1,A,Silver,106836
69200,Male,Urban,High School,5L-10L,1,6,9488,1,A,Silver,61320
48942,Male,Rural,Others,More than 10L,1,6,0,1,A,Gold,38388
40200,Female,Urban,High School,5L-10L,1,1,6372,1,A,Silver,49380
40985,Female,Urban,Bachelor,5L-10L,1,6,0,More than 1,A,Platinum,94536
24368,Female,Rural,Bachelor,More than 10L,0,2,0,1,A,Platinum,45288
47564,Female,Rural,High School,More than 10L,1,2,2156,More than 1,A,Gold,74712
56496,Female,Urban,High School,5L-10L,0,7,3907,1,A,Silver,37020
39303,Female,Rural,Bachelor,2L-5L,0,5,0,More than 1,B,Platinum,69276
82581,Male,Rural,High School,5L-10L,1,6,2129,1,A,Platinum,33852
4970,Female,Rural,Others,5L-10L,1,6,0,More than 1,A,Silver,63240
34688,Male,Urban,Bachelor,5L-10L,1,6,0,1,B,Platinum,38148
12728,Male,Urban,High School,More than 10L,0,7,7853,More than 1,A,Platinum,141108
59823,Female,Rural,Bachelor,5L-10L,0,6,2102,More than 1,A,Platinum,89952
79581,Female,Rural,High School,More than 10L,1,3,0,1,B,Platinum,36252
45562,Male,Rural,Bachelor,5L-10L,1,2,2627,1,A,Platinum,46116
14496,Female,Urban,Bachelor,5L-10L,1,6,8211,More than 1,A,Platinum,96828
7406,Male,Urban,Bachelor,More than 10L,1,5,0,More than 1,A,Silver,94308
59726,Female,Rural,Bachelor,More than 10L,1,3,5477,1,B,Silver,36168
28409,Male,Rural,High School,5L-10L,1,6,3826,More than 1,A,Platinum,77028
38611,Female,Urban,High School,5L-10L,1,3,8005,1,A,Gold,51516
27632,Female,Rural,Bachelor,5L-10L,0,2,5658,More than 1,A,Platinum,97272
5638,Male,Rural,Bachelor,More than 10L,0,1,2405,More than 1,A,Gold,65724
66899,Female,Urban,High School,<=2L,1,7,0,1,A,Silver,32784
52610,Male,Urban,High School,2L-5L,0,5,3436,More than 1,A,Platinum,131952
23574,Male,Urban,Bachelor,2L-5L,1,6,0,1,B,Platinum,44904
43300,Female,Rural,Bachelor,5L-10L,1,5,0,More than 1,B,Platinum,72024
62520,Female,Urban,Bachelor,5L-10L,1,5,5249,1,B,Silver,38208
31436,Female,Rural,High School,5L-10L,1,2,2277,More than 1,A,Platinum,80664
12262,Male,Rural,Others,5L-10L,1,0,0,1,C,Silver,32664
80280,Female,Urban,Bachelor,5L-10L,1,1,5331,1,A,Gold,31296
28361,Male,Rural,High School,5L-10L,1,4,3520,More than 1,A,Gold,100524
64894,Male,Urban,Bachelor,5L-10L,1,8,5892,More than 1,A,Platinum,101844
1851,Female,Rural,Bachelor,5L-10L,1,8,0,1,A,Gold,40836
17220,Female,Rural,Bachelor,5L-10L,0,4,0,More than 1,A,Silver,101592
58891,Male,Urban,High School,5L-10L,1,7,6990,1,A,Silver,34236
75493,Female,Rural,Bachelor,More than 10L,0,7,2066,1,A,Platinum,49416
1076,Female,Rural,Bachelor,5L-10L,1,3,3733,More than 1,B,Platinum,95088
8660,Female,Urban,High School,5L-10L,1,2,5311,1,A,Platinum,45540
66176,Male,Urban,Bachelor,5L-10L,1,0,5785,1,B,Silver,54972
51593,Male,Urban,Bachelor,2L-5L,0,6,4656,1,A,Gold,34812
2327,Male,Urban,Bachelor,2L-5L,1,3,11230,1,A,Silver,59448
57152,Male,Rural,Bachelor,5L-10L,1,6,2918,More than 1,B,Platinum,69264
32127,Male,Urban,High School,5L-10L,1,5,5263,1,C,Gold,34716
59461,Male,Urban,Bachelor,5L-10L,1,5,2659,More than 1,A,Platinum,94116
8808,Male,Rural,High School,More than 10L,1,6,2028,1,A,Platinum,52152
37762,Male,Urban,High School,2L-5L,1,6,6466,1,B,Silver,53772
73899,Male,Urban,High School,5L-10L,0,5,5745,1,A,Platinum,50544
52307,Male,Rural,Bachelor,More than 10L,1,6,0,1,B,Platinum,45600
73887,Male,Urban,Bachelor,5L-10L,1,7,6807,1,A,Silver,36912
86127,Female,Rural,High School,5L-10L,1,3,6637,1,A,Silver,48492
30916,Male,Rural,Bachelor,5L-10L,1,2,5323,1,A,Platinum,39096
36688,Male,Urban,Bachelor,5L-10L,1,5,2129,1,A,Platinum,33564
76546,Male,Rural,Others,More than 10L,1,3,4841,1,A,Silver,33156
87859,Male,Urban,High School,5L-10L,0,3,8959,More than 1,A,Gold,104700
72153,Female,Urban,High School,5L-10L,1,6,0,More than 1,B,Platinum,69684
75836,Male,Rural,Others,5L-10L,1,4,2754,1,B,Silver,45276
23527,Female,Urban,High School,2L-5L,1,8,3812,More than 1,A,Gold,95340
41988,Female,Urban,Bachelor,5L-10L,1,3,4738,1,A,Gold,37716
70754,Female,Urban,High School,5L-10L,1,4,4056,More than 1,A,Silver,94968
53075,Male,Urban,Bachelor,2L-5L,1,6,10053,1,A,Silver,47076
13296,Female,Urban,High School,5L-10L,0,7,8364,More than 1,A,Gold,116340
23016,Male,Urban,Bachelor,More than 10L,1,1,0,1,C,Gold,38388
3445,Male,Urban,Others,5L-10L,0,6,6544,1,B,Silver,44028
84006,Female,Urban,Others,More than 10L,0,6,0,1,A,Platinum,29268
76012,Female,Urban,High School,2L-5L,1,6,4970,1,A,Gold,36792
75913,Female,Urban,Bachelor,2L-5L,1,8,3014,More than 1,B,Silver,69468
63771,Female,Urban,High School,5L-10L,0,2,6505,1,A,Gold,35892
12407,Female,Urban,High School,More than 10L,0,3,0,More than 1,B,Platinum,67500
5628,Female,Urban,Others,5L-10L,0,1,0,1,A,Gold,34404
86196,Female,Urban,Bachelor,2L-5L,1,5,5118,1,A,Platinum,33096
62160,Male,Rural,Bachelor,2L-5L,1,7,3022,More than 1,B,Gold,67692
4378,Male,Urban,High School,2L-5L,0,8,2839,More than 1,B,Silver,105180
64323,Male,Rural,High School,5L-10L,1,7,2131,1,B,Platinum,41040
62043,Female,Urban,Bachelor,More than 10L,0,6,3675,1,A,Gold,51324
26020,Male,Urban,Bachelor,5L-10L,0,2,0,More than 1,A,Platinum,96588
7081,Female,Urban,Bachelor,5L-10L,1,7,7757,More than 1,A,Platinum,98592
65256,Male,Urban,Bachelor,More than 10L,1,5,0,More than 1,B,Silver,72408
36358,Female,Rural,Bachelor,5L-10L,0,2,5884,More than 1,A,Silver,73668
53980,Female,Urban,High School,2L-5L,1,3,7042,More than 1,A,Gold,100176
85798,Female,Urban,High School,2L-5L,0,5,6137,1,B,Platinum,51096
24954,Female,Urban,High School,2L-5L,0,0,4993,1,A,Silver,33396
53362,Male,Rural,Bachelor,5L-10L,0,7,0,More than 1,B,Platinum,73512
87683,Male,Rural,Bachelor,More than 10L,1,1,3087,More than 1,A,Gold,96348
69214,Male,Urban,Bachelor,5L-10L,1,1,2161,1,B,Platinum,48792
6453,Male,Rural,Others,5L-10L,1,1,0,1,A,Platinum,34596
7071,Male,Urban,Bachelor,5L-10L,1,1,2391,1,B,Platinum,36672
87955,Male,Urban,Bachelor,2L-5L,1,6,6865,More than 1,B,Platinum,102612
75508,Female,Urban,High School,2L-5L,1,6,5898,More than 1,A,Gold,97572
85192,Female,Rural,High School,5L-10L,0,0,0,More than 1,A,Platinum,69936
8472,Female,Urban,Bachelor,5L-10L,0,6,4041,1,A,Platinum,53388
51690,Female,Urban,Bachelor,5L-10L,1,5,3076,More than 1,B,Silver,65892
77737,Female,Urban,High School,2L-5L,1,3,4805,1,A,Platinum,33540
9900,Male,Urban,High School,5L-10L,0,3,5206,1,A,Silver,33888
45070,Male,Urban,High School,5L-10L,1,6,2470,1,A,Platinum,44496
34995,Female,Urban,High School,5L-10L,1,4,3164,1,A,Gold,47124
14961,Male,Rural,High School,5L-10L,1,7,3238,More than 1,B,Platinum,67140
63874,Male,Urban,High School,More than 10L,1,4,5776,1,A,Gold,31380
49018,Male,Urban,High School,5L-10L,0,2,6949,1,A,Gold,55620
83322,Female,Urban,High School,More than 10L,0,8,4824,1,C,Silver,32076
26151,Male,Rural,Bachelor,5L-10L,1,8,5872,1,A,Silver,31848
41177,Female,Urban,Bachelor,5L-10L,0,2,7152,1,B,Gold,73884
10178,Female,Urban,Bachelor,5L-10L,1,1,6772,More than 1,A,Platinum,99300
82748,Male,Rural,High School,More than 10L,1,1,2115,1,C,Platinum,33564
42893,Male,Urban,Bachelor,5L-10L,1,1,6430,1,A,Platinum,54588
64952,Male,Urban,High School,5L-10L,1,5,3613,More than 1,A,Platinum,88008
27475,Male,Rural,High School,More than 10L,0,5,0,1,A,Silver,33396
29199,Male,Urban,High School,5L-10L,1,2,6181,1,A,Platinum,39252
66749,Female,Rural,High School,5L-10L,0,1,9554,1,A,Platinum,56640
38026,Male,Rural,Others,2L-5L,0,6,0,1,B,Silver,33924
47040,Male,Urban,Bachelor,2L-5L,1,3,4976,More than 1,A,Platinum,118320
51203,Female,Rural,Bachelor,5L-10L,1,4,0,1,C,Platinum,45864
86462,Female,Urban,High School,5L-10L,1,6,3034,More than 1,A,Platinum,91128
6244,Female,Rural,Bachelor,More than 10L,1,5,0,More than 1,A,Platinum,75540
15144,Male,Rural,Bachelor,5L-10L,0,7,3644,1,A,Platinum,50676
17105,Male,Rural,High School,5L-10L,1,1,6746,More than 1,B,Silver,97188
53114,Female,Rural,Bachelor,5L-10L,1,5,3382,More than 1,B,Platinum,67284
78168,Male,Rural,Bachelor,5L-10L,0,3,2013,1,B,Platinum,31440
37308,Male,Urban,High School,5L-10L,1,6,0,1,C,Platinum,33612
59488,Male,Urban,Bachelor,2L-5L,0,2,16784,1,A,Platinum,67572
53039,Female,Rural,High School,More than 10L,0,6,6340,1,A,Silver,45732
62166,Female,Urban,Bachelor,2L-5L,0,8,4220,More than 1,B,Gold,119016
8183,Female,Rural,Bachelor,5L-10L,0,4,0,More than 1,A,Silver,102564
71070,Female,Urban,Bachelor,More than 10L,0,3,4873,More than 1,A,Platinum,99120
61571,Male,Urban,Bachelor,5L-10L,1,6,4407,1,A,Platinum,58824
3921,Male,Urban,Bachelor,5L-10L,0,2,5493,1,A,Gold,34284
11711,Female,Urban,High School,5L-10L,1,1,5461,1,B,Platinum,46980
75064,Male,Rural,High School,5L-10L,1,0,0,More than 1,B,Platinum,93900
7293,Female,Urban,Bachelor,2L-5L,1,2,3829,More than 1,C,Silver,96600
30208,Female,Rural,High School,5L-10L,1,3,2475,More than 1,A,Platinum,71244
59033,Male,Rural,High School,5L-10L,0,7,4141,More than 1,A,Silver,99924
16063,Female,Rural,High School,More than 10L,1,4,0,1,B,Gold,37248
2706,Male,Urban,High School,2L-5L,1,7,6858,More than 1,C,Platinum,111900
76878,Male,Rural,High School,5L-10L,1,8,0,1,C,Platinum,35160
22829,Male,Urban,Bachelor,5L-10L,1,7,3977,1,A,Gold,41688
20412,Male,Rural,Bachelor,5L-10L,1,7,2012,1,A,Silver,37992
76473,Male,Rural,High School,5L-10L,0,7,6504,More than 1,B,Platinum,65736
34055,Male,Urban,Bachelor,5L-10L,0,6,11672,More than 1,A,Platinum,109128
72566,Male,Rural,Bachelor,More than 10L,1,5,0,1,A,Gold,35232
19036,Male,Urban,Bachelor,5L-10L,1,6,3317,More than 1,C,Platinum,98616
43682,Female,Urban,High School,5L-10L,1,5,7365,More than 1,A,Platinum,105600
40332,Male,Urban,High School,5L-10L,1,7,2112,1,C,Silver,33900
30990,Female,Rural,Bachelor,2L-5L,0,6,2575,More than 1,B,Platinum,73116
41413,Female,Rural,High School,5L-10L,1,0,0,More than 1,B,Platinum,66408
49225,Female,Urban,High School,5L-10L,0,3,3839,More than 1,A,Platinum,102120
68840,Male,Rural,High School,5L-10L,0,7,2303,More than 1,B,Platinum,66348
15537,Male,Rural,Bachelor,5L-10L,1,4,3423,1,A,Platinum,49164
12384,Male,Urban,Bachelor,2L-5L,1,2,6370,1,A,Platinum,34992
6581,Female,Urban,Bachelor,More than 10L,0,3,3934,More than 1,A,Platinum,106020
64970,Male,Urban,Bachelor,5L-10L,0,7,5855,1,A,Silver,44904
18470,Male,Rural,High School,5L-10L,1,1,0,More than 1,A,Silver,61116
67073,Male,Rural,High School,More than 10L,1,4,4717,1,B,Silver,35652
2570,Male,Urban,High School,<=2L,0,6,5922,More than 1,A,Silver,133416
78776,Male,Urban,Bachelor,More than 10L,1,8,2115,1,A,Silver,49224
53456,Male,Rural,Others,5L-10L,1,8,2667,1,A,Silver,62328
55037,Male,Urban,High School,5L-10L,0,8,2322,More than 1,B,Platinum,72984
9849,Female,Rural,High School,5L-10L,0,2,3130,1,A,Gold,45384
38884,Female,Rural,Bachelor,5L-10L,1,1,0,1,A,Platinum,50628
74765,Male,Rural,High School,More than 10L,1,0,3969,1,B,Gold,43548
38990,Female,Urban,Bachelor,More than 10L,1,1,0,1,A,Silver,33600
11772,Male,Urban,High School,5L-10L,1,4,9491,More than 1,A,Platinum,112020
34186,Male,Urban,High School,5L-10L,1,2,0,More than 1,B,Gold,63984
62449,Female,Urban,High School,2L-5L,1,3,11217,More than 1,B,Gold,104160
23821,Female,Urban,Bachelor,5L-10L,1,6,6276,More than 1,A,Platinum,94848
80380,Female,Rural,High School,More than 10L,1,2,0,1,B,Platinum,31356
51484,Male,Urban,Bachelor,5L-10L,1,5,3804,1,A,Platinum,47544
44612,Male,Urban,Others,2L-5L,1,8,0,1,A,Gold,39768
43138,Male,Urban,Bachelor,5L-10L,0,2,2296,More than 1,B,Gold,110136
74427,Male,Urban,High School,5L-10L,1,3,6587,1,C,Platinum,36636
63165,Male,Urban,High School,5L-10L,1,1,3897,More than 1,C,Platinum,92448
28662,Male,Urban,Bachelor,5L-10L,1,2,0,1,A,Platinum,31596
41730,Male,Urban,Bachelor,5L-10L,0,6,6861,More than 1,B,Platinum,129060
87688,Female,Urban,High School,2L-5L,0,7,5595,1,B,Platinum,29916
76092,Male,Urban,High School,5L-10L,0,5,5151,1,A,Gold,30444
16325,Male,Urban,High School,More than 10L,0,7,11151,More than 1,B,Silver,113040
42264,Male,Rural,Bachelor,More than 10L,1,7,2226,More than 1,B,Platinum,63864
13836,Female,Urban,High School,5L-10L,1,5,5261,1,A,Gold,31620
10454,Female,Urban,High School,2L-5L,0,5,5195,1,A,Platinum,32976
16017,Male,Urban,Bachelor,5L-10L,0,5,5786,1,C,Platinum,48168
64505,Female,Urban,Bachelor,5L-10L,1,6,5721,1,A,Platinum,58812
74757,Male,Urban,High School,5L-10L,1,7,15461,More than 1,A,Gold,131868
81740,Female,Rural,High School,5L-10L,1,5,7024,1,B,Silver,39108
54806,Male,Urban,Bachelor,2L-5L,1,8,3918,More than 1,B,Silver,80688
40006,Male,Urban,High School,5L-10L,1,6,3906,1,A,Platinum,45816
80150,Male,Urban,High School,5L-10L,1,8,5420,More than 1,A,Gold,103944
48078,Female,Urban,Bachelor,5L-10L,1,6,5594,1,A,Gold,52284
75158,Male,Rural,Bachelor,5L-10L,1,7,0,1,C,Platinum,36504
26859,Male,Urban,High School,5L-10L,0,1,5925,More than 1,A,Silver,110148
53586,Male,Rural,High School,More than 10L,0,4,0,1,A,Platinum,33132
84541,Male,Rural,Bachelor,5L-10L,0,0,0,More than 1,C,Platinum,70380
28007,Female,Rural,Others,More than 10L,0,6,2644,1,B,Platinum,55260
20368,Male,Rural,Bachelor,5L-10L,1,8,3864,1,A,Platinum,59988
48026,Male,Urban,Bachelor,2L-5L,0,7,10925,1,B,Gold,46872
48390,Male,Rural,Bachelor,More than 10L,1,7,0,More than 1,B,Silver,64620
74209,Female,Urban,High School,5L-10L,0,6,6765,1,A,Silver,50172
73299,Male,Urban,Bachelor,2L-5L,1,2,7047,More than 1,A,Platinum,110916
6086,Male,Rural,High School,5L-10L,1,7,2742,More than 1,A,Silver,99636
51752,Female,Rural,Bachelor,5L-10L,1,5,3265,More than 1,B,Gold,71832
52645,Male,Rural,Others,5L-10L,1,5,0,1,B,Platinum,35820
8085,Male,Rural,High School,5L-10L,1,6,0,1,B,Platinum,46776
34222,Male,Rural,Others,5L-10L,0,7,0,More than 1,B,Gold,69168
68300,Female,Rural,Bachelor,More than 10L,1,5,2137,1,A,Platinum,33084
47105,Male,Rural,Others,2L-5L,1,8,0,More than 1,A,Silver,65436
42310,Male,Rural,Others,5L-10L,0,6,0,1,A,Silver,49704
25787,Female,Urban,High School,2L-5L,0,3,6656,1,A,Gold,46236
13197,Female,Urban,Bachelor,5L-10L,0,1,3738,1,A,Platinum,44508
39605,Female,Urban,High School,More than 10L,0,0,7399,1,A,Gold,34476
3145,Female,Urban,Bachelor,2L-5L,1,5,0,More than 1,A,Silver,91848
1791,Male,Urban,Bachelor,5L-10L,0,1,5049,1,A,Platinum,39216
48835,Male,Urban,Bachelor,2L-5L,0,8,7186,1,C,Gold,61512
52155,Male,Urban,High School,5L-10L,1,6,0,1,A,Silver,33708
75608,Female,Rural,High School,5L-10L,1,1,3305,1,B,Gold,50100
9912,Female,Urban,High School,5L-10L,0,1,5241,More than 1,A,Platinum,101604
52744,Female,Urban,High School,2L-5L,1,7,0,More than 1,B,Silver,58272
29387,Male,Rural,High School,5L-10L,1,6,2161,1,A,Platinum,37956
57795,Female,Urban,Bachelor,5L-10L,1,4,2639,1,A,Gold,43884
66013,Male,Rural,Bachelor,5L-10L,0,3,2825,More than 1,B,Silver,73800
64834,Female,Urban,High School,5L-10L,0,0,3753,1,A,Silver,49908
20063,Male,Urban,High School,More than 10L,1,2,6080,More than 1,A,Gold,102156
65476,Male,Urban,Bachelor,5L-10L,1,0,4247,1,A,Gold,35400
62199,Male,Rural,High School,5L-10L,1,8,5832,More than 1,A,Silver,90120
41166,Female,Urban,High School,5L-10L,0,5,5737,More than 1,A,Platinum,103668
41686,Male,Urban,High School,More than 10L,1,0,6621,1,A,Gold,34176
50977,Male,Rural,High School,More than 10L,1,0,0,More than 1,B,Platinum,62160
58708,Male,Rural,High School,5L-10L,0,1,0,More than 1,B,Silver,84144
59506,Female,Urban,High School,2L-5L,1,3,5052,1,A,Silver,32412
88269,Male,Urban,High School,5L-10L,1,2,3809,More than 1,A,Gold,92184
87145,Male,Rural,Others,More than 10L,1,7,0,1,B,Silver,32304
9236,Male,Urban,Bachelor,5L-10L,0,0,0,1,A,Platinum,56484
64457,Female,Rural,Bachelor,More than 10L,1,1,0,1,C,Gold,35616
71869,Male,Urban,High School,5L-10L,0,1,4338,1,A,Platinum,52656
57899,Male,Urban,High School,More than 10L,1,5,7110,1,A,Platinum,35688
70977,Male,Urban,Bachelor,More than 10L,1,7,2584,More than 1,A,Platinum,93912
22947,Male,Urban,High School,5L-10L,1,6,6361,More than 1,A,Platinum,98820
25568,Female,Rural,Bachelor,5L-10L,1,7,6324,More than 1,B,Gold,74268
88365,Female,Rural,Bachelor,5L-10L,0,4,0,More than 1,A,Gold,87708
31081,Male,Urban,High School,5L-10L,1,7,3656,1,A,Silver,50520
29162,Male,Rural,Bachelor,More than 10L,0,5,0,1,A,Gold,46452
61804,Female,Rural,Bachelor,5L-10L,1,0,0,1,A,Platinum,34872
46510,Female,Urban,High School,5L-10L,1,8,9094,More than 1,A,Silver,101220
34902,Male,Urban,Bachelor,5L-10L,1,3,3099,1,A,Platinum,46452
46582,Female,Rural,High School,More than 10L,1,6,0,More than 1,B,Platinum,72240
59505,Male,Urban,High School,2L-5L,0,6,6350,1,A,Platinum,56424
51481,Male,Urban,High School,2L-5L,0,5,5520,1,A,Platinum,37884
88594,Female,Urban,High School,<=2L,0,3,9453,More than 1,A,Platinum,96456
81410,Female,Rural,Others,5L-10L,0,7,0,1,C,Silver,32136
68713,Male,Urban,Bachelor,More than 10L,1,7,6433,More than 1,A,Gold,101280
60491,Male,Urban,Bachelor,5L-10L,1,8,3915,1,A,Platinum,52140
38575,Male,Rural,Bachelor,5L-10L,1,5,2611,More than 1,A,Silver,97296
86125,Male,Rural,Bachelor,5L-10L,1,6,0,More than 1,B,Platinum,61728
62378,Male,Rural,Bachelor,5L-10L,0,7,0,1,B,Platinum,50088
48793,Male,Urban,High School,5L-10L,1,5,5061,1,A,Platinum,33252
57398,Male,Urban,High School,5L-10L,0,1,3707,More than 1,A,Gold,99936
29279,Male,Urban,High School,5L-10L,1,0,6645,1,A,Gold,51144
64474,Male,Urban,Others,More than 10L,0,1,3769,1,A,Silver,38628
19940,Male,Urban,Bachelor,5L-10L,1,7,0,1,C,Silver,51552
4519,Male,Urban,High School,2L-5L,1,4,4663,1,C,Platinum,31272
7103,Male,Urban,High School,5L-10L,1,2,5235,1,A,Gold,37200
40106,Male,Rural,High School,5L-10L,1,5,6165,1,B,Silver,33732
51229,Male,Rural,Bachelor,5L-10L,0,8,4717,More than 1,A,Silver,92736
54222,Male,Rural,Bachelor,2L-5L,0,7,0,1,B,Platinum,46176
87948,Female,Urban,Bachelor,More than 10L,0,3,5535,More than 1,A,Silver,93216
15545,Male,Rural,Bachelor,2L-5L,1,0,3414,1,A,Platinum,60300
46021,Female,Urban,Bachelor,More than 10L,1,5,2562,More than 1,A,Gold,94920
40307,Male,Rural,High School,5L-10L,1,0,3969,More than 1,A,Silver,94980
26079,Female,Urban,Bachelor,5L-10L,1,2,3675,1,C,Silver,47316
72492,Female,Rural,High School,5L-10L,0,1,0,1,A,Silver,45360
44075,Male,Urban,High School,5L-10L,1,6,4652,1,C,Silver,37020
33464,Female,Rural,High School,5L-10L,1,8,0,1,B,Platinum,32640
43631,Male,Urban,Bachelor,2L-5L,1,0,0,More than 1,B,Platinum,66696
43408,Male,Urban,Bachelor,More than 10L,0,6,6105,More than 1,A,Gold,90336
32452,Male,Urban,High School,5L-10L,0,2,3377,More than 1,A,Platinum,106548
75160,Male,Rural,High School,5L-10L,0,7,2143,More than 1,A,Gold,109212
58110,Female,Rural,High School,5L-10L,0,6,3642,More than 1,A,Gold,104952
43850,Female,Rural,High School,5L-10L,1,5,0,1,C,Platinum,36288
44676,Female,Urban,Bachelor,5L-10L,0,6,6548,1,A,Silver,51936
56862,Male,Urban,Bachelor,More than 10L,1,0,2475,1,A,Platinum,31512
72746,Female,Urban,High School,5L-10L,0,1,6186,1,A,Silver,51408
69575,Male,Urban,Bachelor,5L-10L,1,6,5531,1,A,Platinum,34272
7458,Female,Urban,High School,2L-5L,1,3,0,More than 1,B,Silver,65832
16798,Female,Urban,Bachelor,More than 10L,0,7,5708,More than 1,A,Platinum,102900
75297,Male,Urban,Bachelor,5L-10L,0,6,4777,1,A,Silver,32160
37934,Male,Urban,High School,5L-10L,1,4,7443,1,B,Silver,37452
18540,Female,Urban,High School,2L-5L,1,7,12168,More than 1,C,Gold,101316
85989,Female,Urban,High School,More than 10L,0,5,5626,More than 1,A,Platinum,126048
28861,Male,Urban,High School,5L-10L,1,8,6570,More than 1,A,Platinum,104112
34659,Female,Rural,High School,5L-10L,1,8,0,1,B,Platinum,36936
59780,Male,Urban,Bachelor,2L-5L,1,7,2874,More than 1,A,Gold,90708
52591,Female,Rural,High School,5L-10L,1,7,8895,1,A,Platinum,48336
59765,Female,Rural,High School,5L-10L,1,7,2300,More than 1,B,Platinum,67932
72850,Female,Rural,High School,5L-10L,1,2,2331,More than 1,A,Gold,101520
2610,Female,Urban,High School,5L-10L,1,6,3619,More than 1,A,Platinum,94584
25639,Male,Urban,Bachelor,2L-5L,0,7,6828,1,A,Platinum,57312
27574,Female,Urban,Bachelor,2L-5L,1,8,3363,More than 1,B,Silver,75516
63654,Male,Urban,Bachelor,5L-10L,1,7,2001,1,C,Platinum,33192
70169,Male,Rural,Bachelor,5L-10L,0,8,0,1,B,Silver,42000
74113,Male,Urban,High School,5L-10L,1,8,4175,1,A,Silver,50880
87140,Female,Urban,Bachelor,2L-5L,0,7,6211,More than 1,A,Platinum,100284
33304,Female,Rural,High School,5L-10L,1,1,2092,More than 1,A,Silver,64308
76129,Female,Rural,High School,More than 10L,0,5,3186,More than 1,B,Platinum,69012
55870,Male,Rural,High School,2L-5L,1,6,10456,More than 1,A,Silver,93888
37330,Female,Rural,High School,5L-10L,1,5,5650,1,B,Silver,39684
52413,Female,Urban,Bachelor,More than 10L,0,6,3670,More than 1,A,Platinum,95268
41126,Female,Rural,High School,5L-10L,0,6,0,More than 1,B,Platinum,78168
89031,Male,Urban,High School,5L-10L,1,2,2421,1,A,Platinum,45300
69531,Male,Rural,High School,More than 10L,1,6,5143,1,A,Gold,36252
47107,Male,Urban,Bachelor,5L-10L,0,5,15485,More than 1,A,Platinum,116316
76205,Male,Urban,High School,More than 10L,0,5,4570,More than 1,A,Platinum,93096
21267,Male,Rural,Bachelor,More than 10L,1,6,0,1,B,Silver,35184
79545,Male,Urban,Bachelor,2L-5L,0,8,10637,More than 1,B,Silver,116304
34419,Female,Rural,High School,5L-10L,1,0,3117,More than 1,B,Platinum,74928
43498,Female,Rural,Others,5L-10L,1,0,3503,More than 1,B,Gold,94644
17152,Female,Urban,Bachelor,5L-10L,1,6,3021,1,C,Platinum,52068
66586,Male,Urban,High School,5L-10L,1,2,4867,More than 1,A,Platinum,89244
81388,Male,Rural,Bachelor,5L-10L,0,6,0,1,B,Gold,35436
57463,Female,Urban,High School,2L-5L,1,7,5920,More than 1,A,Gold,107472
71762,Male,Urban,High School,5L-10L,0,4,0,1,C,Platinum,62388
54178,Male,Rural,Others,5L-10L,0,4,3583,1,C,Gold,43200
88990,Female,Rural,High School,More than 10L,0,3,0,1,B,Silver,69348
28026,Male,Urban,High School,2L-5L,1,1,6200,More than 1,A,Gold,104436
13036,Male,Urban,High School,2L-5L,1,4,2121,1,A,Gold,29196
56521,Male,Rural,Bachelor,More than 10L,0,7,2048,1,A,Silver,40200
25535,Female,Rural,Bachelor,More than 10L,1,1,2613,More than 1,A,Silver,101112
86575,Female,Rural,High School,5L-10L,1,7,0,More than 1,A,Platinum,73656
73784,Male,Rural,Others,More than 10L,1,4,2119,1,A,Platinum,29208
41810,Male,Urban,High School,5L-10L,1,5,3546,1,B,Platinum,44376
68040,Female,Urban,High School,2L-5L,1,4,3705,1,A,Platinum,36912
68239,Female,Urban,High School,5L-10L,1,4,5499,More than 1,A,Platinum,94056
55951,Male,Urban,Bachelor,5L-10L,1,7,5864,More than 1,A,Silver,105348
5252,Male,Urban,Bachelor,<=2L,1,7,4069,1,A,Gold,56424
37987,Male,Urban,Others,2L-5L,1,7,4401,More than 1,A,Platinum,100392
61973,Female,Rural,High School,2L-5L,1,5,0,1,C,Platinum,32844
31151,Male,Rural,Bachelor,More than 10L,0,2,0,1,B,Platinum,42228
20378,Female,Urban,High School,5L-10L,1,5,2360,More than 1,B,Silver,73488
17367,Male,Urban,High School,5L-10L,1,6,4282,1,A,Platinum,50004
68267,Male,Urban,High School,5L-10L,1,7,6234,More than 1,A,Platinum,101472
35997,Male,Urban,High School,More than 10L,1,2,2210,1,B,Silver,54984
5075,Female,Urban,Bachelor,2L-5L,0,4,5075,More than 1,B,Silver,110364
76100,Male,Rural,High School,5L-10L,0,5,0,1,A,Silver,47976
73073,Male,Rural,High School,More than 10L,1,1,0,1,A,Silver,34008
52787,Female,Rural,Bachelor,More than 10L,1,2,0,More than 1,B,Platinum,67008
60516,Female,Urban,Others,More than 10L,1,0,0,1,A,Gold,31476
56722,Male,Urban,High School,5L-10L,1,8,0,1,C,Platinum,32628
69870,Male,Urban,High School,5L-10L,1,1,2361,1,A,Gold,33576
28425,Male,Urban,High School,2L-5L,1,3,3804,More than 1,A,Gold,90864
59444,Female,Rural,Bachelor,5L-10L,1,1,3026,More than 1,A,Platinum,92928
56854,Female,Rural,High School,5L-10L,0,6,0,1,C,Gold,39264
40687,Male,Rural,Bachelor,More than 10L,0,8,0,1,B,Platinum,31680
8609,Male,Urban,High School,2L-5L,0,4,5384,1,A,Silver,40716
54081,Male,Rural,High School,5L-10L,0,0,0,1,A,Gold,43404
45558,Female,Urban,Bachelor,5L-10L,1,6,5631,1,A,Gold,35568
7079,Female,Urban,High School,5L-10L,1,6,3642,More than 1,A,Platinum,90264
28124,Male,Urban,High School,5L-10L,1,7,4509,More than 1,B,Silver,87072
79195,Female,Urban,High School,<=2L,1,1,5474,More than 1,A,Gold,88776
69018,Female,Urban,High School,5L-10L,1,0,5072,1,B,Silver,32292
33305,Male,Rural,Bachelor,2L-5L,1,8,0,More than 1,A,Platinum,61116
72954,Male,Urban,High School,5L-10L,1,6,9002,1,C,Silver,55932
69182,Female,Urban,High School,5L-10L,0,0,15647,1,A,Silver,54084
58995,Female,Urban,High School,5L-10L,1,3,9251,1,A,Platinum,43416
75385,Female,Rural,Bachelor,2L-5L,0,6,2689,More than 1,B,Silver,73248
49884,Female,Urban,High School,5L-10L,1,7,7727,1,A,Platinum,48768
25563,Male,Urban,High School,5L-10L,1,2,2077,1,A,Gold,34644
80789,Female,Rural,Bachelor,5L-10L,1,3,0,1,A,Gold,38196
7668,Female,Urban,Bachelor,More than 10L,1,5,3702,1,A,Platinum,37188
14351,Female,Urban,High School,5L-10L,0,4,9381,More than 1,A,Platinum,118884
7525,Male,Urban,High School,5L-10L,1,1,3965,1,B,Silver,36624
9244,Female,Urban,High School,5L-10L,0,7,4690,More than 1,A,Platinum,104640
50744,Female,Urban,Bachelor,5L-10L,0,7,0,1,C,Gold,35928
22386,Female,Rural,Bachelor,5L-10L,1,3,0,1,A,Gold,36228
70877,Female,Urban,High School,5L-10L,0,8,0,More than 1,A,Platinum,92748
87521,Female,Rural,High School,More than 10L,1,6,0,More than 1,A,Platinum,67428
78500,Female,Rural,Bachelor,More than 10L,1,4,2420,1,C,Gold,48084
37667,Male,Urban,High School,5L-10L,0,6,0,More than 1,A,Silver,94968
4733,Male,Urban,Bachelor,5L-10L,1,2,2912,1,A,Gold,45588
68299,Male,Rural,Others,5L-10L,1,6,3815,1,B,Silver,46896
65260,Male,Urban,Bachelor,More than 10L,0,2,0,1,A,Silver,34512
75050,Male,Urban,Bachelor,2L-5L,0,6,6073,More than 1,A,Silver,104304
41664,Male,Rural,High School,5L-10L,0,1,3434,More than 1,A,Platinum,89292
16675,Male,Urban,High School,5L-10L,1,4,6700,1,B,Gold,38256
28908,Female,Rural,Bachelor,2L-5L,0,6,0,More than 1,B,Platinum,67584
58847,Male,Rural,Others,2L-5L,1,2,0,1,C,Platinum,31908
61317,Female,Rural,Bachelor,More than 10L,1,4,0,More than 1,A,Platinum,67788
5849,Male,Urban,Bachelor,2L-5L,0,8,4098,More than 1,B,Platinum,105264
35045,Male,Urban,High School,2L-5L,1,5,0,More than 1,B,Platinum,63924
3640,Male,Rural,High School,5L-10L,1,6,2120,1,A,Platinum,47280
76132,Male,Urban,Bachelor,2L-5L,1,5,9812,More than 1,A,Gold,180840
52779,Female,Rural,Bachelor,5L-10L,0,1,0,More than 1,A,Silver,97068
2023,Male,Urban,Bachelor,More than 10L,1,7,2782,More than 1,B,Platinum,69024
45362,Male,Urban,High School,5L-10L,0,4,4211,More than 1,A,Platinum,92112
38900,Female,Rural,Others,5L-10L,0,6,0,More than 1,B,Platinum,62640
1105,Male,Urban,High School,2L-5L,1,6,0,1,B,Platinum,33996
4708,Male,Urban,High School,2L-5L,1,4,4165,More than 1,A,Platinum,98988
63824,Male,Rural,High School,5L-10L,1,3,0,1,A,Gold,30504
83576,Female,Urban,Bachelor,5L-10L,1,1,5472,1,C,Silver,35940
28933,Male,Rural,Bachelor,More than 10L,0,6,0,More than 1,B,Gold,68472
4203,Female,Urban,Bachelor,5L-10L,1,7,4062,1,A,Silver,47868
50150,Male,Rural,High School,5L-10L,0,7,0,More than 1,A,Platinum,66504
1771,Male,Urban,Bachelor,2L-5L,0,5,3737,More than 1,A,Platinum,98556
13219,Female,Rural,High School,5L-10L,0,0,0,More than 1,A,Gold,65052
51452,Male,Rural,High School,5L-10L,1,0,0,1,B,Silver,44604
30362,Male,Urban,Bachelor,More than 10L,0,6,4734,More than 1,A,Platinum,112344
68177,Female,Urban,Bachelor,5L-10L,1,7,3612,1,B,Platinum,38004
24965,Female,Urban,Bachelor,More than 10L,1,6,5158,1,A,Platinum,40032
76016,Male,Rural,High School,5L-10L,1,1,0,1,A,Gold,31512
60369,Male,Urban,Bachelor,More than 10L,1,6,6830,1,A,Gold,30528
60152,Female,Rural,High School,More than 10L,1,0,0,1,A,Gold,39276
85207,Female,Urban,Bachelor,5L-10L,1,4,2820,More than 1,A,Silver,101160
22138,Male,Urban,Bachelor,5L-10L,0,2,15430,1,A,Silver,35040
3380,Male,Rural,High School,5L-10L,1,8,5320,More than 1,A,Silver,107940
84825,Male,Urban,High School,5L-10L,0,4,4689,More than 1,A,Platinum,106080
19939,Female,Rural,Bachelor,More than 10L,0,7,0,1,B,Silver,63672
55008,Female,Urban,High School,5L-10L,0,8,4351,1,B,Gold,60624
83805,Female,Rural,High School,More than 10L,0,4,5391,More than 1,A,Platinum,67572
35561,Female,Urban,High School,5L-10L,1,8,4077,1,B,Silver,58944
54729,Male,Rural,Bachelor,More than 10L,1,5,2957,1,B,Platinum,53400
44209,Male,Urban,Others,More than 10L,0,6,0,1,A,Platinum,31740
75768,Male,Urban,High School,5L-10L,1,2,4189,1,A,Gold,55512
3675,Female,Urban,High School,5L-10L,0,3,5883,More than 1,C,Platinum,111180
76352,Male,Urban,High School,5L-10L,0,4,2983,1,B,Platinum,44112
56786,Male,Rural,Bachelor,2L-5L,0,7,5877,More than 1,B,Platinum,72672
18390,Male,Rural,Bachelor,More than 10L,0,7,0,More than 1,B,Silver,65232
48531,Male,Rural,Bachelor,More than 10L,0,0,0,1,A,Platinum,57504
3691,Female,Rural,Bachelor,5L-10L,1,3,7768,More than 1,B,Silver,75048
16136,Male,Urban,High School,More than 10L,1,0,6109,1,A,Gold,49368
33554,Female,Rural,Bachelor,More than 10L,0,6,5725,1,A,Gold,44172
75212,Male,Rural,High School,5L-10L,0,7,0,More than 1,A,Gold,82740
48601,Male,Urban,High School,2L-5L,1,5,5880,1,C,Silver,39216
87054,Male,Urban,High School,More than 10L,1,2,2908,More than 1,A,Platinum,98544
86410,Female,Rural,Bachelor,More than 10L,1,1,0,1,B,Platinum,35964
73122,Female,Rural,High School,More than 10L,1,6,0,More than 1,A,Platinum,67188
4065,Male,Rural,Bachelor,2L-5L,1,8,4530,1,B,Platinum,55668
19821,Male,Rural,Others,More than 10L,1,7,0,1,B,Platinum,46392
55473,Male,Rural,Others,2L-5L,0,6,0,1,B,Silver,32328
23183,Male,Rural,Bachelor,5L-10L,1,7,3511,1,A,Platinum,49440
18982,Male,Rural,High School,5L-10L,0,6,5593,1,C,Platinum,38208
18045,Male,Urban,Bachelor,More than 10L,1,2,6216,1,A,Platinum,32244
10136,Male,Rural,Bachelor,5L-10L,1,5,2562,More than 1,B,Platinum,80244
17499,Male,Urban,Bachelor,5L-10L,0,6,6052,1,B,Silver,58080
63053,Female,Rural,Bachelor,5L-10L,1,0,2436,More than 1,C,Silver,66432
41839,Female,Urban,Others,5L-10L,1,1,5928,1,A,Silver,34476
3211,Female,Urban,High School,5L-10L,1,4,3571,1,B,Silver,39996
50414,Female,Rural,High School,2L-5L,0,7,0,1,A,Platinum,32676
54234,Male,Urban,High School,5L-10L,0,0,0,1,B,Platinum,49872
71838,Male,Urban,Bachelor,5L-10L,1,1,4036,More than 1,A,Silver,107940
11990,Female,Rural,Others,More than 10L,1,6,5144,1,C,Gold,33588
67856,Female,Urban,High School,2L-5L,0,7,3864,More than 1,B,Gold,98436
47027,Female,Urban,High School,2L-5L,0,5,4677,More than 1,A,Silver,129096
56990,Female,Urban,Bachelor,2L-5L,1,1,4604,1,A,Platinum,38484
73315,Female,Urban,Bachelor,5L-10L,0,2,4886,More than 1,B,Platinum,97404
73121,Female,Rural,High School,5L-10L,0,7,2386,More than 1,B,Platinum,67116
79486,Male,Urban,High School,More than 10L,1,3,3247,1,B,Gold,34044
1184,Male,Urban,High School,5L-10L,1,4,6697,More than 1,A,Platinum,99408
88480,Female,Urban,High School,2L-5L,1,5,3997,More than 1,C,Platinum,92916
31181,Male,Urban,Bachelor,5L-10L,1,6,4037,More than 1,A,Platinum,98604
38833,Female,Urban,High School,5L-10L,1,7,5862,More than 1,A,Platinum,104088
27441,Male,Urban,Bachelor,2L-5L,0,6,3981,1,B,Gold,43608
18810,Male,Urban,Others,2L-5L,1,5,4770,1,B,Silver,32172
20805,Male,Urban,High School,More than 10L,1,1,2884,1,A,Platinum,37872
55379,Male,Rural,Bachelor,5L-10L,1,8,2481,1,C,Gold,37488
52669,Female,Urban,Bachelor,5L-10L,0,6,6334,1,A,Platinum,58176
377,Female,Urban,High School,5L-10L,1,6,0,1,A,Platinum,35220
84049,Male,Rural,Others,5L-10L,0,6,0,1,B,Silver,34860
31296,Male,Urban,Bachelor,5L-10L,0,3,4939,1,A,Silver,32364
8629,Female,Urban,Bachelor,5L-10L,1,8,2213,More than 1,B,Platinum,71472
82841,Female,Urban,High School,5L-10L,1,6,5789,1,A,Platinum,47676
1681,Male,Urban,Bachelor,5L-10L,1,1,3911,More than 1,C,Gold,99936
25338,Female,Rural,High School,2L-5L,1,2,0,1,B,Silver,35160
4623,Female,Urban,High School,5L-10L,0,6,5681,1,A,Silver,46668
85127,Female,Urban,High School,2L-5L,1,0,7316,More than 1,A,Platinum,94224
85825,Female,Urban,Bachelor,More than 10L,0,7,0,More than 1,B,Gold,102876
12743,Female,Rural,Bachelor,More than 10L,1,7,0,More than 1,B,Gold,73464
14300,Male,Urban,High School,5L-10L,1,1,5895,1,A,Platinum,37884
75679,Male,Urban,Bachelor,More than 10L,1,1,0,1,A,Platinum,38088
23965,Male,Urban,High School,2L-5L,0,6,4165,1,A,Silver,48228
47751,Female,Rural,Bachelor,5L-10L,1,7,2510,More than 1,A,Platinum,74016
38621,Male,Urban,High School,5L-10L,0,3,0,More than 1,A,Silver,96984
74343,Male,Urban,Bachelor,5L-10L,1,2,6090,1,A,Gold,32028
25754,Female,Urban,High School,2L-5L,1,3,5415,1,A,Platinum,34656
83272,Male,Rural,Others,More than 10L,0,6,0,1,B,Platinum,34764
86357,Female,Urban,High School,More than 10L,1,8,10011,1,A,Gold,64608
15595,Female,Urban,Bachelor,5L-10L,0,3,4148,1,A,Silver,47748
13540,Female,Rural,Others,5L-10L,0,7,5246,More than 1,A,Platinum,63648
38748,Male,Urban,High School,5L-10L,1,3,0,1,A,Silver,36612
21138,Male,Urban,Bachelor,5L-10L,1,2,5426,1,B,Platinum,38868
2214,Male,Urban,High School,5L-10L,0,5,7194,More than 1,A,Platinum,115176
55594,Male,Urban,High School,5L-10L,1,2,5447,1,A,Silver,33564
76360,Male,Urban,High School,5L-10L,1,1,6310,1,A,Platinum,47112
53990,Female,Rural,Bachelor,5L-10L,1,2,0,More than 1,B,Platinum,72888
65811,Male,Urban,Bachelor,5L-10L,0,6,11841,More than 1,B,Silver,101484
83431,Male,Rural,Others,More than 10L,0,7,0,1,C,Platinum,39660
31085,Male,Urban,High School,5L-10L,1,5,2146,1,C,Silver,35496
69963,Female,Rural,Bachelor,5L-10L,1,5,0,1,A,Silver,34992
50664,Male,Urban,Bachelor,5L-10L,0,0,5801,1,A,Silver,52620
40781,Female,Urban,High School,5L-10L,1,7,0,More than 1,B,Gold,67224
63174,Female,Rural,High School,5L-10L,1,2,0,1,A,Gold,31392
4147,Male,Urban,Bachelor,2L-5L,1,7,5084,More than 1,A,Gold,92976
6120,Male,Urban,Bachelor,5L-10L,1,5,6749,1,A,Silver,61392
47870,Male,Urban,High School,5L-10L,0,3,5826,1,A,Platinum,36444
70956,Female,Urban,High School,5L-10L,1,3,6554,1,A,Platinum,31680
68163,Male,Rural,High School,More than 10L,1,1,2606,More than 1,B,Platinum,99384
19861,Male,Rural,High School,More than 10L,0,8,5244,More than 1,A,Platinum,102060
45771,Male,Urban,Others,5L-10L,1,6,6089,1,A,Platinum,36336
38647,Female,Urban,High School,5L-10L,1,5,5245,1,A,Platinum,32040
32000,Male,Urban,High School,5L-10L,1,5,3256,More than 1,A,Gold,97992
17667,Male,Rural,Bachelor,5L-10L,1,3,4581,1,A,Platinum,33228
14899,Female,Urban,Others,5L-10L,0,4,5944,1,B,Platinum,33348
4460,Female,Urban,Bachelor,5L-10L,0,0,0,1,A,Platinum,34224
6194,Female,Rural,Bachelor,5L-10L,0,4,11465,1,B,Silver,44712
54300,Female,Urban,High School,5L-10L,0,7,5949,1,A,Gold,57156
34762,Male,Urban,Bachelor,5L-10L,1,5,5239,1,A,Platinum,33852
48948,Male,Urban,High School,<=2L,1,3,5704,1,A,Gold,32856
54862,Male,Urban,Others,5L-10L,0,1,5080,1,A,Gold,39204
4938,Female,Rural,Bachelor,5L-10L,0,4,0,1,C,Platinum,36312
51678,Male,Urban,Bachelor,More than 10L,1,0,2442,1,A,Platinum,33684
81478,Male,Rural,Bachelor,More than 10L,1,3,3095,More than 1,B,Platinum,74700
87255,Male,Urban,High School,More than 10L,1,5,0,1,B,Silver,46572
14686,Male,Urban,High School,5L-10L,1,6,0,1,C,Gold,37920
31087,Female,Rural,High School,More than 10L,0,6,0,More than 1,B,Gold,70824
73883,Male,Rural,Bachelor,5L-10L,0,2,0,More than 1,A,Silver,94236
61771,Female,Rural,High School,5L-10L,0,8,0,More than 1,B,Silver,68832
5728,Female,Rural,High School,5L-10L,1,3,0,More than 1,B,Platinum,74976
29164,Male,Urban,High School,5L-10L,1,6,0,1,A,Gold,37356
13661,Female,Rural,Bachelor,More than 10L,1,0,2976,1,B,Platinum,63600
27171,Male,Rural,Bachelor,2L-5L,1,6,3878,More than 1,B,Platinum,67404
64195,Male,Urban,High School,2L-5L,0,0,9663,1,A,Silver,56004
26511,Male,Urban,High School,2L-5L,0,7,17967,More than 1,B,Silver,107268
64751,Male,Urban,High School,5L-10L,1,8,6827,More than 1,C,Platinum,104964
1489,Male,Rural,High School,5L-10L,0,6,0,More than 1,B,Gold,98472
47270,Female,Urban,Bachelor,<=2L,1,4,6450,1,A,Gold,49092
26133,Male,Rural,Bachelor,5L-10L,1,0,0,1,B,Silver,37428
71409,Male,Urban,Bachelor,5L-10L,1,2,3846,More than 1,B,Silver,95388
76338,Male,Urban,High School,2L-5L,0,8,5759,1,B,Gold,43200
9709,Female,Rural,Bachelor,5L-10L,0,2,0,1,A,Silver,29796
30996,Male,Urban,High School,2L-5L,0,5,4142,1,A,Gold,49848
41662,Male,Urban,Bachelor,5L-10L,1,1,4423,1,B,Platinum,57060
59705,Male,Urban,High School,5L-10L,1,6,5578,1,A,Silver,34200
82888,Male,Rural,High School,5L-10L,0,1,2800,1,A,Platinum,47460
19680,Male,Urban,Bachelor,5L-10L,0,8,8947,More than 1,C,Platinum,108900
51351,Female,Urban,Bachelor,5L-10L,0,4,0,1,A,Platinum,30552
59725,Female,Urban,High School,2L-5L,0,2,6206,More than 1,A,Gold,103176
32454,Male,Urban,Bachelor,2L-5L,1,1,0,1,A,Platinum,33756
13914,Male,Urban,High School,2L-5L,0,4,0,More than 1,B,Platinum,75432
46407,Male,Urban,Others,5L-10L,1,1,6935,1,A,Silver,37332
35776,Male,Urban,High School,2L-5L,0,4,3998,More than 1,B,Silver,102768
36191,Male,Urban,Bachelor,5L-10L,0,1,5594,1,A,Gold,35940
74248,Female,Urban,High School,5L-10L,0,1,5269,1,A,Silver,34308
82531,Male,Rural,Bachelor,2L-5L,1,6,2035,More than 1,B,Platinum,70476
41600,Male,Urban,Bachelor,2L-5L,0,6,6706,1,A,Gold,47136
1668,Female,Urban,Bachelor,<=2L,0,6,7183,1,A,Platinum,41472
62053,Male,Urban,Bachelor,5L-10L,0,4,5444,1,A,Platinum,40500
45926,Male,Urban,High School,2L-5L,0,3,3319,More than 1,B,Silver,107100
36600,Male,Rural,Bachelor,More than 10L,1,2,5004,1,A,Gold,37020
47348,Male,Rural,Bachelor,More than 10L,0,4,4185,1,A,Platinum,38976
21721,Male,Urban,Bachelor,5L-10L,1,5,2180,1,A,Platinum,34056
17767,Male,Rural,Bachelor,More than 10L,0,1,0,1,A,Platinum,45720
41070,Female,Rural,High School,5L-10L,1,7,2409,1,A,Silver,38472
62995,Male,Urban,High School,5L-10L,1,0,6328,1,A,Silver,34164
33267,Male,Urban,Bachelor,5L-10L,1,4,3595,More than 1,B,Platinum,67992
57923,Female,Urban,Bachelor,5L-10L,1,5,2765,1,B,Silver,53952
54961,Male,Urban,Bachelor,5L-10L,1,3,0,More than 1,A,Platinum,97536
83371,Female,Urban,Bachelor,2L-5L,1,1,8411,More than 1,A,Platinum,124560
76662,Male,Rural,Bachelor,5L-10L,0,7,4131,More than 1,C,Platinum,74472
60390,Male,Urban,Bachelor,More than 10L,0,5,8302,More than 1,A,Platinum,124260
26561,Female,Urban,High School,<=2L,1,1,6073,1,A,Platinum,47688
53458,Male,Rural,High School,5L-10L,0,4,0,1,A,Silver,52368
73443,Female,Rural,High School,More than 10L,1,7,2915,1,A,Platinum,56448
81709,Female,Urban,Bachelor,2L-5L,1,1,3648,1,A,Platinum,36744
31825,Male,Urban,Bachelor,5L-10L,0,1,12060,1,A,Silver,44196
11058,Male,Rural,Bachelor,5L-10L,1,4,0,1,A,Gold,33216
31047,Female,Urban,High School,5L-10L,0,6,3780,More than 1,A,Gold,94476
59584,Female,Urban,High School,5L-10L,0,0,6686,1,A,Gold,53052
81441,Female,Rural,High School,More than 10L,1,2,0,More than 1,B,Gold,65724
60945,Female,Urban,High School,5L-10L,0,3,7027,1,A,Gold,67680
35342,Female,Rural,Bachelor,5L-10L,0,6,2978,1,B,Platinum,54408
61450,Female,Rural,High School,5L-10L,0,0,0,1,B,Gold,45300
43284,Male,Urban,High School,5L-10L,1,5,3353,1,A,Platinum,46296
75247,Male,Rural,Bachelor,More than 10L,1,6,3091,More than 1,C,Gold,82320
26387,Male,Urban,Bachelor,5L-10L,1,1,0,More than 1,A,Platinum,82716
85266,Male,Rural,High School,5L-10L,1,4,5635,1,B,Silver,54264
89082,Female,Urban,High School,More than 10L,0,7,3180,More than 1,C,Silver,85308
20793,Male,Urban,Bachelor,5L-10L,1,8,6909,1,B,Platinum,43176
7894,Male,Urban,Bachelor,5L-10L,1,7,3487,More than 1,B,Platinum,70968
2161,Male,Urban,Bachelor,More than 10L,0,4,5527,1,A,Platinum,34608
54814,Female,Urban,High School,2L-5L,0,7,6483,1,A,Silver,31584
17547,Male,Urban,Bachelor,2L-5L,1,5,5290,1,A,Silver,34368
48667,Male,Urban,Bachelor,2L-5L,0,7,3780,1,C,Silver,42096
29756,Male,Rural,Bachelor,5L-10L,1,4,4334,1,A,Platinum,35052
69954,Male,Urban,Bachelor,2L-5L,1,7,0,More than 1,B,Silver,72072
23731,Male,Urban,High School,2L-5L,0,5,7587,1,A,Platinum,65652
31653,Male,Urban,Bachelor,5L-10L,1,6,5507,1,A,Platinum,31056
16882,Male,Urban,High School,5L-10L,0,7,5440,1,A,Platinum,48540
28278,Male,Urban,Bachelor,5L-10L,1,8,0,More than 1,B,Platinum,59160
79669,Male,Rural,Bachelor,5L-10L,1,6,7034,1,A,Platinum,68244
4311,Female,Rural,Bachelor,5L-10L,0,7,0,1,A,Silver,52884
8776,Male,Urban,Bachelor,2L-5L,0,7,2082,1,B,Silver,30420
13325,Male,Rural,Bachelor,5L-10L,1,7,0,1,B,Silver,40224
58723,Female,Rural,High School,5L-10L,1,0,2710,1,C,Gold,39972
77167,Male,Urban,Bachelor,2L-5L,1,4,0,More than 1,B,Platinum,64872
86712,Male,Rural,High School,5L-10L,0,2,5891,More than 1,B,Platinum,67920
50675,Male,Rural,Bachelor,More than 10L,0,8,0,More than 1,B,Platinum,70656
58407,Female,Urban,High School,5L-10L,1,6,3816,More than 1,A,Gold,94764
43817,Male,Urban,Bachelor,5L-10L,1,8,8747,More than 1,A,Platinum,107220
60186,Male,Urban,Others,5L-10L,1,1,4299,1,A,Platinum,36336
36244,Male,Rural,High School,2L-5L,1,6,0,More than 1,B,Gold,63468
56935,Male,Urban,Bachelor,2L-5L,0,5,5478,1,A,Silver,35508
88435,Female,Rural,Bachelor,5L-10L,1,0,2294,1,A,Platinum,47280
8981,Female,Urban,Bachelor,5L-10L,0,3,6916,1,A,Platinum,48192
1422,Female,Urban,High School,5L-10L,1,1,2408,More than 1,A,Platinum,95112
31986,Female,Urban,High School,5L-10L,0,8,5087,More than 1,B,Silver,66708
67750,Female,Urban,Others,2L-5L,0,2,4814,1,A,Platinum,62640
43697,Female,Urban,High School,More than 10L,0,6,5445,1,A,Gold,35328
88719,Female,Urban,Bachelor,2L-5L,1,7,7562,More than 1,B,Platinum,106188
23694,Male,Rural,High School,More than 10L,1,6,0,1,A,Silver,44100
66228,Female,Rural,Bachelor,5L-10L,1,5,4163,1,B,Silver,45000
33183,Male,Urban,Bachelor,5L-10L,1,2,0,More than 1,B,Gold,59676
29340,Male,Rural,Others,2L-5L,1,7,3479,1,B,Silver,49428
78548,Male,Urban,Bachelor,5L-10L,1,3,0,More than 1,A,Platinum,98676
10876,Female,Rural,Bachelor,More than 10L,1,5,2013,More than 1,B,Platinum,72420
70469,Female,Urban,Bachelor,More than 10L,1,0,2145,More than 1,B,Gold,68328
8289,Male,Urban,Bachelor,5L-10L,0,7,3815,1,A,Platinum,53124
43604,Male,Urban,Bachelor,5L-10L,0,6,5382,More than 1,A,Gold,96000
47668,Male,Urban,High School,2L-5L,1,2,5584,More than 1,A,Platinum,96048
71211,Male,Urban,Bachelor,More than 10L,1,7,5984,1,A,Platinum,35004
5353,Female,Rural,High School,2L-5L,0,4,4230,More than 1,C,Platinum,96432
16583,Female,Urban,High School,2L-5L,0,6,4512,1,C,Gold,67212
34217,Female,Urban,High School,2L-5L,1,5,7562,1,A,Silver,47796
21548,Male,Urban,Bachelor,More than 10L,1,8,5817,More than 1,A,Platinum,90156
81121,Female,Rural,High School,5L-10L,0,2,3373,More than 1,A,Platinum,67656
3530,Male,Rural,High School,5L-10L,1,5,0,1,A,Silver,45144
26058,Female,Urban,Bachelor,2L-5L,0,2,6315,1,A,Gold,61920
79700,Female,Urban,Bachelor,2L-5L,0,3,14667,More than 1,B,Gold,106308
54358,Female,Urban,Others,More than 10L,0,0,4136,1,A,Platinum,34008
77702,Female,Rural,High School,More than 10L,1,2,7041,More than 1,B,Gold,67464
81566,Male,Rural,Bachelor,5L-10L,1,6,2987,More than 1,A,Platinum,96192
13921,Male,Urban,Bachelor,5L-10L,1,7,0,More than 1,B,Platinum,64512
53060,Female,Rural,Bachelor,5L-10L,1,7,3702,More than 1,B,Platinum,74244
75640,Female,Urban,High School,5L-10L,0,6,0,1,A,Platinum,33228
70979,Male,Urban,Bachelor,5L-10L,1,5,5545,1,A,Gold,35664
524,Male,Urban,Others,5L-10L,0,4,5221,1,A,Gold,30792
548,Male,Urban,Bachelor,More than 10L,0,4,6095,More than 1,A,Platinum,101172
50473,Female,Rural,High School,5L-10L,1,7,12344,1,A,Platinum,53088
3385,Male,Urban,Bachelor,5L-10L,1,7,3563,More than 1,B,Platinum,71784
53848,Male,Urban,High School,5L-10L,1,2,5636,1,B,Silver,38688
67741,Female,Rural,Bachelor,More than 10L,1,7,2529,More than 1,A,Platinum,68448
54085,Male,Urban,High School,5L-10L,1,5,6706,1,B,Silver,48240
27451,Male,Urban,High School,More than 10L,0,1,3085,1,A,Gold,44352
818,Male,Urban,High School,5L-10L,0,5,5289,More than 1,A,Silver,102852
66914,Male,Urban,Bachelor,5L-10L,1,2,4176,1,A,Gold,49464
38701,Male,Rural,High School,5L-10L,1,2,0,1,C,Gold,61728
22010,Female,Urban,High School,More than 10L,0,5,6338,1,A,Platinum,48504
47087,Male,Urban,Bachelor,5L-10L,1,1,5919,More than 1,A,Platinum,102816
70848,Male,Rural,Bachelor,More than 10L,1,1,0,1,A,Gold,33468
49775,Male,Urban,Bachelor,5L-10L,0,5,5476,1,A,Silver,32376
26881,Female,Rural,High School,More than 10L,1,2,2556,More than 1,B,Platinum,87672
12351,Female,Rural,High School,5L-10L,1,5,0,1,C,Gold,47340
22777,Female,Urban,High School,5L-10L,1,6,11627,1,A,Platinum,51312
38067,Female,Rural,Bachelor,More than 10L,1,8,2242,1,B,Platinum,56976
71743,Male,Rural,Bachelor,2L-5L,1,4,4193,More than 1,B,Silver,70920
64010,Male,Urban,Bachelor,<=2L,0,6,7312,More than 1,A,Silver,89004
4996,Male,Urban,High School,2L-5L,1,1,5431,1,A,Gold,34644
52619,Male,Rural,Others,2L-5L,0,3,0,1,A,Silver,48780
39115,Male,Rural,High School,5L-10L,1,6,3262,1,A,Platinum,42276
80539,Male,Rural,Others,5L-10L,1,6,2871,1,C,Platinum,50292
15739,Female,Urban,Bachelor,5L-10L,0,5,6345,More than 1,A,Platinum,101796
6583,Male,Urban,Bachelor,5L-10L,0,6,4186,1,C,Platinum,44172
86614,Female,Urban,Bachelor,2L-5L,0,5,8105,More than 1,B,Platinum,99768
32283,Male,Urban,High School,5L-10L,1,8,3540,More than 1,C,Silver,114084
40802,Male,Urban,High School,5L-10L,0,7,4393,More than 1,B,Gold,62496
21494,Female,Urban,High School,2L-5L,1,6,3860,1,A,Silver,38448
19755,Female,Urban,High School,5L-10L,0,4,0,1,A,Platinum,51420
10288,Male,Rural,Bachelor,More than 10L,0,8,0,1,A,Platinum,50304
3463,Female,Rural,High School,5L-10L,1,6,3712,1,B,Platinum,43284
35629,Male,Urban,High School,5L-10L,0,5,5307,1,A,Gold,37080
70102,Male,Urban,Bachelor,5L-10L,1,2,5915,More than 1,C,Platinum,102000
19245,Male,Rural,Bachelor,5L-10L,1,2,0,1,A,Silver,37920
49784,Male,Urban,High School,More than 10L,1,5,5003,1,A,Platinum,32904
5456,Female,Urban,Bachelor,2L-5L,1,2,5324,1,A,Platinum,30756
26037,Male,Urban,Others,More than 10L,1,6,4059,1,B,Platinum,37104
29410,Male,Urban,Bachelor,5L-10L,0,5,17841,1,A,Gold,56136
53512,Female,Rural,High School,More than 10L,0,7,0,More than 1,B,Platinum,65136
83159,Female,Rural,Bachelor,2L-5L,0,5,3533,More than 1,A,Platinum,96096
62480,Male,Rural,High School,5L-10L,0,4,2612,1,B,Platinum,56232
82886,Male,Urban,Bachelor,5L-10L,0,5,2400,More than 1,A,Platinum,92928
70188,Female,Urban,High School,5L-10L,1,2,2777,1,A,Platinum,37824
47297,Male,Urban,High School,5L-10L,1,1,5368,1,C,Gold,37944
66291,Male,Urban,High School,5L-10L,1,5,0,1,B,Gold,35892
21150,Female,Urban,Bachelor,2L-5L,1,7,5561,1,A,Platinum,36744
50889,Male,Rural,Bachelor,More than 10L,1,7,3731,More than 1,B,Silver,68544
72860,Male,Urban,Bachelor,5L-10L,1,4,12786,1,A,Silver,42924
34309,Male,Rural,High School,2L-5L,1,7,2948,1,A,Platinum,55560
39397,Female,Rural,High School,2L-5L,1,2,0,1,B,Silver,31380
15617,Female,Urban,High School,More than 10L,0,4,0,More than 1,A,Gold,96012
69535,Male,Urban,Bachelor,2L-5L,0,5,8485,1,A,Gold,56244
8067,Female,Rural,Bachelor,5L-10L,0,1,3930,More than 1,C,Platinum,105180
48559,Male,Rural,High School,5L-10L,1,7,0,1,B,Gold,35532
12782,Female,Urban,Bachelor,5L-10L,1,8,3503,More than 1,A,Platinum,96300
83083,Male,Urban,Bachelor,2L-5L,0,6,12269,1,A,Platinum,57348
30843,Male,Rural,High School,5L-10L,1,6,4035,More than 1,B,Platinum,68472
13299,Female,Urban,High School,5L-10L,0,4,6819,1,C,Silver,40608
22840,Female,Urban,Bachelor,2L-5L,0,2,0,1,A,Silver,38388
5854,Male,Urban,High School,More than 10L,0,6,3744,More than 1,A,Silver,91116
19472,Male,Rural,Bachelor,More than 10L,1,4,0,1,A,Gold,32184
82556,Female,Urban,High School,5L-10L,0,5,10134,More than 1,A,Platinum,113928
56784,Female,Rural,Bachelor,5L-10L,1,1,0,More than 1,B,Platinum,66660
43101,Male,Urban,Bachelor,5L-10L,0,2,2063,More than 1,A,Platinum,65508
22180,Female,Rural,High School,5L-10L,1,1,2999,More than 1,A,Platinum,67272
23452,Male,Rural,Others,2L-5L,1,5,3068,1,B,Platinum,57816
18300,Male,Urban,Bachelor,5L-10L,1,1,2782,More than 1,B,Silver,68208
22369,Female,Urban,Bachelor,5L-10L,1,7,5059,More than 1,A,Platinum,103824
22082,Female,Urban,Bachelor,More than 10L,1,2,3678,1,A,Platinum,33276
2903,Female,Urban,High School,5L-10L,1,4,4351,1,B,Gold,47460
88978,Male,Urban,Bachelor,5L-10L,1,6,5277,1,A,Platinum,34944
34658,Female,Rural,High School,More than 10L,0,5,0,More than 1,B,Gold,60804
17203,Female,Urban,Others,5L-10L,0,7,4826,1,A,Gold,36072
10952,Male,Urban,High School,2L-5L,0,6,6406,More than 1,B,Silver,105516
65691,Male,Urban,Bachelor,5L-10L,1,6,5509,1,A,Platinum,35436
10658,Male,Rural,High School,More than 10L,0,8,0,1,A,Silver,31200
8925,Male,Rural,High School,More than 10L,0,1,0,More than 1,B,Platinum,61872
28406,Male,Urban,High School,2L-5L,0,2,5556,More than 1,B,Gold,93372
35323,Male,Rural,Bachelor,5L-10L,1,6,3052,1,A,Silver,58332
3876,Female,Rural,Bachelor,More than 10L,0,7,4044,More than 1,A,Platinum,74076
18193,Male,Urban,High School,2L-5L,1,1,4839,1,A,Platinum,34680
34451,Female,Rural,Bachelor,More than 10L,1,1,0,1,A,Silver,49488
87204,Female,Urban,High School,5L-10L,1,8,6402,1,A,Platinum,54516
22643,Male,Urban,High School,2L-5L,1,0,7601,1,A,Silver,35172
62049,Male,Urban,High School,5L-10L,0,0,4717,1,B,Platinum,35376
82884,Female,Rural,High School,5L-10L,0,1,2092,More than 1,B,Platinum,74352
27522,Male,Urban,High School,5L-10L,1,6,6800,More than 1,A,Silver,108972
87542,Female,Rural,Bachelor,2L-5L,0,4,2068,More than 1,B,Platinum,75300
24572,Male,Urban,Bachelor,5L-10L,0,6,7691,More than 1,A,Gold,105036
34079,Female,Rural,Bachelor,2L-5L,1,6,2414,More than 1,B,Gold,66516
73815,Female,Rural,Bachelor,5L-10L,1,7,0,More than 1,B,Gold,71388
69189,Female,Rural,Bachelor,2L-5L,1,0,3868,1,A,Gold,57636
47817,Female,Urban,High School,5L-10L,0,6,6529,More than 1,A,Silver,104136
48134,Female,Rural,Bachelor,5L-10L,0,0,5412,1,A,Gold,35856
2113,Female,Urban,High School,2L-5L,0,5,8774,1,A,Silver,33348
5479,Female,Rural,Bachelor,More than 10L,1,7,2598,More than 1,B,Silver,72888
35524,Female,Urban,High School,2L-5L,0,2,0,1,B,Platinum,33588
79225,Male,Rural,Bachelor,5L-10L,0,8,4329,1,A,Platinum,104892
42744,Male,Rural,High School,5L-10L,1,7,3307,More than 1,A,Platinum,69120
86465,Female,Rural,High School,5L-10L,1,7,4621,1,B,Gold,32604
74687,Female,Urban,Bachelor,5L-10L,1,8,0,More than 1,B,Platinum,64452
71131,Male,Urban,High School,5L-10L,1,0,3971,More than 1,B,Gold,64068
56256,Male,Urban,High School,5L-10L,0,6,4582,1,C,Gold,39240
63260,Male,Urban,Bachelor,5L-10L,1,2,5298,1,A,Silver,32916
78926,Male,Rural,Bachelor,5L-10L,1,7,2251,1,C,Platinum,48576
37151,Female,Rural,Others,5L-10L,0,3,2015,1,A,Gold,34764
87670,Male,Rural,Bachelor,2L-5L,1,4,0,More than 1,B,Silver,69216
47832,Male,Urban,Bachelor,2L-5L,1,6,0,More than 1,C,Silver,99408
72894,Male,Rural,High School,5L-10L,0,3,3077,1,B,Silver,50772
60300,Male,Urban,Bachelor,5L-10L,1,2,4087,More than 1,C,Silver,97104
28202,Male,Urban,High School,5L-10L,1,6,5741,1,A,Silver,37056
70119,Female,Rural,High School,More than 10L,0,2,0,1,B,Silver,59016
58291,Male,Urban,High School,5L-10L,1,4,4248,More than 1,A,Gold,100356
18496,Female,Urban,High School,2L-5L,0,7,7069,More than 1,A,Silver,115296
77161,Male,Rural,Others,5L-10L,0,4,5525,1,A,Platinum,33828
87816,Male,Urban,Others,2L-5L,0,4,0,1,B,Platinum,41136
63946,Male,Urban,Bachelor,More than 10L,1,5,4944,1,A,Gold,33936
53045,Male,Rural,Others,5L-10L,0,5,3585,1,C,Gold,55404
52442,Female,Urban,Bachelor,5L-10L,1,5,5521,1,A,Gold,34020
48387,Male,Rural,Bachelor,More than 10L,1,4,0,More than 1,A,Platinum,64536
65348,Female,Rural,High School,5L-10L,1,4,0,More than 1,C,Silver,76500
17524,Male,Urban,Bachelor,2L-5L,1,4,17338,More than 1,B,Platinum,62760
62,Male,Rural,High School,5L-10L,1,0,2852,1,A,Silver,49896
69589,Male,Urban,High School,5L-10L,0,6,0,1,A,Platinum,37212
19597,Male,Rural,Bachelor,5L-10L,0,2,2191,1,B,Platinum,50364
60271,Male,Rural,Bachelor,5L-10L,0,7,0,1,A,Platinum,48768
31712,Female,Rural,Bachelor,5L-10L,1,7,2091,More than 1,A,Silver,76680
20216,Female,Urban,High School,2L-5L,0,8,3838,More than 1,A,Platinum,115584
48655,Male,Urban,High School,More than 10L,0,8,3936,1,B,Silver,37812
68464,Female,Urban,Bachelor,2L-5L,0,3,7264,More than 1,B,Silver,98580
51815,Female,Rural,High School,5L-10L,1,4,3528,More than 1,A,Gold,93288
18799,Male,Urban,Bachelor,5L-10L,0,7,16198,1,A,Platinum,56880
87277,Female,Rural,High School,5L-10L,0,1,0,1,A,Platinum,44532
76080,Female,Rural,Bachelor,More than 10L,1,8,2135,More than 1,B,Platinum,71352
60447,Female,Rural,High School,More than 10L,0,6,2184,More than 1,B,Silver,63132
31455,Male,Urban,High School,More than 10L,0,0,7430,More than 1,A,Silver,97632
49643,Male,Rural,Bachelor,5L-10L,1,3,3743,More than 1,A,Platinum,89592
35244,Female,Rural,High School,5L-10L,1,0,5120,More than 1,B,Silver,85980
48628,Male,Rural,High School,5L-10L,1,7,0,1,A,Gold,42876
53863,Male,Rural,Bachelor,5L-10L,1,8,3400,More than 1,B,Platinum,67440
83978,Male,Urban,Others,2L-5L,1,1,4627,1,A,Gold,30708
83654,Female,Rural,Bachelor,5L-10L,0,7,2154,More than 1,A,Silver,100704
7366,Male,Urban,Bachelor,5L-10L,0,4,4040,More than 1,C,Gold,116184
15671,Female,Urban,High School,5L-10L,0,5,7915,1,A,Silver,47196
32546,Female,Urban,Bachelor,2L-5L,1,8,3651,1,A,Gold,59352
30282,Female,Urban,High School,More than 10L,1,2,2367,1,C,Silver,34584
69065,Female,Urban,Bachelor,2L-5L,0,8,6033,1,A,Platinum,62580
4866,Female,Urban,High School,5L-10L,0,8,10443,1,B,Silver,66348
53328,Male,Urban,High School,5L-10L,1,3,4702,1,B,Gold,42108
83810,Male,Urban,High School,2L-5L,1,1,6184,1,C,Platinum,51240
30762,Female,Urban,Bachelor,5L-10L,1,5,5743,1,A,Platinum,48048
55283,Male,Urban,High School,<=2L,0,1,6857,1,A,Platinum,60492
42185,Female,Rural,Bachelor,More than 10L,1,2,5388,1,A,Platinum,54912
60631,Male,Urban,Bachelor,5L-10L,1,4,3185,More than 1,B,Platinum,69576
69436,Female,Urban,Bachelor,5L-10L,0,5,5432,1,B,Platinum,56412
22363,Male,Rural,Bachelor,5L-10L,1,5,0,1,B,Platinum,46332
28937,Female,Urban,Bachelor,5L-10L,1,7,5695,More than 1,C,Gold,99732
66988,Female,Urban,High School,2L-5L,1,7,7065,More than 1,B,Silver,73032
48224,Male,Rural,Bachelor,5L-10L,1,2,2140,1,C,Silver,46032
32,Male,Rural,Others,5L-10L,1,4,4834,1,C,Platinum,34824
76099,Male,Urban,High School,More than 10L,0,7,6316,1,A,Gold,46608
51068,Male,Rural,High School,5L-10L,1,5,2524,More than 1,C,Gold,70440
55807,Female,Urban,High School,5L-10L,1,1,5111,1,B,Silver,36264
89267,Female,Rural,Bachelor,2L-5L,0,4,9693,More than 1,B,Platinum,110352
34616,Female,Rural,High School,More than 10L,1,6,0,More than 1,B,Platinum,75204
77858,Male,Urban,Bachelor,5L-10L,0,6,10558,1,A,Platinum,47136
72455,Male,Urban,High School,5L-10L,1,5,11369,More than 1,A,Platinum,116592
51477,Male,Urban,Bachelor,2L-5L,0,2,2028,More than 1,B,Gold,118512
56918,Male,Urban,Bachelor,5L-10L,1,8,5792,1,B,Silver,37464
26086,Male,Urban,Bachelor,5L-10L,1,7,3120,1,A,Platinum,44460
53890,Female,Urban,High School,5L-10L,0,3,5078,More than 1,C,Platinum,88008
50444,Male,Urban,High School,5L-10L,1,5,6465,More than 1,A,Platinum,101496
16724,Female,Urban,High School,5L-10L,1,8,4271,1,C,Gold,51468
5722,Male,Urban,Bachelor,5L-10L,0,6,5464,More than 1,A,Silver,103068
65091,Male,Urban,High School,2L-5L,0,3,2653,More than 1,B,Platinum,116220
88309,Male,Urban,Bachelor,5L-10L,1,5,6156,1,B,Silver,37896
82176,Male,Urban,Others,2L-5L,1,6,6166,1,A,Silver,33036
88571,Male,Urban,Bachelor,5L-10L,1,2,2170,More than 1,A,Platinum,92556
40898,Male,Urban,High School,5L-10L,1,7,4035,More than 1,B,Platinum,74004
29839,Male,Urban,Bachelor,More than 10L,1,1,5450,1,A,Gold,33948
4275,Male,Urban,High School,5L-10L,1,4,5351,1,A,Gold,32412
21123,Male,Urban,Others,5L-10L,1,4,4169,1,B,Silver,54840
5122,Male,Urban,Bachelor,2L-5L,0,6,5197,1,A,Platinum,35424
9811,Female,Urban,Others,2L-5L,1,6,6611,1,B,Platinum,51792
40548,Female,Rural,High School,5L-10L,1,1,0,1,A,Platinum,36852
76592,Female,Rural,High School,5L-10L,1,3,0,More than 1,A,Silver,98892
63760,Male,Urban,Bachelor,5L-10L,1,7,5340,1,A,Gold,45996
89182,Male,Urban,High School,5L-10L,0,3,4132,More than 1,A,Silver,111588
83057,Male,Rural,High School,More than 10L,0,0,0,More than 1,B,Gold,104928
33059,Male,Urban,High School,5L-10L,0,5,2232,1,A,Platinum,34128
41226,Male,Urban,High School,2L-5L,1,8,6977,More than 1,A,Platinum,89328
30618,Female,Rural,High School,5L-10L,1,6,3648,1,A,Platinum,53592
40228,Female,Rural,High School,More than 10L,0,8,0,1,A,Platinum,52596
66681,Female,Urban,Others,More than 10L,0,6,2303,1,A,Platinum,34824
76039,Female,Urban,Bachelor,5L-10L,0,0,11734,More than 1,A,Gold,91272
43761,Male,Urban,Bachelor,5L-10L,1,0,5806,More than 1,A,Platinum,105096
33294,Female,Urban,Bachelor,<=2L,1,1,5283,1,A,Silver,52596
16508,Male,Urban,Bachelor,5L-10L,0,6,7434,1,A,Platinum,41736
11463,Male,Urban,Bachelor,5L-10L,0,5,0,1,A,Silver,34224
54573,Female,Rural,Bachelor,5L-10L,1,3,3938,1,A,Silver,44868
29567,Male,Rural,Bachelor,More than 10L,1,7,0,1,B,Platinum,33528
25891,Female,Rural,Others,2L-5L,0,5,5127,1,A,Platinum,33792
81232,Male,Urban,Bachelor,5L-10L,1,1,0,More than 1,B,Platinum,65688
9613,Male,Rural,High School,5L-10L,1,7,0,More than 1,B,Platinum,66732
48477,Male,Rural,Bachelor,5L-10L,1,8,2362,More than 1,B,Gold,69216
17803,Female,Rural,Bachelor,2L-5L,1,3,0,More than 1,A,Silver,73116
54361,Female,Urban,Others,More than 10L,1,1,5240,1,B,Gold,32412
19635,Male,Urban,High School,5L-10L,1,5,6177,1,A,Platinum,37980
2676,Male,Urban,Others,5L-10L,1,1,0,1,C,Gold,53256
26085,Female,Rural,Bachelor,5L-10L,0,1,0,1,A,Silver,45024
44339,Female,Urban,High School,5L-10L,1,3,4108,More than 1,B,Silver,77952
9082,Female,Urban,High School,5L-10L,1,1,0,1,A,Silver,37392
35811,Female,Urban,High School,5L-10L,0,6,9857,More than 1,A,Platinum,93588
86585,Female,Rural,High School,2L-5L,0,8,5741,1,A,Silver,36312
51996,Female,Rural,High School,5L-10L,1,4,3464,1,A,Platinum,43272
63128,Male,Urban,High School,2L-5L,1,8,0,1,A,Platinum,33984
58198,Female,Urban,High School,<=2L,1,8,3200,1,C,Platinum,64548
74701,Male,Urban,Bachelor,2L-5L,1,6,0,More than 1,A,Silver,83760
29911,Male,Rural,High School,5L-10L,1,5,5018,More than 1,A,Platinum,81804
79687,Male,Rural,Bachelor,5L-10L,1,4,0,1,A,Platinum,51576
7545,Male,Rural,Others,2L-5L,1,6,0,1,B,Silver,37368
23837,Male,Urban,High School,2L-5L,0,7,6592,1,B,Silver,36576
52664,Male,Urban,High School,More than 10L,0,5,5955,1,A,Gold,47436
63190,Male,Urban,High School,More than 10L,1,4,5967,More than 1,A,Platinum,104880
41416,Female,Urban,High School,More than 10L,1,2,6354,1,A,Platinum,46428
41304,Female,Rural,Bachelor,2L-5L,0,8,3835,More than 1,A,Silver,99792
85735,Male,Urban,High School,5L-10L,0,1,7522,1,A,Platinum,53244
17609,Male,Rural,Bachelor,5L-10L,1,6,0,1,B,Gold,36948
30039,Female,Urban,High School,5L-10L,1,6,0,1,A,Silver,45288
21571,Female,Rural,Bachelor,More than 10L,1,4,4933,1,C,Gold,40140
25361,Female,Urban,High School,5L-10L,0,5,6064,More than 1,A,Platinum,100152
46180,Female,Urban,High School,More than 10L,1,5,2206,1,A,Gold,47568
45431,Male,Urban,High School,2L-5L,1,6,0,1,A,Gold,33036
63904,Male,Urban,High School,5L-10L,1,7,5569,1,B,Silver,36660
51350,Male,Urban,Bachelor,5L-10L,0,4,12861,More than 1,A,Silver,110484
73511,Male,Urban,High School,5L-10L,0,4,7125,1,A,Silver,54360
26188,Female,Rural,Bachelor,More than 10L,1,4,0,More than 1,A,Platinum,69384
6883,Male,Urban,Bachelor,2L-5L,1,6,6723,More than 1,A,Silver,99540
6811,Female,Urban,Bachelor,5L-10L,0,2,4983,1,A,Silver,33744
64412,Female,Urban,High School,5L-10L,1,7,7364,1,A,Gold,48888
57061,Female,Urban,Bachelor,More than 10L,1,6,2564,More than 1,A,Gold,92244
45863,Male,Rural,Bachelor,2L-5L,1,7,0,More than 1,B,Platinum,67008
77701,Male,Urban,Bachelor,2L-5L,1,7,3467,1,A,Gold,61284
44358,Male,Rural,Others,More than 10L,1,0,0,1,B,Platinum,34404
58709,Male,Rural,Bachelor,More than 10L,1,1,6590,More than 1,A,Gold,96612
39863,Male,Urban,Bachelor,More than 10L,1,4,2487,1,B,Silver,38952
12592,Female,Urban,Bachelor,More than 10L,1,5,8032,1,A,Platinum,32472
17897,Male,Rural,High School,5L-10L,0,0,0,1,B,Gold,59772
50471,Female,Urban,Bachelor,2L-5L,0,2,3408,More than 1,B,Platinum,97860
39077,Female,Urban,High School,5L-10L,0,6,8395,More than 1,A,Platinum,118212
64030,Male,Urban,Bachelor,5L-10L,1,7,5848,More than 1,A,Gold,104688
72630,Female,Urban,High School,2L-5L,0,2,5471,More than 1,A,Platinum,106884
86922,Male,Urban,Bachelor,5L-10L,1,6,6166,1,C,Platinum,41460
3664,Male,Rural,High School,More than 10L,1,7,0,1,B,Gold,36924
10472,Male,Urban,High School,2L-5L,1,1,5552,1,A,Silver,35016
13104,Male,Rural,High School,More than 10L,0,6,0,More than 1,B,Gold,68952
65298,Male,Rural,High School,2L-5L,1,3,6479,1,A,Platinum,47556
22372,Male,Urban,High School,5L-10L,1,3,4532,1,C,Gold,52968
67538,Female,Rural,High School,5L-10L,1,1,0,1,B,Gold,31008
6939,Male,Urban,High School,2L-5L,0,8,4204,More than 1,A,Gold,99804
88810,Female,Urban,High School,5L-10L,0,2,5771,More than 1,A,Silver,98568
85032,Male,Urban,High School,5L-10L,1,4,6177,More than 1,A,Platinum,98496
76097,Female,Rural,Bachelor,More than 10L,0,8,0,1,A,Gold,34212
78761,Female,Rural,High School,5L-10L,1,2,2976,More than 1,B,Silver,72072
49522,Male,Urban,Bachelor,More than 10L,0,4,3194,More than 1,B,Silver,107004
4920,Female,Rural,Others,5L-10L,0,6,2259,1,B,Platinum,42816
48450,Female,Rural,High School,5L-10L,1,6,4029,More than 1,A,Silver,98604
42761,Female,Rural,High School,5L-10L,0,2,2085,More than 1,B,Platinum,69192
89038,Male,Urban,Bachelor,2L-5L,1,6,8563,More than 1,A,Platinum,170184
19877,Male,Urban,High School,2L-5L,0,5,5802,1,A,Silver,45012
13989,Male,Urban,High School,5L-10L,1,4,5204,1,A,Platinum,34404
43156,Female,Urban,High School,<=2L,1,2,5161,1,A,Silver,46980
25720,Male,Urban,High School,2L-5L,0,6,9470,1,B,Platinum,49044
26374,Male,Urban,High School,2L-5L,0,1,4043,1,A,Silver,38016
71745,Male,Rural,Bachelor,5L-10L,0,1,2212,More than 1,B,Silver,68844
57414,Male,Urban,High School,5L-10L,1,0,6318,1,A,Gold,36624
81857,Male,Rural,High School,5L-10L,1,2,2401,1,A,Platinum,41340
70927,Female,Rural,Bachelor,5L-10L,0,6,15111,More than 1,B,Gold,106092
81019,Female,Urban,Bachelor,2L-5L,0,6,4793,More than 1,A,Silver,109896
74539,Male,Urban,Bachelor,5L-10L,0,7,7674,More than 1,A,Gold,118392
18271,Male,Urban,Others,5L-10L,1,7,6644,1,B,Platinum,35652
78236,Female,Rural,Others,5L-10L,0,5,4231,1,B,Platinum,33732
80767,Female,Rural,Bachelor,5L-10L,1,2,5134,1,A,Platinum,32220
27579,Male,Urban,Bachelor,2L-5L,1,3,3932,More than 1,B,Platinum,127152
46387,Female,Urban,Bachelor,5L-10L,1,6,4179,More than 1,A,Platinum,97248
56249,Female,Urban,Bachelor,2L-5L,1,6,5729,1,A,Gold,51000
6044,Male,Urban,Bachelor,5L-10L,0,1,5884,1,A,Platinum,43464
47013,Female,Rural,Bachelor,More than 10L,1,7,0,1,C,Silver,50868
25587,Male,Rural,High School,5L-10L,1,0,3864,More than 1,A,Gold,96600
66450,Female,Urban,Others,5L-10L,1,4,2143,More than 1,B,Silver,68304
7031,Male,Urban,Bachelor,5L-10L,0,3,0,More than 1,A,Platinum,100044
83898,Female,Rural,Bachelor,5L-10L,1,0,0,1,A,Platinum,34440
84085,Female,Rural,Bachelor,2L-5L,1,7,2641,More than 1,B,Silver,71268
80684,Female,Urban,High School,5L-10L,1,4,6066,1,A,Platinum,51564
67862,Male,Rural,Bachelor,5L-10L,0,7,0,1,B,Platinum,48096
84630,Female,Urban,High School,5L-10L,0,3,6649,More than 1,A,Platinum,106500
53727,Male,Urban,Bachelor,5L-10L,1,6,5589,More than 1,A,Platinum,96336
39036,Female,Urban,High School,5L-10L,1,4,6228,1,A,Platinum,32892
9605,Male,Urban,High School,5L-10L,0,1,2130,More than 1,C,Gold,103596
4929,Female,Urban,High School,2L-5L,1,6,12560,1,A,Platinum,47760
8378,Male,Urban,Bachelor,2L-5L,1,1,5889,More than 1,B,Gold,106164
10276,Female,Rural,High School,More than 10L,1,3,0,More than 1,A,Gold,70044
54928,Male,Rural,Bachelor,2L-5L,0,0,0,More than 1,A,Platinum,90084
2988,Female,Urban,Bachelor,More than 10L,1,6,4095,More than 1,A,Platinum,102996
65301,Male,Rural,Bachelor,More than 10L,1,7,2400,More than 1,A,Platinum,61476
72165,Male,Rural,High School,2L-5L,1,7,3054,1,B,Silver,50976
71901,Female,Urban,Bachelor,5L-10L,0,7,4711,1,A,Silver,34056
4822,Male,Urban,Others,5L-10L,0,2,11426,More than 1,B,Platinum,109608
10828,Male,Urban,High School,More than 10L,0,3,7472,1,C,Silver,37452
17693,Male,Urban,High School,2L-5L,1,6,6820,1,C,Silver,32928
57485,Female,Rural,Bachelor,More than 10L,1,7,3419,More than 1,C,Gold,107904
81627,Female,Urban,Bachelor,More than 10L,1,4,4116,More than 1,B,Silver,102312
83585,Male,Rural,High School,5L-10L,1,4,0,1,A,Silver,37044
21319,Male,Urban,Bachelor,5L-10L,0,7,7872,More than 1,A,Gold,160560
50485,Male,Urban,Bachelor,5L-10L,0,0,5715,1,A,Platinum,52944
21356,Male,Urban,Bachelor,2L-5L,1,5,4696,1,A,Platinum,31944
84684,Female,Urban,Bachelor,5L-10L,1,8,6627,1,B,Platinum,48432
66805,Male,Urban,Bachelor,More than 10L,1,4,0,More than 1,B,Platinum,61692
299,Male,Rural,High School,5L-10L,1,5,8392,More than 1,A,Gold,99132
58894,Female,Urban,Bachelor,2L-5L,0,7,5266,1,A,Silver,32808
65996,Female,Urban,High School,5L-10L,1,5,4339,More than 1,B,Platinum,89820
52421,Female,Urban,High School,5L-10L,1,4,11158,More than 1,B,Platinum,110556
69567,Male,Urban,High School,5L-10L,1,8,3996,1,A,Platinum,33180
22679,Male,Urban,High School,5L-10L,1,6,0,1,A,Platinum,36264
39,Female,Urban,High School,2L-5L,0,5,5573,1,A,Silver,34944
75391,Female,Urban,High School,More than 10L,0,1,3517,1,A,Platinum,47760
31936,Male,Urban,High School,5L-10L,1,4,7711,1,A,Gold,50604
32844,Male,Rural,Bachelor,5L-10L,1,4,2027,More than 1,A,Silver,99252
41690,Female,Urban,High School,5L-10L,1,2,0,1,C,Platinum,28968
12373,Female,Urban,Bachelor,5L-10L,1,3,6434,More than 1,A,Platinum,97716
31388,Female,Rural,High School,More than 10L,1,0,0,More than 1,B,Platinum,66288
55791,Female,Urban,Bachelor,5L-10L,1,5,3350,1,A,Silver,42600
10105,Male,Urban,High School,More than 10L,0,1,6242,1,C,Gold,55368
79895,Male,Rural,Bachelor,More than 10L,1,8,2353,More than 1,B,Gold,72036
36179,Male,Urban,High School,2L-5L,1,6,0,1,C,Platinum,33096
53718,Female,Urban,High School,5L-10L,1,2,4727,1,C,Platinum,36372
57483,Male,Rural,High School,More than 10L,1,0,0,More than 1,A,Platinum,69420
29885,Male,Rural,Bachelor,5L-10L,1,7,2209,1,B,Platinum,53244
82695,Female,Urban,Bachelor,5L-10L,1,5,4437,1,A,Gold,36900
11439,Male,Rural,Bachelor,More than 10L,0,6,2108,1,C,Gold,49956
34101,Female,Urban,High School,5L-10L,1,1,5257,1,C,Platinum,29244
29446,Female,Urban,High School,2L-5L,1,6,4880,1,B,Gold,33312
58038,Male,Urban,High School,5L-10L,0,7,9008,More than 1,A,Platinum,100824
77329,Female,Urban,High School,More than 10L,0,1,5692,1,A,Silver,46908
68739,Female,Rural,Bachelor,5L-10L,1,0,0,1,A,Platinum,34656
2698,Male,Rural,High School,5L-10L,1,8,3254,More than 1,A,Platinum,68916
30245,Male,Rural,High School,More than 10L,0,4,0,1,B,Silver,33132
66379,Male,Urban,Bachelor,5L-10L,1,4,3460,1,A,Gold,43848
80907,Male,Urban,High School,5L-10L,1,5,4779,1,A,Gold,33912
4684,Male,Rural,Others,5L-10L,1,7,0,1,A,Platinum,53376
83061,Female,Rural,Bachelor,5L-10L,0,6,0,More than 1,A,Silver,98244
11809,Female,Rural,High School,5L-10L,1,2,0,1,B,Gold,35172
66949,Male,Urban,High School,5L-10L,1,1,2103,1,A,Platinum,32328
39772,Male,Rural,High School,5L-10L,1,3,2200,1,C,Platinum,36336
45335,Male,Rural,Bachelor,5L-10L,1,0,5816,1,A,Silver,54180
41576,Male,Rural,High School,More than 10L,1,1,0,1,A,Platinum,32688
53438,Male,Rural,High School,5L-10L,1,8,4254,More than 1,A,Gold,73920
12334,Female,Urban,High School,5L-10L,0,5,9417,More than 1,A,Gold,126876
36638,Male,Rural,High School,5L-10L,1,2,6919,More than 1,B,Platinum,73020
74482,Female,Urban,High School,5L-10L,0,7,3761,More than 1,A,Platinum,99420
13329,Female,Rural,High School,2L-5L,1,4,4965,1,A,Platinum,30936
78818,Male,Rural,Others,More than 10L,1,4,0,More than 1,A,Gold,88080
79347,Male,Urban,High School,2L-5L,1,8,6112,1,A,Platinum,65760
58808,Male,Urban,High School,5L-10L,1,6,3841,More than 1,A,Gold,96720
1108,Male,Rural,Bachelor,5L-10L,1,6,0,More than 1,B,Platinum,66360
39593,Male,Urban,Others,More than 10L,0,5,3887,1,A,Platinum,33516
67107,Female,Rural,High School,2L-5L,0,2,0,More than 1,C,Silver,64248
70000,Female,Urban,Bachelor,5L-10L,1,4,6357,1,A,Gold,45360
60926,Female,Urban,High School,More than 10L,1,7,2154,1,C,Platinum,35796
39519,Female,Urban,Bachelor,More than 10L,0,2,5651,1,A,Gold,44532
69511,Male,Urban,Bachelor,5L-10L,0,5,5883,1,A,Platinum,34572
35354,Male,Rural,High School,5L-10L,1,4,2182,1,A,Silver,48984
87637,Male,Rural,Bachelor,2L-5L,1,6,0,More than 1,B,Platinum,68904
17419,Male,Rural,Bachelor,More than 10L,1,0,0,1,B,Platinum,59976
45599,Female,Urban,High School,5L-10L,1,0,0,More than 1,A,Silver,73392
52848,Female,Rural,High School,5L-10L,1,6,2027,More than 1,A,Platinum,94920
25388,Female,Urban,High School,5L-10L,0,5,3903,1,B,Platinum,43152
7004,Male,Urban,High School,More than 10L,1,5,2068,1,C,Gold,35424
50009,Female,Rural,Bachelor,More than 10L,0,6,0,More than 1,C,Platinum,66492
83210,Male,Urban,Bachelor,2L-5L,1,3,0,1,A,Platinum,32808
30288,Male,Rural,Bachelor,5L-10L,1,7,0,1,B,Silver,38616
25703,Female,Rural,High School,2L-5L,0,8,3490,More than 1,B,Platinum,79356
80244,Male,Urban,High School,2L-5L,1,3,6547,1,C,Platinum,34692
89312,Male,Urban,High School,2L-5L,1,8,4200,More than 1,A,Gold,67068
24118,Female,Urban,High School,2L-5L,1,2,0,1,B,Silver,31368
8764,Male,Urban,High School,5L-10L,0,2,4279,1,C,Platinum,40080
36578,Female,Rural,Bachelor,2L-5L,1,6,0,1,A,Platinum,37200
79757,Male,Urban,High School,5L-10L,0,5,3856,1,C,Gold,50520
51823,Male,Urban,Bachelor,2L-5L,1,4,10083,More than 1,A,Gold,153732
31478,Female,Urban,High School,More than 10L,1,3,6558,1,A,Gold,30672
88529,Male,Rural,Bachelor,5L-10L,1,7,2257,More than 1,B,Silver,73188
8259,Female,Urban,High School,5L-10L,0,2,6142,More than 1,B,Platinum,75432
39601,Female,Urban,Bachelor,5L-10L,0,4,3589,More than 1,A,Platinum,105996
42891,Male,Urban,High School,More than 10L,0,6,5731,1,A,Gold,32568
84100,Male,Urban,Bachelor,5L-10L,1,7,3836,1,A,Gold,56376
28498,Female,Urban,High School,2L-5L,0,6,4935,1,A,Silver,32064
65764,Male,Urban,High School,<=2L,0,4,3712,More than 1,A,Silver,102816
77165,Male,Rural,High School,5L-10L,1,6,4608,1,A,Silver,30264
78128,Male,Urban,High School,5L-10L,1,8,7804,More than 1,A,Platinum,96204
63837,Female,Rural,Bachelor,More than 10L,0,8,4686,More than 1,A,Platinum,65280
5505,Male,Urban,Bachelor,More than 10L,0,5,6738,More than 1,A,Platinum,120216
35611,Male,Rural,High School,5L-10L,1,1,4472,More than 1,B,Gold,68028
86306,Female,Urban,Others,5L-10L,1,0,19851,1,B,Gold,64044
37102,Male,Rural,High School,5L-10L,1,7,3524,More than 1,A,Gold,97044
46138,Female,Urban,High School,2L-5L,1,3,4968,More than 1,C,Silver,94644
25048,Male,Urban,High School,More than 10L,1,4,3227,More than 1,B,Platinum,56052
57172,Male,Rural,High School,2L-5L,1,4,0,1,C,Platinum,43548
30781,Male,Rural,High School,More than 10L,0,4,0,1,A,Silver,33348
87056,Female,Rural,High School,5L-10L,0,8,0,More than 1,B,Platinum,70716
47885,Female,Urban,Bachelor,More than 10L,1,6,3940,More than 1,B,Platinum,99108
75669,Male,Urban,High School,5L-10L,1,3,5927,1,A,Silver,36276
62325,Female,Rural,High School,2L-5L,1,5,2489,More than 1,A,Platinum,68112
63140,Female,Rural,High School,5L-10L,1,4,4798,1,A,Platinum,30528
68765,Female,Urban,High School,More than 10L,0,3,6438,More than 1,A,Gold,92232
46370,Female,Urban,High School,5L-10L,1,5,6974,More than 1,A,Gold,104184
5201,Male,Rural,High School,5L-10L,1,7,0,1,A,Platinum,46320
22047,Male,Urban,High School,5L-10L,1,2,0,1,B,Silver,39792
45944,Female,Urban,High School,More than 10L,0,6,6623,1,B,Gold,34476
21865,Male,Urban,High School,2L-5L,1,7,6043,1,A,Silver,55380
81784,Female,Urban,Bachelor,More than 10L,1,8,0,1,B,Silver,37932
77907,Male,Urban,High School,5L-10L,0,6,4235,1,A,Platinum,47592
29214,Female,Rural,Bachelor,5L-10L,1,3,2142,1,B,Silver,41256
7513,Female,Rural,Bachelor,5L-10L,1,8,0,More than 1,B,Platinum,67812
29325,Male,Urban,High School,5L-10L,1,4,4584,1,A,Platinum,35916
72961,Male,Rural,High School,5L-10L,1,4,0,1,A,Gold,36312
1493,Male,Urban,High School,2L-5L,1,0,3091,More than 1,B,Platinum,105324
46228,Male,Urban,High School,More than 10L,1,7,6351,1,A,Platinum,37464
30136,Male,Urban,High School,5L-10L,1,4,4251,More than 1,A,Gold,93720
76400,Female,Urban,Bachelor,2L-5L,0,4,4838,More than 1,B,Gold,105516
69754,Male,Rural,Bachelor,5L-10L,0,5,6725,1,A,Platinum,38196
73047,Male,Rural,High School,5L-10L,0,1,0,1,B,Platinum,35136
79784,Male,Urban,Bachelor,2L-5L,0,2,6039,1,A,Platinum,35868
85563,Female,Urban,High School,5L-10L,1,7,4403,1,B,Gold,35184
5180,Male,Urban,High School,2L-5L,0,8,9361,More than 1,B,Platinum,104424
34975,Male,Urban,High School,2L-5L,1,2,6161,More than 1,A,Platinum,112956
35317,Male,Urban,Bachelor,<=2L,0,2,5412,1,A,Silver,60852
57747,Female,Rural,High School,More than 10L,1,7,3218,More than 1,A,Gold,102480
8595,Male,Urban,High School,2L-5L,0,2,6113,More than 1,C,Gold,98772
52618,Female,Rural,Bachelor,2L-5L,0,6,6602,More than 1,B,Gold,100440
37436,Female,Rural,Bachelor,5L-10L,0,5,8052,1,A,Silver,65616
51766,Male,Urban,Bachelor,5L-10L,1,4,10452,More than 1,A,Gold,106260
6761,Male,Rural,Bachelor,2L-5L,1,7,6857,More than 1,B,Platinum,67080
67193,Male,Urban,Bachelor,5L-10L,1,1,5563,1,A,Platinum,31608
22716,Female,Rural,High School,2L-5L,0,7,0,1,C,Gold,36888
42416,Female,Rural,Bachelor,5L-10L,0,0,0,1,B,Platinum,53196
84758,Female,Urban,High School,5L-10L,1,0,4442,More than 1,A,Platinum,90672
36462,Female,Urban,Bachelor,5L-10L,1,2,10703,More than 1,B,Silver,108036
11382,Male,Urban,High School,5L-10L,1,2,0,1,A,Gold,47784
13658,Male,Rural,Bachelor,More than 10L,1,5,0,More than 1,A,Platinum,102036
61824,Male,Urban,Bachelor,5L-10L,1,6,5433,1,B,Silver,32580
84011,Female,Urban,High School,5L-10L,0,7,5168,1,A,Platinum,61404
87791,Female,Rural,Bachelor,5L-10L,0,8,5771,More than 1,A,Platinum,71124
63145,Female,Rural,Bachelor,5L-10L,1,3,0,More than 1,A,Silver,105012
347,Female,Urban,High School,5L-10L,1,2,6608,More than 1,A,Gold,92916
84457,Male,Rural,Bachelor,More than 10L,0,4,0,1,A,Silver,47832
7040,Male,Urban,Others,2L-5L,1,7,9113,More than 1,B,Silver,100476
70942,Male,Urban,Bachelor,5L-10L,0,6,5534,1,A,Gold,34656
76559,Female,Rural,Others,5L-10L,1,1,0,1,A,Silver,36276
62393,Male,Urban,High School,5L-10L,0,8,7544,1,B,Silver,64956
20814,Male,Urban,Bachelor,More than 10L,0,3,2675,More than 1,A,Silver,109932
57830,Female,Urban,Bachelor,5L-10L,0,5,9883,More than 1,A,Platinum,108996
23543,Male,Urban,High School,2L-5L,1,6,3532,More than 1,A,Platinum,97476
8458,Female,Urban,High School,5L-10L,0,1,8962,1,A,Silver,34404
26122,Male,Urban,High School,5L-10L,1,2,0,1,A,Platinum,32892
43634,Female,Urban,High School,More than 10L,1,0,2021,1,A,Silver,39816
2343,Male,Urban,Bachelor,5L-10L,1,6,3941,1,A,Silver,45792
66832,Female,Urban,High School,5L-10L,1,7,2190,More than 1,A,Gold,101928
79626,Male,Urban,High School,2L-5L,0,5,8851,More than 1,A,Platinum,108912
54852,Male,Urban,Bachelor,5L-10L,0,8,0,More than 1,B,Platinum,124356
37543,Male,Urban,High School,5L-10L,1,6,5890,More than 1,A,Platinum,92076
21346,Male,Urban,Bachelor,5L-10L,1,7,5714,1,A,Silver,37032
23112,Male,Urban,Bachelor,2L-5L,0,7,5874,1,B,Platinum,28860
32392,Male,Rural,Others,More than 10L,1,3,0,1,B,Silver,32232
10560,Male,Urban,Bachelor,2L-5L,1,2,3706,1,A,Silver,33300
39035,Male,Urban,Bachelor,More than 10L,1,2,5553,1,C,Gold,37008
8088,Male,Urban,High School,More than 10L,1,4,4138,1,A,Platinum,44604
12720,Female,Rural,Bachelor,5L-10L,1,6,2757,More than 1,B,Gold,88200
9847,Male,Urban,High School,5L-10L,1,6,3915,1,B,Gold,39960
49537,Female,Rural,Bachelor,2L-5L,0,6,3257,More than 1,B,Platinum,69936
85351,Male,Rural,Bachelor,More than 10L,1,1,0,More than 1,A,Platinum,68100
22407,Female,Rural,High School,More than 10L,0,1,0,More than 1,B,Platinum,73500
51427,Male,Urban,High School,5L-10L,0,8,8492,More than 1,A,Platinum,169332
34592,Male,Rural,Bachelor,5L-10L,1,3,2498,More than 1,B,Platinum,95844
50433,Male,Urban,Bachelor,More than 10L,1,7,10515,More than 1,A,Silver,114732
14404,Male,Urban,High School,2L-5L,0,6,7406,1,B,Platinum,49428
17812,Female,Urban,Bachelor,5L-10L,1,7,2075,1,A,Platinum,33852
68903,Male,Rural,Bachelor,5L-10L,0,5,0,1,A,Silver,33336
44539,Male,Urban,Bachelor,More than 10L,1,8,6748,More than 1,B,Platinum,108360
80373,Male,Urban,High School,2L-5L,1,6,5351,1,A,Platinum,47040
34476,Female,Rural,Bachelor,5L-10L,0,6,2203,1,B,Platinum,61560
86841,Female,Urban,High School,More than 10L,1,5,2413,More than 1,A,Gold,94932
3521,Male,Urban,High School,5L-10L,1,3,5544,More than 1,A,Platinum,96816
5342,Male,Urban,Bachelor,5L-10L,1,8,3042,More than 1,A,Platinum,92688
40866,Female,Rural,Bachelor,5L-10L,1,7,0,1,A,Platinum,44664
35444,Female,Urban,High School,More than 10L,0,1,3935,More than 1,A,Platinum,105564
29292,Female,Urban,Bachelor,5L-10L,1,1,3779,More than 1,A,Platinum,91620
49764,Female,Urban,High School,More than 10L,1,3,0,More than 1,A,Platinum,99240
66500,Male,Urban,Bachelor,5L-10L,1,5,3778,More than 1,A,Platinum,100440
47172,Male,Urban,High School,More than 10L,1,5,5427,1,B,Silver,32892
54810,Male,Urban,High School,2L-5L,1,2,5485,1,C,Silver,35820
27348,Male,Rural,Bachelor,5L-10L,1,4,0,1,C,Gold,30984
83225,Male,Urban,High School,5L-10L,1,7,5464,1,A,Silver,32880
71867,Male,Urban,Bachelor,5L-10L,1,4,4212,1,A,Gold,45420
75637,Male,Urban,Bachelor,5L-10L,1,4,5614,1,A,Platinum,35184
51845,Male,Urban,Bachelor,More than 10L,0,5,5761,1,A,Platinum,29784
7126,Male,Urban,Bachelor,5L-10L,1,5,0,1,A,Gold,34692
5847,Female,Rural,High School,5L-10L,1,8,0,1,B,Platinum,30708
63635,Male,Rural,High School,5L-10L,1,2,6487,1,A,Silver,48612
56706,Male,Rural,Bachelor,5L-10L,1,4,0,1,A,Gold,33552
54636,Female,Urban,Bachelor,5L-10L,1,1,6419,1,C,Platinum,40332
70847,Male,Urban,High School,5L-10L,1,5,2778,1,A,Platinum,45564
75142,Female,Urban,Others,5L-10L,1,5,5624,1,B,Silver,44160
52965,Male,Rural,Others,5L-10L,1,6,0,1,A,Silver,49488
74619,Female,Rural,High School,5L-10L,1,5,2069,1,A,Silver,40584
13995,Male,Urban,Bachelor,2L-5L,1,3,5689,1,C,Silver,38952
84957,Male,Rural,High School,5L-10L,1,5,0,1,A,Gold,34008
46952,Male,Urban,High School,5L-10L,1,4,5787,1,C,Platinum,41220
73138,Female,Urban,Others,5L-10L,0,8,4935,1,A,Gold,34680
23219,Male,Urban,High School,2L-5L,1,8,5652,More than 1,C,Platinum,109224
71972,Female,Urban,High School,2L-5L,0,6,8024,More than 1,A,Gold,119424
22545,Male,Urban,High School,5L-10L,1,7,8761,More than 1,B,Silver,89676
87161,Male,Urban,Bachelor,5L-10L,1,3,6320,1,A,Gold,49968
1556,Female,Urban,High School,2L-5L,1,7,5941,More than 1,A,Platinum,94512
23714,Female,Rural,Bachelor,5L-10L,1,6,0,1,B,Silver,41100
66285,Female,Rural,High School,2L-5L,1,6,2157,1,B,Silver,41220
67973,Female,Urban,High School,5L-10L,0,8,3976,1,A,Platinum,35136
57554,Female,Urban,High School,5L-10L,1,2,7289,More than 1,A,Platinum,118332
79898,Male,Rural,Bachelor,More than 10L,0,7,4150,More than 1,B,Platinum,76740
7991,Female,Urban,Bachelor,5L-10L,1,7,5475,More than 1,B,Silver,71172
33697,Male,Rural,High School,5L-10L,0,6,0,More than 1,B,Platinum,78528
85326,Female,Rural,High School,5L-10L,1,7,0,More than 1,A,Platinum,68904
51315,Male,Urban,High School,More than 10L,1,3,2216,1,A,Silver,58800
19272,Male,Urban,High School,5L-10L,0,8,2233,More than 1,A,Platinum,106548
45737,Male,Urban,Bachelor,More than 10L,1,0,0,1,A,Platinum,51540
42895,Female,Rural,High School,5L-10L,1,5,0,1,A,Platinum,43020
49669,Male,Urban,High School,More than 10L,1,7,10204,More than 1,A,Platinum,162264
66954,Male,Rural,Bachelor,5L-10L,0,1,0,More than 1,B,Gold,60420
45683,Male,Rural,High School,5L-10L,1,6,2287,1,A,Platinum,49800
39830,Female,Urban,High School,5L-10L,1,6,11418,More than 1,B,Platinum,112896
67099,Male,Urban,High School,5L-10L,0,8,4272,1,B,Platinum,61248
87038,Male,Urban,High School,5L-10L,0,2,5375,More than 1,B,Gold,101808
52707,Male,Urban,High School,5L-10L,0,6,7745,More than 1,A,Platinum,96576
17982,Male,Urban,High School,2L-5L,1,8,0,More than 1,B,Gold,64920
4063,Female,Urban,High School,2L-5L,0,8,5749,More than 1,A,Gold,88116
21393,Male,Rural,Bachelor,More than 10L,0,5,0,More than 1,B,Platinum,61848
27212,Male,Urban,Bachelor,2L-5L,0,6,5269,More than 1,B,Platinum,116424
75635,Male,Urban,High School,2L-5L,0,6,6095,1,B,Platinum,38856
89370,Female,Rural,Others,More than 10L,1,7,0,1,B,Platinum,34692
9220,Male,Urban,Bachelor,5L-10L,1,8,3258,More than 1,B,Silver,64488
47897,Male,Urban,High School,5L-10L,1,6,4103,More than 1,A,Platinum,96864
43525,Male,Rural,High School,5L-10L,0,5,2665,More than 1,C,Silver,99408
12316,Male,Rural,Bachelor,5L-10L,1,7,3127,More than 1,A,Platinum,77592
80696,Male,Urban,Bachelor,2L-5L,1,4,4311,More than 1,B,Silver,111552
75930,Female,Urban,Others,2L-5L,1,4,5580,1,A,Platinum,37392
54563,Female,Urban,Bachelor,5L-10L,0,4,5484,1,A,Silver,29172
85536,Female,Rural,High School,5L-10L,0,5,0,More than 1,B,Platinum,65364
45299,Male,Urban,Bachelor,More than 10L,1,6,4201,More than 1,B,Platinum,75444
18342,Female,Urban,Bachelor,5L-10L,0,4,5056,More than 1,B,Platinum,104952
51448,Female,Urban,High School,5L-10L,0,6,9810,More than 1,A,Gold,112740
28567,Male,Urban,High School,5L-10L,0,2,5207,1,A,Silver,35376
4742,Male,Rural,High School,5L-10L,1,4,5682,1,A,Platinum,59280
40090,Male,Rural,Bachelor,2L-5L,0,1,0,More than 1,B,Platinum,56628
70879,Male,Urban,High School,5L-10L,1,6,4169,1,A,Gold,42996
84536,Male,Rural,Bachelor,5L-10L,0,7,2595,More than 1,B,Gold,90192
79208,Male,Urban,Bachelor,5L-10L,0,5,3214,1,C,Gold,37164
8311,Female,Urban,Bachelor,5L-10L,0,5,0,1,A,Platinum,32700
14827,Male,Urban,Bachelor,5L-10L,1,5,6390,More than 1,A,Platinum,121740
35829,Male,Rural,Bachelor,5L-10L,1,0,2041,More than 1,B,Platinum,68832
30806,Male,Rural,High School,5L-10L,0,4,2843,More than 1,A,Platinum,103572
86161,Male,Urban,Bachelor,More than 10L,1,6,3266,More than 1,B,Gold,63036
13575,Male,Urban,Bachelor,2L-5L,0,6,7020,More than 1,B,Platinum,125736
26965,Male,Urban,High School,5L-10L,0,1,11258,1,A,Silver,50556
25661,Female,Urban,High School,5L-10L,1,4,6157,1,A,Gold,45696
15099,Male,Rural,Bachelor,5L-10L,1,2,3132,More than 1,A,Platinum,86052
77596,Male,Rural,High School,More than 10L,1,6,2024,More than 1,B,Platinum,62772
24777,Female,Urban,High School,2L-5L,1,2,5042,More than 1,C,Platinum,88044
63663,Female,Rural,High School,More than 10L,0,3,5424,1,A,Platinum,47976
25190,Female,Urban,Bachelor,2L-5L,1,6,4154,More than 1,B,Gold,73692
37461,Male,Rural,Bachelor,5L-10L,0,2,4650,1,C,Platinum,59508
86600,Male,Urban,High School,More than 10L,1,7,3177,More than 1,B,Gold,62976
77367,Male,Urban,Bachelor,5L-10L,1,2,0,More than 1,B,Platinum,73692
26878,Male,Urban,Bachelor,5L-10L,1,8,5469,More than 1,B,Silver,73524
66230,Male,Urban,High School,2L-5L,1,5,4650,1,A,Platinum,33276
63836,Female,Urban,High School,2L-5L,1,6,4159,1,B,Silver,55500
735,Female,Rural,High School,5L-10L,1,0,0,1,C,Gold,56496
78735,Male,Urban,High School,2L-5L,0,4,11451,More than 1,B,Gold,101292
14094,Female,Rural,Bachelor,5L-10L,0,2,0,More than 1,B,Silver,87348
39553,Female,Urban,Bachelor,5L-10L,0,3,7256,More than 1,B,Silver,70836
70380,Female,Urban,High School,5L-10L,0,7,4421,More than 1,B,Platinum,109236
25296,Female,Rural,Bachelor,More than 10L,1,3,2132,1,A,Silver,37800
57959,Female,Urban,High School,More than 10L,1,5,5654,1,B,Platinum,47568
78035,Female,Rural,Others,5L-10L,0,3,0,1,B,Silver,34860
82390,Female,Urban,High School,2L-5L,0,6,6349,More than 1,B,Platinum,100368
10534,Female,Urban,High School,5L-10L,0,5,5541,More than 1,A,Gold,113052
58632,Male,Rural,Bachelor,5L-10L,1,5,0,More than 1,B,Gold,78672
25760,Male,Rural,High School,5L-10L,0,8,0,More than 1,A,Platinum,69432
63847,Female,Urban,High School,5L-10L,0,8,5349,1,A,Silver,35748
46302,Female,Rural,High School,2L-5L,1,6,0,1,A,Silver,36768
36685,Male,Urban,Bachelor,More than 10L,1,4,2920,1,A,Platinum,45768
46137,Male,Rural,High School,5L-10L,0,2,2111,1,B,Silver,36264
3641,Male,Rural,Bachelor,More than 10L,1,1,2368,More than 1,B,Platinum,64104
16962,Male,Urban,High School,5L-10L,1,7,2060,1,A,Platinum,33060
31806,Male,Urban,High School,5L-10L,1,6,12587,More than 1,A,Silver,104148
76658,Male,Urban,High School,2L-5L,1,5,6124,More than 1,A,Platinum,99024
21075,Male,Urban,Bachelor,5L-10L,1,2,2202,1,A,Platinum,47724
48273,Female,Urban,Bachelor,<=2L,1,7,7675,1,A,Platinum,31896
40857,Male,Urban,High School,2L-5L,0,3,9500,More than 1,C,Gold,99264
14583,Female,Rural,Bachelor,5L-10L,0,5,0,1,A,Platinum,36816
53231,Male,Urban,Bachelor,5L-10L,0,2,3661,More than 1,A,Silver,104652
14647,Female,Urban,High School,5L-10L,0,7,6353,More than 1,A,Platinum,102228
25561,Male,Urban,Bachelor,More than 10L,0,6,3738,More than 1,A,Gold,96912
55848,Female,Urban,Bachelor,2L-5L,1,6,7477,More than 1,A,Gold,109152
60730,Female,Rural,Bachelor,5L-10L,0,2,0,1,A,Silver,31656
44730,Male,Urban,Bachelor,2L-5L,1,4,0,1,A,Silver,33384
54410,Male,Urban,High School,2L-5L,0,3,6430,1,A,Platinum,37524
58720,Female,Urban,High School,5L-10L,0,4,6611,More than 1,A,Platinum,116976
35552,Male,Urban,High School,2L-5L,1,6,5523,1,A,Platinum,38244
63921,Female,Rural,High School,2L-5L,0,4,2052,1,B,Gold,39864
59339,Male,Urban,Others,5L-10L,1,5,5528,1,A,Platinum,30252
87270,Male,Urban,High School,2L-5L,1,6,3348,1,A,Platinum,50220
29877,Female,Rural,High School,5L-10L,1,0,0,More than 1,B,Platinum,61500
70761,Male,Rural,Bachelor,5L-10L,1,5,5994,1,A,Platinum,51528
11533,Female,Rural,Bachelor,5L-10L,1,6,3514,1,A,Gold,51300
4825,Male,Urban,High School,5L-10L,0,7,10095,More than 1,A,Platinum,170316
88836,Female,Rural,Bachelor,5L-10L,1,4,2381,More than 1,A,Platinum,92616
28420,Male,Urban,Others,5L-10L,1,7,4374,1,A,Silver,49356
2378,Female,Rural,High School,5L-10L,1,6,2017,1,A,Gold,37128
83749,Male,Rural,High School,5L-10L,1,7,0,1,B,Silver,36336
42175,Male,Rural,Others,5L-10L,1,5,0,1,A,Platinum,37680
27532,Male,Urban,High School,2L-5L,1,0,2193,1,A,Gold,48084
13308,Male,Urban,High School,2L-5L,0,1,3638,1,A,Silver,39372
75530,Female,Rural,High School,5L-10L,0,7,3820,More than 1,A,Silver,87972
77541,Male,Urban,High School,More than 10L,0,4,3994,1,C,Platinum,46812
17032,Male,Rural,Bachelor,More than 10L,0,0,0,1,B,Platinum,52728
74061,Female,Urban,Bachelor,5L-10L,1,5,6389,More than 1,A,Gold,97560
83151,Female,Urban,Bachelor,2L-5L,1,4,5234,1,A,Silver,34968
34322,Male,Rural,High School,5L-10L,0,8,4789,More than 1,A,Platinum,104604
32024,Male,Urban,High School,More than 10L,0,8,5654,More than 1,A,Platinum,116124
73244,Male,Urban,High School,5L-10L,1,5,4332,1,A,Platinum,49860
78561,Female,Urban,High School,5L-10L,1,0,0,More than 1,A,Platinum,60708
52540,Female,Rural,High School,5L-10L,0,3,2330,More than 1,B,Gold,78636
75619,Male,Urban,Bachelor,5L-10L,1,6,7283,1,C,Platinum,66756
10386,Female,Urban,High School,2L-5L,0,2,6325,1,A,Platinum,46596
44409,Female,Urban,High School,2L-5L,0,1,9820,1,A,Gold,49596
71490,Female,Rural,Bachelor,5L-10L,0,8,0,More than 1,B,Gold,74988
10199,Male,Urban,High School,5L-10L,1,5,7683,More than 1,A,Platinum,113028
33035,Female,Rural,Bachelor,More than 10L,0,7,0,More than 1,A,Platinum,102228
7375,Female,Rural,Bachelor,2L-5L,1,0,0,More than 1,B,Silver,62364
10051,Male,Rural,High School,5L-10L,1,7,0,1,B,Platinum,49200
22692,Male,Urban,Bachelor,5L-10L,1,8,0,1,B,Silver,43428
29741,Female,Urban,High School,5L-10L,1,1,6554,1,A,Gold,35460
67797,Male,Urban,Bachelor,5L-10L,0,5,4128,More than 1,A,Gold,92052
33612,Male,Rural,Bachelor,5L-10L,0,5,8660,More than 1,A,Silver,106332
47082,Male,Urban,Bachelor,More than 10L,1,8,0,1,A,Platinum,65304
3707,Male,Urban,High School,More than 10L,1,8,3804,1,B,Silver,42888
42583,Male,Urban,High School,5L-10L,1,6,8910,1,A,Gold,48876
41695,Male,Urban,High School,5L-10L,1,1,6221,1,A,Platinum,33504
71548,Female,Urban,Bachelor,<=2L,1,7,4094,1,A,Platinum,56112
49902,Female,Urban,High School,5L-10L,1,7,2963,More than 1,B,Silver,71808
76755,Female,Urban,Bachelor,5L-10L,1,3,5639,1,B,Platinum,52140
53037,Male,Urban,High School,5L-10L,1,4,4150,1,A,Platinum,48192
30194,Male,Rural,Bachelor,More than 10L,1,6,4340,More than 1,C,Platinum,93228
29181,Male,Urban,Others,2L-5L,1,2,5685,1,A,Silver,33504
54619,Female,Rural,Bachelor,More than 10L,1,7,2272,1,B,Silver,39912
53893,Female,Urban,High School,2L-5L,0,1,0,1,C,Platinum,57264
86147,Female,Rural,Bachelor,5L-10L,0,2,0,1,C,Silver,34164
49665,Female,Urban,High School,5L-10L,0,8,4011,More than 1,A,Platinum,100908
66143,Male,Urban,High School,5L-10L,1,0,6740,More than 1,A,Silver,106572
5140,Female,Rural,High School,5L-10L,1,8,0,1,B,Platinum,32616
80627,Male,Rural,Others,More than 10L,1,5,6267,1,B,Platinum,53244
77379,Male,Urban,High School,5L-10L,1,8,2783,More than 1,C,Gold,108468
39158,Female,Rural,High School,5L-10L,1,3,5089,1,A,Platinum,35556
52221,Female,Urban,High School,5L-10L,1,4,5767,More than 1,A,Platinum,86940
17875,Male,Urban,Bachelor,More than 10L,0,4,2092,1,A,Silver,37656
56103,Male,Rural,Others,5L-10L,1,6,0,1,B,Gold,35532
24791,Female,Urban,Bachelor,5L-10L,1,2,3586,More than 1,B,Platinum,75024
85126,Male,Urban,Bachelor,2L-5L,1,7,2626,1,B,Gold,36672
82365,Male,Urban,Bachelor,5L-10L,1,4,4854,1,A,Gold,37896
46379,Male,Rural,High School,5L-10L,1,3,0,More than 1,A,Platinum,70248
33146,Female,Rural,High School,5L-10L,1,6,3052,1,C,Silver,57972
37772,Male,Urban,Bachelor,2L-5L,0,6,7615,More than 1,A,Gold,115104
13237,Male,Urban,High School,5L-10L,1,2,4141,1,B,Platinum,64560
51653,Male,Urban,High School,5L-10L,1,6,2061,1,A,Platinum,34848
77559,Female,Urban,Bachelor,2L-5L,1,7,0,1,B,Platinum,44760
67534,Male,Urban,High School,More than 10L,1,5,3936,1,B,Platinum,33168
48881,Male,Urban,High School,5L-10L,0,6,7046,More than 1,A,Platinum,91308
19705,Female,Urban,Bachelor,5L-10L,1,8,2895,More than 1,C,Silver,72132
5649,Male,Urban,High School,More than 10L,0,4,3623,1,A,Silver,36696
59655,Male,Rural,Bachelor,5L-10L,0,6,0,1,A,Silver,53700
61042,Male,Urban,High School,5L-10L,1,2,8288,1,A,Platinum,63036
22980,Male,Urban,High School,5L-10L,0,5,5139,1,C,Silver,35676
19867,Female,Urban,High School,5L-10L,1,6,3712,More than 1,A,Gold,94140
31390,Female,Rural,High School,5L-10L,1,7,0,1,B,Platinum,50916
40580,Male,Urban,Bachelor,2L-5L,1,8,2005,More than 1,B,Gold,66372
40031,Male,Rural,Bachelor,More than 10L,0,2,5778,1,A,Gold,36684
13240,Female,Rural,High School,More than 10L,1,6,0,1,B,Silver,33648
70207,Female,Rural,Others,5L-10L,1,1,0,1,A,Silver,32916
27218,Female,Rural,High School,5L-10L,0,2,6914,1,A,Platinum,59604
44822,Male,Rural,High School,More than 10L,0,5,0,More than 1,B,Platinum,71904
30872,Male,Urban,High School,2L-5L,0,4,3858,More than 1,A,Platinum,110196
43784,Male,Urban,Others,5L-10L,1,6,7352,1,C,Gold,38424
76774,Female,Urban,High School,2L-5L,0,6,4468,1,C,Gold,50220
12452,Male,Urban,High School,More than 10L,0,8,16568,1,A,Gold,37704
39242,Male,Rural,High School,More than 10L,0,7,0,More than 1,B,Gold,65436
31854,Male,Urban,High School,2L-5L,0,1,9837,More than 1,A,Platinum,142044
18619,Male,Rural,Bachelor,More than 10L,1,1,0,1,A,Silver,52308
12701,Female,Urban,Bachelor,5L-10L,1,6,0,1,A,Platinum,38328
31941,Female,Urban,High School,5L-10L,1,7,0,1,A,Silver,53844
41310,Male,Urban,High School,<=2L,0,5,4249,1,A,Silver,45264
38217,Male,Urban,High School,5L-10L,0,6,6235,1,A,Gold,47376
11575,Male,Rural,Bachelor,More than 10L,1,7,0,1,B,Silver,48012
5826,Female,Urban,Bachelor,5L-10L,0,0,4809,More than 1,A,Platinum,104652
64908,Female,Rural,Others,5L-10L,1,7,0,1,B,Silver,36588
75606,Male,Rural,High School,More than 10L,0,0,0,More than 1,B,Platinum,60948
33058,Male,Urban,Bachelor,More than 10L,1,1,5790,1,A,Gold,38196
64127,Male,Urban,High School,2L-5L,0,4,4827,More than 1,A,Gold,103992
72344,Female,Rural,Others,5L-10L,1,6,0,More than 1,A,Platinum,65400
48892,Female,Urban,High School,5L-10L,0,6,5740,1,A,Platinum,52716
58834,Male,Urban,High School,5L-10L,1,4,3786,1,A,Platinum,48480
353,Female,Urban,High School,5L-10L,1,4,4082,More than 1,B,Platinum,79380
2013,Male,Rural,Bachelor,More than 10L,0,7,5413,1,A,Gold,44328
59986,Male,Rural,Bachelor,5L-10L,1,1,2281,More than 1,A,Platinum,61344
73029,Female,Urban,High School,5L-10L,0,2,2708,1,A,Platinum,43260
78367,Male,Urban,Bachelor,More than 10L,1,2,5836,1,B,Gold,35580
11355,Male,Urban,Bachelor,5L-10L,1,0,2046,More than 1,B,Silver,62220
59147,Female,Urban,High School,More than 10L,1,5,5017,1,A,Gold,33072
26341,Male,Urban,Bachelor,5L-10L,1,1,4286,1,A,Silver,38304
40506,Female,Rural,High School,5L-10L,1,6,3559,1,A,Platinum,54588
57592,Male,Urban,Bachelor,2L-5L,0,6,4921,1,A,Gold,32580
89259,Female,Urban,High School,5L-10L,1,7,4347,More than 1,A,Platinum,85452
62628,Female,Rural,Others,2L-5L,0,3,4215,More than 1,B,Silver,106152
27118,Male,Urban,High School,5L-10L,1,4,4168,More than 1,B,Gold,70260
69366,Female,Rural,Bachelor,2L-5L,1,5,5101,1,B,Platinum,34284
68908,Female,Urban,High School,5L-10L,1,6,0,1,C,Gold,37680
78006,Female,Rural,High School,2L-5L,1,0,2928,More than 1,A,Platinum,96012
20237,Male,Urban,Bachelor,5L-10L,1,3,4637,More than 1,A,Silver,102144
17966,Male,Urban,Bachelor,5L-10L,1,4,5593,1,A,Silver,38676
31179,Male,Urban,Bachelor,More than 10L,1,1,3158,1,A,Platinum,38136
13603,Female,Urban,High School,5L-10L,1,6,5516,1,A,Platinum,37428
41899,Female,Urban,High School,5L-10L,1,1,3575,More than 1,A,Gold,96000
38491,Male,Rural,Bachelor,5L-10L,1,6,0,More than 1,B,Gold,92160
1636,Male,Urban,Others,2L-5L,0,5,6768,1,A,Silver,53364
43219,Female,Urban,Bachelor,5L-10L,0,3,6072,More than 1,A,Platinum,99648
88783,Male,Urban,Others,5L-10L,1,7,6379,1,B,Gold,35160
35146,Male,Rural,Bachelor,5L-10L,0,1,0,More than 1,A,Silver,65364
47864,Female,Urban,Bachelor,2L-5L,1,8,3027,More than 1,B,Silver,69720
60021,Male,Urban,High School,5L-10L,1,4,6477,More than 1,A,Platinum,107880
78111,Male,Rural,High School,5L-10L,1,6,0,More than 1,B,Platinum,74532
22875,Female,Urban,High School,More than 10L,1,5,2619,More than 1,B,Gold,68616
85066,Female,Urban,High School,5L-10L,0,6,7597,1,B,Gold,57960
48731,Female,Urban,Others,2L-5L,0,6,4236,1,A,Platinum,49632
34111,Male,Rural,Bachelor,5L-10L,1,7,3672,1,A,Platinum,57516
46394,Female,Rural,Bachelor,More than 10L,1,0,0,1,B,Platinum,37476
89214,Female,Urban,Bachelor,2L-5L,0,2,7686,More than 1,B,Platinum,100188
76377,Male,Urban,Others,2L-5L,1,6,0,1,A,Platinum,48336
4751,Male,Rural,Bachelor,2L-5L,1,5,0,1,B,Platinum,42300
62770,Male,Urban,Bachelor,2L-5L,1,0,0,1,A,Silver,60876
60463,Male,Rural,Bachelor,5L-10L,1,2,0,More than 1,A,Gold,98856
42023,Female,Rural,Others,2L-5L,0,6,0,1,B,Platinum,60840
46255,Female,Urban,Bachelor,More than 10L,1,8,3301,More than 1,B,Silver,75264
40222,Female,Rural,Bachelor,More than 10L,1,2,5145,More than 1,A,Silver,95376
82929,Male,Urban,Bachelor,5L-10L,1,7,7750,More than 1,A,Platinum,115644
35784,Male,Rural,Bachelor,5L-10L,1,3,0,More than 1,B,Silver,77112
85190,Male,Urban,Bachelor,2L-5L,0,2,5120,1,A,Platinum,33540
748,Female,Rural,High School,More than 10L,1,2,0,1,A,Gold,35604
16404,Female,Rural,Bachelor,More than 10L,1,0,3794,1,A,Gold,45648
78583,Male,Urban,Bachelor,5L-10L,0,4,17584,More than 1,A,Platinum,104400
69780,Male,Urban,High School,More than 10L,0,6,4362,More than 1,A,Platinum,96996
31649,Male,Rural,Bachelor,2L-5L,1,4,0,1,B,Silver,53052
62854,Female,Urban,High School,More than 10L,0,8,10305,More than 1,A,Platinum,103920
17505,Male,Urban,Bachelor,More than 10L,0,7,6712,1,A,Platinum,33324
17526,Female,Rural,Bachelor,5L-10L,0,3,0,More than 1,B,Silver,68436
66381,Male,Urban,Bachelor,5L-10L,0,7,3657,More than 1,A,Silver,109164
8675,Male,Urban,High School,5L-10L,1,6,6325,More than 1,C,Gold,132096
15105,Female,Urban,High School,5L-10L,1,3,0,More than 1,B,Gold,96072
26057,Female,Urban,High School,2L-5L,0,5,5423,1,A,Gold,35940
39825,Male,Urban,Bachelor,More than 10L,1,5,0,More than 1,A,Platinum,96696
39643,Female,Urban,High School,5L-10L,0,5,5262,1,A,Platinum,35016
62227,Male,Urban,Bachelor,5L-10L,0,6,0,More than 1,B,Silver,96300
86283,Male,Rural,High School,5L-10L,1,2,3519,1,B,Platinum,37512
61474,Female,Urban,Bachelor,5L-10L,0,1,4842,1,B,Silver,34344
87427,Male,Urban,Others,2L-5L,1,6,6325,1,B,Silver,38676
66519,Male,Rural,High School,5L-10L,1,1,3136,1,B,Platinum,50064
67470,Male,Urban,Others,5L-10L,1,3,5228,More than 1,A,Platinum,103380
20350,Female,Rural,High School,More than 10L,0,3,0,More than 1,C,Platinum,70344
41282,Male,Urban,High School,More than 10L,0,8,3982,More than 1,A,Gold,98832
89306,Female,Urban,High School,5L-10L,1,5,3879,More than 1,A,Gold,94644
82467,Male,Rural,High School,5L-10L,1,4,2587,More than 1,A,Platinum,91860
71662,Female,Urban,High School,2L-5L,1,1,5752,1,A,Gold,47508
80439,Male,Urban,Bachelor,More than 10L,0,4,10321,1,A,Gold,46632
72995,Male,Urban,High School,2L-5L,0,3,6280,1,A,Platinum,42696
49022,Male,Rural,High School,5L-10L,0,2,4274,More than 1,A,Gold,83436
56384,Female,Urban,High School,5L-10L,1,7,7637,1,C,Silver,45576
12339,Female,Rural,Bachelor,More than 10L,0,2,0,More than 1,B,Platinum,91152
66193,Female,Urban,High School,5L-10L,0,8,4171,More than 1,A,Platinum,102528
1244,Male,Urban,Bachelor,More than 10L,0,1,5151,1,A,Silver,33432
29746,Female,Urban,Bachelor,2L-5L,0,2,5687,More than 1,B,Platinum,114144
20494,Male,Rural,High School,2L-5L,0,0,0,1,B,Silver,60864
57107,Female,Urban,Bachelor,2L-5L,0,6,3204,More than 1,A,Gold,93672
22864,Female,Urban,High School,2L-5L,1,3,5273,1,A,Platinum,32652
76134,Female,Urban,High School,5L-10L,1,7,0,1,B,Silver,35364
27443,Female,Rural,Bachelor,More than 10L,1,4,2167,1,C,Platinum,51756
69145,Female,Urban,High School,5L-10L,0,4,6980,More than 1,B,Platinum,56748
83161,Male,Rural,High School,5L-10L,0,0,2541,1,B,Platinum,53520
202,Male,Rural,Bachelor,5L-10L,1,8,2833,1,B,Silver,60720
55602,Male,Urban,Bachelor,5L-10L,0,6,5638,More than 1,A,Silver,98136
27502,Male,Urban,Bachelor,5L-10L,0,7,0,1,B,Platinum,52164
36337,Male,Urban,High School,5L-10L,1,6,4901,1,A,Silver,32208
19359,Female,Urban,Bachelor,5L-10L,1,2,5517,1,A,Gold,34560
16257,Male,Urban,Bachelor,5L-10L,1,0,5909,1,A,Gold,53868
3584,Male,Rural,High School,5L-10L,1,8,2342,More than 1,B,Silver,101712
88163,Female,Rural,High School,2L-5L,0,0,2412,More than 1,B,Silver,70164
58752,Male,Urban,High School,5L-10L,1,6,2532,More than 1,B,Gold,72216
67829,Male,Rural,Bachelor,More than 10L,1,7,3463,More than 1,B,Platinum,112908
57509,Male,Urban,Bachelor,2L-5L,1,1,2057,More than 1,B,Silver,60936
56352,Male,Urban,High School,5L-10L,0,8,9198,More than 1,A,Platinum,106260
57701,Female,Urban,High School,5L-10L,1,7,6162,More than 1,A,Silver,107136
14765,Female,Urban,High School,5L-10L,1,2,4551,1,B,Silver,35172
32798,Male,Urban,Others,5L-10L,0,7,0,1,B,Platinum,60096
57427,Female,Urban,Bachelor,2L-5L,0,6,5836,More than 1,B,Gold,90972
57391,Female,Urban,High School,5L-10L,0,5,7580,More than 1,B,Platinum,92988
79515,Female,Urban,High School,5L-10L,1,7,9714,More than 1,A,Gold,103344
35897,Male,Rural,Bachelor,2L-5L,0,5,0,1,A,Silver,37104
87025,Female,Rural,High School,2L-5L,1,2,5213,More than 1,B,Gold,64872
51984,Female,Urban,High School,2L-5L,1,8,7193,1,A,Gold,58524
54984,Male,Rural,High School,More than 10L,1,6,2313,More than 1,B,Silver,66576
5033,Male,Rural,Bachelor,5L-10L,0,6,0,More than 1,B,Gold,93312
65733,Female,Urban,Others,5L-10L,1,1,4079,1,A,Silver,37608
66417,Female,Rural,Bachelor,5L-10L,1,6,12119,More than 1,B,Gold,93468
78843,Male,Rural,Bachelor,5L-10L,1,7,3862,1,A,Platinum,51804
70568,Male,Rural,High School,5L-10L,1,8,0,1,B,Silver,37968
19232,Male,Urban,High School,5L-10L,1,2,3789,1,A,Gold,50700
37000,Female,Urban,High School,More than 10L,1,6,2820,1,A,Platinum,51792
62733,Male,Rural,Bachelor,5L-10L,1,3,2116,1,A,Gold,30768
24354,Male,Urban,Bachelor,More than 10L,1,4,0,More than 1,B,Platinum,65292
49822,Female,Urban,High School,5L-10L,1,3,6276,More than 1,A,Platinum,99216
19169,Female,Rural,High School,5L-10L,0,5,0,1,A,Platinum,34404
72026,Male,Rural,Others,More than 10L,1,8,2541,1,B,Platinum,34464
6613,Male,Urban,Bachelor,2L-5L,0,7,6055,1,A,Silver,48720
9465,Female,Rural,Bachelor,More than 10L,1,2,0,1,B,Platinum,61524
20166,Male,Urban,Bachelor,5L-10L,1,2,0,1,B,Platinum,33108
20555,Female,Urban,High School,5L-10L,1,5,5275,More than 1,A,Platinum,98568
51859,Male,Rural,High School,5L-10L,1,4,0,1,A,Gold,36996
52072,Female,Rural,High School,5L-10L,1,3,3427,More than 1,B,Platinum,62292
11407,Female,Urban,Bachelor,More than 10L,0,1,13489,More than 1,A,Platinum,103908
59153,Female,Urban,High School,5L-10L,0,8,0,More than 1,B,Platinum,63144
68485,Female,Urban,Bachelor,2L-5L,1,4,5375,More than 1,A,Platinum,97608
61999,Female,Urban,High School,2L-5L,0,6,9617,1,A,Platinum,54780
32474,Male,Urban,Others,5L-10L,0,8,5577,1,C,Silver,49488
21489,Female,Rural,Bachelor,5L-10L,0,2,2312,More than 1,B,Gold,63876
65115,Female,Urban,Bachelor,More than 10L,0,8,5810,1,B,Platinum,30396
58547,Female,Urban,High School,2L-5L,0,7,4022,More than 1,B,Silver,96768
71566,Male,Rural,High School,More than 10L,1,4,0,1,C,Platinum,46224
60586,Female,Urban,High School,5L-10L,1,0,5102,1,A,Platinum,34716
58694,Female,Urban,Bachelor,5L-10L,0,3,4039,More than 1,A,Gold,90744
83033,Male,Rural,Bachelor,5L-10L,1,7,2145,1,A,Platinum,34776
14167,Male,Rural,Bachelor,More than 10L,1,4,0,1,B,Platinum,34128
24663,Male,Urban,High School,5L-10L,1,2,4576,More than 1,A,Platinum,71892
65703,Female,Rural,High School,5L-10L,1,1,2361,1,A,Platinum,44520
25789,Female,Urban,Bachelor,More than 10L,0,7,4440,1,A,Platinum,48012
3773,Male,Rural,Bachelor,5L-10L,1,0,0,More than 1,B,Silver,70308
66360,Female,Rural,Bachelor,5L-10L,1,6,5073,1,B,Silver,39768
54318,Male,Urban,Bachelor,5L-10L,1,2,2343,1,B,Silver,36492
5977,Male,Urban,Bachelor,More than 10L,1,5,3578,1,A,Platinum,35076
41878,Male,Urban,High School,<=2L,0,5,5980,1,A,Platinum,52272
36274,Male,Urban,Bachelor,5L-10L,0,2,8990,More than 1,A,Silver,157380
66391,Male,Urban,Others,2L-5L,1,5,5368,1,C,Gold,44700
74426,Female,Rural,Others,5L-10L,1,6,0,1,C,Platinum,35232
15954,Male,Rural,High School,5L-10L,1,7,0,1,B,Silver,34212
63728,Male,Rural,Bachelor,5L-10L,1,6,2366,More than 1,B,Silver,72684
79296,Female,Urban,Bachelor,2L-5L,1,6,0,1,A,Platinum,34692
86416,Female,Rural,High School,5L-10L,1,6,6835,More than 1,A,Platinum,69000
50148,Female,Urban,Bachelor,5L-10L,1,6,4422,1,B,Platinum,48312
77863,Male,Urban,Others,More than 10L,1,7,5261,1,A,Gold,36264
12981,Male,Rural,Bachelor,5L-10L,0,2,5986,1,B,Gold,46716
36943,Female,Urban,High School,2L-5L,0,3,6994,More than 1,A,Silver,112452
15930,Female,Urban,Bachelor,2L-5L,1,7,5802,1,B,Silver,36192
86879,Male,Urban,Others,More than 10L,1,4,0,1,A,Gold,31380
66410,Male,Rural,Bachelor,5L-10L,1,8,0,More than 1,B,Platinum,77460
78060,Male,Urban,High School,More than 10L,1,1,10969,1,B,Gold,55800
80001,Female,Rural,High School,More than 10L,1,2,2768,More than 1,A,Platinum,71376
77580,Female,Rural,Bachelor,5L-10L,0,4,2604,More than 1,C,Platinum,99108
45164,Male,Rural,High School,5L-10L,1,4,2280,More than 1,A,Silver,93336
72270,Male,Urban,Bachelor,2L-5L,1,5,14663,More than 1,B,Platinum,104832
36248,Male,Rural,High School,5L-10L,0,7,6331,More than 1,B,Silver,77448
59094,Female,Urban,High School,5L-10L,1,1,2302,More than 1,A,Silver,91716
36596,Male,Rural,Bachelor,5L-10L,1,3,2198,1,B,Platinum,56424
75582,Female,Urban,High School,5L-10L,1,0,3191,More than 1,C,Gold,86412
53772,Female,Rural,Bachelor,5L-10L,1,8,0,1,B,Gold,58716
40680,Female,Urban,High School,5L-10L,1,1,5597,1,A,Platinum,49152
20138,Female,Rural,Bachelor,More than 10L,0,7,0,More than 1,A,Platinum,99960
41288,Male,Urban,High School,2L-5L,1,1,5897,More than 1,A,Platinum,98028
1534,Male,Urban,Bachelor,More than 10L,1,4,0,1,A,Gold,33252
12207,Male,Rural,Bachelor,More than 10L,0,2,2256,1,B,Platinum,37380
56164,Male,Urban,Bachelor,5L-10L,0,7,2013,More than 1,B,Gold,66648
5743,Male,Urban,High School,5L-10L,1,5,0,1,A,Gold,36312
53036,Male,Urban,Bachelor,5L-10L,1,5,4096,More than 1,A,Silver,112272
69241,Male,Rural,Others,More than 10L,1,8,2584,1,A,Gold,44304
10080,Male,Urban,High School,5L-10L,1,1,3699,More than 1,B,Platinum,63240
83381,Female,Urban,High School,More than 10L,1,5,6226,1,A,Platinum,32508
81127,Male,Rural,High School,2L-5L,1,1,0,1,A,Gold,30096
77704,Female,Rural,Bachelor,5L-10L,1,0,0,1,C,Silver,37092
68625,Male,Urban,Bachelor,5L-10L,1,1,5813,1,A,Platinum,51612
35473,Male,Rural,High School,5L-10L,0,5,4955,1,A,Platinum,32256
51296,Female,Rural,High School,More than 10L,1,1,0,1,B,Platinum,37056
65034,Male,Rural,Bachelor,5L-10L,1,5,2465,More than 1,A,Gold,73032
72029,Female,Rural,Bachelor,More than 10L,0,2,0,More than 1,A,Platinum,71820
14031,Female,Urban,Bachelor,More than 10L,1,1,0,1,A,Silver,36132
60601,Male,Rural,Bachelor,More than 10L,0,5,0,1,A,Silver,32496
27347,Male,Rural,High School,More than 10L,1,4,5828,1,A,Platinum,34776
66606,Female,Urban,Others,5L-10L,1,8,2031,1,B,Silver,37872
75734,Male,Rural,Bachelor,More than 10L,1,7,5100,1,B,Silver,38328
75783,Female,Rural,High School,5L-10L,0,7,2976,More than 1,B,Platinum,69804
32475,Male,Urban,Bachelor,2L-5L,0,1,2106,1,A,Gold,40596
31593,Female,Urban,High School,<=2L,0,7,6761,1,A,Platinum,34500
23097,Male,Urban,High School,5L-10L,0,6,0,1,A,Platinum,34644
43038,Male,Rural,Bachelor,5L-10L,1,6,3874,1,A,Silver,51348
67832,Female,Urban,Others,2L-5L,0,7,5848,1,B,Platinum,31164
31758,Female,Urban,Bachelor,5L-10L,0,7,3834,More than 1,A,Platinum,98328
21000,Male,Urban,High School,More than 10L,1,4,9143,More than 1,A,Silver,119016
73637,Female,Rural,High School,5L-10L,0,4,6387,1,A,Silver,48828
40755,Male,Urban,High School,5L-10L,1,7,6808,1,A,Silver,35628
6680,Male,Urban,Bachelor,5L-10L,0,6,5611,1,A,Platinum,35796
15869,Female,Urban,High School,2L-5L,0,2,7245,More than 1,C,Platinum,196752
73556,Female,Rural,High School,5L-10L,1,1,0,1,A,Gold,31776
38556,Female,Rural,Bachelor,5L-10L,0,7,3286,1,A,Gold,45120
76365,Female,Rural,High School,More than 10L,1,1,0,1,A,Platinum,36324
19830,Female,Urban,High School,More than 10L,1,2,3339,More than 1,B,Platinum,73848
4039,Female,Urban,High School,2L-5L,1,5,3831,More than 1,A,Gold,96204
47342,Female,Urban,High School,2L-5L,1,8,9671,More than 1,A,Platinum,108408
85023,Female,Urban,High School,5L-10L,1,5,3256,More than 1,B,Silver,75108
55581,Male,Urban,High School,5L-10L,1,3,6855,1,A,Platinum,60576
11432,Male,Rural,Bachelor,More than 10L,1,0,0,1,A,Platinum,47640
44443,Male,Rural,Others,5L-10L,1,7,0,1,B,Gold,34584
82095,Male,Urban,Bachelor,2L-5L,1,7,2812,1,B,Platinum,48972
36030,Male,Urban,High School,5L-10L,1,1,5387,1,A,Platinum,35256
65158,Female,Rural,High School,More than 10L,0,7,0,More than 1,B,Platinum,67056
78576,Male,Urban,Others,5L-10L,1,5,5339,1,A,Silver,34272
74102,Female,Urban,High School,5L-10L,1,3,0,More than 1,A,Platinum,92340
30207,Male,Urban,Bachelor,More than 10L,1,2,3773,1,A,Silver,45624
22518,Male,Urban,Bachelor,More than 10L,1,5,0,More than 1,B,Platinum,68760
34027,Female,Urban,High School,<=2L,1,6,7098,More than 1,A,Platinum,70980
77628,Female,Urban,High School,More than 10L,1,1,7641,1,A,Platinum,30000
24127,Female,Rural,High School,More than 10L,0,6,0,More than 1,A,Gold,108396
58626,Male,Urban,High School,2L-5L,1,6,6071,1,B,Silver,36096
9924,Male,Rural,High School,5L-10L,1,4,2830,1,A,Silver,37296
35670,Female,Urban,Bachelor,5L-10L,0,1,15373,More than 1,A,Platinum,104724
38121,Male,Urban,High School,5L-10L,1,5,4294,More than 1,A,Platinum,103608
70016,Male,Urban,Bachelor,More than 10L,0,7,3742,More than 1,C,Silver,90312
27812,Male,Urban,Bachelor,5L-10L,1,6,3837,1,A,Platinum,53172
3471,Male,Urban,High School,More than 10L,0,6,6680,1,A,Gold,36540
79116,Female,Urban,High School,5L-10L,1,4,2187,1,A,Silver,46656
39148,Female,Urban,Bachelor,5L-10L,0,7,4222,More than 1,A,Platinum,116772
17005,Male,Urban,High School,2L-5L,0,3,2680,More than 1,A,Silver,109788
19185,Female,Urban,Bachelor,More than 10L,1,4,6712,1,A,Platinum,37680
20588,Male,Urban,Bachelor,5L-10L,0,7,8447,1,A,Silver,47976
42926,Male,Rural,Bachelor,5L-10L,0,3,2837,1,A,Gold,41412
67680,Female,Rural,Bachelor,More than 10L,1,7,2943,More than 1,B,Silver,63240
43025,Female,Rural,High School,5L-10L,1,1,2978,More than 1,A,Platinum,72648
65395,Female,Urban,Bachelor,More than 10L,1,5,3723,1,A,Platinum,44436
23095,Male,Rural,High School,More than 10L,0,3,0,1,B,Silver,56004
35487,Female,Urban,Bachelor,2L-5L,1,2,5503,1,A,Platinum,42528
22056,Female,Urban,Bachelor,5L-10L,1,1,5249,1,B,Gold,29652
70896,Male,Rural,Others,5L-10L,1,2,0,1,A,Silver,31044
51491,Male,Urban,High School,5L-10L,1,1,6859,More than 1,A,Silver,115008
65930,Male,Urban,Bachelor,5L-10L,1,3,10825,More than 1,B,Gold,148896
12513,Male,Urban,Bachelor,5L-10L,0,6,6914,More than 1,A,Silver,106608
62507,Female,Urban,High School,5L-10L,0,6,6460,More than 1,C,Platinum,151416
82629,Male,Urban,Bachelor,5L-10L,1,3,0,More than 1,B,Platinum,69000
67893,Female,Rural,Bachelor,5L-10L,1,5,2306,1,A,Platinum,47796
17428,Female,Rural,Bachelor,More than 10L,1,8,0,More than 1,A,Platinum,110124
83313,Female,Urban,Bachelor,2L-5L,1,6,0,1,B,Silver,63372
35265,Male,Rural,Bachelor,5L-10L,1,7,0,More than 1,A,Silver,71304
33217,Female,Rural,High School,5L-10L,1,2,0,1,A,Gold,30420
8061,Male,Rural,Others,More than 10L,1,4,0,1,A,Gold,33252
5509,Female,Urban,High School,<=2L,1,7,5248,More than 1,A,Silver,119160
933,Male,Urban,High School,More than 10L,1,4,6576,1,C,Platinum,34080
50160,Male,Rural,High School,More than 10L,1,3,0,More than 1,A,Silver,102276
51776,Female,Urban,High School,More than 10L,1,6,9473,1,A,Gold,62328
25387,Male,Urban,Bachelor,5L-10L,1,4,18479,More than 1,A,Platinum,160092
14558,Male,Urban,High School,2L-5L,1,5,6885,More than 1,A,Platinum,110136
74331,Female,Rural,Bachelor,More than 10L,0,8,3150,More than 1,B,Gold,62904
85943,Male,Urban,Bachelor,5L-10L,1,1,3091,More than 1,B,Silver,72876
67635,Female,Urban,Bachelor,5L-10L,0,8,6326,More than 1,A,Platinum,103992
17788,Female,Rural,Bachelor,5L-10L,0,8,3655,1,B,Platinum,54528
72722,Male,Urban,Others,5L-10L,1,4,9856,1,C,Platinum,52344
15982,Female,Urban,High School,More than 10L,1,6,7720,More than 1,A,Platinum,102864
70303,Male,Urban,Others,5L-10L,1,7,5481,1,A,Gold,37944
5662,Male,Rural,High School,More than 10L,1,5,4535,1,B,Platinum,38940
12252,Male,Urban,Others,2L-5L,0,8,0,More than 1,B,Platinum,69360
4157,Female,Rural,Bachelor,5L-10L,0,8,2236,1,A,Platinum,54696
10421,Female,Urban,Bachelor,5L-10L,1,1,11089,1,A,Platinum,52500
36237,Female,Rural,Bachelor,5L-10L,1,3,0,More than 1,A,Platinum,72036
36447,Female,Urban,High School,5L-10L,0,1,0,More than 1,B,Gold,73440
1637,Male,Urban,High School,5L-10L,1,5,4472,More than 1,B,Platinum,84252
37812,Female,Rural,Bachelor,More than 10L,1,2,0,1,B,Silver,48420
13611,Male,Rural,High School,5L-10L,0,7,0,1,A,Platinum,45300
55273,Male,Urban,High School,More than 10L,0,5,6469,1,A,Silver,36276
89299,Male,Urban,Bachelor,5L-10L,1,6,0,1,A,Platinum,37536
24890,Male,Rural,High School,2L-5L,1,5,0,1,C,Platinum,32520
36862,Male,Urban,High School,5L-10L,0,2,5776,1,B,Silver,35700
56346,Female,Urban,Bachelor,More than 10L,1,1,2194,More than 1,A,Gold,99852
79817,Female,Rural,Bachelor,5L-10L,1,1,0,1,A,Gold,46548
10428,Male,Rural,Bachelor,5L-10L,0,1,0,1,A,Gold,55884
12093,Female,Urban,High School,5L-10L,0,2,4292,1,A,Gold,49356
6869,Male,Urban,Bachelor,2L-5L,1,4,6447,1,B,Gold,56448
68539,Male,Urban,High School,<=2L,0,2,4207,More than 1,A,Silver,97980
62863,Male,Urban,Bachelor,5L-10L,1,0,0,1,A,Gold,36456
19180,Male,Urban,High School,5L-10L,0,1,0,More than 1,B,Platinum,70236
70387,Male,Urban,Bachelor,More than 10L,1,2,4774,1,A,Gold,33168
49012,Male,Urban,High School,5L-10L,1,4,7211,More than 1,A,Platinum,108648
77782,Female,Urban,Bachelor,2L-5L,0,6,6662,More than 1,A,Gold,110292
58254,Male,Urban,High School,5L-10L,1,6,3850,More than 1,A,Gold,96696
15707,Female,Urban,High School,5L-10L,1,3,6371,1,A,Gold,36528
48158,Male,Rural,Others,More than 10L,1,3,0,1,B,Platinum,29496
83522,Male,Urban,Bachelor,2L-5L,1,6,4311,1,A,Gold,46140
53729,Female,Urban,Bachelor,2L-5L,1,4,5338,1,C,Platinum,33240
34761,Female,Rural,Bachelor,2L-5L,0,3,2107,More than 1,B,Silver,114468
77312,Female,Urban,High School,5L-10L,1,4,4329,More than 1,A,Platinum,102984
48880,Female,Urban,High School,2L-5L,0,1,0,1,C,Platinum,53532
10419,Female,Urban,High School,5L-10L,0,5,5962,More than 1,A,Platinum,100512
57584,Male,Rural,Bachelor,2L-5L,1,1,2316,More than 1,B,Silver,70836
82315,Female,Rural,Bachelor,More than 10L,1,0,0,1,B,Gold,31248
54187,Male,Rural,High School,More than 10L,1,6,0,More than 1,C,Platinum,63468
15259,Female,Urban,High School,2L-5L,1,1,0,1,A,Silver,30876
42630,Male,Rural,Bachelor,2L-5L,0,5,3561,1,B,Silver,51564
75731,Male,Urban,Others,5L-10L,1,3,4372,1,C,Silver,51408
50948,Male,Rural,High School,5L-10L,1,6,0,1,B,Silver,36432
12648,Female,Urban,High School,2L-5L,0,6,6070,More than 1,B,Platinum,95376
60739,Male,Urban,Bachelor,5L-10L,0,0,3315,More than 1,A,Gold,103464
84963,Male,Urban,High School,5L-10L,0,4,3975,More than 1,A,Gold,99624
15260,Male,Urban,High School,5L-10L,1,5,6095,1,A,Gold,42204
79680,Female,Urban,High School,More than 10L,0,7,9081,More than 1,A,Platinum,117168
9008,Male,Urban,High School,More than 10L,0,2,6034,More than 1,A,Silver,101028
20327,Female,Urban,Others,5L-10L,0,5,3779,More than 1,A,Gold,107892
45133,Female,Urban,Bachelor,5L-10L,1,7,5758,1,A,Platinum,52740
66560,Male,Urban,Bachelor,5L-10L,1,7,3889,More than 1,A,Gold,103776
34576,Female,Rural,High School,5L-10L,1,5,0,1,C,Platinum,36756
79451,Male,Urban,Bachelor,More than 10L,1,5,5498,1,A,Gold,36348
8898,Female,Rural,Bachelor,5L-10L,1,3,3085,More than 1,B,Platinum,94716
15559,Female,Urban,High School,5L-10L,0,6,2438,More than 1,B,Platinum,74208
61192,Female,Urban,Bachelor,5L-10L,0,4,7083,1,A,Platinum,47052
85968,Male,Urban,Bachelor,2L-5L,0,2,6332,1,A,Platinum,50904
4620,Female,Rural,High School,5L-10L,1,7,0,More than 1,B,Silver,65232
80100,Male,Urban,Bachelor,5L-10L,1,4,7122,More than 1,A,Platinum,104412
72877,Male,Urban,High School,2L-5L,0,4,6785,More than 1,A,Platinum,109164
39831,Male,Urban,High School,2L-5L,1,6,0,1,A,Gold,38892
61810,Male,Urban,High School,2L-5L,1,6,6752,1,B,Platinum,43920
69774,Male,Rural,High School,5L-10L,0,4,2217,1,A,Silver,34776
86175,Male,Urban,High School,2L-5L,1,6,11207,1,A,Platinum,61776
25675,Female,Urban,High School,5L-10L,1,1,5415,More than 1,C,Gold,148596
82217,Male,Rural,Bachelor,More than 10L,1,5,0,1,B,Platinum,46032
79137,Male,Urban,Bachelor,2L-5L,1,4,5077,1,A,Gold,40800
76125,Male,Urban,Bachelor,More than 10L,1,2,4171,More than 1,B,Silver,77952
47516,Male,Urban,High School,5L-10L,1,3,15048,1,C,Platinum,63060
88500,Male,Rural,High School,5L-10L,1,6,0,1,A,Platinum,39780
39209,Female,Urban,High School,5L-10L,1,1,7223,More than 1,A,Gold,93096
33203,Male,Urban,High School,5L-10L,1,6,5737,More than 1,A,Gold,107604
85494,Male,Urban,High School,2L-5L,1,2,2733,1,A,Silver,38652
6000,Female,Urban,High School,More than 10L,0,6,2337,More than 1,A,Gold,122904
11464,Male,Urban,Bachelor,5L-10L,1,0,2981,More than 1,C,Silver,96048
46110,Male,Rural,Bachelor,More than 10L,0,1,2151,More than 1,B,Platinum,67644
85682,Male,Rural,Bachelor,5L-10L,1,5,2834,More than 1,B,Platinum,70224
66067,Male,Rural,High School,5L-10L,1,1,2815,1,B,Platinum,46668
70821,Female,Rural,Bachelor,5L-10L,0,5,2729,More than 1,A,Platinum,109812
1452,Female,Rural,Bachelor,5L-10L,1,7,0,More than 1,B,Gold,73152
48957,Male,Rural,Bachelor,5L-10L,1,7,3683,More than 1,B,Silver,65244
46884,Male,Urban,High School,More than 10L,1,5,5160,1,C,Gold,36276
13539,Male,Rural,Others,5L-10L,0,3,0,1,B,Silver,30576
13113,Female,Urban,Others,More than 10L,1,3,5542,1,B,Silver,37200
62290,Female,Urban,Bachelor,5L-10L,1,7,5592,1,A,Platinum,49260
19506,Female,Rural,Bachelor,5L-10L,0,1,2217,More than 1,B,Silver,73176
89159,Female,Urban,Bachelor,2L-5L,0,6,0,1,A,Silver,33564
44870,Male,Urban,Others,5L-10L,0,5,7700,1,B,Silver,37428
25455,Male,Urban,Bachelor,5L-10L,1,6,5908,More than 1,A,Platinum,96720
58674,Male,Urban,High School,5L-10L,1,4,0,1,B,Platinum,34308
22382,Male,Urban,High School,2L-5L,0,7,6440,More than 1,C,Silver,175500
57815,Female,Rural,Bachelor,5L-10L,0,4,0,More than 1,A,Silver,98832
6517,Female,Rural,Bachelor,5L-10L,1,6,0,1,A,Platinum,44088
41143,Male,Urban,High School,2L-5L,1,6,5115,1,A,Platinum,38832
29097,Male,Urban,High School,More than 10L,1,6,4993,More than 1,A,Gold,121200
54959,Male,Urban,Bachelor,5L-10L,1,3,5307,1,A,Gold,34860
71226,Male,Urban,High School,More than 10L,1,8,0,More than 1,B,Silver,68424
19725,Male,Urban,Bachelor,<=2L,0,1,16272,More than 1,A,Silver,101460
61358,Female,Urban,High School,5L-10L,1,6,5204,1,C,Silver,33840
7497,Female,Urban,High School,5L-10L,0,8,3823,More than 1,A,Platinum,93240
25673,Female,Urban,Bachelor,5L-10L,1,3,0,1,A,Silver,30768
3853,Male,Rural,High School,5L-10L,1,6,2920,1,A,Silver,48840
66180,Female,Urban,Bachelor,More than 10L,1,8,2046,More than 1,B,Platinum,72756
6350,Female,Rural,High School,2L-5L,1,7,2283,1,B,Silver,40740
63737,Male,Urban,High School,2L-5L,0,5,6641,More than 1,B,Platinum,94872
64082,Male,Urban,High School,5L-10L,1,7,4279,More than 1,A,Gold,94392
28791,Male,Rural,Bachelor,5L-10L,1,4,0,1,C,Silver,34860
21964,Female,Rural,High School,More than 10L,1,2,0,1,B,Platinum,33072
25713,Female,Rural,Bachelor,More than 10L,1,0,2469,More than 1,A,Silver,67908
79155,Male,Rural,High School,More than 10L,1,5,2327,More than 1,B,Platinum,74772
5651,Male,Rural,Bachelor,More than 10L,0,5,2431,More than 1,A,Silver,58572
75817,Male,Rural,High School,5L-10L,1,7,0,1,C,Gold,32760
31833,Female,Urban,Bachelor,5L-10L,1,1,0,1,A,Silver,38532
5643,Female,Urban,High School,5L-10L,1,1,3999,1,A,Platinum,48924
35512,Female,Rural,Bachelor,5L-10L,1,0,2032,More than 1,B,Gold,66660
44508,Male,Rural,Bachelor,5L-10L,0,2,5454,More than 1,A,Platinum,105252
41438,Male,Urban,Bachelor,More than 10L,1,6,3158,More than 1,B,Gold,65064
74524,Male,Urban,High School,5L-10L,1,4,4891,1,A,Platinum,36132
17561,Male,Urban,Bachelor,<=2L,0,2,5416,1,A,Platinum,64476
49031,Male,Urban,High School,5L-10L,1,5,0,More than 1,B,Platinum,64464
2846,Female,Urban,Bachelor,2L-5L,0,5,7187,More than 1,A,Platinum,104844
23999,Male,Rural,Others,5L-10L,1,4,0,More than 1,B,Silver,59580
61912,Female,Urban,Bachelor,5L-10L,1,6,4131,1,A,Silver,47472
33748,Female,Urban,Bachelor,5L-10L,1,6,5190,More than 1,B,Platinum,97452
60331,Female,Urban,High School,5L-10L,1,4,4412,1,B,Gold,39984
43880,Male,Urban,High School,More than 10L,0,3,5751,1,A,Silver,36276
34527,Male,Urban,High School,5L-10L,0,7,0,More than 1,A,Gold,102216
48614,Female,Rural,Bachelor,5L-10L,0,6,0,More than 1,A,Platinum,76404
33847,Female,Urban,High School,5L-10L,1,0,0,1,C,Platinum,31308
50876,Male,Urban,High School,5L-10L,0,8,4665,1,A,Platinum,65664
45155,Female,Urban,Bachelor,<=2L,1,3,10816,More than 1,A,Platinum,130656
43394,Male,Rural,Bachelor,More than 10L,1,6,2865,More than 1,B,Silver,72384
66609,Female,Rural,Bachelor,5L-10L,1,6,9142,More than 1,A,Silver,111444
59528,Male,Urban,High School,More than 10L,1,4,2100,1,A,Gold,34524
48888,Male,Rural,High School,2L-5L,1,7,4123,More than 1,B,Platinum,75864
66284,Male,Urban,High School,2L-5L,0,6,5701,1,B,Silver,51684
34886,Female,Rural,Bachelor,2L-5L,0,5,4804,1,A,Platinum,31968
71014,Male,Rural,High School,5L-10L,1,0,0,1,B,Platinum,31536
5845,Female,Rural,Bachelor,2L-5L,0,8,2717,More than 1,B,Gold,77640
53153,Male,Rural,High School,More than 10L,1,0,0,1,B,Platinum,33540
30939,Male,Urban,High School,More than 10L,1,4,6518,More than 1,A,Platinum,105096
26693,Female,Urban,Bachelor,5L-10L,1,4,0,1,A,Silver,50724
52794,Female,Urban,High School,5L-10L,1,4,5067,1,A,Platinum,31452
40127,Male,Urban,High School,More than 10L,1,4,4672,More than 1,A,Silver,98340
12783,Male,Urban,Bachelor,5L-10L,1,2,6318,1,A,Platinum,36624
29914,Male,Urban,High School,5L-10L,0,5,3966,More than 1,A,Silver,89856
58471,Female,Rural,Others,5L-10L,1,7,0,1,A,Gold,32352
76204,Female,Rural,High School,5L-10L,0,8,0,1,A,Platinum,47748
84072,Female,Urban,High School,5L-10L,0,7,4521,1,A,Silver,37152
66095,Male,Urban,Bachelor,5L-10L,1,1,8217,1,A,Platinum,46008
16974,Male,Rural,High School,5L-10L,1,5,0,1,B,Silver,45984
32273,Male,Rural,High School,5L-10L,0,2,5355,1,A,Platinum,36480
38155,Male,Urban,High School,2L-5L,1,5,5508,1,A,Gold,35736
46344,Female,Urban,Bachelor,2L-5L,0,2,5933,More than 1,B,Gold,66540
88726,Male,Rural,Bachelor,5L-10L,0,1,0,1,A,Platinum,50532
72311,Female,Urban,High School,5L-10L,0,5,4789,1,B,Platinum,34152
76402,Male,Urban,High School,More than 10L,0,7,2204,More than 1,A,Gold,110112
39059,Male,Rural,Bachelor,5L-10L,1,7,4045,More than 1,B,Platinum,70728
67119,Male,Rural,High School,5L-10L,1,4,0,More than 1,A,Platinum,75612
33707,Female,Urban,Bachelor,5L-10L,1,1,5860,More than 1,B,Platinum,99300
37752,Male,Rural,Bachelor,More than 10L,1,1,0,1,A,Gold,35688
84480,Female,Urban,High School,5L-10L,1,7,6345,More than 1,A,Silver,95316
11428,Male,Urban,Bachelor,5L-10L,0,4,3305,More than 1,A,Platinum,111588
51837,Female,Urban,High School,5L-10L,1,6,3839,More than 1,A,Platinum,83112
12087,Female,Rural,Others,2L-5L,0,8,0,1,B,Platinum,53964
26827,Female,Rural,Bachelor,More than 10L,1,4,2108,More than 1,A,Platinum,72156
88846,Female,Urban,Bachelor,More than 10L,1,5,6385,More than 1,A,Gold,104460
5146,Male,Rural,Bachelor,5L-10L,0,8,0,1,A,Platinum,41748
47244,Male,Urban,High School,5L-10L,0,2,4177,1,A,Platinum,49344
45619,Female,Rural,Bachelor,More than 10L,1,7,0,1,B,Silver,62604
88733,Female,Urban,Bachelor,5L-10L,1,4,0,1,A,Gold,68112
17215,Female,Urban,High School,5L-10L,0,5,6342,More than 1,A,Gold,106452
17737,Male,Rural,Bachelor,More than 10L,0,8,2260,More than 1,B,Silver,96252
83604,Male,Urban,Bachelor,2L-5L,1,7,7182,More than 1,B,Silver,97500
14579,Male,Urban,Bachelor,5L-10L,0,1,3860,More than 1,A,Silver,109116
82645,Female,Rural,Others,2L-5L,0,6,10017,More than 1,B,Platinum,99012
79164,Female,Urban,Bachelor,5L-10L,0,5,3413,More than 1,A,Platinum,114336
23696,Female,Rural,Bachelor,More than 10L,1,7,2897,More than 1,A,Silver,105696
60508,Female,Urban,High School,5L-10L,0,1,2553,1,B,Gold,34968
47314,Female,Rural,Bachelor,5L-10L,1,1,0,More than 1,B,Platinum,61212
49339,Male,Rural,High School,5L-10L,0,1,2032,1,A,Platinum,48912
58224,Male,Urban,High School,5L-10L,0,6,5571,1,B,Silver,29136
25930,Male,Urban,Bachelor,2L-5L,1,7,5366,More than 1,B,Silver,74436
37937,Female,Urban,High School,2L-5L,0,4,5871,1,A,Silver,45108
9393,Male,Urban,High School,5L-10L,1,3,0,More than 1,B,Platinum,64764
72760,Female,Rural,Others,More than 10L,1,7,0,More than 1,B,Gold,66828
24117,Male,Urban,Bachelor,2L-5L,1,2,0,More than 1,B,Platinum,69372
88913,Female,Urban,High School,5L-10L,0,6,4483,More than 1,A,Platinum,106668
3579,Male,Urban,Bachelor,5L-10L,0,1,5557,1,A,Platinum,38748
28871,Male,Urban,High School,2L-5L,1,6,5486,1,A,Silver,32136
16712,Female,Urban,Others,More than 10L,1,4,2092,More than 1,B,Silver,66540
31353,Male,Urban,High School,5L-10L,0,7,4713,1,A,Gold,57552
58086,Male,Urban,Bachelor,5L-10L,1,6,2769,More than 1,C,Platinum,90924
88842,Male,Urban,Bachelor,5L-10L,1,6,2180,More than 1,B,Silver,66204
89098,Female,Rural,High School,More than 10L,1,6,3926,More than 1,A,Silver,90876
69514,Male,Urban,Bachelor,5L-10L,1,7,2020,1,B,Silver,35592
72713,Male,Urban,Others,2L-5L,1,2,6602,1,C,Gold,38844
74419,Female,Urban,Bachelor,5L-10L,1,7,7087,1,A,Platinum,52728
26618,Male,Urban,High School,2L-5L,1,1,3300,More than 1,B,Silver,72732
241,Male,Urban,High School,5L-10L,0,3,7171,More than 1,C,Platinum,94980
84252,Male,Urban,Bachelor,5L-10L,1,8,2132,More than 1,B,Gold,60420
16539,Female,Urban,High School,2L-5L,0,3,4447,1,A,Platinum,49524
3590,Male,Rural,Bachelor,5L-10L,1,8,3187,More than 1,B,Gold,75324
43368,Female,Rural,Bachelor,5L-10L,0,7,0,1,B,Silver,51300
43174,Male,Rural,High School,5L-10L,1,5,3578,More than 1,B,Platinum,67452
33344,Female,Rural,Bachelor,5L-10L,1,6,2823,More than 1,A,Gold,97284
900,Female,Rural,Bachelor,More than 10L,0,2,2055,1,A,Silver,44064
29626,Male,Urban,Bachelor,5L-10L,0,8,5686,1,A,Gold,36528
68974,Female,Urban,High School,5L-10L,0,2,6326,More than 1,A,Gold,101988
67373,Female,Urban,High School,5L-10L,0,5,6739,More than 1,C,Platinum,99852
14829,Female,Rural,Bachelor,2L-5L,1,6,5039,1,A,Silver,49992
35231,Male,Urban,Bachelor,5L-10L,0,3,11286,1,A,Platinum,61284
23640,Female,Urban,High School,More than 10L,1,2,3608,1,A,Platinum,45588
61812,Male,Rural,High School,5L-10L,1,3,3371,More than 1,B,Platinum,64164
88408,Male,Urban,High School,5L-10L,1,4,3679,More than 1,B,Silver,68088
10595,Female,Urban,Others,2L-5L,0,7,5407,1,B,Platinum,34344
69783,Female,Urban,High School,5L-10L,1,4,5769,More than 1,A,Gold,92508
231,Male,Urban,Bachelor,5L-10L,0,7,2460,1,A,Silver,48240
19083,Male,Rural,High School,More than 10L,0,3,0,1,B,Platinum,64008
23109,Female,Urban,High School,5L-10L,0,2,5026,More than 1,B,Silver,109428
21965,Male,Rural,High School,5L-10L,1,1,2378,1,C,Gold,35280
42008,Female,Urban,Bachelor,2L-5L,0,5,6283,1,A,Platinum,42960
59717,Male,Urban,Bachelor,5L-10L,1,8,7083,1,B,Silver,35040
27839,Male,Urban,High School,2L-5L,0,5,5772,1,C,Gold,32556
19986,Male,Urban,High School,2L-5L,1,4,5241,1,B,Silver,33720
11287,Female,Rural,High School,5L-10L,1,4,4145,1,A,Platinum,60648
77949,Female,Urban,High School,5L-10L,1,2,4657,1,B,Gold,37716
88208,Female,Urban,High School,5L-10L,1,3,4977,1,A,Platinum,30192
20910,Female,Rural,High School,5L-10L,1,5,6950,1,A,Gold,49368
83402,Female,Urban,Bachelor,2L-5L,1,1,4043,1,A,Platinum,51120
55337,Male,Urban,Bachelor,5L-10L,1,8,2563,More than 1,B,Silver,66648
75787,Male,Urban,Bachelor,5L-10L,1,3,4162,More than 1,B,Platinum,70056
37412,Male,Rural,Bachelor,More than 10L,1,5,2394,More than 1,C,Gold,75240
48468,Male,Urban,High School,2L-5L,0,1,6418,1,A,Silver,58560
36007,Female,Urban,High School,2L-5L,1,6,8662,1,A,Silver,30516
50551,Male,Rural,High School,More than 10L,1,5,4872,1,A,Platinum,35988
58484,Female,Rural,High School,2L-5L,1,2,5751,More than 1,C,Gold,92400
30057,Male,Urban,High School,More than 10L,1,5,4054,1,A,Platinum,35460
30220,Male,Urban,Others,5L-10L,0,2,0,More than 1,C,Silver,56856
65326,Female,Urban,Bachelor,<=2L,0,5,5804,More than 1,B,Platinum,100500
45198,Male,Rural,High School,5L-10L,1,7,0,More than 1,B,Platinum,66564
3687,Female,Rural,High School,5L-10L,0,6,5898,1,C,Platinum,61284
10073,Male,Urban,Bachelor,2L-5L,0,2,2238,1,A,Gold,56712
26634,Female,Urban,High School,5L-10L,1,6,5682,1,C,Gold,57924
63670,Male,Rural,Bachelor,More than 10L,0,4,0,1,A,Silver,46308
53525,Female,Rural,Others,More than 10L,1,1,0,More than 1,A,Platinum,67380
37264,Female,Urban,High School,5L-10L,0,7,6700,More than 1,A,Platinum,105432
85914,Male,Urban,Bachelor,5L-10L,0,0,0,1,B,Platinum,45348
40321,Male,Rural,Bachelor,5L-10L,1,3,0,1,A,Gold,40440
53606,Female,Rural,Bachelor,5L-10L,1,3,2976,More than 1,A,Gold,100332
19298,Male,Rural,High School,5L-10L,0,5,4564,1,A,Platinum,43164
59934,Male,Urban,Bachelor,5L-10L,1,4,5519,1,A,Platinum,36000
16182,Male,Urban,High School,5L-10L,0,6,3962,More than 1,C,Platinum,94836
9738,Female,Urban,High School,2L-5L,0,7,6000,1,A,Silver,55776
87069,Male,Urban,High School,5L-10L,1,6,2170,1,A,Gold,34176
34586,Male,Rural,Bachelor,5L-10L,0,5,0,1,A,Silver,33468
51931,Male,Urban,Bachelor,2L-5L,1,2,6199,More than 1,A,Gold,104640
48867,Male,Urban,Bachelor,2L-5L,0,6,5711,1,A,Silver,33120
31469,Male,Rural,Bachelor,2L-5L,1,4,2726,1,A,Platinum,47028
29357,Male,Urban,Bachelor,5L-10L,1,8,6420,1,A,Platinum,34932
70287,Female,Urban,High School,2L-5L,0,2,0,More than 1,A,Silver,98520
66850,Male,Rural,High School,5L-10L,1,7,3244,1,A,Silver,47364
86259,Male,Urban,High School,5L-10L,0,5,7082,1,B,Silver,46824
54197,Male,Urban,Bachelor,More than 10L,1,4,6430,More than 1,A,Gold,99216
62360,Male,Urban,Bachelor,5L-10L,0,2,4282,More than 1,A,Gold,98892
41290,Male,Rural,High School,More than 10L,1,4,5037,1,C,Platinum,33984
82891,Female,Urban,Bachelor,5L-10L,1,7,4292,1,A,Platinum,45924
1285,Male,Urban,Bachelor,<=2L,1,7,5213,1,A,Platinum,48228
11319,Female,Urban,Bachelor,<=2L,1,8,3472,More than 1,A,Platinum,95520
32342,Female,Rural,High School,5L-10L,0,4,0,1,B,Gold,65796
60281,Male,Urban,High School,2L-5L,1,6,6273,More than 1,A,Platinum,103104
35402,Male,Urban,Bachelor,More than 10L,1,1,0,1,A,Platinum,38640
38860,Female,Urban,High School,More than 10L,1,6,6809,1,A,Silver,34728
5225,Female,Urban,High School,2L-5L,0,0,4704,More than 1,A,Platinum,110988
88635,Female,Rural,High School,More than 10L,1,5,0,1,B,Silver,37596
26575,Male,Urban,Bachelor,5L-10L,1,7,3412,1,A,Silver,47652
70709,Male,Urban,High School,2L-5L,0,5,13122,More than 1,B,Platinum,95424
67158,Male,Rural,Bachelor,5L-10L,0,8,3106,More than 1,A,Gold,90828
85366,Male,Urban,Bachelor,2L-5L,0,5,7830,More than 1,B,Platinum,102216
74585,Male,Rural,Bachelor,5L-10L,1,7,0,1,B,Platinum,52536
18804,Male,Urban,Bachelor,More than 10L,1,5,0,1,A,Silver,37728
47332,Male,Urban,Bachelor,2L-5L,0,2,4699,1,A,Platinum,48000
67211,Female,Urban,Bachelor,5L-10L,1,7,5113,1,B,Platinum,57804
12904,Female,Urban,Bachelor,5L-10L,0,6,6359,1,A,Gold,34308
42984,Male,Urban,High School,5L-10L,1,5,5050,1,A,Platinum,35748
14204,Female,Rural,Bachelor,More than 10L,0,6,0,More than 1,B,Gold,72372
22969,Female,Urban,High School,2L-5L,1,5,0,More than 1,B,Platinum,65076
38339,Female,Urban,Bachelor,2L-5L,0,6,13768,More than 1,B,Platinum,107724
60222,Male,Urban,Bachelor,5L-10L,1,1,3909,More than 1,A,Silver,92844
81608,Female,Urban,Bachelor,5L-10L,1,4,5253,More than 1,A,Platinum,95232
55683,Male,Urban,Others,<=2L,1,8,12222,1,B,Silver,61104
4958,Male,Rural,Bachelor,More than 10L,1,4,3680,More than 1,A,Silver,94296
73118,Female,Urban,High School,5L-10L,0,1,5298,1,A,Silver,36360
43312,Female,Urban,Bachelor,2L-5L,0,5,5397,More than 1,B,Gold,102348
18307,Male,Urban,High School,5L-10L,1,6,0,1,A,Silver,33600
31292,Female,Rural,High School,2L-5L,0,7,2217,More than 1,B,Platinum,66996
19686,Female,Urban,Bachelor,5L-10L,1,4,0,1,A,Silver,51000
8794,Male,Rural,High School,5L-10L,1,4,0,More than 1,A,Platinum,72324
81395,Female,Rural,Others,5L-10L,1,4,0,More than 1,B,Silver,60372
51021,Male,Urban,Bachelor,5L-10L,0,7,6286,1,A,Gold,33792
5421,Female,Rural,Bachelor,5L-10L,0,4,0,1,A,Gold,53148
10008,Male,Rural,Bachelor,More than 10L,1,7,0,1,B,Silver,46848
43571,Female,Urban,High School,5L-10L,1,6,4492,More than 1,C,Silver,113052
6161,Male,Urban,High School,More than 10L,0,5,5402,1,A,Gold,32136
86256,Female,Urban,High School,5L-10L,1,8,6833,More than 1,A,Gold,88920
86792,Male,Rural,Bachelor,2L-5L,1,1,2430,1,A,Platinum,40080
60675,Male,Rural,Others,2L-5L,1,6,0,1,A,Platinum,30264
59365,Female,Urban,Bachelor,More than 10L,1,7,0,More than 1,A,Silver,65904
38116,Male,Urban,High School,5L-10L,0,2,4592,More than 1,A,Platinum,107616
76284,Male,Urban,Bachelor,5L-10L,0,3,10986,More than 1,B,Platinum,109980
21934,Female,Rural,Others,5L-10L,1,7,2437,1,C,Silver,52272
40425,Male,Urban,High School,5L-10L,0,6,16205,1,B,Silver,46620
26291,Male,Rural,High School,5L-10L,0,5,2715,1,A,Silver,48012
27858,Female,Urban,High School,5L-10L,1,1,5269,1,A,Silver,39252
34704,Male,Urban,High School,More than 10L,0,4,5776,1,A,Silver,30912
66532,Male,Urban,High School,2L-5L,1,1,6802,More than 1,A,Silver,103200
49554,Female,Urban,Others,More than 10L,0,6,0,1,A,Gold,38796
15568,Female,Urban,High School,5L-10L,1,4,0,1,A,Silver,36912
88221,Male,Urban,Bachelor,5L-10L,0,0,6481,More than 1,A,Platinum,112548
74405,Female,Urban,High School,5L-10L,0,1,4166,1,A,Platinum,52776
60413,Male,Rural,High School,More than 10L,0,1,0,1,A,Gold,31824
28063,Female,Urban,High School,5L-10L,1,4,4211,1,B,Gold,44640
6402,Female,Rural,Bachelor,5L-10L,1,6,0,1,A,Silver,53256
57417,Male,Rural,Bachelor,2L-5L,0,0,3060,1,C,Silver,63000
69925,Female,Urban,High School,2L-5L,1,6,6653,1,A,Gold,53376
1322,Female,Urban,High School,5L-10L,0,6,6508,1,A,Silver,31476
30231,Male,Urban,Others,2L-5L,0,6,2603,More than 1,B,Platinum,67368
31062,Male,Urban,High School,2L-5L,1,4,5333,1,A,Silver,30660
62842,Male,Urban,Bachelor,5L-10L,1,6,12207,1,B,Platinum,64404
40008,Male,Urban,Bachelor,5L-10L,1,0,0,More than 1,B,Platinum,66000
68436,Female,Rural,Bachelor,5L-10L,1,1,2574,More than 1,B,Platinum,88644
48742,Female,Rural,Bachelor,5L-10L,0,8,3136,More than 1,B,Platinum,59772
17468,Male,Urban,High School,5L-10L,0,6,6438,1,A,Silver,59436
82529,Female,Rural,Bachelor,More than 10L,0,4,0,1,A,Platinum,31200
51214,Male,Urban,Others,2L-5L,1,7,2218,1,B,Silver,63324
14481,Male,Rural,Bachelor,5L-10L,0,5,0,1,B,Platinum,53100
32524,Female,Urban,High School,5L-10L,1,7,3767,More than 1,B,Silver,108144
50579,Female,Urban,Bachelor,5L-10L,1,7,5175,1,A,Silver,56784
8102,Female,Urban,Bachelor,5L-10L,1,1,10111,1,A,Platinum,56988
25505,Female,Rural,Others,5L-10L,0,3,0,1,B,Platinum,34440
35523,Male,Rural,High School,More than 10L,0,4,0,1,A,Platinum,31404
35386,Female,Urban,High School,2L-5L,0,1,8156,More than 1,B,Platinum,100560
79030,Female,Urban,Bachelor,5L-10L,1,8,5431,1,B,Platinum,51216
1657,Male,Rural,Others,5L-10L,1,8,0,1,B,Platinum,49404
40971,Female,Urban,Bachelor,5L-10L,0,8,5826,More than 1,B,Silver,69036
49167,Male,Urban,High School,5L-10L,1,1,3746,1,A,Gold,53364
51546,Male,Urban,High School,More than 10L,1,4,0,More than 1,B,Platinum,61476
67462,Male,Rural,High School,5L-10L,1,8,0,1,B,Silver,33768
46651,Male,Urban,High School,2L-5L,0,8,3913,More than 1,B,Silver,96276
29094,Male,Rural,High School,5L-10L,1,2,0,More than 1,A,Platinum,65280
84507,Male,Rural,Bachelor,5L-10L,0,5,3521,More than 1,B,Silver,74052
61125,Female,Urban,High School,2L-5L,0,6,4283,1,A,Silver,49728
82017,Male,Urban,Bachelor,More than 10L,1,6,5535,1,A,Gold,33756
76614,Male,Rural,High School,5L-10L,0,4,2430,More than 1,B,Gold,84060
86126,Female,Urban,High School,2L-5L,1,3,4628,More than 1,A,Platinum,92568
12260,Male,Urban,Bachelor,5L-10L,1,5,9091,More than 1,A,Platinum,118728
60165,Female,Urban,High School,2L-5L,1,7,5937,1,A,Platinum,51396
88334,Male,Urban,High School,2L-5L,0,6,5530,1,A,Gold,33984
36634,Female,Urban,High School,5L-10L,0,4,4899,More than 1,A,Platinum,98028
59058,Female,Urban,High School,5L-10L,0,2,2616,More than 1,A,Silver,96636
15947,Male,Rural,High School,5L-10L,1,5,0,1,B,Silver,38892
75440,Female,Urban,Bachelor,More than 10L,0,4,5251,More than 1,B,Silver,124692
75547,Female,Urban,High School,More than 10L,0,7,10899,1,B,Gold,31824
38356,Female,Rural,Bachelor,2L-5L,1,5,0,1,B,Silver,48456
9664,Male,Urban,Bachelor,5L-10L,1,6,6878,More than 1,A,Silver,107412
68884,Female,Rural,Bachelor,More than 10L,1,6,3135,More than 1,B,Silver,74952
81826,Male,Urban,High School,2L-5L,0,6,4078,More than 1,A,Platinum,89976
45065,Female,Urban,Bachelor,5L-10L,1,5,0,1,A,Platinum,44832
33898,Male,Rural,Bachelor,5L-10L,1,7,2694,More than 1,C,Silver,97080
82877,Male,Urban,Bachelor,5L-10L,1,7,3066,1,A,Silver,47052
40066,Female,Rural,High School,5L-10L,0,6,3590,1,B,Platinum,46344
3443,Male,Urban,High School,5L-10L,1,4,7141,1,C,Platinum,60828
11581,Male,Urban,Bachelor,More than 10L,1,1,2755,1,A,Platinum,33912
78951,Male,Urban,High School,2L-5L,1,7,7685,1,A,Silver,54480
27772,Female,Urban,High School,5L-10L,1,6,5741,More than 1,B,Platinum,104352
8958,Male,Urban,Bachelor,5L-10L,0,2,3980,1,B,Silver,58668
13463,Female,Urban,High School,5L-10L,1,1,4042,More than 1,A,Gold,83364
88174,Female,Urban,Bachelor,5L-10L,1,5,3317,1,B,Gold,40872
81315,Female,Urban,Bachelor,5L-10L,1,1,4516,1,C,Gold,38064
59579,Female,Urban,High School,5L-10L,1,7,2295,More than 1,B,Silver,75840
34247,Male,Urban,Bachelor,5L-10L,0,7,6794,More than 1,C,Gold,133548
40464,Female,Rural,High School,5L-10L,1,6,0,1,A,Platinum,49608
309,Female,Rural,Bachelor,5L-10L,1,5,2794,More than 1,C,Platinum,139308
60142,Male,Urban,High School,5L-10L,1,1,2298,1,A,Silver,32520
48351,Male,Urban,Bachelor,<=2L,1,2,3834,1,A,Platinum,46464
44615,Female,Urban,Bachelor,2L-5L,0,7,12302,1,A,Silver,55236
58775,Female,Rural,High School,More than 10L,0,6,0,More than 1,B,Gold,64692
54499,Male,Urban,Bachelor,5L-10L,1,4,3802,1,C,Platinum,46164
60738,Female,Rural,Others,More than 10L,0,3,0,More than 1,B,Platinum,48552
9566,Female,Rural,Bachelor,5L-10L,1,5,0,More than 1,B,Silver,69828
60174,Female,Rural,High School,More than 10L,1,7,3557,1,B,Platinum,50064
80394,Female,Urban,High School,5L-10L,1,2,0,1,B,Silver,35688
76901,Male,Rural,High School,5L-10L,0,7,0,1,A,Gold,31188
48317,Female,Urban,High School,More than 10L,1,4,0,More than 1,B,Silver,67764
83694,Male,Rural,High School,5L-10L,0,5,0,1,A,Platinum,49056
12219,Female,Urban,High School,2L-5L,0,5,5313,1,A,Gold,51804
67327,Male,Rural,Bachelor,More than 10L,1,1,0,1,A,Silver,46692
72690,Female,Urban,High School,More than 10L,1,6,12326,More than 1,A,Platinum,101136
18156,Female,Rural,Bachelor,2L-5L,1,7,2177,1,B,Silver,54012
54732,Male,Urban,High School,5L-10L,1,7,3326,More than 1,B,Silver,68136
48807,Male,Urban,Bachelor,5L-10L,0,2,7440,1,A,Silver,36948
87089,Female,Urban,Bachelor,5L-10L,0,3,4170,More than 1,A,Platinum,101712
60908,Male,Urban,Bachelor,5L-10L,0,3,8683,More than 1,C,Platinum,105024
26960,Male,Urban,Others,2L-5L,1,6,4097,1,B,Silver,54564
55607,Female,Urban,Others,More than 10L,1,7,2335,More than 1,B,Silver,68736
16919,Male,Rural,High School,5L-10L,0,4,0,1,B,Platinum,32088
81633,Female,Urban,Bachelor,2L-5L,0,2,0,1,C,Gold,59556
17249,Male,Rural,Bachelor,More than 10L,1,8,3890,More than 1,B,Platinum,69300
71497,Female,Rural,Bachelor,More than 10L,1,6,0,1,C,Silver,52368
15096,Female,Urban,High School,5L-10L,1,3,6303,More than 1,A,Gold,91296
43849,Female,Rural,High School,5L-10L,0,4,2086,1,A,Platinum,55872
17126,Male,Urban,Bachelor,5L-10L,1,8,2863,1,A,Platinum,55776
26366,Male,Urban,High School,5L-10L,1,1,4479,1,A,Platinum,44268
30600,Female,Rural,Others,5L-10L,1,4,0,More than 1,B,Silver,68148
34737,Male,Rural,Bachelor,5L-10L,1,2,2549,1,B,Silver,37452
81363,Male,Urban,High School,5L-10L,1,5,6330,More than 1,A,Gold,98880
86888,Female,Urban,Bachelor,<=2L,1,5,3560,More than 1,A,Platinum,84372
6043,Male,Urban,High School,2L-5L,1,6,6086,More than 1,C,Platinum,101400
27066,Male,Urban,High School,5L-10L,1,1,0,1,C,Platinum,33900
32066,Male,Rural,Bachelor,5L-10L,1,0,2096,1,A,Gold,47472
81845,Male,Rural,High School,More than 10L,0,4,0,1,A,Platinum,32184
76935,Female,Urban,Bachelor,2L-5L,1,7,6176,1,A,Platinum,36708
51636,Male,Urban,High School,2L-5L,0,0,4420,More than 1,B,Platinum,138528
29926,Male,Urban,Bachelor,5L-10L,1,4,4287,More than 1,A,Platinum,104328
79982,Male,Urban,High School,More than 10L,0,7,17537,More than 1,C,Platinum,166368
53529,Male,Urban,High School,5L-10L,0,6,3876,More than 1,A,Platinum,97620
10228,Male,Urban,High School,5L-10L,1,5,7206,More than 1,A,Silver,106848
74812,Female,Urban,High School,5L-10L,1,2,0,More than 1,A,Platinum,93372
80856,Male,Rural,High School,More than 10L,1,4,0,1,A,Platinum,36936
84274,Male,Urban,High School,5L-10L,1,2,4981,1,B,Silver,39348
75101,Male,Rural,Bachelor,More than 10L,0,5,0,1,B,Silver,45996
53668,Female,Rural,Bachelor,5L-10L,1,5,0,More than 1,B,Silver,65340
35484,Male,Urban,Bachelor,2L-5L,1,3,2046,1,B,Platinum,46428
67554,Male,Rural,High School,5L-10L,1,8,3718,1,A,Gold,53232
27930,Male,Rural,Bachelor,5L-10L,0,6,2700,More than 1,A,Gold,100056
87454,Male,Urban,Bachelor,5L-10L,1,1,3854,1,A,Platinum,53256
26760,Male,Urban,High School,More than 10L,1,6,5573,1,A,Platinum,48768
30327,Female,Urban,Bachelor,2L-5L,1,3,7181,More than 1,A,Platinum,99180
3623,Male,Urban,Bachelor,More than 10L,1,6,6853,More than 1,B,Platinum,107508
62512,Female,Urban,High School,5L-10L,1,2,11564,1,A,Silver,48672
37783,Male,Urban,Bachelor,5L-10L,1,5,5938,1,A,Silver,35280
79667,Female,Rural,Bachelor,5L-10L,1,5,2093,More than 1,B,Silver,74160
24840,Female,Urban,Bachelor,5L-10L,1,2,4949,More than 1,A,Platinum,101712
29905,Male,Rural,Bachelor,5L-10L,1,5,0,More than 1,A,Platinum,94908
68555,Female,Rural,High School,2L-5L,0,5,0,More than 1,B,Silver,68100
47184,Male,Urban,Others,5L-10L,1,3,4093,1,B,Platinum,52008
9381,Female,Urban,Bachelor,5L-10L,0,7,5887,More than 1,A,Gold,90180
33336,Male,Urban,Bachelor,5L-10L,0,5,4326,More than 1,A,Platinum,97188
80936,Female,Rural,High School,More than 10L,0,5,2301,More than 1,C,Silver,96264
26475,Female,Rural,Bachelor,2L-5L,1,4,2817,1,B,Platinum,39708
43110,Female,Urban,Others,5L-10L,1,0,0,1,A,Silver,43224
10334,Female,Urban,Bachelor,5L-10L,0,6,4009,1,B,Platinum,58248
33126,Male,Rural,High School,More than 10L,0,6,0,1,B,Platinum,52224
22429,Male,Urban,High School,More than 10L,1,6,0,1,B,Platinum,33804
39737,Female,Urban,High School,5L-10L,0,3,8439,More than 1,A,Gold,118452
70185,Male,Rural,High School,5L-10L,1,3,2222,More than 1,C,Silver,104448
53477,Female,Urban,High School,5L-10L,0,1,2724,1,A,Platinum,32508
81968,Female,Rural,Bachelor,More than 10L,1,1,0,More than 1,A,Silver,72336
62435,Female,Rural,High School,5L-10L,1,0,0,1,A,Silver,41280
65379,Female,Rural,High School,5L-10L,1,7,4388,1,A,Gold,33228
2282,Male,Urban,Bachelor,More than 10L,0,4,5580,1,A,Silver,32196
36655,Male,Urban,High School,5L-10L,1,7,8346,1,A,Silver,57276
13446,Male,Urban,Bachelor,5L-10L,1,7,7917,More than 1,C,Platinum,113112
78570,Male,Urban,High School,5L-10L,1,2,5222,More than 1,B,Silver,95928
75363,Female,Urban,High School,More than 10L,1,6,0,1,A,Platinum,32436
62605,Male,Rural,High School,5L-10L,0,4,4775,1,A,Platinum,49056
25679,Female,Urban,High School,5L-10L,1,6,3825,1,A,Silver,42984
10782,Male,Rural,Bachelor,More than 10L,1,7,2046,More than 1,A,Platinum,70608
43887,Male,Urban,High School,5L-10L,1,4,6247,1,B,Platinum,48120
12794,Male,Urban,Others,5L-10L,0,5,7348,1,A,Platinum,34584
26995,Female,Urban,High School,5L-10L,1,4,3543,More than 1,A,Platinum,97080
78224,Female,Rural,Bachelor,5L-10L,0,1,3031,1,A,Silver,50184
20000,Male,Rural,Bachelor,5L-10L,1,8,0,1,B,Silver,37140
4186,Male,Urban,Bachelor,2L-5L,0,8,4123,More than 1,B,Platinum,102300
38258,Male,Urban,High School,2L-5L,1,8,8126,More than 1,B,Silver,71400
13597,Male,Urban,Bachelor,More than 10L,1,6,2524,More than 1,B,Gold,64056
51892,Male,Rural,High School,5L-10L,1,3,0,1,A,Gold,32196
31119,Female,Urban,High School,More than 10L,0,4,6668,1,A,Platinum,35568
78298,Male,Rural,Others,5L-10L,1,5,0,1,B,Platinum,35868
37531,Male,Urban,High School,5L-10L,1,7,8304,More than 1,A,Platinum,105192
12850,Male,Urban,Bachelor,5L-10L,1,5,6399,1,A,Platinum,63420
7253,Male,Urban,High School,5L-10L,1,3,5662,More than 1,A,Platinum,108036
32032,Male,Urban,Bachelor,2L-5L,0,5,0,More than 1,B,Platinum,71544
13607,Male,Urban,High School,5L-10L,1,3,0,1,A,Platinum,56736
31074,Female,Rural,Bachelor,5L-10L,0,7,0,1,B,Silver,50160
11243,Male,Urban,High School,More than 10L,1,8,6372,More than 1,A,Gold,104364
74567,Female,Urban,Others,2L-5L,1,6,0,1,B,Gold,54828
11177,Female,Rural,High School,5L-10L,1,7,2243,More than 1,B,Platinum,67092
84526,Female,Rural,High School,5L-10L,0,5,5138,1,A,Silver,33792
22956,Male,Urban,High School,5L-10L,1,7,2069,More than 1,C,Platinum,95448
74647,Male,Urban,Bachelor,More than 10L,1,7,17903,More than 1,C,Gold,146556
26691,Female,Urban,Bachelor,5L-10L,1,7,5283,1,A,Platinum,34356
55142,Male,Rural,Bachelor,More than 10L,1,0,0,1,C,Gold,37608
53957,Female,Rural,Bachelor,5L-10L,1,1,4709,1,A,Silver,36924
33948,Female,Urban,Bachelor,5L-10L,1,2,7577,1,A,Silver,34620
69743,Male,Rural,High School,5L-10L,1,0,0,1,A,Platinum,51780
29828,Male,Urban,High School,5L-10L,1,5,11005,More than 1,A,Platinum,113052
20367,Female,Urban,Bachelor,5L-10L,0,5,5205,1,A,Platinum,33408
67956,Male,Urban,High School,2L-5L,1,3,6441,1,A,Gold,42360
57555,Male,Rural,High School,5L-10L,1,7,2110,1,C,Silver,36144
87906,Female,Rural,High School,5L-10L,1,5,4877,1,A,Platinum,29916
81578,Female,Urban,Bachelor,5L-10L,0,6,0,1,B,Platinum,42276
63193,Female,Urban,High School,2L-5L,0,1,5873,1,A,Gold,35628
52011,Female,Rural,Bachelor,2L-5L,1,7,3377,More than 1,B,Gold,66492
70373,Male,Rural,Bachelor,More than 10L,1,7,4169,More than 1,B,Silver,64332
64986,Female,Urban,High School,5L-10L,0,5,7320,More than 1,B,Platinum,88824
38905,Male,Urban,Bachelor,5L-10L,1,1,2394,1,A,Gold,32736
63187,Male,Rural,Bachelor,2L-5L,0,5,0,1,B,Gold,51684
24038,Male,Urban,Bachelor,2L-5L,0,1,0,More than 1,A,Gold,91116
7901,Male,Urban,High School,More than 10L,1,1,3901,1,A,Silver,34560
19320,Male,Rural,Bachelor,5L-10L,1,7,8308,More than 1,A,Silver,94608
82917,Male,Urban,Bachelor,More than 10L,1,3,5061,1,C,Silver,31920
19903,Female,Urban,Bachelor,5L-10L,1,8,0,More than 1,B,Platinum,66228
44810,Female,Urban,Bachelor,5L-10L,0,4,5431,More than 1,A,Platinum,98472
60202,Male,Urban,Bachelor,2L-5L,1,5,5658,More than 1,A,Silver,92316
70017,Female,Urban,High School,2L-5L,0,6,4244,1,A,Gold,42408
6515,Male,Rural,Bachelor,5L-10L,0,8,0,More than 1,B,Gold,69060
26583,Male,Urban,High School,More than 10L,1,2,2778,1,A,Platinum,36132
47754,Male,Urban,High School,5L-10L,1,1,6279,More than 1,B,Platinum,95328
49088,Female,Urban,Bachelor,2L-5L,0,5,0,1,B,Platinum,62808
10369,Male,Rural,Bachelor,5L-10L,1,2,0,1,C,Gold,57372
65289,Male,Urban,Bachelor,5L-10L,1,7,3025,More than 1,B,Gold,99660
89226,Male,Rural,Bachelor,2L-5L,1,6,3846,More than 1,B,Platinum,63984
20533,Male,Urban,High School,5L-10L,0,5,5986,More than 1,A,Platinum,105276
23952,Male,Rural,High School,5L-10L,1,4,0,More than 1,A,Silver,68748
29362,Male,Urban,High School,5L-10L,0,2,6526,1,A,Platinum,33780
31061,Male,Urban,Bachelor,5L-10L,1,2,5456,1,A,Gold,34476
72733,Male,Urban,Bachelor,2L-5L,1,0,5443,1,A,Platinum,36624
62216,Female,Urban,Bachelor,2L-5L,0,2,4728,More than 1,A,Platinum,105360
84835,Male,Urban,High School,5L-10L,0,8,2778,1,B,Platinum,62364
5403,Female,Rural,High School,More than 10L,1,6,0,More than 1,A,Platinum,65964
72687,Male,Rural,Bachelor,5L-10L,1,2,5255,1,A,Platinum,65544
16022,Male,Rural,High School,5L-10L,0,6,2675,1,B,Platinum,45360
46565,Female,Urban,Bachelor,2L-5L,0,2,10952,More than 1,B,Platinum,104448
49270,Female,Urban,High School,More than 10L,0,2,6457,More than 1,A,Platinum,107232
58260,Male,Urban,Bachelor,2L-5L,1,3,6636,1,A,Silver,51360
58882,Male,Rural,Bachelor,More than 10L,1,8,0,More than 1,A,Platinum,68544
80119,Female,Urban,High School,5L-10L,0,7,2578,1,B,Gold,37836
32663,Male,Rural,Bachelor,5L-10L,1,7,0,More than 1,B,Silver,66408
24903,Male,Urban,High School,<=2L,0,3,6786,1,A,Silver,55008
45061,Female,Urban,Bachelor,5L-10L,0,3,5210,1,A,Platinum,32688
7237,Male,Rural,High School,More than 10L,1,4,4973,1,A,Platinum,32016
48554,Male,Rural,High School,5L-10L,1,2,0,1,A,Gold,36432
61347,Male,Rural,High School,5L-10L,0,6,2036,More than 1,B,Platinum,66456
40356,Male,Urban,High School,5L-10L,1,2,5890,More than 1,A,Platinum,104304
18538,Male,Urban,High School,5L-10L,1,6,5395,1,A,Silver,36912
86160,Female,Urban,High School,2L-5L,1,4,4096,1,A,Platinum,46620
58984,Male,Urban,Bachelor,5L-10L,1,4,5913,More than 1,A,Silver,98160
65399,Male,Urban,High School,5L-10L,1,2,3093,More than 1,A,Platinum,96312
72133,Male,Urban,High School,5L-10L,1,6,6206,More than 1,B,Silver,64524
48139,Male,Rural,High School,More than 10L,1,5,0,More than 1,B,Platinum,67860
11181,Male,Urban,Bachelor,2L-5L,1,3,4972,1,B,Silver,36564
9410,Female,Rural,Bachelor,2L-5L,0,5,0,More than 1,B,Platinum,66924
42388,Male,Urban,Bachelor,5L-10L,1,6,6368,More than 1,C,Gold,150636
52829,Male,Urban,Bachelor,5L-10L,1,7,5253,1,A,Gold,30864
67409,Female,Urban,Bachelor,More than 10L,1,3,4959,More than 1,A,Gold,88968
57779,Male,Urban,High School,5L-10L,0,6,4418,More than 1,A,Gold,102192
64631,Female,Urban,High School,5L-10L,1,2,6068,1,A,Silver,45552
88658,Male,Rural,Bachelor,2L-5L,1,5,2750,More than 1,A,Platinum,93516
68128,Female,Rural,Bachelor,5L-10L,1,3,0,More than 1,C,Platinum,94068
33676,Male,Urban,Bachelor,5L-10L,1,7,6028,1,A,Gold,54480
69676,Male,Rural,Bachelor,5L-10L,1,6,0,More than 1,B,Platinum,65916
21614,Male,Urban,Bachelor,5L-10L,1,1,5689,1,A,Platinum,32460
55415,Female,Urban,High School,5L-10L,1,1,0,1,A,Silver,34032
62749,Female,Urban,High School,5L-10L,1,5,3871,More than 1,A,Platinum,97164
39801,Male,Urban,Bachelor,5L-10L,1,7,5722,1,A,Platinum,34488
10310,Male,Urban,High School,5L-10L,1,7,6385,1,C,Silver,36156
28225,Male,Urban,High School,5L-10L,0,1,3031,More than 1,A,Gold,98100
77482,Male,Urban,High School,5L-10L,1,4,0,1,B,Platinum,33900
77180,Male,Urban,High School,5L-10L,1,1,0,1,C,Platinum,37080
3107,Female,Urban,Bachelor,<=2L,0,5,11945,1,A,Silver,52764
43900,Female,Urban,High School,2L-5L,1,3,6052,1,A,Silver,53772
60243,Female,Rural,Bachelor,2L-5L,1,6,0,More than 1,B,Silver,74232
35975,Female,Urban,High School,More than 10L,1,4,5545,1,A,Platinum,46356
42068,Female,Urban,Bachelor,5L-10L,1,8,0,More than 1,B,Platinum,68280
64489,Female,Urban,High School,<=2L,0,3,3625,1,A,Silver,52176
14445,Male,Rural,Bachelor,5L-10L,1,1,3447,1,C,Silver,45672
14628,Male,Urban,Bachelor,2L-5L,1,8,2825,More than 1,B,Silver,72576
1547,Male,Urban,High School,5L-10L,1,6,3942,More than 1,A,Platinum,91980
8596,Female,Urban,High School,More than 10L,1,8,4097,1,B,Silver,49092
17678,Male,Rural,Bachelor,2L-5L,0,1,2046,1,B,Silver,56916
52009,Male,Urban,High School,5L-10L,1,3,3472,More than 1,A,Platinum,95904
76269,Female,Urban,Bachelor,2L-5L,1,7,5638,1,B,Silver,39300
87253,Male,Urban,Bachelor,2L-5L,1,4,4186,1,B,Silver,56940
71086,Female,Rural,Others,More than 10L,1,0,0,1,B,Platinum,34260
54415,Female,Urban,High School,5L-10L,1,6,4062,More than 1,A,Platinum,87084
40987,Male,Rural,Bachelor,2L-5L,1,2,0,1,A,Platinum,28824
88716,Male,Urban,Bachelor,5L-10L,1,3,4903,More than 1,A,Gold,94656
74510,Male,Urban,Bachelor,2L-5L,1,0,3723,1,A,Platinum,49200
42640,Male,Rural,High School,5L-10L,1,4,2200,1,A,Gold,48024
51686,Male,Rural,Bachelor,5L-10L,1,5,0,1,A,Gold,36156
84401,Male,Urban,High School,More than 10L,0,7,6644,1,A,Gold,32988
22724,Male,Urban,Bachelor,5L-10L,1,5,5422,1,A,Platinum,33780
80711,Male,Rural,Others,More than 10L,1,6,5976,1,B,Silver,39492
55311,Female,Urban,Others,More than 10L,1,1,0,1,A,Silver,33012
55689,Male,Rural,High School,5L-10L,0,8,0,1,B,Platinum,37740
6168,Male,Urban,High School,2L-5L,0,4,7446,More than 1,C,Gold,158520
79295,Female,Rural,High School,2L-5L,1,7,4493,More than 1,B,Silver,75072
75790,Male,Rural,High School,5L-10L,1,7,0,1,A,Platinum,47184
2391,Female,Rural,High School,More than 10L,0,0,5169,More than 1,B,Platinum,81972
66520,Male,Rural,Bachelor,2L-5L,0,6,0,1,B,Platinum,53664
65195,Female,Rural,High School,More than 10L,1,2,3804,1,A,Gold,51816
12178,Male,Urban,Bachelor,5L-10L,0,2,8038,1,A,Platinum,64512
27010,Male,Rural,High School,5L-10L,0,8,6197,More than 1,A,Gold,105504
10449,Female,Rural,High School,5L-10L,1,5,2512,1,A,Platinum,47244
77778,Female,Urban,Bachelor,2L-5L,1,8,5932,1,A,Platinum,69180
78376,Male,Urban,Bachelor,2L-5L,1,3,8024,More than 1,B,Platinum,112176
86929,Male,Rural,High School,More than 10L,1,7,0,More than 1,A,Platinum,93000
24153,Female,Rural,High School,More than 10L,0,7,3217,More than 1,B,Platinum,69924
80667,Male,Urban,High School,2L-5L,1,2,6550,1,B,Platinum,40200
64835,Male,Rural,Others,5L-10L,1,1,0,1,C,Platinum,33096
69467,Male,Urban,High School,5L-10L,0,8,10760,More than 1,A,Platinum,108900
34210,Female,Urban,High School,2L-5L,0,5,5080,More than 1,A,Platinum,130620
4711,Female,Urban,High School,5L-10L,0,5,7291,More than 1,A,Platinum,105588
75151,Male,Urban,Bachelor,2L-5L,1,2,6553,More than 1,A,Platinum,105816
23110,Female,Rural,Bachelor,More than 10L,0,8,5480,More than 1,B,Platinum,70752
5451,Male,Urban,High School,More than 10L,1,6,0,More than 1,A,Platinum,98616
11147,Male,Rural,Bachelor,5L-10L,1,4,2034,1,C,Platinum,48636
62101,Female,Urban,Others,2L-5L,1,7,6390,More than 1,B,Platinum,92340
18695,Male,Urban,High School,More than 10L,1,2,0,1,B,Platinum,31332
26795,Female,Urban,High School,5L-10L,0,6,4884,1,B,Gold,33348
20358,Female,Rural,High School,More than 10L,1,0,6802,More than 1,A,Platinum,103236
34062,Female,Rural,Bachelor,More than 10L,1,6,2610,1,A,Platinum,57720
22862,Female,Urban,Others,5L-10L,0,3,6327,1,A,Silver,50148
53753,Male,Urban,High School,2L-5L,1,2,3167,More than 1,B,Silver,65472
55195,Male,Rural,Others,5L-10L,0,5,0,More than 1,A,Silver,57756
42384,Female,Urban,Bachelor,5L-10L,1,8,8672,More than 1,A,Platinum,104640
78741,Male,Rural,Bachelor,More than 10L,1,1,0,1,B,Silver,50964
2120,Male,Urban,Bachelor,5L-10L,0,3,4208,More than 1,A,Silver,95832
55909,Male,Urban,High School,More than 10L,1,5,0,More than 1,B,Platinum,72372
56084,Male,Urban,Bachelor,5L-10L,0,3,4189,More than 1,A,Platinum,101244
74393,Male,Rural,Others,5L-10L,0,5,0,1,B,Silver,33612
8138,Male,Urban,High School,5L-10L,0,3,4117,More than 1,C,Platinum,114696
33221,Female,Urban,High School,2L-5L,1,2,2570,More than 1,A,Silver,90720
42676,Male,Urban,Bachelor,5L-10L,1,2,6112,1,A,Gold,34008
18225,Male,Rural,High School,More than 10L,1,3,0,1,B,Platinum,32352
82230,Female,Rural,High School,5L-10L,0,5,11431,1,A,Gold,43668
77983,Female,Rural,High School,More than 10L,1,6,4817,More than 1,A,Gold,95940
75563,Female,Urban,Bachelor,5L-10L,1,0,0,1,A,Silver,38304
40852,Male,Urban,High School,5L-10L,1,6,4091,More than 1,C,Platinum,106128
9095,Female,Urban,High School,5L-10L,0,7,6452,1,A,Silver,36780
22519,Female,Rural,Bachelor,5L-10L,0,3,0,1,B,Platinum,49824
57537,Female,Rural,Bachelor,5L-10L,1,1,5675,1,C,Silver,47220
22104,Male,Rural,Bachelor,5L-10L,1,7,4019,More than 1,B,Silver,63180
9113,Male,Urban,Bachelor,2L-5L,0,4,6937,More than 1,C,Platinum,106260
86229,Male,Urban,High School,5L-10L,1,3,5076,More than 1,A,Platinum,97752
35075,Male,Urban,Others,2L-5L,1,4,4063,1,A,Gold,48876
77792,Male,Urban,Bachelor,5L-10L,0,8,7811,More than 1,A,Platinum,103632
84917,Female,Rural,Bachelor,5L-10L,1,5,0,More than 1,C,Platinum,98772
62479,Male,Urban,Bachelor,More than 10L,1,4,3959,1,A,Silver,29256
80702,Male,Rural,High School,2L-5L,1,2,6772,1,B,Gold,54492
86985,Female,Urban,High School,5L-10L,1,5,11691,More than 1,A,Gold,107220
26008,Female,Rural,High School,5L-10L,0,3,4080,More than 1,B,Gold,102348
56846,Female,Urban,High School,2L-5L,1,5,3978,More than 1,A,Platinum,87192
19832,Female,Urban,High School,5L-10L,0,3,6701,More than 1,C,Gold,89496
34117,Female,Urban,High School,More than 10L,0,5,3377,More than 1,B,Platinum,99120
69829,Female,Urban,High School,5L-10L,0,1,0,1,A,Gold,36708
45598,Female,Urban,High School,5L-10L,1,7,3822,More than 1,A,Silver,87888
20772,Male,Rural,Bachelor,5L-10L,0,5,0,1,B,Platinum,49224
33329,Male,Urban,High School,5L-10L,1,5,3177,More than 1,A,Platinum,101604
28851,Male,Urban,High School,2L-5L,0,1,0,1,B,Gold,39504
61890,Male,Urban,Bachelor,More than 10L,1,1,0,1,C,Platinum,34212
29942,Male,Urban,Bachelor,5L-10L,0,5,2800,1,A,Gold,49320
88743,Male,Urban,High School,5L-10L,1,8,6896,More than 1,A,Platinum,88308
56607,Female,Rural,High School,5L-10L,0,4,0,More than 1,B,Platinum,117804
7722,Female,Rural,High School,5L-10L,1,3,2059,More than 1,B,Silver,67284
37032,Female,Urban,High School,5L-10L,0,7,12792,1,A,Gold,50688
34805,Male,Rural,Others,More than 10L,1,7,0,1,C,Platinum,32724
38311,Female,Urban,Bachelor,5L-10L,0,7,8245,More than 1,B,Gold,108792
53766,Male,Urban,Others,2L-5L,0,4,7104,1,A,Platinum,59304
26350,Female,Urban,High School,5L-10L,0,5,7050,More than 1,A,Gold,96960
68510,Female,Urban,High School,2L-5L,0,6,5910,More than 1,A,Platinum,99876
40851,Female,Rural,Bachelor,5L-10L,1,0,0,1,B,Platinum,33384
32034,Female,Urban,Bachelor,5L-10L,1,4,3915,1,A,Platinum,53208
37108,Male,Rural,Bachelor,5L-10L,0,7,4243,More than 1,B,Gold,97848
84542,Male,Urban,High School,<=2L,1,4,5666,1,A,Platinum,56184
32691,Female,Urban,Bachelor,5L-10L,1,5,3869,More than 1,A,Platinum,100224
42099,Male,Urban,High School,2L-5L,0,5,4951,1,B,Platinum,34128
19706,Female,Rural,High School,5L-10L,0,6,6050,More than 1,A,Platinum,94620
31348,Male,Urban,High School,2L-5L,0,7,4107,1,C,Gold,51852
72115,Male,Urban,Bachelor,5L-10L,1,5,7402,More than 1,A,Platinum,107568
32939,Male,Urban,High School,5L-10L,0,4,5788,1,A,Platinum,37116
49776,Female,Rural,Bachelor,5L-10L,0,8,3769,More than 1,A,Platinum,66936
32553,Female,Urban,High School,More than 10L,0,7,5325,1,A,Silver,31680
11369,Female,Urban,High School,5L-10L,1,1,6885,1,A,Gold,53412
7686,Male,Rural,Bachelor,5L-10L,1,6,4151,1,A,Silver,49308
25645,Female,Rural,High School,More than 10L,1,0,0,1,B,Silver,36744
53533,Female,Rural,Bachelor,More than 10L,0,6,0,1,A,Platinum,45792
64401,Male,Urban,High School,5L-10L,1,6,3843,More than 1,A,Platinum,92916
47605,Female,Rural,High School,More than 10L,0,8,2756,1,A,Silver,61512
53275,Male,Urban,Bachelor,5L-10L,0,6,4132,1,C,Silver,35376
48653,Male,Urban,High School,More than 10L,1,3,12446,More than 1,A,Silver,114216
81166,Female,Urban,Bachelor,<=2L,1,5,5194,1,A,Silver,50868
59693,Female,Urban,High School,More than 10L,1,7,0,1,B,Platinum,55980
75026,Male,Rural,Bachelor,5L-10L,1,6,0,1,B,Platinum,39492
2585,Female,Rural,High School,5L-10L,0,0,0,1,A,Platinum,40092
43730,Female,Urban,High School,2L-5L,1,7,0,1,A,Silver,36732
11679,Male,Rural,High School,5L-10L,1,4,4597,1,A,Gold,33228
4908,Male,Rural,Others,5L-10L,1,0,5759,1,A,Gold,62772
65559,Female,Rural,High School,5L-10L,1,6,2429,More than 1,A,Silver,67740
43689,Female,Urban,Bachelor,5L-10L,0,1,6277,More than 1,A,Silver,105432
65446,Male,Urban,High School,2L-5L,1,2,5466,1,A,Platinum,35592
8166,Male,Rural,Bachelor,More than 10L,1,5,0,1,B,Silver,55704
78325,Female,Rural,Bachelor,5L-10L,1,0,2795,1,B,Silver,52452
66024,Male,Rural,High School,5L-10L,0,0,2311,More than 1,A,Platinum,93900
23278,Female,Urban,High School,5L-10L,0,8,0,More than 1,B,Silver,68484
2240,Female,Urban,Bachelor,5L-10L,1,6,2683,More than 1,B,Platinum,76020
22571,Female,Urban,Bachelor,2L-5L,1,3,10039,More than 1,A,Gold,106044
6823,Female,Urban,Others,5L-10L,0,4,6860,1,C,Silver,33564
83331,Male,Urban,High School,5L-10L,0,1,4200,1,A,Gold,50760
47191,Female,Urban,Bachelor,5L-10L,1,6,2332,1,B,Platinum,51408
4515,Male,Rural,High School,5L-10L,1,6,5865,1,A,Platinum,48876
26049,Male,Rural,High School,5L-10L,1,7,2591,1,A,Silver,45408
80155,Male,Urban,High School,5L-10L,1,7,2194,More than 1,B,Platinum,64284
87653,Male,Urban,High School,5L-10L,1,6,4659,1,A,Platinum,31392
9028,Female,Urban,Bachelor,2L-5L,1,7,9354,More than 1,A,Platinum,111300
79440,Female,Rural,Bachelor,5L-10L,1,5,0,1,A,Gold,53532
77779,Male,Urban,High School,5L-10L,0,3,5026,1,A,Gold,30180
64297,Female,Rural,High School,More than 10L,1,8,0,More than 1,A,Silver,101604
77786,Male,Rural,Others,5L-10L,1,3,0,1,C,Silver,33816
79298,Female,Rural,High School,5L-10L,0,5,2042,1,A,Silver,33192
84512,Male,Rural,High School,More than 10L,1,5,0,1,A,Gold,44268
50585,Male,Urban,Bachelor,More than 10L,1,2,4139,More than 1,A,Platinum,99780
49695,Female,Urban,High School,5L-10L,0,2,4359,1,B,Platinum,44052
62529,Female,Rural,High School,5L-10L,1,0,0,More than 1,B,Platinum,65412
58126,Female,Urban,High School,5L-10L,0,6,5720,1,A,Platinum,58776
37466,Female,Rural,Bachelor,5L-10L,1,3,0,More than 1,B,Platinum,76056
7903,Male,Urban,Bachelor,5L-10L,1,5,5874,1,A,Platinum,35148
47278,Female,Urban,Bachelor,2L-5L,1,7,6184,1,A,Silver,44220
34348,Male,Rural,High School,More than 10L,0,6,0,1,B,Silver,54888
1173,Male,Urban,Bachelor,2L-5L,1,7,24304,1,A,Silver,50796
73892,Male,Urban,High School,5L-10L,0,7,3965,1,A,Platinum,45288
24234,Male,Rural,Bachelor,5L-10L,0,3,5401,More than 1,A,Platinum,97728
20842,Female,Urban,High School,More than 10L,1,7,3668,1,A,Platinum,46188
12559,Female,Rural,Bachelor,5L-10L,0,7,3207,More than 1,B,Platinum,59808
72694,Male,Urban,Bachelor,2L-5L,1,3,7088,More than 1,B,Platinum,104196
29804,Male,Rural,High School,More than 10L,1,7,0,1,B,Silver,36768
74801,Male,Rural,High School,5L-10L,1,0,0,1,A,Gold,36648
64228,Male,Rural,Others,More than 10L,1,1,0,1,A,Platinum,31764
34884,Male,Rural,Others,5L-10L,0,1,2107,1,B,Gold,29328
12651,Male,Urban,Bachelor,More than 10L,0,6,5127,1,A,Platinum,32196
16633,Female,Urban,Bachelor,5L-10L,1,2,3347,1,A,Platinum,45972
36186,Female,Urban,Others,More than 10L,0,4,0,More than 1,B,Platinum,68820
53567,Female,Urban,Bachelor,5L-10L,0,5,4873,More than 1,B,Gold,104640
16021,Female,Urban,Bachelor,2L-5L,0,6,4024,More than 1,A,Gold,91500
34905,Female,Urban,High School,5L-10L,1,1,0,1,B,Platinum,47676
37878,Male,Urban,High School,5L-10L,1,7,2416,More than 1,A,Platinum,89760
45699,Female,Urban,High School,5L-10L,1,5,5271,More than 1,A,Platinum,100680
80112,Female,Urban,Bachelor,5L-10L,0,4,10330,More than 1,A,Platinum,96600
36960,Female,Urban,Bachelor,5L-10L,0,7,3997,More than 1,A,Platinum,103908
59971,Female,Urban,High School,2L-5L,1,5,5360,1,B,Silver,36684
45055,Male,Urban,High School,5L-10L,0,2,3749,More than 1,A,Silver,101988
88731,Female,Urban,Bachelor,5L-10L,1,6,6450,More than 1,A,Silver,98616
63120,Male,Urban,High School,5L-10L,0,4,9276,1,A,Platinum,47124
17816,Male,Rural,Bachelor,2L-5L,1,6,5778,1,C,Platinum,46116
68778,Male,Urban,Bachelor,5L-10L,1,3,4431,More than 1,C,Platinum,95772
77642,Male,Rural,Bachelor,5L-10L,1,4,0,More than 1,C,Gold,100236
71692,Male,Urban,Others,5L-10L,0,3,5541,1,A,Platinum,32232
57876,Male,Rural,High School,5L-10L,1,1,0,1,B,Platinum,35340
13175,Female,Urban,High School,5L-10L,0,0,0,1,B,Silver,31068
78009,Female,Rural,Bachelor,More than 10L,1,2,5327,More than 1,A,Silver,84948
15772,Male,Urban,High School,2L-5L,1,2,5394,1,A,Platinum,37884
20162,Female,Urban,High School,2L-5L,0,1,5797,1,C,Platinum,63180
4975,Male,Rural,Bachelor,5L-10L,0,7,3285,1,A,Silver,46824
16816,Male,Urban,High School,5L-10L,0,7,3480,More than 1,A,Platinum,103452
40424,Male,Urban,Others,5L-10L,1,2,6617,1,A,Platinum,51012
79498,Male,Rural,Bachelor,2L-5L,1,7,4330,1,B,Gold,57168
82158,Female,Urban,High School,2L-5L,0,6,5506,1,A,Platinum,55992
32577,Male,Rural,High School,5L-10L,1,2,6188,More than 1,A,Platinum,94932
24566,Male,Urban,Bachelor,5L-10L,1,6,2052,1,B,Silver,32988
11765,Female,Rural,High School,5L-10L,1,8,0,More than 1,A,Platinum,73104
79311,Female,Urban,Bachelor,5L-10L,1,4,5338,1,A,Gold,32880
5340,Female,Urban,High School,5L-10L,1,7,0,More than 1,B,Gold,73584
4546,Male,Urban,High School,5L-10L,1,2,3850,1,A,Platinum,48888
26719,Female,Urban,High School,<=2L,0,6,5191,More than 1,C,Silver,190188
72699,Male,Urban,High School,5L-10L,1,6,4254,1,A,Platinum,40524
5082,Male,Rural,High School,5L-10L,1,6,0,More than 1,A,Platinum,97920
63677,Male,Rural,High School,5L-10L,1,7,0,1,B,Gold,35880
6993,Male,Urban,High School,5L-10L,1,1,5432,1,A,Platinum,33204
70860,Male,Rural,High School,More than 10L,0,6,2031,1,A,Gold,34308
47233,Male,Urban,High School,2L-5L,0,4,4372,More than 1,B,Platinum,114432
52741,Male,Urban,Bachelor,More than 10L,1,2,3423,More than 1,A,Silver,94872
72964,Female,Urban,High School,More than 10L,0,1,6125,1,A,Platinum,60180
26933,Male,Urban,High School,<=2L,1,5,4560,1,A,Gold,56484
2530,Female,Urban,High School,5L-10L,1,2,5202,1,A,Platinum,31668
1550,Male,Rural,High School,More than 10L,0,4,2231,1,B,Platinum,43104
12745,Female,Urban,Bachelor,2L-5L,0,6,6654,1,A,Silver,47844
51742,Female,Urban,High School,5L-10L,1,0,3000,More than 1,A,Platinum,106740
68405,Male,Urban,High School,5L-10L,1,0,4779,More than 1,A,Silver,100872
36837,Male,Urban,Bachelor,5L-10L,0,8,2559,1,A,Gold,34392
71279,Male,Urban,High School,5L-10L,1,2,5491,More than 1,B,Gold,110016
2393,Female,Rural,Bachelor,More than 10L,0,1,0,More than 1,B,Platinum,102768
48478,Female,Urban,Bachelor,2L-5L,1,5,4423,1,A,Platinum,45096
73038,Male,Rural,Bachelor,5L-10L,1,8,2439,More than 1,A,Silver,67332
81502,Female,Urban,Bachelor,5L-10L,1,3,5383,1,A,Platinum,33876
57239,Female,Urban,Bachelor,5L-10L,0,7,5052,More than 1,C,Platinum,108804
9415,Male,Rural,Bachelor,5L-10L,0,1,3412,More than 1,B,Platinum,68064
30398,Male,Urban,Bachelor,2L-5L,1,5,16785,1,A,Silver,60600
189,Female,Urban,High School,5L-10L,1,8,6100,1,A,Silver,52788
43878,Male,Urban,High School,5L-10L,1,5,6393,More than 1,B,Platinum,105744
78924,Female,Urban,High School,5L-10L,0,4,10591,More than 1,A,Platinum,95664
2208,Male,Rural,High School,More than 10L,1,7,2165,1,A,Gold,50784
9832,Female,Urban,High School,2L-5L,1,7,4633,1,C,Platinum,38232
24477,Female,Urban,Bachelor,More than 10L,1,6,0,More than 1,B,Silver,66312
52893,Male,Rural,Others,5L-10L,1,7,3933,More than 1,B,Gold,64296
16615,Male,Rural,Bachelor,More than 10L,0,0,5222,1,B,Gold,48312
23085,Female,Rural,Bachelor,5L-10L,0,7,0,1,B,Platinum,33720
43358,Female,Urban,High School,2L-5L,1,1,4342,More than 1,A,Platinum,94200
19464,Female,Urban,High School,5L-10L,1,5,5521,1,A,Silver,32196
20867,Male,Urban,Bachelor,5L-10L,0,2,4494,1,A,Platinum,35748
70686,Female,Urban,High School,2L-5L,1,4,6921,1,A,Silver,48132
54174,Female,Urban,High School,5L-10L,1,5,3942,1,A,Silver,42336
72602,Male,Urban,High School,5L-10L,0,8,4190,More than 1,A,Platinum,104508
67671,Male,Rural,High School,5L-10L,0,6,2655,1,A,Platinum,40596
49349,Female,Urban,High School,5L-10L,1,4,6587,1,A,Platinum,30960
86918,Male,Urban,High School,2L-5L,0,6,8843,1,B,Platinum,60540
50934,Female,Urban,High School,5L-10L,1,2,4293,1,A,Silver,49956
20,Female,Urban,Bachelor,More than 10L,1,2,7541,More than 1,A,Platinum,110568
25528,Male,Rural,Bachelor,5L-10L,1,4,0,1,A,Silver,37992
87131,Female,Rural,High School,5L-10L,1,8,4948,More than 1,B,Platinum,69552
71031,Male,Urban,Bachelor,5L-10L,0,1,6407,More than 1,A,Gold,97032
29580,Male,Urban,Others,2L-5L,0,8,4215,1,A,Platinum,56316
58277,Male,Rural,Bachelor,5L-10L,0,1,5379,1,A,Silver,49008
85678,Male,Urban,High School,5L-10L,0,8,3887,More than 1,A,Platinum,104472
81068,Female,Urban,Bachelor,5L-10L,0,5,8144,More than 1,A,Platinum,93156
11594,Female,Urban,Bachelor,More than 10L,1,6,2146,More than 1,B,Platinum,99516
86182,Female,Urban,Bachelor,5L-10L,0,8,2946,More than 1,B,Platinum,103560
73243,Male,Urban,High School,5L-10L,0,2,4220,More than 1,A,Gold,101316
72186,Male,Urban,High School,5L-10L,1,1,3781,1,A,Platinum,46488
60898,Female,Urban,High School,5L-10L,1,2,8991,More than 1,C,Silver,110256
37625,Male,Urban,High School,More than 10L,0,6,2386,1,B,Silver,34452
51945,Male,Rural,Bachelor,More than 10L,1,2,0,1,A,Platinum,38304
62195,Female,Urban,High School,5L-10L,1,6,3745,More than 1,A,Gold,91932
33184,Male,Urban,High School,5L-10L,0,8,5562,More than 1,A,Silver,115428
70908,Female,Urban,High School,5L-10L,1,2,6150,More than 1,A,Gold,89100
81858,Male,Urban,Bachelor,5L-10L,0,2,0,1,A,Silver,35916
41064,Male,Urban,High School,5L-10L,1,5,5297,1,A,Silver,34260
32703,Female,Urban,High School,2L-5L,0,1,0,1,B,Platinum,33780
82347,Male,Rural,Bachelor,5L-10L,1,6,5286,1,B,Platinum,35628
40528,Male,Urban,Bachelor,5L-10L,1,1,2304,1,A,Platinum,33984
43183,Female,Rural,Bachelor,5L-10L,1,5,4884,1,A,Gold,33720
47182,Female,Urban,Bachelor,2L-5L,0,2,2741,1,A,Gold,45720
13994,Female,Urban,High School,More than 10L,1,5,5814,More than 1,C,Platinum,93648
73913,Male,Urban,Others,2L-5L,0,6,3910,1,A,Platinum,32232
51634,Female,Urban,High School,More than 10L,0,6,5883,1,A,Silver,47472
55858,Female,Urban,Bachelor,More than 10L,0,0,0,1,A,Gold,33264
48052,Female,Rural,High School,More than 10L,0,7,0,More than 1,B,Gold,66648
62826,Female,Rural,High School,5L-10L,1,7,2589,More than 1,A,Silver,107616
24061,Female,Rural,High School,More than 10L,0,5,2098,More than 1,B,Gold,64068
52399,Female,Rural,High School,More than 10L,0,4,2503,1,B,Gold,52260
5019,Male,Rural,Bachelor,More than 10L,1,1,2711,1,A,Gold,38328
76690,Female,Rural,Bachelor,5L-10L,1,5,2327,1,A,Gold,48552
62610,Male,Urban,Bachelor,5L-10L,0,6,8927,More than 1,A,Platinum,103308
19601,Female,Rural,Bachelor,More than 10L,0,4,0,1,B,Silver,48600
88171,Female,Urban,High School,5L-10L,1,4,4466,More than 1,A,Gold,105948
54638,Female,Rural,High School,More than 10L,0,6,0,1,A,Gold,50268
57394,Male,Urban,Bachelor,5L-10L,1,7,0,More than 1,B,Platinum,65976
30713,Female,Rural,High School,5L-10L,0,0,0,1,A,Platinum,36204
64954,Male,Urban,High School,5L-10L,1,4,5966,More than 1,A,Gold,101244
51389,Male,Urban,High School,5L-10L,1,1,20094,1,C,Silver,50364
61403,Male,Rural,High School,5L-10L,1,5,3260,1,C,Gold,53220
8476,Female,Rural,High School,5L-10L,1,1,3015,More than 1,B,Platinum,71172
69792,Male,Urban,Bachelor,5L-10L,0,5,0,More than 1,A,Silver,69996
34847,Male,Urban,High School,More than 10L,1,5,4162,More than 1,B,Platinum,65184
56450,Male,Urban,Bachelor,5L-10L,1,7,3870,1,A,Platinum,52716
65627,Female,Rural,Bachelor,5L-10L,1,0,0,1,B,Platinum,34488
31109,Male,Rural,Others,More than 10L,0,2,0,More than 1,A,Platinum,66504
83028,Female,Rural,High School,5L-10L,1,0,2803,More than 1,A,Silver,98520
19181,Male,Urban,High School,5L-10L,0,2,5429,More than 1,A,Silver,104568
34279,Female,Urban,High School,2L-5L,1,6,6277,1,A,Silver,44748
71894,Female,Urban,Bachelor,5L-10L,1,1,5459,1,B,Silver,40992
12755,Female,Rural,Bachelor,5L-10L,1,3,0,More than 1,B,Platinum,80436
88928,Male,Urban,High School,2L-5L,1,8,11996,1,A,Silver,53052
10904,Male,Urban,High School,5L-10L,1,0,5181,1,A,Silver,32952
73790,Female,Rural,Bachelor,2L-5L,1,4,0,1,B,Platinum,65856
18118,Male,Urban,High School,5L-10L,1,3,6528,1,C,Gold,30396
1729,Male,Urban,Bachelor,2L-5L,1,7,0,1,A,Platinum,33624
2286,Female,Urban,Bachelor,5L-10L,0,5,5423,More than 1,A,Platinum,116052
55171,Male,Rural,Others,5L-10L,1,1,0,1,A,Platinum,40392
41890,Male,Rural,High School,2L-5L,1,7,0,1,B,Platinum,62700
71395,Female,Rural,High School,5L-10L,1,0,0,1,A,Platinum,42636
31772,Female,Urban,High School,5L-10L,0,5,2982,More than 1,A,Platinum,103068
28449,Male,Rural,High School,5L-10L,1,8,9076,More than 1,B,Platinum,102588
66166,Male,Rural,Bachelor,More than 10L,0,7,5741,1,A,Gold,34308
83559,Female,Urban,Bachelor,5L-10L,1,0,3657,More than 1,B,Platinum,71076
26287,Female,Rural,High School,5L-10L,1,6,2290,1,A,Gold,52668
25331,Male,Rural,High School,More than 10L,1,5,2023,1,A,Silver,49800
51420,Male,Urban,High School,2L-5L,0,7,5311,1,A,Gold,46272
52379,Male,Urban,Bachelor,More than 10L,0,5,6810,1,A,Gold,52464
8510,Female,Rural,Others,5L-10L,1,6,0,More than 1,A,Silver,67128
84902,Female,Urban,High School,5L-10L,0,6,14747,More than 1,C,Platinum,108384
78494,Female,Urban,Bachelor,2L-5L,1,2,4991,1,A,Gold,47028
83412,Male,Rural,Bachelor,5L-10L,1,1,2048,More than 1,A,Platinum,109956
33976,Male,Urban,Bachelor,5L-10L,0,6,5140,More than 1,A,Silver,114288
6814,Female,Urban,Bachelor,2L-5L,1,7,4096,1,A,Gold,55848
54800,Female,Urban,High School,2L-5L,0,7,4391,1,B,Silver,36732
76575,Male,Urban,Bachelor,5L-10L,1,8,3929,More than 1,B,Silver,73812
55727,Male,Rural,High School,More than 10L,0,0,0,1,B,Platinum,29748
64216,Female,Urban,High School,5L-10L,1,1,3120,More than 1,A,Gold,97056
47525,Female,Urban,High School,2L-5L,0,0,4287,More than 1,A,Platinum,105132
45794,Female,Urban,Bachelor,More than 10L,0,6,6265,More than 1,A,Platinum,94980
77805,Female,Urban,High School,5L-10L,1,8,3942,More than 1,A,Gold,89196
14682,Female,Urban,Bachelor,2L-5L,1,7,9463,1,A,Platinum,63612
76179,Female,Rural,Bachelor,More than 10L,0,4,0,1,A,Platinum,35016
60995,Male,Urban,High School,5L-10L,1,2,5568,1,A,Gold,39324
71002,Male,Rural,High School,More than 10L,1,2,6801,More than 1,C,Platinum,105204
77644,Male,Urban,Bachelor,5L-10L,1,4,5992,1,A,Platinum,45888
73260,Female,Urban,High School,2L-5L,1,0,0,1,A,Gold,30756
1025,Male,Rural,Bachelor,More than 10L,1,3,0,More than 1,A,Platinum,64176
29813,Female,Urban,Others,5L-10L,0,5,10134,1,A,Gold,48816
47478,Male,Urban,Bachelor,5L-10L,1,7,2700,More than 1,B,Platinum,71604
79447,Male,Urban,High School,5L-10L,1,4,4655,1,A,Platinum,36576
85117,Male,Urban,Others,5L-10L,1,5,5509,1,C,Gold,33444
70465,Female,Urban,Bachelor,2L-5L,1,7,6872,1,A,Gold,31224
43928,Female,Urban,High School,5L-10L,0,4,6511,1,A,Platinum,32928
46926,Male,Urban,High School,More than 10L,0,6,6401,1,A,Gold,34908
36020,Female,Urban,Others,5L-10L,0,7,8420,More than 1,B,Platinum,103896
23055,Male,Rural,Bachelor,5L-10L,0,2,11495,More than 1,A,Platinum,108000
33014,Female,Urban,Bachelor,5L-10L,1,5,5247,1,A,Gold,34536
20966,Female,Urban,High School,5L-10L,1,1,0,More than 1,B,Silver,66732
34357,Male,Urban,High School,5L-10L,1,4,5399,1,A,Platinum,33204
73275,Male,Urban,High School,5L-10L,1,6,7090,1,C,Silver,36708
20206,Male,Urban,High School,2L-5L,0,7,0,1,C,Gold,56880
28987,Male,Urban,High School,5L-10L,0,7,3740,1,B,Gold,45816
53764,Male,Rural,Others,5L-10L,1,3,0,More than 1,B,Silver,69108
44490,Male,Rural,Bachelor,5L-10L,1,1,2121,1,A,Platinum,35784
75259,Male,Urban,Bachelor,2L-5L,1,6,5764,1,A,Silver,34728
36523,Female,Rural,High School,More than 10L,1,1,0,1,B,Platinum,37476
37321,Female,Urban,Bachelor,5L-10L,1,4,3947,More than 1,A,Platinum,89460
45756,Male,Rural,Others,5L-10L,0,6,2543,1,C,Platinum,56508
25051,Male,Rural,Bachelor,More than 10L,1,1,0,1,A,Gold,36120
37173,Male,Urban,Bachelor,2L-5L,1,4,5478,1,A,Silver,33288
86541,Male,Rural,Bachelor,5L-10L,1,7,0,1,C,Gold,34884
60910,Male,Urban,Bachelor,5L-10L,1,5,4918,1,A,Gold,33744
38169,Female,Rural,Bachelor,2L-5L,0,8,2970,More than 1,B,Silver,62808
55641,Female,Rural,Bachelor,More than 10L,0,5,2164,1,C,Platinum,52992
18468,Female,Rural,Others,2L-5L,1,2,0,1,B,Silver,34944
21858,Female,Urban,Bachelor,5L-10L,1,8,6715,More than 1,A,Gold,95904
9508,Male,Urban,Bachelor,5L-10L,1,3,6552,More than 1,A,Silver,99912
45423,Male,Urban,High School,More than 10L,0,6,0,More than 1,B,Silver,65580
80223,Female,Rural,High School,5L-10L,0,4,0,More than 1,B,Gold,67908
39788,Male,Urban,Bachelor,5L-10L,1,2,0,1,B,Platinum,31776
48547,Female,Urban,High School,5L-10L,0,7,6425,1,A,Gold,57708
25757,Male,Urban,Bachelor,5L-10L,0,7,6445,More than 1,B,Platinum,95136
18151,Male,Urban,High School,5L-10L,0,1,0,More than 1,A,Platinum,94164
21760,Female,Urban,High School,5L-10L,1,4,2952,More than 1,B,Gold,74436
67813,Male,Rural,High School,More than 10L,0,7,2084,More than 1,B,Platinum,68772
57251,Male,Rural,High School,5L-10L,1,4,0,More than 1,A,Gold,100080
57791,Male,Rural,Bachelor,5L-10L,0,8,0,1,C,Silver,30804
10807,Male,Urban,Bachelor,5L-10L,0,6,5596,1,A,Platinum,36924
10705,Male,Urban,High School,2L-5L,0,7,0,More than 1,B,Gold,93720
44432,Male,Urban,Bachelor,More than 10L,0,0,3833,1,A,Platinum,52656
77539,Male,Urban,High School,2L-5L,0,0,5885,1,A,Gold,33264
2858,Female,Urban,High School,2L-5L,1,6,6424,1,A,Platinum,48396
61443,Female,Rural,Bachelor,5L-10L,0,4,5063,1,A,Platinum,36408
34961,Female,Urban,High School,5L-10L,1,5,0,1,B,Platinum,34692
88976,Male,Urban,Bachelor,5L-10L,0,4,7550,1,A,Gold,57840
23720,Male,Rural,Bachelor,5L-10L,0,8,0,1,A,Silver,50940
82222,Male,Urban,Bachelor,5L-10L,1,3,0,More than 1,B,Gold,71784
33443,Female,Rural,Bachelor,5L-10L,0,3,0,More than 1,A,Platinum,74448
34283,Male,Urban,High School,5L-10L,1,8,4672,1,B,Silver,57804
63464,Male,Urban,Bachelor,5L-10L,1,7,0,More than 1,A,Platinum,102372
4046,Male,Urban,High School,2L-5L,1,5,5636,1,A,Silver,31788
67969,Male,Rural,Bachelor,2L-5L,1,0,4282,More than 1,B,Gold,77988
88886,Female,Urban,Bachelor,More than 10L,0,5,4404,1,A,Gold,33804
11103,Female,Urban,Bachelor,5L-10L,1,4,5465,1,A,Platinum,32892
22333,Female,Rural,Bachelor,5L-10L,1,2,0,1,A,Platinum,44184
4579,Male,Urban,High School,5L-10L,1,3,6097,1,B,Platinum,35916
72295,Female,Rural,High School,5L-10L,1,6,2594,More than 1,A,Platinum,62688
65695,Male,Rural,High School,5L-10L,1,6,0,More than 1,A,Gold,90360
8797,Male,Urban,High School,2L-5L,1,1,6609,1,A,Platinum,45612
68494,Male,Rural,High School,More than 10L,1,6,0,1,A,Silver,46620
9503,Female,Rural,Bachelor,5L-10L,0,0,3528,More than 1,A,Platinum,67248
70117,Male,Urban,High School,5L-10L,1,8,2655,More than 1,B,Platinum,68544
51434,Female,Rural,High School,2L-5L,0,6,3867,More than 1,B,Silver,73164
72846,Female,Urban,Bachelor,5L-10L,1,8,6106,1,A,Platinum,57156
69711,Female,Urban,High School,More than 10L,1,6,5675,1,A,Gold,58476
32838,Male,Urban,Bachelor,2L-5L,0,3,9466,1,A,Gold,62352
4669,Male,Urban,High School,5L-10L,0,2,7118,1,C,Gold,52140
62255,Male,Urban,High School,5L-10L,0,4,5837,1,A,Platinum,43416
27340,Male,Urban,Bachelor,2L-5L,0,8,6493,More than 1,B,Silver,103560
67305,Male,Urban,Bachelor,5L-10L,1,4,4305,1,B,Platinum,49992
14914,Female,Rural,Bachelor,More than 10L,0,1,2307,More than 1,B,Silver,61344
64662,Female,Urban,Bachelor,5L-10L,1,5,4599,More than 1,A,Gold,89856
86295,Female,Urban,High School,2L-5L,0,7,5858,More than 1,B,Gold,73620
48335,Male,Urban,Bachelor,2L-5L,0,4,4179,1,A,Platinum,47148
22743,Female,Urban,High School,More than 10L,1,6,2907,1,A,Gold,45132
61670,Male,Urban,Bachelor,5L-10L,1,5,6896,1,B,Platinum,49596
75356,Male,Urban,High School,2L-5L,1,6,6859,More than 1,A,Gold,94140
31102,Female,Urban,Bachelor,5L-10L,0,2,8871,More than 1,B,Gold,114804
52439,Male,Urban,High School,5L-10L,0,7,6386,1,B,Gold,37164
9391,Male,Urban,High School,More than 10L,1,5,4028,1,A,Platinum,36348
1684,Male,Urban,High School,5L-10L,1,8,5407,1,A,Platinum,35976
14574,Female,Rural,Bachelor,5L-10L,0,8,2740,More than 1,A,Platinum,107412
62495,Female,Urban,Bachelor,5L-10L,0,8,2773,More than 1,C,Gold,103320
29922,Female,Urban,High School,5L-10L,0,2,6351,1,A,Platinum,46392
60742,Female,Rural,Bachelor,5L-10L,1,3,0,More than 1,B,Silver,71316
87679,Female,Urban,Bachelor,5L-10L,0,2,2149,1,A,Gold,52956
44057,Male,Rural,High School,5L-10L,0,6,3597,1,B,Platinum,47916
3475,Male,Rural,High School,More than 10L,0,5,11852,More than 1,C,Silver,116448
25657,Male,Rural,High School,5L-10L,0,6,0,1,C,Gold,33492
49802,Male,Urban,Others,5L-10L,1,0,5079,1,A,Platinum,33444
58649,Male,Rural,Bachelor,5L-10L,1,0,2483,1,A,Platinum,43584
68068,Male,Urban,Bachelor,2L-5L,1,6,6763,1,A,Gold,55524
41009,Male,Urban,Bachelor,5L-10L,1,6,3876,1,A,Platinum,52488
27092,Female,Urban,Bachelor,5L-10L,1,7,10515,More than 1,A,Platinum,91044
39137,Male,Rural,Bachelor,5L-10L,0,6,0,1,B,Silver,51252
68264,Male,Urban,Others,More than 10L,1,5,5124,1,A,Platinum,43980
24081,Female,Rural,High School,More than 10L,0,3,0,More than 1,A,Platinum,109500
25876,Female,Urban,High School,More than 10L,0,4,3139,More than 1,A,Gold,98964
65601,Male,Urban,Bachelor,2L-5L,1,8,5471,More than 1,B,Silver,72936
73014,Female,Rural,Bachelor,2L-5L,0,6,0,More than 1,B,Platinum,66144
86954,Female,Urban,Bachelor,2L-5L,0,2,3858,More than 1,A,Platinum,101784
7155,Female,Rural,High School,5L-10L,1,7,4761,1,A,Platinum,39624
37516,Female,Rural,High School,More than 10L,1,6,4680,1,B,Platinum,39672
32280,Male,Urban,Bachelor,5L-10L,1,4,5894,1,A,Silver,48024
75871,Male,Rural,High School,5L-10L,1,8,0,1,B,Silver,35040
84720,Female,Urban,High School,5L-10L,0,6,3934,More than 1,A,Platinum,96144
35220,Male,Urban,High School,More than 10L,1,2,3851,More than 1,A,Silver,89280
71390,Female,Urban,High School,More than 10L,0,5,6128,More than 1,A,Silver,100236
8404,Female,Urban,Bachelor,2L-5L,0,7,6121,More than 1,A,Platinum,99048
75450,Male,Urban,Others,5L-10L,1,2,4924,1,B,Silver,34980
7627,Male,Urban,Bachelor,5L-10L,1,8,5740,More than 1,B,Platinum,106836
39359,Female,Urban,Bachelor,5L-10L,0,7,2715,More than 1,B,Silver,104928
11962,Male,Urban,High School,More than 10L,1,5,4774,1,A,Silver,36312
18017,Male,Urban,Bachelor,5L-10L,1,5,0,More than 1,A,Gold,108144
11885,Female,Urban,High School,5L-10L,1,6,2329,More than 1,B,Platinum,71268
44283,Female,Rural,High School,2L-5L,0,8,3082,More than 1,B,Silver,66660
80475,Male,Urban,High School,5L-10L,1,5,5164,1,A,Gold,34788
58979,Female,Rural,High School,More than 10L,1,4,0,More than 1,B,Platinum,66432
20016,Female,Urban,Bachelor,More than 10L,0,1,3052,More than 1,A,Platinum,101484
47502,Male,Rural,High School,More than 10L,1,3,2026,More than 1,B,Platinum,70776
36743,Female,Urban,Others,5L-10L,1,0,3902,1,A,Gold,46212
23147,Female,Urban,High School,2L-5L,1,5,2582,1,C,Platinum,36648
88671,Female,Urban,High School,5L-10L,1,4,3708,1,A,Platinum,42444
46954,Male,Rural,High School,5L-10L,1,3,5312,More than 1,A,Platinum,65148
33145,Female,Urban,High School,5L-10L,1,5,4373,1,A,Gold,46524
2086,Male,Rural,High School,More than 10L,0,1,0,More than 1,B,Platinum,66264
63214,Male,Urban,High School,<=2L,0,6,13556,1,B,Silver,49668
38482,Male,Rural,Bachelor,5L-10L,1,3,2104,1,A,Gold,33924
43614,Male,Urban,High School,5L-10L,1,5,3470,1,A,Platinum,43476
20064,Male,Urban,Bachelor,2L-5L,0,5,5271,More than 1,A,Gold,99360
59774,Female,Rural,High School,2L-5L,1,3,0,1,A,Platinum,36360
34895,Female,Urban,Bachelor,More than 10L,0,7,3355,More than 1,A,Platinum,91116
71074,Male,Rural,Bachelor,5L-10L,1,0,0,More than 1,A,Silver,69984
26172,Male,Urban,High School,More than 10L,1,7,4516,1,A,Platinum,67404
39389,Male,Urban,High School,2L-5L,1,1,6470,1,A,Gold,38976
16251,Male,Urban,Others,5L-10L,1,1,5405,1,B,Silver,37092
4573,Male,Urban,Others,5L-10L,1,6,0,1,A,Platinum,51612
54740,Female,Rural,High School,5L-10L,1,4,0,1,A,Platinum,38172
84340,Male,Rural,High School,2L-5L,1,4,3415,More than 1,B,Silver,74952
15502,Male,Urban,Bachelor,5L-10L,1,7,6768,1,A,Silver,60732
17687,Female,Rural,High School,More than 10L,1,6,6583,1,C,Silver,52584
28846,Female,Urban,High School,5L-10L,1,2,3086,1,A,Gold,41676
28880,Male,Urban,Bachelor,5L-10L,1,0,5269,1,C,Platinum,32976
35287,Male,Urban,Bachelor,5L-10L,1,8,4083,More than 1,C,Platinum,103716
41593,Male,Urban,High School,More than 10L,0,2,0,1,C,Silver,61092
24191,Female,Urban,High School,5L-10L,0,8,5899,More than 1,A,Silver,100416
20696,Male,Rural,High School,More than 10L,0,7,3138,More than 1,A,Platinum,68424
74194,Female,Urban,High School,5L-10L,1,0,6586,1,A,Platinum,29244
11521,Male,Urban,High School,More than 10L,0,6,3543,1,A,Silver,35448
67023,Female,Urban,Bachelor,More than 10L,0,1,2542,More than 1,C,Gold,99540
44600,Male,Urban,Bachelor,5L-10L,1,1,9996,1,A,Silver,36552
63774,Male,Urban,Bachelor,5L-10L,1,7,5808,1,B,Silver,42696
71461,Female,Rural,Bachelor,5L-10L,1,0,2223,1,A,Platinum,52860
28335,Female,Urban,Bachelor,5L-10L,0,7,5130,More than 1,A,Gold,87168
58846,Male,Urban,Bachelor,5L-10L,1,8,4539,More than 1,A,Platinum,92424
68801,Female,Urban,Bachelor,2L-5L,1,8,9354,More than 1,B,Silver,96084
23648,Female,Urban,High School,5L-10L,1,4,9583,More than 1,A,Platinum,113904
55624,Female,Urban,Bachelor,5L-10L,1,7,7608,More than 1,B,Platinum,95316
80652,Male,Urban,High School,5L-10L,0,4,4425,1,A,Platinum,52632
33156,Female,Rural,Bachelor,5L-10L,1,2,0,More than 1,C,Silver,70584
81260,Male,Urban,Others,More than 10L,0,7,3313,1,A,Gold,51972
78772,Female,Urban,High School,5L-10L,1,5,6137,1,A,Gold,43104
80546,Female,Urban,Bachelor,2L-5L,1,5,5976,More than 1,A,Platinum,94272
21296,Male,Urban,High School,5L-10L,0,7,3911,More than 1,A,Gold,107376
31197,Female,Urban,High School,5L-10L,0,5,5207,1,A,Platinum,31440
49697,Male,Rural,Bachelor,5L-10L,1,3,2674,1,A,Platinum,37308
19855,Male,Urban,Bachelor,2L-5L,1,8,0,More than 1,B,Silver,73524
15867,Female,Urban,Bachelor,5L-10L,1,8,5616,1,A,Silver,49860
10169,Female,Urban,High School,More than 10L,0,1,12769,More than 1,C,Platinum,115536
62656,Female,Urban,High School,2L-5L,1,5,7690,1,B,Platinum,36120
59009,Male,Rural,Bachelor,More than 10L,1,1,0,More than 1,A,Platinum,68088
28445,Female,Rural,High School,5L-10L,0,5,0,More than 1,B,Platinum,70044
4406,Male,Rural,High School,5L-10L,1,6,2988,1,B,Gold,53352
35538,Male,Urban,Bachelor,5L-10L,0,8,0,More than 1,B,Silver,69744
68393,Male,Urban,Bachelor,5L-10L,1,5,6008,More than 1,C,Gold,107808
25167,Female,Urban,Bachelor,5L-10L,1,4,0,1,B,Silver,39480
78079,Female,Urban,Others,2L-5L,0,5,0,1,B,Platinum,58056
24831,Male,Urban,Bachelor,5L-10L,1,1,8741,1,A,Gold,55164
81178,Male,Urban,High School,2L-5L,0,6,3700,1,A,Gold,49380
80669,Male,Rural,High School,5L-10L,1,8,2382,More than 1,A,Platinum,97452
83991,Female,Urban,Bachelor,5L-10L,0,0,3509,More than 1,B,Gold,100860
22665,Male,Rural,Bachelor,More than 10L,1,8,0,More than 1,B,Platinum,66432
48348,Male,Urban,High School,5L-10L,1,2,2856,1,A,Gold,47964
79138,Male,Rural,Others,More than 10L,0,4,0,1,A,Platinum,34236
62929,Female,Rural,High School,2L-5L,0,6,0,More than 1,A,Silver,64692
35076,Female,Rural,Bachelor,2L-5L,1,0,0,1,A,Platinum,33168
17446,Male,Urban,High School,5L-10L,1,5,5315,More than 1,A,Platinum,97296
41471,Female,Rural,Others,More than 10L,1,5,0,More than 1,C,Silver,67092
30333,Male,Rural,High School,5L-10L,0,4,0,1,A,Gold,30444
58061,Female,Urban,Others,2L-5L,0,1,6836,More than 1,C,Platinum,93492
57807,Male,Urban,Bachelor,5L-10L,0,4,2554,More than 1,A,Platinum,93804
8938,Female,Urban,High School,More than 10L,1,3,0,More than 1,B,Platinum,69732
56033,Male,Urban,High School,5L-10L,0,1,7109,More than 1,A,Platinum,106488
25385,Male,Urban,High School,5L-10L,1,4,3683,1,A,Silver,35580
21452,Male,Rural,Bachelor,5L-10L,0,1,2294,More than 1,A,Platinum,74568
71206,Male,Rural,Bachelor,5L-10L,0,0,5137,1,A,Gold,46452
29786,Male,Urban,Bachelor,5L-10L,0,8,6711,1,A,Gold,50916
498,Male,Urban,Others,5L-10L,1,2,5104,1,B,Platinum,36660
68053,Female,Urban,High School,5L-10L,0,7,5957,1,A,Silver,47916
62202,Female,Urban,High School,5L-10L,0,8,7602,More than 1,A,Platinum,99876
17097,Male,Urban,High School,More than 10L,1,0,7130,More than 1,A,Gold,96804
7470,Male,Urban,High School,5L-10L,1,6,0,1,C,Silver,39948
70521,Female,Rural,High School,5L-10L,0,1,0,1,B,Silver,35460
30551,Female,Rural,Bachelor,5L-10L,0,8,2026,1,B,Platinum,51144
84607,Female,Rural,Bachelor,5L-10L,1,7,5127,1,C,Gold,55008
10851,Male,Urban,High School,5L-10L,1,0,0,1,A,Platinum,31176
80866,Male,Rural,Bachelor,2L-5L,1,7,5600,More than 1,C,Gold,158100
52047,Female,Urban,High School,5L-10L,0,6,2073,1,A,Platinum,60012
73287,Female,Urban,Bachelor,5L-10L,1,5,4042,1,A,Platinum,50592
66394,Female,Rural,Bachelor,5L-10L,1,1,5491,1,A,Silver,33996
55808,Male,Rural,Bachelor,5L-10L,1,6,0,1,A,Platinum,49392
75254,Male,Rural,Bachelor,5L-10L,1,5,4874,1,B,Silver,33876
15141,Female,Rural,High School,More than 10L,0,6,3108,1,B,Gold,50856
19105,Female,Urban,Others,5L-10L,0,2,0,More than 1,A,Silver,57564
12890,Male,Urban,High School,5L-10L,1,6,6257,More than 1,A,Platinum,101952
8171,Male,Rural,Bachelor,2L-5L,1,6,0,More than 1,C,Platinum,66060
50496,Male,Urban,Bachelor,5L-10L,1,8,4622,1,B,Silver,37440
35907,Male,Urban,Bachelor,5L-10L,1,8,7891,1,B,Platinum,44616
8217,Male,Urban,Others,2L-5L,1,2,5991,1,A,Silver,34524
43848,Male,Urban,High School,2L-5L,1,8,2967,More than 1,A,Platinum,96552
27958,Female,Urban,Bachelor,5L-10L,1,6,0,1,B,Silver,41748
86077,Male,Urban,Bachelor,5L-10L,0,7,3770,More than 1,A,Platinum,105096
74005,Female,Urban,Others,5L-10L,0,1,5428,1,A,Platinum,33432
9565,Male,Rural,Bachelor,5L-10L,1,1,2058,More than 1,A,Platinum,93936
88771,Female,Urban,High School,2L-5L,1,6,5522,1,A,Silver,32856
23168,Female,Urban,High School,More than 10L,1,7,5171,1,B,Gold,50088
3156,Female,Urban,High School,2L-5L,0,0,0,More than 1,A,Silver,107364
51239,Male,Urban,High School,More than 10L,1,2,8840,More than 1,A,Platinum,106056
22842,Female,Urban,High School,2L-5L,1,2,4552,More than 1,B,Gold,63564
46760,Male,Urban,Bachelor,2L-5L,1,2,0,More than 1,B,Silver,68976
44423,Male,Rural,High School,5L-10L,1,8,0,1,A,Gold,69252
45182,Female,Rural,Bachelor,More than 10L,1,7,0,More than 1,B,Platinum,72792
41742,Male,Urban,High School,5L-10L,1,6,2942,1,A,Platinum,49524
1759,Female,Rural,High School,More than 10L,0,3,0,1,A,Silver,53856
29212,Female,Rural,High School,More than 10L,1,5,3167,1,B,Silver,45612
54494,Female,Urban,High School,5L-10L,1,0,0,1,A,Platinum,32304
33521,Female,Urban,High School,2L-5L,1,8,0,More than 1,A,Platinum,103020
52738,Female,Urban,High School,More than 10L,1,5,2019,1,C,Platinum,52080
6681,Female,Urban,Bachelor,5L-10L,1,7,4073,1,A,Silver,51540
65988,Male,Urban,High School,5L-10L,1,7,2225,More than 1,B,Platinum,68148
38227,Female,Urban,Bachelor,<=2L,1,6,7291,1,B,Platinum,46512
19345,Male,Rural,Bachelor,5L-10L,1,5,4149,1,C,Gold,35064
45253,Female,Urban,High School,2L-5L,0,7,4778,1,B,Platinum,46416
86923,Male,Urban,Bachelor,2L-5L,1,8,2592,More than 1,B,Silver,63912
71517,Female,Rural,High School,More than 10L,1,4,0,1,A,Silver,48576
42421,Male,Urban,Bachelor,2L-5L,0,5,5772,1,A,Gold,30504
2833,Female,Rural,Bachelor,5L-10L,0,2,6439,1,A,Platinum,35940
10866,Male,Urban,Bachelor,5L-10L,1,0,0,More than 1,B,Platinum,71184
2880,Female,Urban,Bachelor,5L-10L,1,8,4112,More than 1,A,Gold,64932
83467,Female,Urban,Others,More than 10L,1,0,0,1,A,Platinum,35160
5761,Female,Rural,Others,2L-5L,0,6,0,1,B,Silver,30624
41451,Female,Rural,Bachelor,5L-10L,0,4,5041,More than 1,A,Platinum,88284
17711,Female,Rural,Others,More than 10L,0,5,0,1,B,Platinum,52380
26077,Male,Rural,High School,2L-5L,1,4,2473,More than 1,C,Silver,67512
43821,Male,Urban,High School,5L-10L,1,3,5937,1,A,Platinum,47364
33732,Male,Rural,High School,5L-10L,1,6,4136,More than 1,B,Platinum,66444
1252,Female,Urban,High School,5L-10L,0,7,4802,More than 1,B,Silver,87348
47449,Female,Urban,Bachelor,5L-10L,1,7,3900,More than 1,B,Gold,90912
87228,Female,Rural,High School,5L-10L,1,2,2727,More than 1,C,Platinum,74556
69697,Male,Rural,High School,5L-10L,1,2,0,More than 1,A,Platinum,67296
73136,Male,Urban,Bachelor,2L-5L,1,2,3924,More than 1,A,Gold,94368
59744,Female,Rural,Others,2L-5L,1,6,3572,1,B,Platinum,44496
80596,Female,Rural,Bachelor,5L-10L,0,7,5160,More than 1,A,Platinum,94668
35397,Female,Urban,Bachelor,2L-5L,1,3,0,More than 1,A,Platinum,92232
51602,Male,Urban,High School,5L-10L,0,8,3713,1,A,Gold,53388
28895,Male,Urban,Bachelor,5L-10L,0,2,2117,1,A,Platinum,44220
80075,Male,Urban,Bachelor,5L-10L,0,6,3126,More than 1,A,Silver,128580
69546,Female,Urban,Bachelor,2L-5L,0,6,8704,More than 1,A,Platinum,148452
3398,Male,Rural,Bachelor,5L-10L,0,5,0,1,B,Platinum,52104
9117,Male,Urban,Others,2L-5L,0,4,5343,More than 1,B,Gold,100380
14092,Male,Rural,Others,More than 10L,1,6,0,More than 1,B,Platinum,63888
85930,Male,Urban,Bachelor,2L-5L,1,6,2060,1,B,Gold,33672
47488,Female,Urban,Bachelor,2L-5L,0,1,5872,1,A,Gold,44004
7841,Female,Urban,High School,2L-5L,0,6,8064,More than 1,B,Platinum,99216
43439,Male,Urban,High School,5L-10L,1,3,2429,More than 1,B,Gold,99840
73761,Male,Urban,High School,5L-10L,1,4,3500,More than 1,A,Platinum,99924
61137,Male,Urban,Bachelor,5L-10L,1,5,6743,More than 1,B,Gold,101388
35339,Female,Urban,High School,5L-10L,1,2,2984,More than 1,C,Silver,107496
56664,Female,Urban,High School,More than 10L,1,4,3578,More than 1,A,Platinum,100656
47546,Male,Urban,Bachelor,More than 10L,0,6,7020,1,B,Silver,50880
9043,Male,Urban,High School,5L-10L,1,7,3834,More than 1,A,Platinum,96876
86766,Male,Rural,High School,5L-10L,0,7,0,1,A,Gold,33912
10719,Male,Rural,High School,5L-10L,1,6,0,1,B,Silver,38280
45296,Male,Urban,Bachelor,5L-10L,1,5,7151,1,A,Silver,52464
76541,Female,Urban,Bachelor,5L-10L,0,4,7570,More than 1,A,Silver,110784
16520,Female,Rural,High School,5L-10L,0,7,0,1,B,Platinum,37908
6747,Male,Rural,Bachelor,5L-10L,0,5,4797,1,B,Silver,42120
32072,Male,Urban,Bachelor,2L-5L,0,1,0,More than 1,B,Silver,91392
10201,Male,Rural,Bachelor,More than 10L,1,2,2804,More than 1,B,Platinum,74124
73791,Male,Rural,Bachelor,2L-5L,1,6,0,1,A,Platinum,36012
7439,Female,Urban,Bachelor,2L-5L,1,7,6596,More than 1,B,Platinum,108468
78320,Female,Rural,High School,More than 10L,1,5,3069,More than 1,B,Gold,82980
62757,Female,Urban,High School,5L-10L,0,7,5422,More than 1,A,Silver,108216
53706,Female,Rural,High School,More than 10L,0,6,3493,More than 1,B,Platinum,68892
58174,Female,Rural,Bachelor,2L-5L,0,6,3879,1,A,Gold,52776
4650,Male,Urban,High School,2L-5L,0,5,5098,1,A,Gold,31164
23630,Male,Urban,High School,More than 10L,1,0,5122,1,B,Silver,32484
38769,Male,Rural,Bachelor,5L-10L,1,5,2438,1,C,Silver,52392
12221,Male,Urban,Bachelor,2L-5L,1,5,5467,1,B,Silver,30720
22586,Male,Rural,Bachelor,5L-10L,1,6,3781,1,A,Platinum,51108
51904,Male,Rural,High School,5L-10L,0,6,4613,1,A,Platinum,31560
22027,Male,Urban,High School,5L-10L,1,5,6104,1,A,Silver,37440
2608,Female,Urban,Bachelor,5L-10L,1,2,7232,More than 1,B,Silver,66300
6620,Female,Rural,Bachelor,More than 10L,1,8,2073,More than 1,B,Gold,68448
15875,Male,Rural,High School,5L-10L,1,0,4959,More than 1,C,Gold,101388
16519,Male,Rural,Bachelor,5L-10L,1,0,5032,1,B,Gold,32052
53380,Male,Urban,High School,5L-10L,0,2,7418,1,A,Silver,42132
11795,Female,Urban,High School,5L-10L,0,5,3051,1,A,Platinum,49068
36175,Male,Urban,High School,5L-10L,0,3,4457,More than 1,A,Silver,104028
78617,Female,Rural,Bachelor,5L-10L,1,3,2124,1,B,Gold,33324
56667,Female,Rural,Bachelor,More than 10L,1,2,0,More than 1,A,Platinum,66780
55152,Male,Urban,Bachelor,More than 10L,0,7,5442,1,A,Gold,33864
19409,Male,Urban,High School,5L-10L,0,2,3491,More than 1,A,Platinum,94584
33910,Female,Rural,High School,5L-10L,0,8,4665,1,B,Gold,34164
13773,Female,Urban,High School,2L-5L,1,7,4202,1,C,Silver,54348
69005,Male,Rural,High School,5L-10L,1,4,0,1,A,Gold,35640
59163,Female,Urban,High School,2L-5L,0,6,4245,More than 1,A,Platinum,94200
15800,Female,Rural,High School,More than 10L,1,0,2477,1,A,Platinum,36852
68552,Female,Rural,Bachelor,5L-10L,0,6,2138,More than 1,B,Silver,65736
55015,Male,Urban,Bachelor,5L-10L,1,1,2456,1,A,Platinum,47340
70046,Female,Urban,Bachelor,5L-10L,0,7,2561,1,A,Gold,36000
6441,Male,Rural,Others,2L-5L,1,4,0,1,B,Silver,38292
38239,Female,Rural,Bachelor,5L-10L,1,1,2547,1,C,Gold,45624
44502,Male,Urban,Bachelor,5L-10L,1,2,0,1,A,Silver,28272
53622,Male,Urban,High School,5L-10L,0,3,8692,More than 1,A,Gold,112776
60843,Male,Rural,Bachelor,2L-5L,1,6,0,1,C,Platinum,31692
65287,Female,Rural,Bachelor,5L-10L,1,6,0,1,C,Platinum,31428
31612,Female,Urban,High School,More than 10L,0,2,0,More than 1,A,Platinum,82044
18509,Male,Urban,High School,More than 10L,1,4,4218,1,A,Platinum,55416
19140,Male,Rural,Others,5L-10L,1,2,0,1,A,Silver,31464
71883,Female,Rural,Bachelor,5L-10L,1,4,0,More than 1,B,Silver,65076
61212,Female,Rural,High School,5L-10L,1,0,0,1,B,Gold,47724
48546,Male,Urban,High School,2L-5L,1,7,8200,1,A,Silver,54156
84052,Male,Rural,Others,More than 10L,0,2,0,1,B,Silver,43884
80529,Male,Urban,High School,5L-10L,1,6,4895,1,A,Gold,32748
25904,Male,Urban,Bachelor,More than 10L,1,5,3542,1,A,Platinum,34404
48313,Female,Rural,Bachelor,2L-5L,0,7,20051,More than 1,B,Silver,67968
75090,Male,Urban,Bachelor,More than 10L,0,1,5540,1,A,Silver,34272
67746,Female,Urban,Bachelor,5L-10L,0,2,6330,More than 1,A,Platinum,99048
70843,Female,Urban,High School,More than 10L,1,6,6673,1,C,Platinum,41256
6019,Female,Urban,High School,5L-10L,0,1,11178,More than 1,A,Platinum,108780
38509,Male,Urban,High School,5L-10L,0,1,5858,More than 1,A,Silver,115104
83679,Female,Rural,High School,5L-10L,1,0,0,1,A,Silver,47304
58031,Female,Urban,High School,2L-5L,0,8,5115,1,A,Silver,33252
67573,Female,Urban,High School,5L-10L,1,4,3544,More than 1,C,Platinum,90960
65178,Female,Urban,Bachelor,5L-10L,1,6,9177,1,A,Platinum,49728
20647,Female,Urban,High School,5L-10L,0,2,4196,1,A,Platinum,37332
54547,Male,Rural,Bachelor,5L-10L,1,4,3585,More than 1,B,Platinum,71340
83580,Female,Urban,High School,5L-10L,0,2,2086,1,A,Silver,44652
23261,Male,Urban,Bachelor,5L-10L,0,0,4817,1,A,Platinum,34164
76184,Male,Urban,High School,2L-5L,0,5,8743,More than 1,A,Platinum,110124
39118,Female,Urban,Bachelor,2L-5L,1,6,3918,More than 1,B,Silver,76596
74486,Male,Rural,High School,5L-10L,0,1,2484,More than 1,A,Gold,94908
14757,Male,Urban,High School,<=2L,1,1,5431,1,A,Platinum,56388
984,Male,Urban,Bachelor,5L-10L,1,3,4777,More than 1,A,Platinum,100044
51747,Male,Urban,Bachelor,5L-10L,0,6,12159,1,A,Platinum,60924
54561,Male,Urban,High School,More than 10L,1,0,0,1,A,Platinum,38460
67453,Male,Rural,High School,5L-10L,1,7,3758,More than 1,A,Gold,96744
72443,Male,Urban,Bachelor,<=2L,1,7,6421,More than 1,A,Platinum,126564
86637,Male,Urban,High School,2L-5L,1,8,6376,1,A,Silver,48564
58318,Male,Urban,Bachelor,5L-10L,1,5,4014,More than 1,A,Platinum,97032
5916,Female,Urban,Others,5L-10L,1,7,5164,1,A,Gold,48060
29290,Male,Urban,High School,More than 10L,0,4,9602,More than 1,A,Platinum,105384
22350,Female,Urban,High School,5L-10L,1,3,2488,More than 1,A,Platinum,93648
25510,Male,Rural,Bachelor,5L-10L,1,8,0,1,C,Silver,33180
45208,Male,Rural,Others,More than 10L,1,7,7291,1,A,Platinum,48792
21917,Female,Urban,Bachelor,2L-5L,1,4,7179,More than 1,B,Platinum,118320
29468,Male,Urban,Bachelor,5L-10L,1,3,5054,1,A,Platinum,34068
74947,Female,Urban,High School,5L-10L,1,2,6679,More than 1,A,Platinum,93072
5532,Male,Urban,High School,5L-10L,0,5,18622,1,A,Platinum,53676
13888,Male,Urban,High School,5L-10L,1,2,6585,1,A,Gold,31368
4621,Male,Urban,High School,More than 10L,0,5,5000,1,A,Platinum,35304
52311,Male,Urban,Bachelor,5L-10L,1,8,17864,More than 1,A,Platinum,115248
53955,Male,Urban,High School,2L-5L,1,5,7160,1,A,Platinum,56220
35802,Male,Urban,Bachelor,5L-10L,1,7,2248,1,A,Silver,56556
82143,Male,Urban,Bachelor,5L-10L,1,6,5603,1,A,Silver,38256
14331,Female,Rural,High School,5L-10L,1,0,2305,More than 1,A,Platinum,72720
2042,Female,Urban,High School,5L-10L,1,2,3715,More than 1,A,Silver,81612
45174,Male,Urban,High School,5L-10L,0,6,5768,1,A,Platinum,44232
46743,Male,Urban,Bachelor,2L-5L,1,2,5355,1,A,Platinum,35868
22149,Female,Urban,High School,2L-5L,1,8,5629,More than 1,B,Silver,65712
77885,Female,Urban,Bachelor,5L-10L,0,0,0,1,A,Silver,37644
82648,Female,Urban,Bachelor,5L-10L,0,2,2510,More than 1,A,Platinum,95268
85758,Male,Rural,High School,2L-5L,1,7,0,1,A,Silver,35316
32720,Male,Urban,Bachelor,5L-10L,1,2,5730,More than 1,A,Platinum,104796
34771,Male,Rural,Bachelor,5L-10L,1,7,2762,More than 1,A,Gold,103668
24818,Female,Urban,High School,5L-10L,1,4,5547,1,A,Silver,49692
34393,Male,Rural,High School,2L-5L,1,8,4237,1,B,Platinum,68868
87691,Male,Rural,Bachelor,2L-5L,1,7,0,More than 1,B,Platinum,64500
81225,Male,Urban,High School,2L-5L,1,4,5061,1,C,Platinum,33720
38319,Female,Urban,High School,5L-10L,0,7,5238,1,A,Silver,49692
71042,Male,Rural,High School,5L-10L,0,2,2627,1,B,Platinum,50880
87988,Female,Rural,Bachelor,5L-10L,1,0,2383,1,A,Platinum,49704
27080,Female,Urban,Bachelor,5L-10L,1,8,3971,More than 1,A,Platinum,87180
36349,Male,Rural,High School,More than 10L,1,1,0,1,A,Silver,37500
21481,Male,Urban,Others,More than 10L,1,6,3401,More than 1,A,Platinum,69468
87479,Male,Urban,Bachelor,5L-10L,0,7,3531,More than 1,A,Platinum,95280
63343,Female,Rural,High School,More than 10L,1,4,2100,More than 1,B,Platinum,71664
78213,Female,Rural,High School,2L-5L,1,4,3873,1,B,Silver,47712
35977,Male,Rural,Bachelor,5L-10L,0,4,4661,More than 1,B,Silver,71484
78393,Male,Urban,High School,5L-10L,1,7,7411,1,B,Gold,56232
63207,Female,Urban,High School,2L-5L,1,6,3740,More than 1,A,Platinum,92148
80211,Female,Urban,High School,5L-10L,1,7,5467,More than 1,A,Silver,99828
72134,Male,Rural,High School,More than 10L,1,8,0,1,B,Platinum,53436
28442,Female,Urban,Others,More than 10L,1,6,4850,1,B,Silver,35244
88920,Female,Urban,Bachelor,More than 10L,1,5,2194,More than 1,B,Platinum,74196
80387,Female,Rural,High School,2L-5L,0,1,6452,More than 1,A,Gold,91164
7590,Female,Urban,High School,2L-5L,1,7,0,More than 1,B,Platinum,62892
14735,Male,Rural,High School,5L-10L,0,7,0,1,B,Platinum,52308
18568,Male,Rural,High School,5L-10L,0,3,0,More than 1,B,Silver,66984
76990,Male,Rural,High School,5L-10L,1,4,0,1,A,Gold,31332
26512,Female,Rural,Bachelor,More than 10L,1,6,0,1,A,Silver,36756
59410,Male,Urban,High School,5L-10L,1,8,4015,1,A,Platinum,36660
4778,Female,Rural,Others,More than 10L,1,2,0,More than 1,A,Platinum,67200
88509,Female,Rural,Bachelor,More than 10L,0,7,0,1,C,Silver,35904
12460,Male,Rural,High School,More than 10L,1,4,4030,More than 1,B,Platinum,74184
32662,Female,Rural,High School,5L-10L,1,7,2976,More than 1,A,Gold,95280
1118,Male,Urban,Bachelor,5L-10L,1,2,3902,1,B,Gold,56652
16986,Male,Urban,High School,5L-10L,1,2,5940,1,A,Silver,34272
18907,Female,Urban,High School,5L-10L,1,2,4345,More than 1,A,Silver,106632
54890,Female,Urban,Others,More than 10L,1,6,2124,1,A,Platinum,35304
19700,Male,Urban,High School,More than 10L,1,0,5863,More than 1,C,Platinum,126636
39021,Female,Rural,High School,2L-5L,0,7,0,1,A,Gold,36804
75139,Male,Rural,High School,5L-10L,1,4,4239,1,A,Silver,55728
44327,Male,Urban,Bachelor,5L-10L,1,5,5421,1,A,Silver,35388
49945,Male,Urban,Others,5L-10L,1,1,3551,More than 1,A,Platinum,95796
19595,Female,Urban,High School,2L-5L,0,2,3502,More than 1,B,Silver,110748
65893,Female,Urban,High School,More than 10L,1,7,6921,1,C,Silver,36756
58036,Male,Rural,Bachelor,5L-10L,1,5,0,1,B,Gold,49080
34839,Male,Urban,Bachelor,2L-5L,0,1,5066,1,C,Silver,39120
55326,Female,Urban,High School,5L-10L,0,5,0,More than 1,A,Platinum,100236
52452,Male,Urban,High School,5L-10L,0,8,12600,More than 1,A,Platinum,113112
1150,Male,Urban,High School,2L-5L,1,7,4947,1,B,Platinum,51732
59565,Male,Urban,High School,2L-5L,1,3,6808,More than 1,A,Silver,102216
61584,Female,Rural,Bachelor,5L-10L,0,5,2813,More than 1,B,Platinum,70728
15129,Male,Rural,High School,2L-5L,0,2,0,1,A,Silver,34428
43632,Female,Rural,High School,5L-10L,1,6,5626,More than 1,B,Silver,72876
29631,Female,Rural,High School,5L-10L,1,1,2455,More than 1,C,Gold,111492
37232,Male,Rural,High School,5L-10L,0,4,5125,More than 1,B,Silver,91608
9803,Male,Urban,High School,5L-10L,1,5,9380,More than 1,A,Platinum,110940
64771,Female,Urban,High School,5L-10L,0,3,2498,More than 1,A,Platinum,112548
18581,Female,Rural,High School,5L-10L,1,1,4161,More than 1,A,Platinum,101628
85743,Female,Urban,High School,5L-10L,0,2,4377,1,A,Platinum,47604
50182,Male,Urban,Bachelor,5L-10L,1,6,0,1,B,Silver,34836
31915,Male,Urban,Bachelor,5L-10L,1,7,8467,1,A,Gold,46020
20233,Male,Urban,Bachelor,5L-10L,1,0,2150,1,C,Platinum,50556
87992,Female,Rural,High School,5L-10L,0,2,2109,1,B,Platinum,33060
22595,Female,Urban,Bachelor,2L-5L,0,6,5339,1,B,Gold,33708
25283,Female,Rural,Bachelor,5L-10L,1,6,2558,More than 1,B,Silver,73200
16506,Female,Urban,High School,5L-10L,1,3,4682,1,A,Platinum,34764
45874,Male,Urban,High School,5L-10L,1,5,4049,1,A,Silver,42384
42144,Female,Urban,High School,5L-10L,1,4,0,1,A,Platinum,41688
17326,Male,Urban,High School,5L-10L,1,4,6229,More than 1,A,Gold,94992
21300,Male,Rural,High School,More than 10L,1,3,3090,More than 1,A,Gold,99636
55939,Male,Urban,High School,More than 10L,0,4,0,1,B,Gold,35772
66302,Female,Urban,High School,More than 10L,1,1,10181,1,A,Gold,53940
68613,Female,Rural,High School,5L-10L,1,6,0,More than 1,B,Platinum,70236
35814,Female,Urban,High School,5L-10L,0,2,4208,More than 1,A,Platinum,89628
5624,Male,Urban,High School,More than 10L,1,2,4304,1,B,Gold,53124
49526,Male,Urban,Bachelor,5L-10L,0,7,6031,More than 1,A,Platinum,105780
69238,Female,Urban,High School,5L-10L,0,5,4385,More than 1,A,Silver,103740
3163,Female,Urban,Bachelor,2L-5L,0,2,8927,More than 1,B,Silver,98916
20990,Male,Urban,Others,5L-10L,0,1,6124,1,A,Platinum,32676
17223,Female,Urban,High School,More than 10L,1,4,6325,1,A,Platinum,33276
67500,Male,Urban,Bachelor,5L-10L,1,5,7601,1,B,Platinum,52692
29379,Male,Rural,Bachelor,More than 10L,1,5,3363,More than 1,B,Silver,69708
54822,Male,Rural,Bachelor,5L-10L,1,1,2687,1,A,Platinum,47532
25468,Female,Urban,Bachelor,More than 10L,0,4,0,More than 1,A,Platinum,89748
27638,Male,Urban,Bachelor,5L-10L,0,7,4415,More than 1,B,Platinum,96372
39220,Male,Urban,High School,5L-10L,0,4,4223,1,A,Silver,37968
9780,Male,Rural,Bachelor,2L-5L,0,6,3081,More than 1,B,Silver,74112
82165,Male,Urban,High School,5L-10L,0,7,4278,More than 1,A,Platinum,117540
16295,Female,Urban,Bachelor,5L-10L,0,7,10522,1,A,Silver,60384
2347,Female,Rural,High School,More than 10L,0,0,0,More than 1,C,Platinum,69948
32194,Male,Rural,High School,More than 10L,0,6,0,More than 1,B,Gold,64404
53819,Female,Urban,Bachelor,5L-10L,0,5,5800,More than 1,A,Platinum,96432
63247,Female,Urban,High School,5L-10L,1,7,6547,1,C,Gold,31800
13828,Male,Rural,High School,More than 10L,0,5,2359,More than 1,B,Silver,59136
47881,Male,Rural,High School,5L-10L,0,2,0,1,A,Silver,33288
51066,Male,Urban,High School,More than 10L,1,6,5312,1,A,Silver,35700
59973,Female,Urban,High School,2L-5L,0,6,5046,More than 1,A,Gold,99468
39871,Female,Urban,Bachelor,2L-5L,1,4,2834,More than 1,B,Silver,70932
58408,Male,Urban,High School,5L-10L,1,5,7330,1,A,Silver,58620
18441,Male,Rural,Bachelor,More than 10L,1,2,0,1,C,Silver,33432
59072,Female,Urban,Bachelor,5L-10L,0,3,0,More than 1,A,Silver,103680
40080,Male,Urban,High School,5L-10L,1,8,2728,1,C,Gold,52128
10753,Female,Urban,High School,2L-5L,1,5,6595,1,A,Silver,35304
10170,Male,Urban,High School,2L-5L,1,5,0,1,A,Silver,33636
31533,Male,Rural,Others,2L-5L,1,8,3116,More than 1,B,Silver,75756
52866,Male,Urban,Bachelor,5L-10L,1,6,3847,More than 1,B,Silver,68556
44032,Male,Urban,High School,5L-10L,1,1,7889,More than 1,A,Platinum,100800
21893,Male,Rural,Bachelor,5L-10L,1,4,6956,More than 1,A,Platinum,104556
28243,Male,Urban,Bachelor,More than 10L,0,4,6176,More than 1,A,Gold,97956
32470,Male,Rural,Bachelor,5L-10L,1,8,5249,1,A,Platinum,50832
93,Male,Urban,High School,<=2L,0,6,6445,More than 1,A,Silver,115908
1788,Female,Rural,High School,More than 10L,1,8,0,More than 1,B,Platinum,74124
49928,Male,Urban,Bachelor,5L-10L,1,7,0,More than 1,B,Platinum,71424
86983,Female,Rural,Bachelor,More than 10L,0,7,0,1,A,Gold,32556
7560,Male,Urban,Bachelor,2L-5L,1,5,0,More than 1,B,Platinum,58224
32858,Female,Rural,High School,More than 10L,0,0,0,More than 1,C,Platinum,72432
67826,Male,Rural,Bachelor,5L-10L,1,4,0,1,B,Platinum,46248
42810,Female,Urban,Others,5L-10L,1,2,5247,1,A,Silver,35928
985,Male,Rural,High School,More than 10L,1,1,3814,1,A,Gold,49872
43306,Male,Rural,High School,5L-10L,1,7,2051,1,B,Gold,40188
65832,Male,Rural,Bachelor,More than 10L,0,6,0,1,A,Silver,29808
53135,Male,Rural,Bachelor,5L-10L,1,4,0,1,A,Platinum,44676
22044,Male,Urban,Bachelor,2L-5L,0,0,5919,1,A,Platinum,44844
79923,Female,Urban,Bachelor,5L-10L,0,3,19486,1,A,Platinum,68568
63344,Male,Urban,High School,5L-10L,0,5,4394,More than 1,A,Platinum,96108
59366,Male,Urban,Bachelor,5L-10L,1,2,6883,More than 1,A,Gold,122772
49488,Male,Urban,High School,2L-5L,1,2,5479,1,A,Silver,31716
78179,Female,Urban,Bachelor,5L-10L,1,4,8122,More than 1,A,Platinum,103092
39346,Female,Urban,Bachelor,5L-10L,0,6,4158,1,A,Platinum,52092
83771,Female,Rural,Bachelor,More than 10L,1,0,0,1,B,Platinum,36192
26619,Male,Rural,Bachelor,5L-10L,1,4,3547,1,B,Silver,50280
60481,Female,Rural,Bachelor,5L-10L,1,5,8765,1,A,Platinum,44796
4639,Female,Rural,Bachelor,5L-10L,1,3,3282,More than 1,B,Silver,73260
17760,Male,Urban,Bachelor,More than 10L,0,1,5484,1,A,Platinum,47460
34481,Male,Rural,High School,5L-10L,1,5,2097,More than 1,C,Silver,101976
11899,Male,Urban,Bachelor,5L-10L,1,6,0,1,B,Silver,35076
18825,Male,Urban,Bachelor,More than 10L,1,6,6700,More than 1,B,Silver,88980
41433,Female,Urban,Bachelor,5L-10L,1,3,6157,More than 1,A,Gold,95268
20831,Female,Urban,High School,<=2L,1,7,7205,1,A,Gold,58356
60014,Female,Urban,Bachelor,5L-10L,1,5,8627,1,A,Gold,35112
40983,Female,Rural,Bachelor,5L-10L,0,7,2138,1,A,Gold,47112
49243,Male,Urban,Others,5L-10L,1,4,7121,More than 1,A,Silver,98676
74636,Female,Urban,High School,2L-5L,0,6,5879,More than 1,A,Platinum,103104
69513,Male,Urban,Bachelor,<=2L,0,8,7233,1,B,Silver,49188
39819,Male,Rural,Bachelor,More than 10L,1,5,2476,More than 1,A,Platinum,49068
31218,Female,Rural,High School,5L-10L,0,6,2202,More than 1,B,Silver,64812
57111,Male,Urban,High School,5L-10L,0,8,9691,More than 1,B,Platinum,98208
30495,Female,Urban,Others,More than 10L,0,8,2332,More than 1,B,Silver,67356
41713,Female,Rural,Bachelor,More than 10L,0,6,2205,1,A,Silver,35904
82,Female,Rural,High School,2L-5L,1,3,5403,More than 1,B,Silver,71496
15925,Male,Urban,Bachelor,More than 10L,0,6,0,More than 1,B,Platinum,65508
70762,Male,Rural,Bachelor,5L-10L,0,7,0,More than 1,C,Platinum,59340
78067,Male,Rural,Bachelor,More than 10L,0,1,0,1,A,Silver,32520
43267,Male,Urban,High School,More than 10L,0,4,5157,1,A,Gold,34560
62827,Male,Rural,High School,5L-10L,1,5,5866,More than 1,B,Platinum,69396
49200,Male,Rural,Bachelor,5L-10L,1,0,0,More than 1,A,Platinum,67944
87397,Female,Urban,High School,2L-5L,0,6,6890,1,B,Silver,67140
4971,Female,Urban,High School,2L-5L,0,6,6273,More than 1,A,Platinum,93612
41071,Male,Urban,High School,2L-5L,1,6,5602,1,C,Platinum,50784
40813,Female,Urban,High School,5L-10L,0,2,3846,More than 1,A,Platinum,97248
54340,Male,Rural,High School,5L-10L,1,6,0,More than 1,B,Silver,64788
69615,Male,Urban,High School,5L-10L,1,7,6090,More than 1,A,Platinum,99504
27851,Female,Rural,Bachelor,5L-10L,0,8,2620,1,B,Platinum,58176
4351,Female,Urban,High School,5L-10L,0,8,4451,More than 1,C,Silver,111672
23829,Female,Urban,High School,5L-10L,1,1,3945,More than 1,A,Platinum,89400
22135,Female,Urban,High School,5L-10L,1,6,0,1,A,Platinum,38364
5239,Female,Urban,Bachelor,2L-5L,0,5,5190,1,A,Platinum,34584
61986,Female,Urban,Bachelor,5L-10L,0,8,6200,More than 1,A,Gold,107772
70973,Male,Rural,Bachelor,5L-10L,1,2,3267,1,B,Platinum,48984
50083,Male,Urban,Bachelor,More than 10L,0,6,4361,1,C,Gold,35640
67482,Female,Rural,Bachelor,More than 10L,0,7,3051,More than 1,B,Platinum,70584
70225,Male,Urban,High School,5L-10L,1,2,3676,More than 1,C,Silver,77556
22728,Male,Urban,High School,5L-10L,0,2,4076,More than 1,B,Platinum,101004
12777,Female,Rural,Bachelor,5L-10L,1,7,2423,1,C,Silver,52044
9828,Female,Rural,High School,More than 10L,1,6,6536,1,C,Platinum,40908
66101,Male,Urban,High School,2L-5L,1,2,5456,1,A,Silver,35256
76616,Female,Rural,Bachelor,More than 10L,1,7,2204,More than 1,B,Silver,77520
9610,Female,Rural,High School,5L-10L,0,7,6645,More than 1,A,Platinum,67800
28944,Female,Rural,High School,5L-10L,0,8,0,1,A,Silver,50436
25259,Male,Urban,High School,2L-5L,0,1,8411,More than 1,A,Platinum,105096
72152,Female,Urban,Bachelor,5L-10L,1,6,5659,1,A,Platinum,32880
63205,Female,Rural,High School,2L-5L,1,0,0,1,C,Gold,56652
51085,Male,Rural,High School,More than 10L,1,8,2621,1,B,Platinum,49248
4178,Male,Urban,High School,5L-10L,1,3,6325,More than 1,A,Gold,96372
54030,Female,Urban,High School,2L-5L,1,4,7833,1,A,Silver,44544
79104,Male,Rural,Bachelor,More than 10L,0,5,0,More than 1,B,Platinum,60360
36023,Female,Rural,High School,5L-10L,0,5,3818,More than 1,A,Gold,91308
19980,Female,Rural,High School,5L-10L,1,7,2093,1,B,Silver,53376
39362,Female,Rural,High School,5L-10L,0,3,0,1,C,Platinum,36192
24755,Male,Rural,Others,5L-10L,1,5,0,1,B,Silver,41700
61164,Male,Rural,Bachelor,5L-10L,0,7,2485,1,A,Silver,36552
70818,Female,Rural,Bachelor,5L-10L,1,4,0,1,A,Silver,45204
52679,Male,Urban,High School,5L-10L,1,7,5309,More than 1,B,Platinum,107064
57702,Male,Urban,Bachelor,5L-10L,1,6,4324,1,B,Silver,60960
73456,Female,Urban,High School,More than 10L,1,1,6293,1,A,Platinum,49020
43005,Male,Urban,Bachelor,5L-10L,1,1,5564,1,A,Platinum,33408
49780,Male,Rural,High School,5L-10L,1,2,2324,More than 1,B,Platinum,74640
52607,Male,Urban,High School,More than 10L,1,6,4793,1,C,Platinum,45048
69991,Male,Urban,High School,5L-10L,0,6,2462,1,B,Platinum,44496
25999,Female,Urban,High School,5L-10L,1,0,0,More than 1,B,Silver,62880
54019,Female,Rural,High School,More than 10L,1,7,3044,More than 1,B,Silver,77952
26260,Male,Urban,High School,5L-10L,0,6,4296,More than 1,A,Gold,95580
2431,Male,Urban,Bachelor,5L-10L,0,6,2997,More than 1,C,Gold,110760
1824,Female,Rural,Bachelor,2L-5L,1,6,0,More than 1,B,Silver,69900
46475,Female,Urban,High School,5L-10L,1,1,5583,1,B,Platinum,30084
61888,Female,Urban,High School,More than 10L,1,4,4787,1,A,Platinum,56304
3123,Male,Rural,Bachelor,5L-10L,1,7,2924,More than 1,B,Silver,84528
48309,Female,Urban,Bachelor,5L-10L,1,4,8664,1,B,Platinum,48252
71957,Male,Rural,Bachelor,5L-10L,0,7,5239,More than 1,B,Silver,73956
33096,Male,Urban,High School,5L-10L,1,1,3667,1,A,Platinum,49872
21124,Female,Urban,Others,More than 10L,1,1,3358,1,B,Gold,34272
21414,Male,Urban,High School,5L-10L,1,4,5321,1,A,Gold,34884
38100,Male,Urban,Bachelor,2L-5L,1,7,2046,More than 1,B,Platinum,69744
30429,Female,Urban,High School,5L-10L,1,7,11877,More than 1,A,Platinum,107952
41759,Male,Rural,High School,5L-10L,1,0,6097,More than 1,C,Silver,63192
59647,Female,Urban,High School,2L-5L,1,7,0,1,B,Gold,34776
3059,Female,Rural,Bachelor,More than 10L,1,8,0,1,B,Gold,54252
23737,Female,Rural,High School,5L-10L,1,0,4547,More than 1,A,Platinum,68916
51888,Female,Rural,High School,5L-10L,0,7,0,1,A,Silver,38448
5920,Male,Rural,Bachelor,More than 10L,1,5,0,More than 1,B,Platinum,69816
27069,Female,Rural,High School,2L-5L,1,0,3310,More than 1,A,Platinum,89148
47596,Female,Urban,Bachelor,2L-5L,0,2,6093,More than 1,A,Silver,103956
26454,Male,Rural,Bachelor,More than 10L,1,7,6324,More than 1,B,Platinum,64500
64694,Male,Urban,High School,5L-10L,0,5,16279,More than 1,A,Platinum,110424
71658,Male,Urban,Others,5L-10L,1,2,6966,1,A,Gold,52284
86056,Female,Urban,High School,5L-10L,1,6,6490,1,A,Gold,38052
47679,Male,Urban,Bachelor,5L-10L,1,6,0,1,C,Platinum,33000
8131,Male,Rural,High School,5L-10L,1,1,0,More than 1,A,Silver,60648
65104,Male,Rural,Bachelor,2L-5L,0,7,16338,More than 1,B,Silver,73488
26452,Male,Urban,High School,5L-10L,1,7,3810,1,C,Gold,47196
38749,Male,Rural,Bachelor,5L-10L,1,7,5366,1,A,Platinum,50208
64523,Female,Rural,Others,5L-10L,1,6,5605,1,C,Gold,56700
5839,Female,Urban,Bachelor,5L-10L,1,3,0,1,B,Gold,50436
48374,Male,Rural,Bachelor,5L-10L,1,2,6089,1,A,Silver,33732
2877,Female,Urban,High School,5L-10L,1,6,2305,1,B,Gold,50280
14885,Female,Rural,Bachelor,2L-5L,0,6,3550,More than 1,B,Silver,70440
43452,Female,Urban,High School,5L-10L,0,8,5065,More than 1,A,Gold,105108
82361,Male,Urban,High School,5L-10L,0,6,11576,More than 1,B,Platinum,98868
39595,Male,Rural,Bachelor,5L-10L,0,6,0,More than 1,A,Silver,72840
60972,Female,Urban,Bachelor,More than 10L,1,8,0,More than 1,A,Silver,73440
49899,Female,Urban,Bachelor,5L-10L,0,7,8382,More than 1,A,Silver,106692
65778,Female,Rural,Bachelor,5L-10L,0,8,8896,More than 1,A,Platinum,101700
8448,Male,Urban,Bachelor,5L-10L,1,3,4981,1,A,Platinum,35316
20186,Male,Urban,Bachelor,5L-10L,1,5,0,More than 1,B,Silver,66708
85587,Female,Urban,Bachelor,5L-10L,0,3,5918,More than 1,A,Gold,101928
82044,Female,Rural,Bachelor,2L-5L,1,7,4099,More than 1,A,Silver,100344
50738,Female,Urban,Bachelor,5L-10L,1,3,2313,1,A,Gold,50880
27088,Male,Rural,Others,5L-10L,1,2,0,1,A,Silver,37752
66211,Male,Rural,High School,5L-10L,0,6,2031,1,C,Gold,45096
75492,Male,Urban,Bachelor,5L-10L,0,5,8197,More than 1,A,Platinum,106044
45181,Female,Urban,Bachelor,5L-10L,1,5,6627,1,B,Silver,37668
68235,Male,Urban,Bachelor,<=2L,0,2,6242,More than 1,A,Platinum,107592
36112,Male,Rural,High School,5L-10L,1,3,5845,More than 1,A,Platinum,59436
87341,Female,Urban,High School,2L-5L,0,4,5769,1,A,Gold,33780
89193,Female,Rural,Bachelor,5L-10L,1,4,2684,1,A,Gold,48192
56817,Male,Rural,High School,More than 10L,1,0,0,More than 1,B,Gold,66420
83300,Male,Urban,Bachelor,2L-5L,1,8,5456,1,B,Gold,61380
35191,Male,Rural,Bachelor,5L-10L,0,6,0,1,B,Silver,48492
26026,Male,Urban,High School,5L-10L,0,4,8756,More than 1,A,Platinum,112500
54131,Male,Rural,Bachelor,More than 10L,0,7,5105,1,C,Platinum,45216
41618,Male,Rural,Others,5L-10L,1,4,0,1,A,Silver,30444
32224,Female,Urban,High School,5L-10L,1,7,6428,1,A,Platinum,56004
56620,Male,Urban,Bachelor,2L-5L,0,5,2330,More than 1,A,Platinum,96684
71512,Male,Rural,Bachelor,5L-10L,0,4,2252,1,B,Silver,32496
85904,Male,Urban,High School,5L-10L,1,8,10818,1,A,Platinum,53436
68279,Male,Rural,Bachelor,5L-10L,0,2,0,1,B,Gold,33312
59715,Female,Rural,Bachelor,5L-10L,0,5,2115,More than 1,B,Silver,63756
52504,Male,Rural,High School,2L-5L,0,1,2226,More than 1,A,Gold,101700
3112,Female,Urban,High School,2L-5L,1,4,9373,1,B,Silver,53796
70302,Male,Urban,High School,5L-10L,0,5,5672,1,A,Gold,47652
3384,Female,Rural,Bachelor,5L-10L,1,0,2880,1,A,Platinum,66744
12023,Female,Urban,Others,5L-10L,1,7,10851,More than 1,B,Silver,104100
42017,Male,Urban,Bachelor,2L-5L,1,1,5386,More than 1,A,Platinum,101652
71494,Male,Urban,High School,5L-10L,1,0,6801,1,A,Gold,61212
24894,Male,Rural,High School,5L-10L,1,5,4457,1,A,Gold,44280
69720,Female,Urban,Bachelor,5L-10L,0,4,8209,1,B,Platinum,49560
38285,Male,Urban,Bachelor,5L-10L,1,7,3420,More than 1,A,Platinum,95580
36277,Female,Rural,High School,5L-10L,1,7,2892,More than 1,A,Silver,99540
23926,Male,Urban,Bachelor,More than 10L,0,4,4111,More than 1,A,Platinum,105828
63503,Female,Urban,Bachelor,5L-10L,0,6,5471,More than 1,A,Platinum,97044
76615,Male,Urban,Bachelor,5L-10L,1,8,3807,1,A,Silver,51996
37947,Male,Rural,High School,5L-10L,1,7,0,1,C,Platinum,35976
42473,Female,Urban,High School,5L-10L,1,5,4717,More than 1,A,Platinum,101448
49412,Male,Urban,High School,5L-10L,0,6,6155,More than 1,B,Gold,98520
76392,Female,Urban,High School,5L-10L,1,7,0,More than 1,C,Gold,86160
32250,Male,Urban,Bachelor,More than 10L,1,0,4089,1,A,Gold,36924
51073,Female,Urban,High School,5L-10L,0,4,0,1,B,Gold,63576
64723,Male,Urban,High School,2L-5L,1,5,5312,1,C,Platinum,36060
31754,Female,Rural,High School,5L-10L,0,1,2925,More than 1,A,Platinum,106200
88815,Male,Urban,High School,5L-10L,1,7,5943,1,C,Platinum,54348
52904,Female,Urban,High School,5L-10L,0,2,0,1,B,Platinum,37560
53143,Female,Urban,High School,2L-5L,1,5,5993,More than 1,B,Gold,88860
60826,Female,Rural,Bachelor,More than 10L,1,3,0,More than 1,B,Platinum,64068
56470,Male,Rural,Bachelor,More than 10L,1,3,2064,1,B,Gold,34164
22243,Female,Urban,High School,2L-5L,0,2,8893,More than 1,B,Platinum,104244
59217,Male,Urban,Bachelor,5L-10L,0,4,5145,1,A,Gold,33048
45092,Male,Rural,Others,5L-10L,1,5,2560,1,A,Gold,43920
52279,Male,Urban,Bachelor,More than 10L,0,2,5904,More than 1,A,Platinum,107232
26937,Female,Rural,Others,More than 10L,1,8,2240,More than 1,A,Silver,62928
105,Male,Rural,High School,5L-10L,1,2,3011,More than 1,A,Platinum,71844
23928,Female,Urban,High School,2L-5L,1,2,6216,1,C,Silver,34548
40482,Male,Rural,Bachelor,5L-10L,1,6,2049,More than 1,A,Platinum,85428
10748,Female,Rural,Bachelor,5L-10L,1,6,7924,1,B,Platinum,56208
50593,Male,Urban,Bachelor,5L-10L,0,3,6411,1,A,Silver,37968
85903,Female,Urban,Others,5L-10L,0,5,5496,1,A,Silver,33540
89297,Male,Rural,High School,5L-10L,0,6,3205,More than 1,B,Silver,68748
11356,Female,Rural,Bachelor,More than 10L,0,6,0,More than 1,B,Platinum,67248
209,Male,Urban,High School,More than 10L,1,5,5628,1,A,Gold,39300
41921,Male,Rural,High School,5L-10L,1,5,0,1,B,Gold,48720
41707,Female,Rural,High School,5L-10L,1,2,0,1,A,Gold,32376
68554,Male,Urban,Bachelor,More than 10L,0,8,4335,More than 1,A,Platinum,98484
2026,Male,Urban,High School,2L-5L,0,6,6123,1,A,Gold,39840
75262,Male,Urban,Others,5L-10L,0,4,5029,1,A,Silver,33420
6344,Female,Rural,High School,5L-10L,1,7,3846,1,A,Platinum,56844
88445,Male,Urban,High School,5L-10L,1,2,3966,More than 1,C,Gold,94020
8979,Male,Urban,Others,2L-5L,0,3,7247,More than 1,A,Gold,113676
43826,Female,Rural,Bachelor,More than 10L,0,7,3684,1,B,Silver,47928
44322,Female,Rural,High School,More than 10L,0,8,3778,1,B,Platinum,57480
79565,Male,Rural,Bachelor,5L-10L,1,6,4021,1,A,Silver,52128
20383,Female,Rural,High School,More than 10L,0,5,2056,1,A,Platinum,52296
76898,Male,Urban,Bachelor,2L-5L,1,2,6319,1,B,Silver,36708
22889,Female,Rural,High School,5L-10L,0,5,5165,1,A,Silver,37848
23410,Female,Rural,Bachelor,5L-10L,0,4,0,1,C,Platinum,37656
69045,Female,Rural,Bachelor,5L-10L,1,5,6416,1,A,Platinum,53496
70601,Female,Urban,Bachelor,5L-10L,0,4,0,1,A,Platinum,30972
11199,Male,Urban,Bachelor,5L-10L,1,5,0,1,C,Platinum,38544
48756,Female,Rural,Bachelor,5L-10L,0,1,6842,More than 1,A,Platinum,62052
28699,Female,Urban,High School,5L-10L,0,6,6228,More than 1,A,Platinum,100392
78522,Male,Urban,Bachelor,2L-5L,1,4,5297,1,B,Silver,29796
63940,Male,Rural,High School,More than 10L,0,1,0,1,A,Platinum,30552
46133,Female,Rural,Others,More than 10L,1,3,7459,More than 1,A,Platinum,116940
47113,Female,Urban,Bachelor,More than 10L,0,8,6062,More than 1,A,Gold,102444
62975,Male,Rural,High School,5L-10L,1,7,0,1,C,Platinum,38772
84373,Male,Rural,High School,More than 10L,0,6,2515,More than 1,A,Platinum,74652
66182,Male,Urban,High School,2L-5L,1,5,5584,1,A,Silver,33312
82132,Male,Urban,High School,More than 10L,1,0,2096,1,B,Silver,35112
58936,Male,Rural,Bachelor,2L-5L,1,8,0,More than 1,A,Platinum,63384
35891,Male,Urban,Bachelor,5L-10L,1,1,5739,1,A,Gold,46152
45203,Female,Rural,Bachelor,5L-10L,1,5,3612,1,A,Platinum,55920
19658,Female,Urban,High School,2L-5L,0,5,6411,1,A,Gold,33744
14433,Female,Urban,High School,2L-5L,1,5,10163,More than 1,A,Silver,117264
34599,Male,Rural,High School,More than 10L,0,1,2994,More than 1,B,Gold,97128
4729,Female,Rural,Bachelor,5L-10L,1,0,3341,1,B,Gold,45876
44625,Female,Urban,Bachelor,5L-10L,0,5,4346,More than 1,A,Gold,108384
3922,Male,Urban,High School,5L-10L,0,2,11666,More than 1,A,Platinum,111936
1922,Female,Rural,Bachelor,2L-5L,0,7,0,More than 1,B,Silver,71016
13681,Female,Rural,Bachelor,2L-5L,0,6,3477,More than 1,B,Silver,71328
48084,Female,Urban,Bachelor,2L-5L,1,5,5139,More than 1,A,Gold,87228
285,Female,Urban,High School,2L-5L,1,3,5005,1,A,Platinum,30900
73994,Female,Urban,Bachelor,2L-5L,1,7,2188,More than 1,B,Silver,72168
20657,Female,Urban,High School,5L-10L,1,6,6315,1,A,Silver,35124
3751,Female,Rural,Bachelor,5L-10L,1,1,3041,1,B,Gold,53664
27874,Male,Rural,High School,More than 10L,1,8,2269,More than 1,B,Platinum,78852
32237,Female,Urban,High School,<=2L,1,7,3545,1,A,Platinum,58404
62085,Male,Urban,High School,5L-10L,0,8,6325,1,A,Silver,35460
16070,Male,Urban,High School,5L-10L,0,1,3194,1,A,Platinum,42696
70915,Female,Urban,High School,5L-10L,1,6,4448,1,B,Platinum,62940
28823,Female,Urban,High School,2L-5L,1,3,5893,1,A,Platinum,35340
43870,Male,Urban,High School,5L-10L,0,2,6359,1,A,Platinum,35136
36131,Female,Urban,Bachelor,5L-10L,0,7,9364,1,B,Silver,59964
71973,Male,Rural,High School,5L-10L,0,6,0,1,A,Platinum,42312
82359,Female,Rural,High School,5L-10L,0,1,0,1,B,Gold,34380
54786,Male,Urban,Bachelor,2L-5L,1,7,5806,1,B,Platinum,35472
59537,Female,Urban,High School,5L-10L,0,8,6430,1,A,Gold,35412
36470,Male,Urban,High School,5L-10L,1,8,4003,1,B,Platinum,32148
67138,Male,Rural,High School,5L-10L,0,1,6566,1,B,Platinum,57012
79455,Female,Urban,High School,2L-5L,1,3,2225,1,B,Silver,36636
18732,Male,Urban,Bachelor,5L-10L,1,4,3696,1,A,Gold,45168
76466,Male,Urban,High School,5L-10L,0,4,2653,1,A,Platinum,51312
69801,Female,Urban,High School,2L-5L,1,0,3577,1,A,Gold,49248
1104,Female,Rural,Bachelor,5L-10L,0,6,2677,More than 1,A,Platinum,100488
47326,Male,Rural,Bachelor,2L-5L,1,7,0,1,A,Platinum,32316
7621,Female,Rural,High School,More than 10L,1,2,0,1,B,Silver,37284
58925,Male,Rural,Others,More than 10L,1,4,4660,1,A,Silver,39468
19814,Female,Rural,High School,2L-5L,0,7,3123,More than 1,B,Silver,69276
74423,Female,Urban,High School,More than 10L,1,1,0,1,A,Platinum,35844
58887,Male,Urban,Bachelor,5L-10L,0,5,6157,1,A,Platinum,38172
2281,Male,Rural,High School,5L-10L,0,5,2025,More than 1,B,Gold,57468
3731,Male,Rural,Bachelor,2L-5L,1,7,2528,More than 1,B,Platinum,61536
43814,Male,Rural,High School,5L-10L,1,5,2591,More than 1,A,Gold,101868
11425,Male,Urban,High School,2L-5L,1,2,11170,1,C,Platinum,57636
29676,Female,Rural,Bachelor,5L-10L,1,1,2309,More than 1,A,Platinum,96576
80227,Female,Urban,High School,5L-10L,1,3,2726,1,A,Platinum,44472
20621,Male,Urban,High School,2L-5L,0,7,12379,More than 1,B,Silver,103572
33974,Female,Rural,High School,More than 10L,0,5,0,More than 1,B,Platinum,71616
47477,Female,Rural,Others,5L-10L,0,4,6396,1,A,Silver,51984
72536,Female,Rural,Bachelor,5L-10L,0,8,3261,More than 1,B,Platinum,72660
88754,Male,Rural,High School,More than 10L,1,3,0,More than 1,A,Platinum,62940
56663,Male,Rural,High School,5L-10L,1,0,0,1,A,Platinum,45804
11776,Male,Rural,Others,5L-10L,1,5,0,1,A,Gold,34824
7477,Female,Rural,High School,More than 10L,1,4,0,1,B,Silver,32556
43654,Female,Rural,Bachelor,5L-10L,1,5,0,1,B,Silver,60816
53324,Male,Rural,Bachelor,2L-5L,1,2,2263,More than 1,B,Silver,104208
13022,Male,Urban,High School,5L-10L,1,8,2551,1,C,Silver,35232
13209,Male,Urban,Bachelor,5L-10L,1,7,3921,1,A,Silver,53484
83623,Male,Urban,High School,2L-5L,0,6,7779,More than 1,C,Silver,118008
22680,Female,Urban,High School,2L-5L,1,8,6852,1,A,Platinum,41028
78365,Male,Rural,Bachelor,More than 10L,0,7,4497,1,B,Silver,43740
63895,Male,Urban,Bachelor,5L-10L,1,3,10488,More than 1,A,Platinum,106296
35816,Male,Urban,Others,5L-10L,1,4,4656,1,A,Platinum,36960
20886,Male,Rural,High School,5L-10L,0,1,5223,More than 1,C,Gold,64932
27276,Male,Urban,High School,5L-10L,0,4,5670,More than 1,B,Platinum,111300
73968,Male,Urban,High School,5L-10L,0,2,7083,1,A,Silver,50448
39151,Male,Rural,High School,More than 10L,0,2,0,More than 1,A,Platinum,68148
46886,Male,Urban,Bachelor,2L-5L,1,2,2123,1,B,Gold,34176
42477,Female,Rural,High School,5L-10L,1,5,2501,More than 1,B,Platinum,101124
72705,Female,Rural,Bachelor,More than 10L,1,7,0,More than 1,A,Silver,106908
82569,Male,Urban,High School,5L-10L,0,6,6511,1,A,Platinum,37692
61401,Female,Rural,High School,5L-10L,1,0,0,More than 1,B,Platinum,64692
70345,Male,Urban,Bachelor,5L-10L,1,8,6208,1,A,Platinum,57120
84267,Male,Urban,High School,5L-10L,0,3,0,1,A,Gold,70440
14393,Male,Urban,High School,5L-10L,1,4,0,More than 1,A,Platinum,94332
42354,Male,Rural,Bachelor,More than 10L,1,8,0,More than 1,B,Gold,65640
43128,Female,Urban,High School,5L-10L,0,7,6340,More than 1,A,Gold,96300
36807,Male,Urban,High School,2L-5L,0,4,5685,1,B,Silver,35364
25131,Female,Urban,High School,More than 10L,0,7,5690,1,A,Platinum,36768
13145,Female,Rural,High School,More than 10L,0,6,9516,More than 1,A,Platinum,100788
45934,Female,Rural,High School,5L-10L,0,5,3678,More than 1,B,Silver,66480
10877,Female,Urban,Bachelor,5L-10L,0,5,0,1,A,Silver,31716
3372,Male,Urban,Bachelor,5L-10L,1,4,0,1,B,Silver,50064
56853,Female,Urban,High School,2L-5L,1,6,4644,1,A,Platinum,33024
72053,Female,Urban,High School,5L-10L,0,4,3773,More than 1,A,Platinum,101664
31255,Male,Urban,High School,5L-10L,1,3,9936,1,A,Silver,32292
54191,Male,Rural,Bachelor,5L-10L,1,1,5991,1,B,Silver,35004
50103,Male,Urban,Others,5L-10L,1,7,7020,1,B,Silver,34476
33669,Male,Rural,Others,5L-10L,0,0,9107,1,A,Platinum,40104
54064,Female,Rural,High School,More than 10L,1,2,5448,1,A,Silver,50568
55444,Male,Urban,High School,5L-10L,1,3,8169,More than 1,B,Gold,97584
368,Male,Urban,High School,5L-10L,1,4,2315,1,B,Silver,39108
34441,Male,Rural,Bachelor,More than 10L,1,8,0,1,B,Platinum,46380
81398,Female,Rural,Bachelor,5L-10L,1,2,3353,More than 1,B,Silver,66036
27460,Female,Urban,Bachelor,5L-10L,0,6,4098,More than 1,A,Platinum,95424
60351,Female,Urban,High School,More than 10L,1,7,3422,1,A,Gold,36660
31310,Male,Rural,Bachelor,5L-10L,1,1,0,1,B,Gold,44592
50704,Male,Rural,High School,5L-10L,0,4,6060,More than 1,B,Platinum,98136
79461,Male,Urban,High School,2L-5L,1,7,6330,More than 1,A,Silver,100332
42977,Female,Urban,High School,2L-5L,1,5,11164,More than 1,A,Platinum,97032
49797,Male,Urban,Others,5L-10L,0,7,5438,1,B,Silver,36540
57557,Female,Rural,Bachelor,2L-5L,1,8,6735,More than 1,B,Platinum,107964
31147,Female,Rural,High School,More than 10L,1,4,0,1,B,Silver,37920
19192,Female,Rural,Others,More than 10L,1,1,0,1,B,Silver,34020
38069,Male,Urban,High School,2L-5L,1,1,2093,1,A,Silver,37224
11216,Female,Rural,High School,5L-10L,1,1,0,1,C,Platinum,33012
17512,Male,Rural,Bachelor,More than 10L,1,7,9243,More than 1,A,Gold,102984
57108,Male,Urban,Bachelor,2L-5L,1,3,6190,More than 1,A,Platinum,115008
77562,Male,Rural,High School,5L-10L,0,8,0,1,A,Platinum,34332
72898,Female,Urban,High School,5L-10L,0,7,4540,1,B,Silver,37584
23069,Male,Urban,High School,5L-10L,0,0,6523,More than 1,A,Gold,107796
39963,Male,Urban,High School,2L-5L,1,5,5264,1,A,Silver,35748
30240,Male,Urban,Bachelor,5L-10L,0,1,10671,1,A,Platinum,31428
42565,Male,Rural,High School,5L-10L,0,5,2673,More than 1,A,Gold,103200
24682,Male,Urban,High School,5L-10L,0,1,7160,1,B,Silver,53196
66895,Female,Urban,High School,2L-5L,1,4,0,More than 1,A,Gold,96876
40527,Female,Urban,High School,5L-10L,1,6,0,1,A,Gold,47604
1255,Female,Rural,High School,5L-10L,1,0,3735,1,B,Platinum,34536
19205,Male,Rural,High School,5L-10L,1,1,2068,1,A,Platinum,33024
75896,Male,Urban,High School,5L-10L,1,2,2745,More than 1,C,Silver,74412
68190,Female,Rural,Bachelor,5L-10L,1,1,2291,1,B,Silver,34680
19391,Female,Urban,High School,5L-10L,0,5,7287,More than 1,B,Platinum,67488
7057,Male,Urban,Bachelor,5L-10L,1,8,9290,More than 1,A,Platinum,133740
74190,Male,Urban,High School,5L-10L,0,1,6674,1,A,Silver,50796
17271,Female,Rural,Others,5L-10L,0,6,0,1,C,Gold,29592
44584,Female,Urban,Bachelor,5L-10L,1,8,3037,More than 1,A,Gold,100956
79805,Male,Urban,High School,5L-10L,1,2,0,1,A,Platinum,32520
19629,Male,Rural,Bachelor,More than 10L,1,2,0,More than 1,B,Platinum,58920
3449,Female,Urban,Bachelor,5L-10L,1,0,0,1,A,Gold,39348
39638,Male,Urban,Others,2L-5L,1,4,5700,1,A,Platinum,35712
18508,Male,Urban,High School,5L-10L,1,3,0,1,A,Platinum,49332
36166,Female,Urban,High School,5L-10L,0,2,6447,More than 1,A,Platinum,98208
60389,Male,Urban,High School,2L-5L,0,8,4255,1,A,Platinum,56724
50142,Female,Rural,Bachelor,More than 10L,0,4,0,1,B,Platinum,49272
54785,Female,Urban,Bachelor,5L-10L,1,4,2058,1,B,Silver,36228
32749,Female,Rural,High School,5L-10L,1,4,5966,1,A,Gold,49716
22808,Male,Rural,High School,More than 10L,0,8,0,More than 1,B,Silver,63348
35672,Female,Rural,High School,5L-10L,1,6,2175,1,A,Silver,35964
23443,Female,Rural,High School,5L-10L,0,0,0,1,A,Silver,55368
22183,Male,Rural,Bachelor,More than 10L,0,4,0,1,A,Platinum,38100
42165,Female,Urban,Bachelor,More than 10L,0,8,0,1,B,Platinum,56400
29057,Female,Urban,High School,5L-10L,0,6,8783,1,A,Silver,34320
51518,Male,Rural,High School,5L-10L,1,5,0,1,C,Gold,34656
36875,Male,Rural,High School,5L-10L,0,0,0,1,A,Platinum,39864
77081,Female,Urban,High School,2L-5L,1,7,0,More than 1,A,Gold,83076
61613,Male,Rural,Bachelor,5L-10L,1,7,2464,More than 1,A,Silver,64044
35939,Male,Urban,High School,5L-10L,1,5,5628,More than 1,A,Platinum,118152
19050,Male,Urban,Bachelor,2L-5L,0,8,4115,More than 1,B,Platinum,105156
11104,Female,Urban,High School,5L-10L,1,1,7213,1,A,Silver,57684
54705,Male,Rural,High School,5L-10L,1,2,3362,More than 1,B,Silver,62892
29825,Male,Urban,High School,5L-10L,1,4,4039,More than 1,A,Platinum,99876
31594,Female,Rural,Bachelor,5L-10L,1,1,2319,More than 1,B,Gold,70908
30594,Female,Urban,Others,5L-10L,1,1,5522,1,A,Silver,43488
68089,Male,Urban,High School,2L-5L,1,4,6554,More than 1,C,Platinum,100404
38021,Female,Rural,High School,5L-10L,0,2,6973,1,B,Gold,66624
24506,Male,Urban,High School,2L-5L,1,2,0,1,A,Gold,30324
9432,Male,Rural,High School,5L-10L,1,6,3672,More than 1,B,Gold,59196
51864,Female,Urban,Others,5L-10L,1,5,8496,1,A,Platinum,52356
81194,Male,Urban,Bachelor,2L-5L,0,6,6518,More than 1,B,Platinum,102348
60326,Male,Rural,High School,5L-10L,0,4,5449,1,B,Silver,44760
65822,Female,Urban,High School,2L-5L,1,5,5082,More than 1,A,Platinum,95820
78616,Male,Rural,High School,5L-10L,1,2,6817,1,A,Platinum,54096
86533,Male,Urban,High School,5L-10L,0,8,6479,1,A,Platinum,61956
64486,Female,Urban,Bachelor,2L-5L,1,6,0,1,A,Platinum,36084
53063,Female,Urban,High School,2L-5L,1,6,6703,More than 1,A,Silver,101028
5151,Male,Urban,Bachelor,2L-5L,1,7,4882,More than 1,B,Platinum,74364
35928,Male,Urban,High School,5L-10L,1,6,3444,More than 1,A,Platinum,88920
76956,Female,Urban,Bachelor,5L-10L,0,3,5510,1,A,Platinum,32064
26261,Male,Urban,High School,2L-5L,1,4,4645,1,C,Gold,32748
75417,Male,Urban,Bachelor,More than 10L,0,1,3451,More than 1,A,Platinum,102156
58725,Female,Urban,High School,More than 10L,1,7,6548,1,A,Platinum,55860
41818,Male,Urban,High School,2L-5L,0,5,5229,1,A,Platinum,34956
38009,Female,Urban,High School,5L-10L,0,2,0,1,A,Silver,32148
2415,Male,Urban,Bachelor,More than 10L,1,0,6789,1,A,Platinum,55152
10153,Male,Rural,Bachelor,5L-10L,1,8,0,1,A,Gold,52704
74786,Male,Urban,Bachelor,More than 10L,0,1,4530,1,A,Platinum,35988
47727,Male,Urban,Bachelor,5L-10L,0,8,2074,1,A,Platinum,32052
23450,Female,Urban,High School,5L-10L,0,1,4081,More than 1,B,Silver,66840
87160,Male,Rural,Bachelor,5L-10L,0,6,2522,1,A,Platinum,58704
70997,Male,Urban,High School,5L-10L,1,6,5124,More than 1,A,Platinum,108540
43283,Female,Urban,Others,More than 10L,0,6,0,1,A,Silver,33636
76206,Male,Urban,Bachelor,5L-10L,1,3,6467,More than 1,B,Platinum,103488
51712,Male,Rural,Bachelor,2L-5L,1,7,6636,More than 1,A,Gold,86940
2739,Male,Urban,High School,5L-10L,0,5,6454,1,A,Gold,34452
402,Female,Rural,Bachelor,More than 10L,0,8,0,1,A,Platinum,48300
75566,Female,Urban,Bachelor,2L-5L,1,1,5142,More than 1,A,Platinum,89052
64423,Female,Urban,High School,5L-10L,0,8,6330,More than 1,A,Platinum,104508
7826,Male,Urban,Bachelor,5L-10L,1,3,3533,More than 1,B,Platinum,70224
78677,Male,Urban,Bachelor,5L-10L,0,6,4039,1,C,Silver,49728
8299,Female,Urban,Bachelor,5L-10L,1,5,0,More than 1,B,Gold,104688
36357,Female,Urban,High School,2L-5L,0,1,4949,1,B,Silver,34272
32494,Female,Urban,High School,5L-10L,1,2,0,More than 1,A,Platinum,97176
47221,Male,Urban,High School,5L-10L,1,6,5031,1,B,Platinum,36492
73534,Male,Urban,Bachelor,5L-10L,1,2,8080,More than 1,A,Platinum,98904
42269,Female,Urban,Bachelor,5L-10L,1,6,2005,1,A,Gold,31596
76196,Female,Rural,High School,5L-10L,1,7,2027,More than 1,B,Platinum,69024
28723,Female,Rural,High School,5L-10L,1,0,2012,1,A,Gold,39432
62331,Male,Rural,Bachelor,More than 10L,0,7,3782,1,B,Platinum,53232
81682,Male,Rural,Bachelor,5L-10L,0,0,3449,More than 1,A,Silver,92064
44175,Female,Urban,High School,More than 10L,0,5,6824,1,A,Platinum,61800
1064,Female,Urban,High School,5L-10L,0,5,4374,1,A,Silver,46116
46598,Female,Urban,High School,5L-10L,1,7,3946,More than 1,B,Gold,91488
5817,Male,Urban,High School,5L-10L,1,4,7478,1,B,Silver,34656
1756,Male,Rural,High School,5L-10L,1,2,0,More than 1,B,Gold,56316
43041,Female,Urban,High School,5L-10L,0,1,11199,1,A,Gold,45096
2502,Female,Urban,High School,5L-10L,1,5,9260,More than 1,A,Silver,107748
29404,Female,Urban,High School,5L-10L,0,8,4005,More than 1,A,Platinum,104196
6292,Male,Rural,High School,5L-10L,1,2,0,More than 1,B,Platinum,73464
89326,Male,Urban,High School,5L-10L,1,3,5199,1,A,Platinum,33408
59231,Female,Urban,High School,2L-5L,0,4,5219,1,A,Platinum,33096
46989,Male,Rural,High School,5L-10L,1,5,4247,1,A,Silver,54024
13979,Female,Rural,Others,More than 10L,1,4,0,1,A,Platinum,48192
23949,Female,Urban,High School,More than 10L,1,1,2292,1,B,Silver,36024
84242,Male,Urban,Others,More than 10L,0,6,0,More than 1,B,Silver,62796
59271,Male,Urban,High School,2L-5L,0,3,9395,More than 1,A,Platinum,112008
389,Female,Rural,High School,More than 10L,1,6,0,More than 1,A,Platinum,66888
88648,Male,Rural,High School,2L-5L,1,3,2205,1,B,Silver,37596
19144,Male,Urban,Others,5L-10L,1,6,3423,More than 1,A,Gold,92700
32906,Male,Rural,Bachelor,5L-10L,0,1,3410,More than 1,B,Platinum,65652
60529,Female,Urban,High School,5L-10L,1,8,2639,1,A,Platinum,51144
52481,Male,Urban,High School,2L-5L,1,6,4828,1,B,Silver,42948
2887,Male,Rural,Bachelor,2L-5L,1,4,2833,More than 1,B,Gold,67440
39510,Female,Urban,High School,2L-5L,1,7,5328,1,A,Silver,44052
15288,Male,Urban,High School,5L-10L,0,8,3558,1,B,Silver,40956
11927,Male,Urban,High School,More than 10L,0,2,4546,1,B,Platinum,31512
74904,Female,Rural,Bachelor,5L-10L,1,0,2082,1,C,Gold,35760
86671,Male,Rural,High School,5L-10L,1,5,0,1,C,Platinum,34656
7104,Female,Urban,High School,5L-10L,0,5,3998,More than 1,A,Platinum,101388
74420,Male,Urban,Bachelor,More than 10L,0,0,5501,1,A,Gold,30936
32991,Female,Urban,High School,5L-10L,1,5,6212,1,A,Silver,36228
67180,Male,Rural,High School,5L-10L,1,6,2337,1,A,Platinum,38760
20311,Female,Rural,High School,5L-10L,0,4,6533,More than 1,A,Silver,98772
55987,Female,Urban,Bachelor,2L-5L,0,5,6296,1,C,Gold,62328
22471,Female,Urban,Others,5L-10L,1,4,3858,1,A,Platinum,49032
52419,Female,Rural,Bachelor,More than 10L,1,7,0,More than 1,B,Gold,71736
8283,Male,Urban,High School,5L-10L,0,5,6758,More than 1,A,Platinum,83124
7157,Male,Rural,Others,5L-10L,1,5,5997,1,B,Silver,43800
23846,Male,Rural,High School,More than 10L,1,8,5948,More than 1,A,Platinum,65892
26278,Female,Rural,Bachelor,5L-10L,1,2,0,More than 1,B,Platinum,72720
34923,Female,Urban,Bachelor,5L-10L,1,4,4439,1,A,Silver,29904
30433,Male,Urban,High School,2L-5L,1,2,0,1,A,Gold,33144
83922,Male,Urban,Others,5L-10L,0,7,5684,1,A,Silver,33456
15157,Male,Urban,Bachelor,5L-10L,1,4,0,More than 1,A,Platinum,96516
63953,Male,Urban,High School,5L-10L,1,0,5272,1,B,Platinum,44292
59323,Female,Urban,Bachelor,5L-10L,1,4,5870,More than 1,A,Silver,91272
40756,Male,Rural,Bachelor,5L-10L,0,5,0,More than 1,B,Platinum,66756
72478,Female,Rural,Bachelor,5L-10L,1,4,0,1,B,Silver,51660
30446,Male,Urban,High School,2L-5L,1,6,9897,1,C,Gold,63024
19563,Female,Urban,Bachelor,More than 10L,0,2,4044,More than 1,A,Platinum,103344
57040,Female,Urban,Bachelor,5L-10L,0,1,3749,More than 1,B,Platinum,72060
40619,Female,Rural,High School,More than 10L,1,6,0,1,A,Gold,51024
50749,Female,Rural,Bachelor,5L-10L,1,0,0,1,A,Gold,46140
61445,Female,Urban,High School,5L-10L,1,7,8226,More than 1,A,Gold,160920
55385,Female,Urban,High School,More than 10L,0,3,9510,More than 1,A,Gold,103368
26720,Male,Urban,Bachelor,5L-10L,1,4,2909,1,A,Platinum,45132
76794,Male,Urban,Bachelor,2L-5L,0,3,4080,1,B,Gold,36240
33582,Female,Rural,Bachelor,More than 10L,0,5,0,More than 1,B,Platinum,71496
18161,Female,Urban,High School,5L-10L,1,5,6854,1,A,Platinum,35664
74734,Female,Urban,High School,<=2L,1,1,5517,1,B,Platinum,64272
85778,Male,Urban,High School,More than 10L,1,1,4929,1,B,Platinum,36648
5551,Male,Rural,Bachelor,5L-10L,1,6,0,1,C,Gold,31800
68551,Male,Rural,High School,5L-10L,1,3,2016,1,A,Silver,35892
4576,Male,Rural,High School,More than 10L,1,7,2358,More than 1,A,Gold,102240
717,Male,Urban,High School,<=2L,1,7,7390,1,A,Platinum,58212
72609,Male,Urban,Bachelor,2L-5L,1,6,5288,More than 1,A,Platinum,102744
57828,Male,Urban,Bachelor,More than 10L,1,3,2052,More than 1,B,Silver,73032
78706,Female,Urban,High School,More than 10L,0,5,5159,More than 1,A,Platinum,98460
53881,Male,Urban,High School,5L-10L,0,3,6541,1,A,Gold,32208
60688,Male,Urban,High School,More than 10L,0,7,2516,More than 1,A,Platinum,99552
37303,Female,Rural,High School,More than 10L,0,5,6197,More than 1,A,Silver,107316
73077,Male,Urban,High School,5L-10L,1,6,6135,1,A,Silver,35928
48236,Male,Urban,High School,More than 10L,0,5,4312,1,A,Platinum,51024
87815,Male,Urban,High School,5L-10L,0,6,9538,1,A,Platinum,48936
76342,Male,Urban,High School,5L-10L,0,8,4270,1,A,Silver,53016
52930,Male,Urban,High School,5L-10L,1,7,3600,More than 1,B,Silver,61812
49619,Male,Rural,High School,5L-10L,1,8,2410,1,B,Gold,32352
28035,Female,Urban,High School,5L-10L,1,5,7533,More than 1,B,Gold,121668
74689,Female,Rural,Others,More than 10L,1,5,0,1,B,Silver,37392
86924,Male,Rural,Bachelor,More than 10L,1,6,3933,More than 1,A,Platinum,88452
18252,Male,Urban,Bachelor,More than 10L,1,5,0,More than 1,B,Silver,68544
80685,Male,Rural,Bachelor,5L-10L,1,8,2061,More than 1,B,Gold,79824
65279,Male,Urban,High School,5L-10L,1,2,3063,More than 1,B,Silver,95784
79043,Male,Urban,High School,More than 10L,1,4,6060,More than 1,C,Platinum,101124
53357,Male,Rural,High School,5L-10L,1,4,4002,More than 1,B,Platinum,70572
49075,Male,Rural,Bachelor,5L-10L,1,8,0,1,B,Silver,37584
35476,Female,Urban,Bachelor,5L-10L,1,3,2022,1,A,Platinum,36288
58081,Female,Rural,Bachelor,More than 10L,1,0,0,More than 1,A,Platinum,61896
71550,Male,Urban,Bachelor,5L-10L,1,4,5517,1,A,Platinum,32040
18212,Male,Urban,Bachelor,5L-10L,1,6,2909,More than 1,A,Gold,96360
34690,Female,Urban,Bachelor,5L-10L,1,6,2361,More than 1,B,Platinum,95232
68402,Female,Rural,Bachelor,5L-10L,0,7,2670,1,A,Platinum,54996
60208,Male,Urban,High School,5L-10L,1,3,0,More than 1,B,Gold,66096
13086,Male,Urban,Bachelor,2L-5L,0,1,6388,More than 1,A,Silver,113688
23703,Male,Urban,Bachelor,5L-10L,1,4,3668,More than 1,A,Platinum,95472
81620,Male,Urban,High School,5L-10L,1,6,2053,1,A,Silver,34776
43180,Female,Urban,High School,5L-10L,0,6,0,1,A,Platinum,34080
52837,Male,Rural,Bachelor,5L-10L,0,6,0,1,A,Platinum,37992
40343,Female,Rural,High School,5L-10L,1,2,2350,More than 1,A,Silver,102132
85710,Male,Urban,High School,2L-5L,1,4,6076,1,A,Platinum,45276
1620,Female,Rural,High School,5L-10L,1,5,0,More than 1,B,Platinum,77244
63629,Female,Urban,High School,More than 10L,0,4,4776,1,A,Silver,39780
228,Male,Rural,High School,5L-10L,0,7,0,More than 1,C,Gold,68988
6142,Female,Rural,High School,More than 10L,1,5,0,1,B,Platinum,48960
62030,Male,Urban,High School,5L-10L,0,7,18540,1,C,Silver,64128
34251,Female,Urban,High School,More than 10L,1,6,4961,1,C,Gold,38448
77013,Female,Urban,Bachelor,5L-10L,1,7,5733,1,A,Silver,34548
2951,Male,Urban,High School,5L-10L,1,1,6213,1,A,Platinum,45720
16156,Male,Urban,High School,5L-10L,1,4,0,1,A,Platinum,34488
46159,Male,Rural,Bachelor,5L-10L,1,7,2484,1,B,Silver,38052
27078,Male,Urban,High School,2L-5L,0,6,7429,More than 1,A,Silver,97860
81821,Female,Rural,High School,5L-10L,0,5,0,More than 1,B,Platinum,66624
8635,Male,Urban,High School,5L-10L,1,8,6361,1,A,Platinum,47868
1281,Female,Rural,Bachelor,5L-10L,1,6,0,More than 1,A,Platinum,92688
16808,Male,Rural,Bachelor,5L-10L,1,8,4140,More than 1,B,Platinum,71604
40768,Male,Urban,High School,5L-10L,1,2,8382,More than 1,A,Gold,103800
35742,Male,Urban,High School,2L-5L,1,6,5296,1,B,Silver,31944
64852,Male,Rural,Bachelor,More than 10L,0,4,0,More than 1,B,Silver,141384
25857,Male,Rural,Bachelor,5L-10L,0,4,0,1,B,Silver,50892
44848,Male,Urban,High School,More than 10L,1,2,3787,More than 1,A,Gold,89856
71753,Male,Rural,Bachelor,5L-10L,1,7,0,1,A,Gold,51480
9364,Female,Rural,Bachelor,More than 10L,0,3,5842,More than 1,A,Platinum,87732
5478,Female,Rural,Bachelor,More than 10L,1,5,2814,More than 1,B,Silver,67980
67619,Female,Rural,Bachelor,More than 10L,1,5,0,1,A,Silver,36480
5539,Female,Rural,High School,5L-10L,1,1,3107,1,A,Gold,46824
76811,Female,Urban,Bachelor,More than 10L,1,0,0,More than 1,B,Platinum,68832
42119,Male,Urban,Bachelor,2L-5L,1,8,0,More than 1,B,Platinum,67860
71554,Male,Urban,High School,5L-10L,1,6,2129,1,A,Platinum,36504
62209,Male,Urban,Others,2L-5L,1,1,3764,1,A,Platinum,38964
71266,Male,Urban,Others,2L-5L,1,7,2096,1,A,Platinum,34356
47824,Male,Urban,High School,2L-5L,1,6,5199,1,A,Silver,37896
64647,Female,Urban,High School,5L-10L,0,5,5731,1,A,Platinum,53256
51623,Female,Rural,Others,2L-5L,1,2,5301,1,A,Platinum,31896
26068,Female,Urban,Bachelor,More than 10L,0,7,4046,More than 1,A,Gold,92076
40164,Female,Rural,High School,5L-10L,1,5,2880,1,A,Gold,45552
81491,Male,Rural,High School,More than 10L,1,1,0,1,A,Platinum,33444
9658,Male,Urban,Bachelor,2L-5L,0,7,6208,1,A,Silver,50028
24480,Male,Urban,Bachelor,5L-10L,0,7,6394,1,A,Platinum,37524
55324,Male,Urban,Bachelor,2L-5L,1,4,0,1,B,Silver,45360
72670,Male,Urban,Bachelor,5L-10L,1,6,3223,1,A,Platinum,48648
4775,Male,Urban,High School,5L-10L,1,6,6175,1,A,Silver,34152
47486,Male,Rural,High School,5L-10L,1,6,0,1,B,Platinum,48984
88078,Male,Urban,High School,5L-10L,1,7,3801,1,B,Platinum,48432
21925,Male,Urban,Bachelor,5L-10L,1,5,3567,More than 1,A,Platinum,89880
15442,Female,Rural,High School,2L-5L,0,2,2196,More than 1,B,Silver,75216
53405,Male,Rural,High School,More than 10L,1,7,3184,More than 1,B,Platinum,72708
48050,Female,Urban,High School,2L-5L,1,2,4504,More than 1,C,Platinum,88584
83367,Female,Urban,High School,5L-10L,0,6,6017,1,A,Platinum,54048
40920,Female,Urban,Others,5L-10L,0,7,7285,1,A,Gold,36348
7179,Female,Urban,Others,5L-10L,1,5,2161,More than 1,A,Platinum,102648
39443,Male,Urban,Bachelor,More than 10L,1,6,6166,1,B,Silver,47508
53115,Male,Rural,High School,5L-10L,1,7,4146,More than 1,B,Platinum,61260
77492,Female,Urban,High School,5L-10L,0,3,5224,More than 1,A,Platinum,107436
64212,Male,Rural,High School,2L-5L,1,4,0,1,A,Platinum,32820
71007,Female,Urban,Bachelor,2L-5L,1,1,5747,More than 1,A,Silver,99144
88589,Male,Urban,High School,5L-10L,1,0,2080,1,A,Gold,51816
86822,Female,Urban,High School,2L-5L,0,6,5339,1,A,Platinum,34608
83244,Male,Rural,High School,5L-10L,1,2,2684,1,A,Platinum,38064
72638,Female,Rural,Bachelor,2L-5L,1,6,5557,1,C,Platinum,52284
31651,Female,Urban,Bachelor,2L-5L,0,0,4952,More than 1,A,Platinum,92100
25197,Male,Urban,Bachelor,5L-10L,0,0,9836,1,A,Silver,28860
59621,Male,Rural,Others,More than 10L,1,1,0,1,B,Silver,39456
63604,Female,Urban,Bachelor,2L-5L,0,3,14375,More than 1,A,Silver,108912
39773,Male,Rural,Bachelor,2L-5L,0,1,0,More than 1,B,Platinum,58380
59383,Female,Rural,High School,2L-5L,0,4,5967,More than 1,C,Silver,113292
73612,Male,Urban,Bachelor,5L-10L,1,4,6634,More than 1,A,Platinum,98460
61802,Female,Rural,Bachelor,5L-10L,0,3,6511,1,C,Platinum,40800
10357,Male,Urban,High School,More than 10L,1,4,5677,1,B,Silver,36588
41748,Male,Rural,Bachelor,More than 10L,1,1,2665,1,A,Platinum,35568
54730,Female,Urban,Bachelor,5L-10L,1,5,3042,1,A,Platinum,50808
33885,Male,Urban,Bachelor,2L-5L,1,1,0,More than 1,B,Gold,65748
27680,Female,Rural,High School,5L-10L,1,1,0,1,A,Gold,34584
85624,Female,Rural,High School,2L-5L,1,8,2087,More than 1,B,Platinum,69984
12014,Female,Rural,Bachelor,5L-10L,1,4,0,1,A,Gold,43056
18900,Female,Rural,Bachelor,5L-10L,1,3,0,1,B,Platinum,56856
88035,Female,Rural,Others,5L-10L,1,3,0,1,A,Platinum,47652
26126,Male,Urban,Bachelor,5L-10L,0,4,6815,1,A,Platinum,46464
52792,Female,Rural,High School,5L-10L,1,8,6674,More than 1,A,Platinum,67680
40748,Male,Urban,Bachelor,5L-10L,1,2,3859,1,B,Platinum,58332
80955,Female,Urban,Bachelor,2L-5L,1,1,6068,1,A,Gold,35808
88966,Female,Urban,Bachelor,5L-10L,1,6,3826,More than 1,A,Silver,94164
77350,Male,Urban,High School,2L-5L,1,1,6592,1,C,Platinum,45444
69501,Male,Urban,High School,5L-10L,0,0,6495,1,A,Silver,34188
51679,Female,Urban,Bachelor,5L-10L,0,7,5736,More than 1,B,Silver,74316
78986,Female,Rural,High School,More than 10L,1,6,0,1,A,Silver,37704
63725,Female,Rural,High School,5L-10L,0,1,2878,1,B,Gold,54420
63605,Female,Urban,High School,More than 10L,0,6,3422,More than 1,A,Platinum,103872
81261,Male,Urban,High School,5L-10L,1,0,2600,1,A,Platinum,47928
82406,Female,Urban,High School,2L-5L,1,3,11016,1,A,Silver,50592
74838,Male,Urban,High School,2L-5L,0,6,6257,1,A,Gold,47184
44098,Male,Urban,High School,5L-10L,1,1,6713,1,B,Platinum,49140
22078,Male,Rural,Bachelor,More than 10L,0,7,0,More than 1,B,Platinum,60372
21402,Male,Rural,Others,2L-5L,1,6,0,1,B,Platinum,34992
71518,Male,Rural,Bachelor,More than 10L,1,0,0,1,C,Silver,49980
15449,Female,Urban,Others,5L-10L,1,7,5971,1,A,Gold,36672
87363,Female,Urban,Bachelor,More than 10L,0,3,10196,More than 1,A,Platinum,95976
74937,Female,Urban,High School,5L-10L,0,6,0,More than 1,B,Platinum,72636
65421,Female,Rural,High School,5L-10L,0,0,2252,1,A,Silver,48072
13569,Male,Urban,High School,5L-10L,1,2,5457,1,A,Platinum,31416
56727,Male,Urban,High School,2L-5L,1,2,0,1,C,Silver,38748
61318,Female,Urban,Bachelor,5L-10L,0,3,2956,More than 1,A,Platinum,100140
86777,Female,Urban,High School,More than 10L,1,5,3717,1,C,Platinum,37056
17513,Male,Rural,Others,5L-10L,0,5,0,1,A,Platinum,31560
70660,Female,Urban,Bachelor,2L-5L,0,8,6226,1,B,Platinum,65784
41589,Female,Urban,High School,5L-10L,1,0,0,1,A,Platinum,37476
79462,Female,Rural,Bachelor,5L-10L,0,5,0,1,A,Gold,54384
17260,Female,Urban,High School,5L-10L,1,4,3421,More than 1,A,Gold,84636
11340,Male,Rural,High School,5L-10L,1,6,0,More than 1,B,Silver,71832
85453,Female,Urban,Bachelor,5L-10L,0,3,0,More than 1,A,Silver,102804
88699,Male,Urban,High School,5L-10L,1,8,2709,More than 1,A,Gold,102204
40121,Male,Rural,Bachelor,2L-5L,1,7,3158,1,B,Platinum,50676
43479,Male,Urban,Bachelor,5L-10L,1,7,2317,More than 1,A,Platinum,98520
58517,Male,Urban,High School,More than 10L,0,6,6587,1,A,Gold,34980
7270,Male,Urban,Others,2L-5L,0,7,5954,1,A,Platinum,37824
2521,Male,Urban,High School,2L-5L,1,5,7299,1,C,Platinum,62208
71085,Male,Urban,High School,5L-10L,1,8,3607,More than 1,A,Platinum,98988
60162,Female,Urban,High School,More than 10L,0,4,7010,More than 1,A,Silver,117936
84486,Male,Urban,High School,2L-5L,1,4,5234,1,B,Silver,39192
78166,Female,Urban,High School,5L-10L,1,5,7594,More than 1,A,Silver,98628
52841,Female,Rural,High School,5L-10L,1,2,6886,1,A,Platinum,51264
27075,Male,Rural,Bachelor,5L-10L,1,4,2828,More than 1,A,Silver,103764
12222,Female,Rural,Bachelor,5L-10L,0,8,3798,More than 1,A,Platinum,73188
70423,Male,Urban,Bachelor,More than 10L,1,3,9018,1,A,Platinum,61320
36265,Female,Urban,Bachelor,5L-10L,0,7,0,1,B,Silver,35244
78645,Male,Urban,Bachelor,5L-10L,1,7,5295,1,A,Platinum,33000
40277,Female,Urban,High School,5L-10L,0,6,7401,More than 1,A,Gold,98628
17192,Male,Urban,Bachelor,2L-5L,1,1,4982,1,A,Silver,37908
21764,Male,Urban,High School,5L-10L,0,6,6148,1,A,Platinum,51432
38086,Male,Urban,Bachelor,More than 10L,0,5,12098,More than 1,B,Platinum,97272
37872,Male,Urban,High School,5L-10L,0,3,3866,1,C,Gold,57168
68902,Female,Rural,High School,5L-10L,1,6,3839,1,B,Platinum,53964
72384,Female,Urban,Bachelor,5L-10L,0,7,3730,More than 1,A,Platinum,99792
22984,Female,Urban,High School,5L-10L,1,7,5463,More than 1,A,Platinum,101544
80527,Female,Urban,Bachelor,5L-10L,0,7,2407,1,A,Platinum,51648
28990,Male,Rural,High School,5L-10L,0,6,4623,1,A,Platinum,36012
22703,Female,Rural,Bachelor,5L-10L,1,0,0,More than 1,B,Platinum,62076
45170,Male,Urban,Bachelor,2L-5L,1,6,5534,More than 1,A,Platinum,102600
66803,Female,Rural,Bachelor,2L-5L,1,2,0,1,B,Silver,59532
33384,Male,Urban,High School,5L-10L,1,3,3859,More than 1,A,Platinum,95484
66567,Female,Urban,Bachelor,5L-10L,1,7,2290,More than 1,B,Silver,66084
41061,Male,Urban,Bachelor,2L-5L,1,6,5304,1,A,Gold,33192
86657,Male,Urban,Bachelor,More than 10L,0,4,6098,1,C,Gold,36360
81139,Male,Urban,Bachelor,2L-5L,0,7,12112,More than 1,A,Platinum,164628
60451,Female,Urban,Bachelor,More than 10L,0,5,3084,More than 1,A,Platinum,105888
6745,Male,Urban,High School,2L-5L,1,4,5880,More than 1,B,Gold,99420
45159,Male,Urban,High School,2L-5L,0,1,4073,1,B,Silver,33732
74564,Male,Urban,Bachelor,5L-10L,0,5,5758,More than 1,A,Platinum,114936
50489,Female,Urban,Bachelor,5L-10L,1,8,5169,1,B,Silver,55680
43083,Female,Urban,High School,More than 10L,1,7,4506,More than 1,B,Gold,71844
58116,Male,Urban,Others,5L-10L,0,5,4248,More than 1,A,Platinum,104688
72072,Female,Urban,High School,5L-10L,1,3,0,1,B,Platinum,39600
62703,Male,Urban,High School,2L-5L,1,4,2193,1,A,Gold,36396
64270,Male,Urban,High School,More than 10L,1,7,0,More than 1,B,Platinum,65208
30003,Female,Urban,Bachelor,5L-10L,0,2,6789,More than 1,A,Platinum,106320
60600,Male,Rural,Bachelor,More than 10L,1,8,0,1,B,Gold,50136
86566,Female,Rural,Others,More than 10L,1,6,0,More than 1,B,Platinum,72060
21797,Male,Urban,High School,More than 10L,1,0,2827,1,A,Gold,35724
20689,Male,Rural,Bachelor,5L-10L,0,7,0,1,C,Silver,37656
63892,Male,Urban,Bachelor,5L-10L,0,5,0,1,A,Platinum,44736
6877,Female,Rural,Bachelor,More than 10L,1,7,2238,More than 1,B,Platinum,80280
88313,Female,Urban,Bachelor,5L-10L,0,4,11587,More than 1,A,Platinum,107652
28500,Male,Urban,Bachelor,5L-10L,0,5,7328,1,A,Platinum,47232
63714,Female,Urban,High School,2L-5L,1,3,15539,1,A,Platinum,54084
23281,Female,Rural,High School,5L-10L,0,6,5886,More than 1,A,Platinum,60888
32314,Female,Urban,Bachelor,2L-5L,1,3,6968,1,A,Silver,34248
9704,Male,Rural,High School,More than 10L,1,8,2463,More than 1,B,Silver,69408
45353,Male,Rural,High School,More than 10L,1,3,0,More than 1,B,Platinum,59496
14008,Male,Urban,High School,More than 10L,0,6,7339,More than 1,B,Gold,120288
52927,Male,Rural,High School,5L-10L,1,7,3213,1,A,Gold,50700
75314,Female,Urban,Bachelor,5L-10L,0,1,5345,More than 1,A,Silver,102108
2209,Female,Urban,Bachelor,5L-10L,0,7,5339,1,A,Gold,49608
74214,Female,Urban,High School,2L-5L,0,0,4425,1,A,Silver,53280
88872,Male,Rural,Bachelor,5L-10L,1,3,5971,1,A,Silver,37188
70149,Female,Urban,High School,5L-10L,1,5,6700,1,A,Silver,45516
43194,Female,Rural,Bachelor,5L-10L,1,6,5435,1,A,Gold,43512
79631,Male,Rural,Bachelor,2L-5L,1,7,3890,More than 1,A,Platinum,91620
14790,Female,Rural,Bachelor,5L-10L,1,0,0,1,A,Platinum,39348
68779,Female,Urban,Bachelor,5L-10L,1,7,3839,More than 1,A,Gold,101460
67018,Male,Urban,Others,5L-10L,1,2,5638,More than 1,A,Gold,117660
1003,Female,Rural,Bachelor,2L-5L,0,6,2099,More than 1,B,Platinum,69600
2191,Female,Urban,Bachelor,5L-10L,1,6,2980,More than 1,A,Platinum,97728
79256,Female,Rural,High School,5L-10L,1,6,2263,More than 1,B,Silver,76704
19947,Male,Urban,High School,5L-10L,1,6,6508,1,C,Platinum,32280
38485,Male,Urban,Bachelor,5L-10L,1,4,6564,1,B,Silver,32232
42014,Female,Urban,High School,5L-10L,1,8,6381,More than 1,A,Platinum,99636
73945,Male,Urban,Bachelor,5L-10L,0,8,4095,1,B,Silver,49632
17679,Female,Rural,High School,5L-10L,1,7,4432,1,A,Platinum,49116
53138,Male,Urban,Bachelor,5L-10L,1,1,2050,1,A,Platinum,37116
28849,Female,Rural,Others,2L-5L,0,3,2269,1,B,Silver,39744
68214,Male,Urban,Bachelor,More than 10L,1,5,0,1,A,Silver,41184
43000,Male,Urban,High School,2L-5L,1,4,9206,1,A,Platinum,48624
8137,Male,Urban,High School,5L-10L,0,5,6528,1,A,Gold,33312
69892,Male,Urban,Bachelor,5L-10L,0,8,2298,More than 1,A,Gold,110040
21445,Male,Urban,Bachelor,5L-10L,1,5,0,More than 1,B,Silver,67620
51545,Male,Rural,Others,More than 10L,1,2,3757,More than 1,A,Platinum,67800
12237,Male,Rural,Bachelor,5L-10L,1,4,2768,More than 1,A,Platinum,87372
74341,Female,Rural,Bachelor,5L-10L,1,4,0,More than 1,B,Gold,74040
61147,Male,Rural,High School,5L-10L,0,8,0,More than 1,B,Silver,65016
8350,Male,Urban,Bachelor,5L-10L,1,6,2994,1,B,Gold,48372
10110,Female,Urban,Bachelor,<=2L,0,4,9363,More than 1,A,Silver,108828
82296,Female,Urban,Bachelor,5L-10L,0,2,5305,1,A,Silver,31092
5100,Female,Rural,High School,5L-10L,1,6,3342,1,A,Silver,50700
43563,Male,Urban,Bachelor,5L-10L,1,8,4219,1,B,Silver,47004
82094,Female,Urban,High School,5L-10L,0,1,3841,1,A,Platinum,49920
56351,Male,Rural,Bachelor,5L-10L,0,3,0,More than 1,B,Silver,66444
83569,Male,Urban,Bachelor,5L-10L,0,2,4587,1,A,Platinum,56904
20559,Female,Rural,High School,5L-10L,0,3,0,1,A,Silver,38868
55101,Male,Urban,Bachelor,2L-5L,1,8,5017,More than 1,A,Gold,107268
20591,Male,Urban,Bachelor,5L-10L,1,4,6529,1,C,Silver,44964
53272,Male,Urban,High School,2L-5L,1,8,3801,More than 1,A,Platinum,92784
88984,Male,Rural,Bachelor,More than 10L,1,7,0,1,A,Silver,45192
76488,Female,Rural,High School,2L-5L,1,5,2184,More than 1,C,Silver,94416
46313,Female,Urban,High School,2L-5L,1,3,5940,More than 1,C,Platinum,103332
51207,Female,Urban,High School,More than 10L,0,1,9293,More than 1,A,Platinum,132636
30602,Male,Urban,Bachelor,5L-10L,0,5,0,1,B,Silver,31032
34435,Male,Urban,Bachelor,5L-10L,0,7,6406,1,B,Silver,55788
84518,Female,Urban,High School,5L-10L,1,4,2048,1,A,Platinum,36564
10570,Female,Urban,Bachelor,5L-10L,1,2,3656,More than 1,B,Platinum,66696
19001,Female,Urban,High School,5L-10L,0,6,6417,1,A,Silver,47076
47359,Male,Urban,High School,2L-5L,1,6,2316,1,A,Platinum,50724
66670,Male,Urban,High School,5L-10L,1,7,4012,1,A,Silver,38040
54286,Male,Urban,High School,2L-5L,1,7,5744,1,A,Platinum,44580
41280,Male,Rural,Bachelor,More than 10L,1,8,3432,More than 1,A,Platinum,63648
16700,Female,Urban,High School,5L-10L,0,4,3015,1,A,Gold,42960
38323,Female,Urban,High School,5L-10L,1,1,5631,1,A,Platinum,51996
43359,Male,Urban,Bachelor,5L-10L,1,6,2678,1,C,Gold,53832
21575,Female,Urban,High School,More than 10L,0,8,2601,More than 1,A,Platinum,98340
46174,Male,Urban,Bachelor,5L-10L,1,2,4704,1,A,Platinum,36552
49450,Female,Rural,High School,5L-10L,1,1,0,1,B,Platinum,49524
50624,Female,Urban,High School,More than 10L,0,1,9940,1,A,Platinum,47328
901,Male,Urban,Bachelor,More than 10L,1,3,2998,More than 1,B,Silver,70224
81912,Male,Urban,Bachelor,5L-10L,1,8,3527,More than 1,B,Silver,75960
6293,Male,Urban,High School,5L-10L,1,5,4027,1,A,Platinum,45756
52726,Female,Rural,High School,5L-10L,1,7,2275,More than 1,A,Platinum,70068
39390,Male,Rural,High School,5L-10L,0,2,2191,1,B,Silver,36696
70869,Male,Urban,Bachelor,5L-10L,1,4,3683,More than 1,A,Gold,91968
27866,Female,Rural,High School,5L-10L,1,5,6279,1,A,Platinum,38400
45563,Male,Urban,High School,5L-10L,1,0,4210,More than 1,A,Platinum,101280
25825,Female,Urban,High School,<=2L,0,7,3759,More than 1,B,Platinum,100200
53966,Female,Urban,High School,5L-10L,1,4,4607,1,A,Platinum,41148
49675,Female,Urban,High School,2L-5L,0,6,4373,1,A,Gold,49740
28078,Female,Rural,Bachelor,5L-10L,0,3,0,1,B,Gold,46764
49606,Female,Urban,Bachelor,5L-10L,0,2,3751,More than 1,A,Gold,101904
14281,Female,Urban,High School,5L-10L,1,2,5392,1,C,Gold,35232
16105,Male,Rural,Others,5L-10L,1,7,0,1,A,Gold,45432
18542,Male,Rural,Others,5L-10L,0,0,0,1,A,Platinum,49032
8144,Male,Rural,High School,5L-10L,1,3,2137,More than 1,A,Platinum,114072
67884,Male,Urban,High School,2L-5L,1,1,8642,More than 1,A,Platinum,112368
54970,Female,Urban,High School,5L-10L,0,8,8965,More than 1,A,Silver,72132
521,Male,Urban,High School,More than 10L,1,6,6668,1,B,Gold,38364
26469,Female,Urban,High School,5L-10L,1,8,4004,1,A,Platinum,32484
49358,Male,Urban,High School,5L-10L,1,5,4029,More than 1,A,Platinum,97116
58357,Male,Urban,Bachelor,5L-10L,0,3,3910,1,A,Platinum,42756
51532,Male,Rural,High School,5L-10L,0,2,5157,1,A,Gold,54108
13176,Female,Rural,Bachelor,5L-10L,0,6,0,1,B,Platinum,38760
53999,Female,Urban,High School,2L-5L,1,4,5379,1,A,Platinum,31836
14354,Male,Urban,Bachelor,5L-10L,1,8,3805,More than 1,A,Platinum,96300
20379,Female,Urban,Bachelor,5L-10L,1,6,2411,More than 1,A,Platinum,85536
37518,Male,Urban,Bachelor,5L-10L,0,8,6635,More than 1,A,Silver,101088
349,Female,Urban,Bachelor,5L-10L,1,6,5432,More than 1,A,Platinum,92988
65479,Male,Urban,Bachelor,More than 10L,1,6,5206,1,A,Gold,31092
61399,Male,Urban,High School,2L-5L,0,8,6752,1,A,Platinum,65736
34433,Male,Urban,High School,5L-10L,1,6,0,1,A,Gold,42720
71236,Female,Urban,Bachelor,2L-5L,1,6,5262,1,A,Gold,42648
51276,Male,Urban,Bachelor,2L-5L,1,6,2655,More than 1,B,Platinum,73236
75632,Female,Urban,High School,5L-10L,1,1,15737,1,A,Gold,46344
73054,Female,Rural,High School,5L-10L,0,5,0,1,B,Gold,40740
56751,Male,Urban,High School,2L-5L,0,7,4328,1,A,Silver,47280
22235,Male,Rural,High School,5L-10L,1,4,4934,1,A,Platinum,31440
48651,Female,Rural,High School,5L-10L,0,6,0,1,A,Gold,31080
62184,Male,Rural,Bachelor,5L-10L,1,5,2124,1,B,Gold,32424
69982,Female,Rural,High School,5L-10L,1,1,0,1,B,Gold,33720
31956,Male,Urban,High School,<=2L,0,4,8820,More than 1,A,Platinum,98736
59312,Male,Urban,Bachelor,More than 10L,0,2,7389,More than 1,A,Gold,113616
63559,Male,Urban,High School,5L-10L,1,4,6104,1,A,Platinum,34236
8543,Male,Urban,Bachelor,5L-10L,0,6,6115,More than 1,A,Platinum,92364
22050,Female,Urban,High School,More than 10L,0,1,6816,1,A,Platinum,58860
60227,Male,Rural,High School,5L-10L,0,2,0,More than 1,B,Gold,96576
73792,Female,Urban,High School,5L-10L,1,3,6189,1,B,Silver,37068
5818,Female,Urban,Bachelor,2L-5L,1,7,4280,1,C,Gold,36636
83336,Female,Rural,High School,2L-5L,0,2,3770,1,A,Platinum,48732
33170,Female,Urban,Bachelor,More than 10L,0,5,4124,More than 1,A,Silver,81888
203,Male,Rural,High School,More than 10L,1,4,0,1,B,Silver,32940
5725,Female,Rural,High School,More than 10L,1,5,0,More than 1,B,Gold,62016
21061,Female,Urban,High School,5L-10L,0,2,4326,More than 1,B,Silver,99300
84587,Male,Rural,Bachelor,5L-10L,1,4,4378,1,C,Platinum,49020
47501,Male,Urban,High School,5L-10L,0,6,7005,More than 1,A,Platinum,104556
61188,Male,Urban,High School,5L-10L,1,5,8641,1,A,Platinum,50832
49445,Female,Urban,Bachelor,2L-5L,0,2,3833,More than 1,A,Gold,121464
42912,Female,Urban,High School,5L-10L,0,5,9862,More than 1,A,Platinum,103332
35913,Female,Urban,High School,2L-5L,0,7,5147,More than 1,A,Gold,100056
83094,Female,Urban,Bachelor,More than 10L,0,6,3494,More than 1,A,Silver,97176
72290,Male,Rural,Bachelor,5L-10L,1,6,0,More than 1,B,Platinum,62712
66030,Female,Rural,High School,5L-10L,1,6,6957,1,B,Silver,40872
78743,Male,Rural,High School,5L-10L,1,5,5087,1,A,Platinum,33696
88362,Female,Urban,High School,More than 10L,0,2,0,More than 1,B,Gold,73560
24611,Female,Rural,High School,2L-5L,1,8,6679,More than 1,B,Silver,92496
56426,Male,Rural,Bachelor,More than 10L,1,2,3219,More than 1,B,Silver,65748
22289,Female,Rural,High School,More than 10L,1,3,2760,More than 1,B,Silver,70224
84714,Male,Rural,Bachelor,5L-10L,1,8,0,More than 1,B,Silver,69768
31093,Male,Urban,High School,More than 10L,0,6,4238,More than 1,A,Platinum,102372
82328,Male,Urban,Bachelor,5L-10L,1,2,5359,1,C,Gold,51936
71132,Female,Urban,Bachelor,More than 10L,1,4,8517,1,A,Gold,36552
56849,Male,Urban,Others,More than 10L,0,8,3627,1,B,Silver,49908
48445,Female,Urban,High School,5L-10L,1,5,5741,1,A,Silver,50424
47245,Female,Urban,High School,More than 10L,0,7,3250,More than 1,A,Gold,105672
1146,Male,Rural,Bachelor,5L-10L,0,5,2378,More than 1,B,Silver,66612
31984,Male,Rural,Bachelor,5L-10L,0,7,4034,More than 1,A,Silver,85800
1236,Male,Urban,High School,5L-10L,1,7,6317,1,B,Platinum,40716
37676,Female,Urban,Bachelor,5L-10L,0,3,4396,More than 1,A,Platinum,105600
87658,Male,Urban,Bachelor,5L-10L,0,7,2048,1,A,Gold,51036
5007,Female,Urban,High School,2L-5L,1,7,6585,1,A,Silver,30900
18726,Female,Rural,Bachelor,5L-10L,1,2,2196,More than 1,A,Platinum,108300
50971,Male,Urban,High School,5L-10L,1,6,3679,More than 1,B,Platinum,73116
56659,Female,Rural,Bachelor,2L-5L,1,7,2374,More than 1,B,Platinum,63024
52521,Female,Rural,High School,5L-10L,0,8,0,More than 1,A,Gold,113472
56776,Female,Urban,High School,2L-5L,1,4,6543,1,A,Silver,34032
58885,Male,Rural,Bachelor,5L-10L,1,3,2645,More than 1,B,Platinum,66612
69248,Female,Rural,Bachelor,5L-10L,1,5,0,1,A,Gold,48480
19079,Male,Urban,Bachelor,2L-5L,1,8,5461,1,B,Gold,66480
27463,Male,Urban,Others,2L-5L,0,2,6557,1,A,Silver,48888
3136,Male,Urban,Bachelor,5L-10L,0,2,8596,More than 1,A,Gold,118668
65081,Male,Rural,Bachelor,More than 10L,0,0,7090,1,A,Gold,49728
9788,Male,Urban,Bachelor,<=2L,0,3,5720,More than 1,C,Gold,73872
85925,Female,Rural,High School,5L-10L,1,6,2858,More than 1,A,Platinum,83892
48967,Female,Urban,Bachelor,2L-5L,1,2,7220,More than 1,C,Platinum,201168
11364,Male,Urban,High School,5L-10L,0,7,5169,1,A,Silver,48732
18135,Female,Rural,High School,More than 10L,0,7,5963,1,C,Platinum,47328
80790,Male,Urban,Bachelor,5L-10L,1,3,3116,1,C,Platinum,40788
66128,Female,Rural,High School,More than 10L,0,2,10138,More than 1,A,Gold,103488
73210,Male,Rural,Others,5L-10L,0,8,0,1,A,Silver,39384
13097,Male,Rural,Bachelor,5L-10L,1,4,2694,1,B,Platinum,38364
27561,Male,Rural,High School,5L-10L,0,7,3220,More than 1,A,Platinum,75240
79406,Female,Urban,High School,5L-10L,0,3,2803,More than 1,A,Platinum,101676
41770,Male,Rural,High School,5L-10L,0,6,4074,1,A,Silver,51132
75710,Male,Urban,Bachelor,2L-5L,1,3,10734,1,B,Platinum,63768
32099,Female,Urban,High School,5L-10L,1,7,4229,More than 1,A,Platinum,87672
55670,Male,Rural,Bachelor,5L-10L,1,0,2301,More than 1,A,Gold,60252
36015,Female,Urban,Bachelor,More than 10L,0,8,20891,More than 1,A,Platinum,75672
17356,Male,Urban,High School,5L-10L,1,6,4518,1,A,Gold,44160
32214,Female,Urban,High School,More than 10L,0,2,6645,1,A,Platinum,32424
4954,Male,Urban,High School,5L-10L,1,5,7547,More than 1,C,Platinum,97140
84254,Male,Rural,Bachelor,5L-10L,0,7,6871,More than 1,B,Gold,67836
1798,Female,Urban,High School,More than 10L,0,5,2607,More than 1,A,Silver,102672
19510,Female,Rural,Others,5L-10L,1,7,0,1,A,Platinum,39612
80483,Female,Rural,Bachelor,2L-5L,1,5,0,1,B,Silver,48744
46437,Female,Urban,Bachelor,More than 10L,0,5,5448,1,A,Platinum,42948
12747,Female,Urban,High School,5L-10L,0,6,0,1,A,Platinum,33768
74534,Male,Rural,Bachelor,5L-10L,1,4,0,More than 1,B,Platinum,72408
79924,Male,Rural,Others,5L-10L,0,8,4281,More than 1,A,Platinum,60948
56204,Female,Rural,Bachelor,More than 10L,0,4,2287,More than 1,A,Silver,65664
3902,Male,Urban,Bachelor,5L-10L,1,7,2045,More than 1,A,Gold,96192
64253,Male,Rural,Bachelor,5L-10L,1,4,2708,More than 1,A,Platinum,93456
877,Male,Urban,Others,5L-10L,1,4,0,1,C,Gold,40548
14929,Male,Rural,Bachelor,5L-10L,1,2,6200,1,A,Silver,52800
17366,Male,Rural,Bachelor,More than 10L,1,2,2138,1,A,Platinum,33300
69176,Male,Urban,Bachelor,5L-10L,1,6,0,1,B,Silver,32904
9897,Male,Urban,Bachelor,<=2L,0,6,4972,1,A,Platinum,48624
35365,Male,Urban,High School,More than 10L,1,1,5380,1,A,Platinum,33744
45971,Female,Rural,Others,More than 10L,0,6,6075,1,A,Silver,32772
84736,Male,Urban,High School,5L-10L,1,0,6368,1,A,Gold,47124
26367,Female,Urban,Bachelor,5L-10L,1,7,13588,1,A,Silver,47964
49348,Male,Urban,High School,5L-10L,1,5,6141,More than 1,A,Platinum,102360
55329,Female,Rural,Bachelor,5L-10L,1,7,2203,1,B,Platinum,53652
86598,Female,Rural,High School,More than 10L,1,6,0,1,C,Platinum,34164
5508,Female,Urban,High School,5L-10L,1,2,4195,More than 1,B,Gold,72000
22357,Male,Rural,High School,5L-10L,0,7,0,1,B,Gold,50196
2658,Female,Rural,High School,2L-5L,0,3,0,More than 1,B,Platinum,59868
16713,Female,Rural,High School,5L-10L,1,2,0,1,B,Gold,36216
6933,Male,Rural,High School,5L-10L,0,4,0,1,B,Platinum,38184
82185,Male,Urban,Bachelor,5L-10L,1,2,2163,1,A,Platinum,48732
87407,Female,Rural,Bachelor,5L-10L,1,3,0,1,B,Gold,42360
44512,Male,Urban,High School,5L-10L,1,5,10582,More than 1,A,Gold,97584
25205,Female,Urban,High School,5L-10L,1,6,6455,More than 1,A,Platinum,90660
63510,Male,Urban,Bachelor,2L-5L,0,7,3846,More than 1,B,Gold,114060
64444,Female,Rural,High School,5L-10L,1,7,0,More than 1,A,Platinum,72948
28645,Male,Rural,High School,More than 10L,1,6,0,More than 1,B,Platinum,71496
18974,Female,Urban,Bachelor,5L-10L,1,4,0,1,A,Gold,66864
88138,Male,Urban,Bachelor,2L-5L,1,2,11215,More than 1,A,Gold,117912
19302,Male,Urban,High School,2L-5L,1,5,4114,More than 1,A,Platinum,106272
69422,Female,Urban,High School,5L-10L,1,1,2320,1,C,Silver,33444
43544,Male,Urban,Others,5L-10L,0,1,0,1,B,Platinum,33348
35213,Male,Urban,High School,2L-5L,1,6,8349,More than 1,B,Gold,111996
30546,Male,Rural,High School,More than 10L,1,6,2139,1,B,Silver,52992
79528,Male,Rural,Bachelor,2L-5L,1,1,0,1,A,Platinum,33372
55131,Male,Urban,Bachelor,5L-10L,0,3,0,1,A,Silver,39228
20153,Male,Rural,High School,5L-10L,1,6,2360,1,B,Platinum,38136
36581,Male,Urban,Others,More than 10L,1,1,3155,1,A,Platinum,38580
52687,Female,Urban,Bachelor,<=2L,1,6,6492,More than 1,A,Platinum,122268
19955,Male,Urban,High School,2L-5L,1,6,6420,1,A,Silver,45648
46343,Female,Urban,Bachelor,More than 10L,1,3,10260,More than 1,B,Platinum,97056
81553,Male,Rural,High School,5L-10L,1,6,3671,More than 1,B,Platinum,59556
29029,Female,Rural,Bachelor,2L-5L,0,7,3846,More than 1,B,Silver,67584
24489,Male,Rural,Others,5L-10L,1,5,0,1,C,Platinum,30756
38830,Male,Urban,Bachelor,5L-10L,0,2,0,1,B,Platinum,31140
21527,Male,Urban,Bachelor,5L-10L,0,7,5164,1,C,Platinum,58104
49641,Female,Rural,Bachelor,More than 10L,0,7,5275,1,B,Platinum,57300
81513,Male,Urban,Bachelor,5L-10L,1,8,5210,1,A,Platinum,36372
41335,Male,Urban,High School,5L-10L,1,0,4678,1,A,Platinum,32616
21566,Male,Urban,High School,2L-5L,1,3,5919,1,A,Silver,36744
33892,Male,Urban,High School,2L-5L,0,1,5866,1,A,Platinum,38580
39990,Male,Rural,High School,More than 10L,1,6,5304,1,C,Platinum,36480
81197,Male,Rural,High School,2L-5L,1,1,0,1,B,Platinum,31872
81787,Male,Urban,High School,2L-5L,0,3,4108,More than 1,C,Platinum,107424
56237,Female,Urban,High School,5L-10L,0,5,2199,More than 1,A,Gold,86124
85919,Female,Rural,High School,More than 10L,1,6,0,1,B,Silver,37056
49326,Female,Rural,High School,2L-5L,1,6,2089,1,B,Platinum,38676
64843,Female,Rural,Bachelor,5L-10L,1,0,0,More than 1,B,Gold,61800
10494,Female,Urban,High School,2L-5L,1,0,3959,More than 1,B,Platinum,110556
15659,Female,Rural,High School,5L-10L,1,6,2436,1,A,Platinum,56988
41160,Female,Urban,Bachelor,5L-10L,0,8,5678,1,A,Gold,47796
70353,Female,Urban,High School,<=2L,0,3,4978,1,A,Silver,45264
86986,Male,Urban,High School,2L-5L,1,6,15178,1,C,Silver,48132
3184,Female,Rural,Others,2L-5L,1,0,0,1,B,Silver,32916
30023,Female,Urban,High School,5L-10L,1,3,6477,1,A,Platinum,49932
54449,Female,Rural,High School,5L-10L,0,2,2568,More than 1,B,Platinum,104376
43043,Male,Urban,Others,5L-10L,1,7,0,1,A,Silver,53088
59337,Male,Urban,High School,<=2L,1,5,7872,More than 1,A,Platinum,152628
54382,Female,Urban,Bachelor,5L-10L,0,5,4684,More than 1,B,Gold,108756
66137,Male,Urban,Bachelor,5L-10L,0,6,5389,1,A,Gold,44676
35731,Female,Rural,High School,More than 10L,1,6,3246,More than 1,C,Platinum,66888
18026,Male,Urban,High School,5L-10L,0,6,6520,1,A,Platinum,45408
77747,Male,Urban,Bachelor,2L-5L,1,1,3132,More than 1,B,Silver,69072
65635,Female,Urban,High School,5L-10L,1,4,6408,More than 1,A,Platinum,92268
44997,Male,Urban,High School,5L-10L,0,2,3754,More than 1,B,Platinum,91464
45515,Male,Urban,High School,5L-10L,1,1,4251,More than 1,A,Gold,93072
18765,Male,Rural,High School,5L-10L,0,6,0,1,C,Silver,33408
30871,Female,Rural,Bachelor,5L-10L,1,1,0,More than 1,A,Gold,74484
4617,Male,Urban,Bachelor,5L-10L,0,7,0,1,B,Platinum,53964
87148,Female,Urban,High School,5L-10L,1,6,13094,More than 1,A,Platinum,95388
56613,Male,Urban,High School,5L-10L,1,4,5408,1,A,Platinum,34848
5336,Male,Rural,Bachelor,5L-10L,0,7,2669,More than 1,B,Silver,73200
27157,Female,Urban,High School,5L-10L,1,2,13886,More than 1,B,Gold,96216
46449,Female,Urban,High School,5L-10L,1,1,4379,1,C,Gold,45024
21238,Male,Urban,High School,More than 10L,1,6,6018,1,A,Platinum,45372
72633,Male,Urban,High School,5L-10L,0,1,4204,1,A,Silver,57396
12167,Female,Urban,High School,5L-10L,0,0,3126,More than 1,C,Gold,109428
37477,Male,Urban,Bachelor,2L-5L,0,5,11641,More than 1,B,Platinum,113736
1761,Male,Urban,Bachelor,5L-10L,1,1,5140,1,C,Platinum,33672
12973,Male,Urban,High School,5L-10L,1,4,3022,More than 1,A,Platinum,97200
68238,Female,Rural,High School,5L-10L,0,2,0,1,B,Silver,47088
70669,Male,Rural,Others,5L-10L,1,3,5384,1,B,Platinum,65832
34612,Male,Urban,Bachelor,5L-10L,1,8,6002,More than 1,A,Silver,101544
3102,Male,Rural,Bachelor,5L-10L,1,7,0,1,B,Gold,44784
12812,Male,Urban,High School,2L-5L,0,0,5975,1,A,Silver,34152
41991,Female,Rural,High School,5L-10L,1,1,5018,1,A,Gold,32160
2965,Female,Rural,Bachelor,5L-10L,1,4,6547,1,A,Platinum,49668
61447,Male,Urban,Bachelor,5L-10L,0,1,0,1,A,Silver,31908
80092,Male,Urban,High School,2L-5L,0,2,7115,More than 1,A,Platinum,98532
42192,Male,Urban,High School,5L-10L,1,1,4339,1,A,Platinum,51000
88092,Female,Urban,Bachelor,<=2L,0,1,5712,1,A,Silver,45984
51378,Male,Urban,Others,2L-5L,1,1,0,1,A,Platinum,29532
46990,Male,Urban,Bachelor,5L-10L,1,7,0,More than 1,A,Platinum,101376
68892,Female,Urban,Bachelor,2L-5L,0,4,5369,1,A,Platinum,58116
14041,Female,Rural,Bachelor,More than 10L,1,4,0,More than 1,A,Platinum,65976
59648,Female,Urban,Bachelor,More than 10L,1,7,2583,1,B,Platinum,51552
77411,Female,Urban,Bachelor,5L-10L,0,2,6272,More than 1,A,Gold,98904
73707,Male,Urban,Bachelor,5L-10L,1,6,15979,1,A,Platinum,61428
45605,Female,Rural,Others,5L-10L,1,7,5460,1,A,Platinum,53064
47794,Female,Urban,High School,2L-5L,1,5,3988,1,A,Platinum,42012
18752,Female,Urban,Bachelor,More than 10L,0,2,5377,1,A,Gold,46068
34129,Male,Rural,High School,5L-10L,1,4,2484,More than 1,A,Gold,98256
82313,Male,Urban,High School,5L-10L,1,4,2404,1,B,Platinum,47724
13897,Female,Urban,High School,5L-10L,0,6,8429,More than 1,A,Silver,88368
82933,Male,Urban,Bachelor,2L-5L,1,1,5277,1,A,Gold,32316
7200,Female,Rural,Bachelor,More than 10L,0,8,6072,More than 1,B,Gold,66120
44354,Male,Rural,Bachelor,More than 10L,1,6,3142,More than 1,B,Platinum,71412
5665,Female,Urban,High School,5L-10L,1,5,5942,More than 1,A,Gold,95292
81699,Male,Rural,High School,5L-10L,0,8,2220,More than 1,A,Platinum,79380
30696,Male,Rural,High School,5L-10L,1,1,2134,1,A,Platinum,30972
45049,Female,Urban,High School,2L-5L,0,6,5046,More than 1,A,Platinum,93096
71301,Male,Rural,High School,More than 10L,1,2,2796,1,A,Silver,41028
12741,Male,Urban,High School,2L-5L,0,2,7212,1,B,Platinum,59208
31228,Male,Urban,Bachelor,2L-5L,1,8,0,More than 1,B,Platinum,70368
44505,Male,Urban,Bachelor,5L-10L,0,7,6868,More than 1,A,Gold,108108
6069,Female,Urban,High School,5L-10L,0,3,3782,1,C,Silver,56688
53449,Male,Rural,High School,5L-10L,1,6,0,1,C,Gold,31680
52175,Male,Urban,High School,5L-10L,1,8,5797,More than 1,A,Platinum,102540
3950,Male,Urban,Bachelor,2L-5L,0,3,4281,More than 1,B,Gold,126060
65906,Male,Urban,Bachelor,5L-10L,1,3,2512,1,B,Silver,51504
51051,Male,Rural,High School,5L-10L,1,7,6704,1,B,Platinum,59088
54228,Female,Rural,Bachelor,5L-10L,1,7,2494,More than 1,A,Platinum,72300
18888,Female,Rural,High School,5L-10L,0,2,3299,1,A,Gold,36888
10981,Male,Rural,High School,More than 10L,1,0,4915,1,A,Platinum,32496
19468,Male,Rural,Bachelor,5L-10L,1,5,2791,1,A,Silver,45348
1395,Male,Rural,Others,5L-10L,0,4,0,More than 1,B,Platinum,95496
52286,Female,Urban,High School,More than 10L,0,0,4447,1,C,Silver,63936
78691,Male,Urban,High School,5L-10L,0,3,7099,1,A,Platinum,44748
61182,Male,Rural,Bachelor,5L-10L,0,6,0,1,B,Gold,35400
58154,Female,Urban,High School,5L-10L,0,7,5256,More than 1,A,Silver,107076
46096,Male,Urban,Bachelor,2L-5L,1,7,4300,More than 1,A,Platinum,102696
29908,Male,Urban,High School,5L-10L,0,3,0,More than 1,A,Platinum,111216
87544,Male,Rural,Bachelor,2L-5L,0,6,2006,1,A,Gold,36924
20251,Male,Urban,High School,5L-10L,0,6,7710,More than 1,A,Platinum,101112
46493,Female,Urban,High School,5L-10L,0,5,8630,More than 1,A,Platinum,101232
62595,Male,Rural,Others,More than 10L,0,2,0,1,B,Platinum,36096
6088,Male,Urban,High School,<=2L,0,4,3807,More than 1,A,Platinum,93408
44561,Male,Urban,High School,More than 10L,1,5,3953,1,A,Silver,35280
76555,Male,Urban,High School,2L-5L,1,3,4499,1,A,Silver,45792
31519,Female,Urban,Bachelor,5L-10L,0,2,6971,1,A,Silver,31644
21883,Male,Urban,High School,5L-10L,0,7,6735,1,A,Silver,37680
73103,Male,Rural,Bachelor,5L-10L,1,4,0,1,C,Gold,38976
68875,Male,Urban,Bachelor,2L-5L,1,1,4105,More than 1,A,Silver,78540
55903,Male,Rural,Bachelor,More than 10L,0,1,6158,1,A,Platinum,33900
48732,Male,Urban,Bachelor,2L-5L,1,8,5555,1,B,Platinum,34764
4341,Female,Rural,Others,2L-5L,1,6,0,More than 1,B,Platinum,60492
86805,Male,Urban,Bachelor,5L-10L,1,7,6206,More than 1,A,Platinum,95712
47511,Female,Rural,High School,More than 10L,0,8,2210,More than 1,A,Platinum,66948
39603,Female,Urban,High School,2L-5L,1,1,2922,More than 1,A,Silver,69480
59515,Male,Urban,Bachelor,5L-10L,0,6,6713,More than 1,A,Platinum,109728
14246,Female,Urban,High School,5L-10L,0,1,2289,1,B,Silver,28500
2937,Female,Rural,High School,2L-5L,1,6,2426,More than 1,B,Gold,67776
70290,Female,Rural,Bachelor,More than 10L,1,2,0,1,A,Silver,50796
14838,Female,Rural,Bachelor,5L-10L,1,7,2128,1,A,Platinum,30864
61988,Male,Urban,High School,5L-10L,1,4,4280,More than 1,A,Gold,98628
82126,Male,Rural,Bachelor,5L-10L,1,6,2403,More than 1,A,Gold,71232
50210,Male,Urban,High School,2L-5L,0,3,6535,1,A,Silver,30204
26491,Male,Rural,High School,5L-10L,1,1,0,1,A,Platinum,35316
58823,Female,Rural,Bachelor,5L-10L,1,7,4718,More than 1,A,Silver,95004
43998,Female,Urban,High School,5L-10L,1,7,5688,More than 1,A,Platinum,88872
80030,Male,Urban,Bachelor,2L-5L,1,6,0,1,A,Silver,49356
59830,Male,Rural,Bachelor,5L-10L,1,6,0,1,A,Platinum,43044
22255,Female,Urban,High School,5L-10L,0,7,7464,More than 1,A,Silver,94968
10519,Male,Urban,Bachelor,5L-10L,1,2,3705,More than 1,B,Platinum,64992
78705,Male,Urban,Bachelor,More than 10L,1,6,2038,1,B,Silver,35640
48557,Female,Rural,High School,More than 10L,1,2,4133,1,A,Platinum,44640
45448,Male,Urban,Bachelor,5L-10L,0,3,3964,1,C,Platinum,53460
34903,Female,Urban,High School,More than 10L,1,8,3930,More than 1,A,Platinum,85644
31773,Male,Rural,Bachelor,5L-10L,0,2,4713,More than 1,A,Silver,97176
17946,Male,Urban,Bachelor,5L-10L,0,6,6281,More than 1,C,Gold,103920
13595,Male,Urban,Bachelor,5L-10L,1,3,4163,More than 1,A,Platinum,109728
64391,Female,Urban,High School,5L-10L,1,7,6133,1,A,Silver,50820
39026,Male,Rural,High School,5L-10L,1,3,0,1,A,Gold,33576
77789,Female,Urban,Bachelor,5L-10L,1,6,8369,1,A,Platinum,41088
37211,Female,Urban,Bachelor,<=2L,1,2,5790,1,A,Platinum,51336
9645,Male,Urban,High School,5L-10L,1,1,3038,1,A,Platinum,36864
5737,Female,Urban,High School,2L-5L,1,2,5379,1,A,Platinum,31728
81822,Male,Urban,Bachelor,More than 10L,1,1,6260,1,A,Platinum,46860
59784,Female,Urban,High School,2L-5L,0,6,6324,More than 1,A,Gold,97932
70719,Male,Urban,High School,5L-10L,1,4,4205,More than 1,A,Platinum,97908
77245,Male,Urban,High School,5L-10L,1,5,5599,1,B,Silver,35784
27949,Male,Urban,High School,5L-10L,0,6,4314,More than 1,C,Platinum,109260
87627,Male,Urban,Others,2L-5L,0,1,8947,1,A,Platinum,47940
73783,Male,Urban,High School,5L-10L,1,0,5526,More than 1,A,Platinum,116484
9947,Male,Urban,High School,5L-10L,0,7,7139,1,A,Gold,51360
50155,Female,Urban,High School,2L-5L,1,6,6049,More than 1,A,Gold,93768
33159,Male,Urban,Bachelor,5L-10L,0,6,9745,1,B,Platinum,48588
82905,Female,Rural,Bachelor,More than 10L,1,2,2460,More than 1,A,Silver,71700
9776,Male,Rural,Others,5L-10L,1,6,0,1,A,Silver,50484
63325,Male,Rural,Others,More than 10L,0,3,3249,More than 1,B,Platinum,101784
8204,Male,Urban,High School,2L-5L,0,0,0,1,A,Platinum,49260
56082,Male,Urban,Bachelor,More than 10L,1,4,7267,More than 1,A,Platinum,101916
16909,Male,Urban,High School,2L-5L,0,8,5765,1,A,Silver,36828
45042,Male,Rural,High School,5L-10L,0,5,0,More than 1,A,Platinum,71472
51170,Male,Urban,High School,5L-10L,0,4,12193,1,A,Gold,55884
12786,Female,Urban,Bachelor,2L-5L,0,7,5687,1,A,Platinum,32172
59530,Male,Urban,High School,5L-10L,1,7,3899,1,A,Silver,40500
24395,Male,Rural,High School,5L-10L,1,8,0,1,B,Platinum,43920
48312,Female,Urban,High School,5L-10L,1,4,6223,More than 1,A,Platinum,92148
84642,Male,Rural,Bachelor,2L-5L,0,1,3874,1,B,Silver,65244
66183,Male,Rural,Bachelor,5L-10L,1,6,4364,More than 1,A,Gold,100248
76799,Female,Urban,High School,2L-5L,1,6,4571,1,A,Platinum,31392
49102,Male,Rural,Bachelor,5L-10L,1,7,0,More than 1,B,Platinum,75912
74613,Male,Rural,Bachelor,2L-5L,0,6,3026,More than 1,B,Platinum,65892
61157,Female,Rural,Others,More than 10L,1,0,0,More than 1,A,Platinum,60120
13174,Male,Urban,High School,2L-5L,1,7,6293,1,B,Silver,43284
67051,Male,Rural,Bachelor,5L-10L,1,5,0,More than 1,A,Platinum,93912
24056,Female,Rural,High School,5L-10L,0,6,0,1,B,Silver,36576
53750,Female,Rural,Bachelor,5L-10L,1,2,0,1,A,Platinum,44424
47783,Male,Rural,High School,5L-10L,1,7,0,1,C,Gold,35220
39709,Female,Urban,High School,5L-10L,1,3,6756,1,A,Platinum,31608
49870,Male,Urban,Bachelor,5L-10L,1,8,3486,1,A,Platinum,52968
73762,Male,Rural,Bachelor,2L-5L,0,7,0,1,A,Platinum,47928
10706,Female,Urban,Bachelor,5L-10L,1,6,5672,1,A,Platinum,35004
33470,Female,Rural,High School,More than 10L,0,1,0,More than 1,B,Platinum,73968
67141,Female,Urban,High School,5L-10L,1,5,4251,More than 1,A,Platinum,97056
13824,Female,Urban,High School,5L-10L,0,0,9094,1,A,Silver,50688
101,Female,Rural,High School,5L-10L,1,1,4861,1,A,Gold,35736
47996,Male,Rural,High School,5L-10L,1,1,6931,1,C,Gold,60144
5404,Female,Urban,High School,5L-10L,1,2,4002,1,A,Silver,37620
11680,Male,Urban,High School,More than 10L,1,5,6385,More than 1,A,Gold,108588
17429,Female,Rural,Bachelor,More than 10L,1,1,0,1,B,Platinum,37932
3063,Male,Urban,High School,5L-10L,0,2,9778,More than 1,A,Platinum,145452
83528,Male,Urban,Bachelor,5L-10L,1,7,3896,1,A,Gold,49896
39442,Female,Urban,High School,5L-10L,0,1,4038,1,B,Platinum,51924
12966,Female,Rural,Others,5L-10L,1,7,0,More than 1,B,Gold,59508
63390,Male,Urban,Others,More than 10L,0,3,5685,1,A,Platinum,28788
37215,Male,Urban,Bachelor,2L-5L,1,6,2130,More than 1,B,Silver,62988
16551,Male,Urban,Bachelor,More than 10L,1,4,3988,1,A,Silver,31104
40274,Male,Rural,High School,5L-10L,0,5,2427,1,B,Platinum,56460
77952,Female,Urban,Bachelor,2L-5L,1,8,0,More than 1,B,Platinum,68808
74548,Female,Rural,Bachelor,More than 10L,1,5,2205,More than 1,B,Silver,66312
67120,Female,Rural,Bachelor,5L-10L,1,2,4880,1,A,Gold,38376
64547,Male,Rural,Bachelor,5L-10L,1,6,0,1,B,Platinum,36912
6640,Male,Urban,Bachelor,2L-5L,1,4,7067,1,A,Platinum,66612
86302,Male,Urban,Bachelor,5L-10L,1,1,9908,1,A,Gold,47076
48555,Female,Urban,High School,2L-5L,1,3,0,1,B,Gold,34464
58655,Female,Urban,Others,5L-10L,0,2,0,More than 1,A,Platinum,60348
49180,Male,Urban,Bachelor,5L-10L,1,0,9286,More than 1,A,Platinum,96036
4662,Male,Urban,Bachelor,More than 10L,1,2,6216,1,A,Platinum,32976
83378,Male,Rural,High School,5L-10L,1,1,3183,More than 1,A,Platinum,63696
39584,Female,Rural,High School,5L-10L,0,5,4793,1,A,Platinum,31524
52585,Male,Urban,High School,2L-5L,0,2,8248,1,B,Silver,56820
66738,Male,Rural,Bachelor,5L-10L,1,3,0,1,A,Gold,39108
69598,Female,Rural,High School,5L-10L,0,4,2728,More than 1,A,Gold,90480
64686,Female,Rural,Bachelor,5L-10L,1,1,3295,More than 1,A,Silver,69924
77211,Male,Urban,High School,5L-10L,1,6,3744,More than 1,B,Platinum,69288
45603,Male,Rural,High School,5L-10L,1,6,0,More than 1,A,Gold,92904
23463,Female,Rural,High School,5L-10L,1,3,3263,1,A,Silver,37740
40766,Male,Urban,Bachelor,More than 10L,0,3,4093,More than 1,A,Gold,98796
49215,Male,Rural,High School,5L-10L,1,3,3597,More than 1,B,Platinum,73524
29053,Male,Urban,High School,5L-10L,1,3,4046,More than 1,A,Platinum,94584
59424,Female,Rural,High School,2L-5L,1,1,4643,1,A,Platinum,44112
10005,Female,Rural,High School,More than 10L,0,6,2771,More than 1,A,Platinum,99204
27665,Male,Rural,High School,2L-5L,1,6,0,More than 1,B,Platinum,62652
84342,Male,Urban,Bachelor,More than 10L,1,1,3445,1,A,Gold,33120
7431,Male,Urban,Bachelor,5L-10L,1,6,3656,1,A,Platinum,44784
11113,Male,Urban,High School,2L-5L,0,1,5644,1,A,Platinum,52044
49927,Male,Rural,High School,5L-10L,0,6,0,1,A,Gold,44268
34827,Male,Rural,Bachelor,5L-10L,1,7,0,More than 1,B,Silver,65100
38791,Male,Urban,Bachelor,5L-10L,1,0,6136,1,A,Silver,60816
77268,Male,Rural,Bachelor,5L-10L,0,3,2722,More than 1,A,Platinum,110556
80307,Female,Rural,Others,5L-10L,1,4,2136,1,B,Silver,41304
13953,Male,Urban,High School,More than 10L,1,0,9052,1,A,Gold,64188
58860,Female,Urban,Bachelor,2L-5L,1,5,5266,1,A,Platinum,29496
73608,Female,Urban,High School,5L-10L,0,6,10887,More than 1,A,Platinum,100824
21371,Male,Urban,High School,2L-5L,1,4,3490,More than 1,A,Silver,102516
17461,Male,Rural,Bachelor,5L-10L,0,1,0,More than 1,B,Silver,67824
13693,Male,Urban,Bachelor,More than 10L,0,3,7307,More than 1,B,Silver,94668
5045,Female,Urban,High School,2L-5L,1,7,3666,More than 1,B,Gold,144984
23856,Male,Urban,Bachelor,5L-10L,1,4,3578,More than 1,A,Silver,100860
18899,Male,Rural,Bachelor,2L-5L,1,6,0,More than 1,B,Platinum,66108
53650,Male,Urban,High School,5L-10L,0,4,3913,1,C,Platinum,41616
13320,Female,Urban,High School,2L-5L,1,5,4979,1,A,Silver,36492
42020,Female,Rural,High School,5L-10L,1,6,0,More than 1,B,Platinum,67404
85380,Male,Urban,Bachelor,5L-10L,1,2,6769,More than 1,A,Platinum,99564
8324,Male,Urban,Bachelor,More than 10L,0,8,4017,More than 1,B,Gold,103776
23554,Male,Rural,High School,More than 10L,0,7,6351,More than 1,A,Platinum,65412
42581,Female,Urban,High School,More than 10L,1,5,9910,1,A,Platinum,57468
76523,Male,Urban,Bachelor,2L-5L,0,3,6296,More than 1,B,Silver,93768
17823,Female,Urban,High School,2L-5L,1,5,0,More than 1,B,Platinum,66768
53538,Male,Rural,Others,5L-10L,1,4,0,1,B,Gold,33684
49646,Male,Urban,Bachelor,2L-5L,0,1,5337,More than 1,B,Gold,107124
33337,Male,Urban,High School,5L-10L,1,7,8293,1,A,Platinum,47448
60713,Male,Urban,High School,5L-10L,1,5,5753,1,A,Platinum,48456
27006,Male,Urban,Bachelor,More than 10L,1,3,4296,1,A,Gold,49224
21531,Male,Urban,High School,5L-10L,1,2,5874,More than 1,B,Platinum,86220
16943,Male,Urban,High School,5L-10L,0,0,0,1,A,Gold,53808
50383,Female,Rural,Bachelor,More than 10L,0,5,2556,More than 1,A,Platinum,110400
1888,Male,Urban,Bachelor,2L-5L,1,7,3895,1,A,Platinum,48816
82953,Male,Rural,Bachelor,More than 10L,0,7,0,1,A,Silver,45612
43376,Male,Urban,Bachelor,5L-10L,0,6,2507,1,A,Platinum,47736
88513,Female,Rural,High School,5L-10L,1,6,2359,More than 1,B,Silver,65364
19785,Male,Rural,Bachelor,More than 10L,1,5,0,1,C,Gold,33672
62285,Female,Urban,Bachelor,2L-5L,0,5,0,1,A,Platinum,59376
56939,Male,Rural,High School,More than 10L,1,2,0,1,B,Platinum,35412
38020,Female,Rural,High School,More than 10L,1,1,0,More than 1,A,Platinum,77928
74507,Male,Urban,Bachelor,5L-10L,1,2,5258,1,A,Platinum,35964
29520,Male,Urban,Bachelor,5L-10L,1,3,5450,1,A,Silver,33756
87855,Male,Urban,High School,5L-10L,1,8,2257,More than 1,B,Platinum,62628
71817,Male,Urban,High School,5L-10L,1,7,10540,1,A,Platinum,55092
61636,Male,Urban,High School,More than 10L,1,4,0,1,C,Gold,47628
39267,Male,Urban,Bachelor,More than 10L,0,6,4254,More than 1,C,Gold,102960
69770,Male,Rural,Bachelor,5L-10L,1,8,6516,More than 1,B,Platinum,67188
47370,Male,Urban,Bachelor,More than 10L,1,4,0,1,A,Silver,33168
89363,Female,Rural,High School,5L-10L,0,0,0,More than 1,A,Platinum,65772
3414,Male,Urban,Bachelor,2L-5L,1,1,6083,1,A,Platinum,46872
63566,Male,Urban,Bachelor,5L-10L,0,6,6539,1,A,Silver,46884
45322,Male,Rural,High School,5L-10L,1,5,8843,More than 1,A,Platinum,100932
35553,Female,Urban,Bachelor,More than 10L,0,6,4337,1,A,Gold,48900
83505,Male,Urban,Bachelor,5L-10L,1,4,6088,More than 1,A,Platinum,96336
70279,Male,Urban,Bachelor,5L-10L,1,2,0,1,A,Silver,33144
32971,Female,Rural,Bachelor,5L-10L,0,8,0,More than 1,B,Platinum,70872
64214,Female,Urban,High School,<=2L,1,1,5863,More than 1,A,Platinum,94932
75398,Female,Rural,High School,5L-10L,0,6,0,1,B,Silver,38508
88400,Female,Rural,High School,2L-5L,1,7,0,More than 1,A,Platinum,67152
86933,Female,Urban,Bachelor,5L-10L,1,5,5739,More than 1,A,Gold,116568
53409,Male,Rural,High School,More than 10L,1,0,0,1,B,Platinum,37764
63369,Female,Urban,Bachelor,2L-5L,1,7,2215,1,B,Silver,58092
21695,Male,Urban,High School,5L-10L,1,4,5527,1,A,Platinum,32964
54005,Male,Urban,High School,2L-5L,0,1,8578,1,B,Silver,53832
18086,Female,Urban,High School,2L-5L,0,5,7026,1,A,Gold,59832
71866,Male,Urban,High School,5L-10L,0,3,2020,1,B,Silver,39144
10740,Male,Rural,Bachelor,5L-10L,0,5,0,More than 1,A,Gold,77988
31697,Female,Rural,Bachelor,More than 10L,1,4,0,1,A,Silver,49560
86122,Male,Urban,Bachelor,2L-5L,1,3,3943,1,C,Gold,47160
79753,Male,Urban,High School,More than 10L,0,2,6564,1,A,Gold,37500
42974,Female,Rural,High School,2L-5L,0,6,0,1,A,Silver,33504
36140,Female,Urban,Bachelor,5L-10L,1,4,0,1,A,Platinum,30660
23269,Female,Urban,Bachelor,2L-5L,1,1,9003,More than 1,A,Platinum,106032
79348,Male,Urban,Others,5L-10L,1,7,16326,More than 1,B,Gold,95712
79610,Female,Rural,High School,More than 10L,0,5,5869,1,C,Gold,36504
44157,Female,Rural,High School,More than 10L,0,5,0,More than 1,A,Platinum,66912
34483,Female,Urban,Bachelor,5L-10L,1,3,4372,1,A,Platinum,62400
45048,Male,Urban,Others,5L-10L,0,6,9978,1,B,Platinum,33768
2584,Female,Urban,High School,More than 10L,1,1,2570,1,A,Platinum,50592
40906,Female,Rural,High School,5L-10L,1,5,0,More than 1,B,Platinum,76740
67867,Male,Rural,Bachelor,5L-10L,0,4,0,1,A,Platinum,35232
73272,Female,Rural,High School,2L-5L,0,3,2202,More than 1,B,Platinum,69264
88670,Female,Rural,Bachelor,More than 10L,0,6,2159,1,B,Platinum,31992
23266,Male,Urban,High School,5L-10L,1,7,5325,1,A,Gold,38340
10688,Male,Urban,High School,5L-10L,0,6,23264,More than 1,A,Gold,108084
12892,Female,Urban,High School,5L-10L,0,6,3817,More than 1,A,Silver,100836
2977,Male,Urban,Bachelor,2L-5L,0,5,5551,1,A,Silver,46512
32207,Female,Rural,High School,2L-5L,1,8,0,1,B,Gold,36744
21311,Male,Rural,Bachelor,More than 10L,1,0,4084,More than 1,B,Platinum,74952
81332,Female,Urban,Bachelor,More than 10L,0,7,2020,1,B,Platinum,61416
12269,Male,Urban,High School,5L-10L,1,0,6990,More than 1,A,Platinum,95340
32079,Female,Rural,High School,5L-10L,1,2,2740,1,A,Silver,41088
50376,Female,Urban,High School,More than 10L,0,5,10010,1,A,Silver,60372
1643,Male,Rural,Bachelor,5L-10L,1,8,0,More than 1,A,Platinum,87396
24105,Female,Urban,Bachelor,More than 10L,0,2,3490,More than 1,B,Silver,100944
60662,Female,Urban,Bachelor,5L-10L,0,4,6373,More than 1,A,Gold,112152
4867,Female,Rural,High School,5L-10L,0,3,6710,1,C,Silver,60960
34534,Male,Urban,Bachelor,5L-10L,1,8,6347,1,B,Gold,48840
69373,Female,Rural,Bachelor,2L-5L,0,4,0,More than 1,B,Platinum,62268
38663,Male,Urban,Bachelor,More than 10L,0,6,3199,More than 1,A,Platinum,100428
79933,Male,Rural,High School,5L-10L,0,8,0,1,A,Platinum,30492
69402,Female,Urban,High School,5L-10L,1,5,2145,1,A,Gold,47952
26189,Male,Urban,Others,More than 10L,1,3,2680,1,A,Gold,33876
38417,Male,Urban,High School,5L-10L,1,6,4553,1,B,Silver,39036
9515,Male,Urban,Bachelor,2L-5L,1,3,17709,1,B,Silver,65136
82920,Female,Urban,High School,5L-10L,1,5,4444,More than 1,A,Silver,102480
19040,Male,Urban,Bachelor,2L-5L,1,7,2361,1,A,Gold,51120
78787,Female,Urban,High School,5L-10L,0,0,7714,1,A,Platinum,52476
23613,Male,Urban,Bachelor,5L-10L,0,7,5165,1,A,Platinum,54048
33623,Female,Urban,Bachelor,5L-10L,1,6,11102,More than 1,A,Gold,98916
34947,Male,Rural,Bachelor,5L-10L,1,5,0,1,A,Silver,40428
83626,Female,Urban,High School,5L-10L,1,1,6134,1,A,Platinum,50748
78392,Female,Urban,Bachelor,More than 10L,1,0,0,More than 1,A,Gold,66816
19418,Male,Urban,Bachelor,More than 10L,1,8,2365,1,B,Silver,33240
11613,Male,Rural,Bachelor,5L-10L,0,7,0,1,A,Silver,62676
5590,Male,Urban,High School,5L-10L,1,1,0,1,C,Platinum,38136
3574,Male,Rural,High School,More than 10L,1,3,0,More than 1,B,Platinum,60312
16516,Male,Rural,Bachelor,2L-5L,0,4,0,1,C,Gold,50208
12768,Female,Urban,Others,5L-10L,0,2,5343,1,A,Silver,35976
27507,Female,Urban,Bachelor,2L-5L,0,5,6924,1,A,Gold,57348
21781,Female,Urban,Bachelor,2L-5L,0,1,2074,1,A,Silver,56808
7323,Female,Urban,High School,2L-5L,0,1,2882,More than 1,A,Platinum,96396
52647,Male,Urban,Bachelor,2L-5L,1,6,5342,1,A,Gold,35136
88906,Male,Urban,Bachelor,2L-5L,1,5,5511,1,C,Gold,34464
4510,Male,Urban,High School,5L-10L,0,8,4082,More than 1,A,Gold,93744
55615,Female,Urban,High School,2L-5L,0,4,6046,1,A,Platinum,45984
83102,Female,Urban,High School,5L-10L,1,1,0,1,C,Silver,33288
78537,Female,Rural,High School,5L-10L,1,7,0,1,A,Platinum,43164
14865,Female,Rural,High School,5L-10L,0,5,0,More than 1,A,Platinum,96564
46124,Female,Urban,Others,2L-5L,1,4,0,1,B,Silver,33552
86097,Male,Rural,High School,<=2L,0,4,5664,1,A,Platinum,55788
19669,Male,Rural,Bachelor,2L-5L,0,5,0,1,B,Gold,55992
76867,Male,Urban,High School,2L-5L,1,5,7317,1,C,Gold,61776
18937,Male,Urban,Bachelor,More than 10L,1,6,2431,1,B,Silver,38376
16641,Male,Urban,Bachelor,More than 10L,0,5,4684,1,A,Platinum,34668
1948,Male,Rural,Bachelor,5L-10L,1,5,0,1,B,Platinum,45948
30035,Male,Rural,Bachelor,5L-10L,1,2,4898,1,A,Silver,50628
79329,Male,Rural,High School,More than 10L,1,2,0,More than 1,A,Platinum,60528
63154,Male,Urban,High School,5L-10L,0,6,5219,More than 1,A,Gold,106044
32804,Male,Rural,Bachelor,5L-10L,1,3,0,1,A,Platinum,53208
19565,Female,Urban,High School,5L-10L,1,2,4158,1,A,Platinum,52872
57774,Male,Urban,High School,More than 10L,1,2,5066,More than 1,B,Platinum,106512
64655,Male,Urban,High School,5L-10L,0,1,0,1,B,Platinum,49464
74915,Male,Rural,Bachelor,5L-10L,1,7,2109,1,B,Platinum,31932
73931,Female,Urban,Bachelor,5L-10L,0,6,7046,1,B,Silver,52380
5732,Female,Urban,High School,2L-5L,0,3,2022,1,A,Platinum,56004
34031,Female,Rural,Bachelor,2L-5L,1,8,2478,More than 1,B,Platinum,64308
14060,Female,Urban,High School,5L-10L,0,5,2531,More than 1,A,Platinum,101352
6501,Female,Rural,Bachelor,More than 10L,0,4,0,More than 1,B,Platinum,71424
51561,Female,Urban,Others,5L-10L,0,7,0,1,A,Gold,35796
27395,Female,Rural,Bachelor,2L-5L,0,8,0,More than 1,B,Silver,69144
24111,Female,Rural,Bachelor,5L-10L,0,6,2616,1,A,Gold,61740
59868,Male,Urban,Bachelor,5L-10L,1,5,5359,1,A,Gold,37656
57949,Male,Urban,Others,2L-5L,1,7,4500,1,A,Platinum,49440
18536,Male,Urban,High School,2L-5L,1,4,5522,1,A,Silver,31428
69334,Male,Urban,Bachelor,5L-10L,1,8,3706,1,A,Platinum,49824
71722,Male,Rural,Bachelor,5L-10L,0,0,2082,1,A,Gold,48900
37526,Female,Rural,High School,2L-5L,1,7,0,1,B,Platinum,45036
29666,Female,Urban,High School,More than 10L,0,7,8168,More than 1,A,Silver,88092
88179,Female,Urban,Others,5L-10L,0,6,0,1,A,Platinum,37248
75644,Male,Rural,High School,More than 10L,1,2,2344,1,B,Platinum,46536
69249,Male,Rural,Bachelor,2L-5L,1,2,0,1,B,Silver,48636
58104,Female,Rural,High School,5L-10L,0,5,5292,More than 1,A,Gold,117132
75234,Female,Urban,High School,More than 10L,1,7,2367,More than 1,A,Platinum,90408
54665,Male,Rural,Bachelor,5L-10L,1,5,2038,1,B,Silver,35556
27189,Male,Urban,Bachelor,More than 10L,0,1,4467,More than 1,A,Platinum,107016
12333,Male,Rural,Others,5L-10L,1,8,2031,1,B,Silver,42732
29986,Female,Urban,High School,2L-5L,1,7,5641,1,A,Platinum,36828
82548,Male,Urban,High School,2L-5L,1,2,6632,1,A,Gold,46236
46060,Male,Rural,Bachelor,5L-10L,1,7,3122,More than 1,B,Platinum,63948
44777,Male,Urban,Bachelor,5L-10L,1,2,3524,More than 1,A,Silver,87192
38866,Male,Urban,High School,5L-10L,1,2,5409,1,A,Platinum,32496
26210,Female,Urban,Bachelor,2L-5L,0,5,4961,1,A,Silver,32412
81743,Male,Rural,High School,5L-10L,1,0,0,More than 1,A,Silver,67044
56401,Male,Urban,High School,5L-10L,1,0,7100,1,A,Gold,48540
49578,Male,Rural,Others,More than 10L,1,6,0,More than 1,B,Platinum,59952
59482,Female,Rural,Bachelor,5L-10L,1,4,0,1,B,Silver,51576
70402,Female,Urban,Bachelor,5L-10L,1,3,13129,More than 1,A,Gold,111624
25337,Male,Urban,High School,5L-10L,0,2,5457,1,A,Platinum,41256
69863,Male,Rural,Bachelor,More than 10L,0,8,7083,More than 1,A,Platinum,141048
50470,Male,Urban,High School,2L-5L,1,5,3806,More than 1,A,Platinum,93036
15213,Male,Urban,Bachelor,5L-10L,0,4,4205,More than 1,A,Gold,99216
82449,Female,Rural,High School,5L-10L,0,6,2635,More than 1,A,Gold,72864
78972,Male,Urban,High School,More than 10L,1,7,0,More than 1,B,Platinum,70380
68744,Male,Urban,High School,More than 10L,1,6,0,1,B,Silver,36240
504,Female,Rural,High School,5L-10L,1,7,2141,More than 1,A,Silver,64788
87507,Male,Rural,Bachelor,More than 10L,1,8,3400,More than 1,A,Silver,104568
84151,Female,Urban,High School,More than 10L,1,7,4327,More than 1,A,Platinum,103704
61457,Male,Urban,Bachelor,5L-10L,1,3,4162,1,A,Platinum,51960
26262,Female,Urban,Others,5L-10L,1,4,6976,1,A,Silver,33780
2083,Male,Urban,Bachelor,More than 10L,0,2,3788,1,A,Platinum,44712
47325,Female,Urban,High School,More than 10L,0,8,16365,More than 1,B,Platinum,119400
80463,Female,Urban,Others,More than 10L,1,1,4455,1,A,Gold,64980
57608,Male,Urban,High School,More than 10L,1,1,5519,1,A,Gold,32184
64950,Male,Urban,Bachelor,2L-5L,0,5,2774,1,B,Platinum,48144
10301,Male,Urban,Bachelor,5L-10L,1,7,3647,More than 1,B,Platinum,103284
83341,Male,Urban,High School,5L-10L,1,1,7032,1,A,Platinum,53064
3469,Female,Rural,Bachelor,More than 10L,0,8,2386,More than 1,B,Silver,72780
43256,Male,Urban,High School,More than 10L,1,5,3854,More than 1,A,Platinum,85428
15015,Female,Urban,Bachelor,More than 10L,1,6,11442,More than 1,A,Platinum,105672
51266,Male,Urban,Bachelor,5L-10L,1,0,3600,1,C,Silver,54108
72514,Female,Rural,Bachelor,More than 10L,1,5,4075,More than 1,B,Silver,71916
72612,Female,Urban,High School,5L-10L,1,4,2664,1,A,Platinum,64248
82085,Female,Rural,Bachelor,More than 10L,0,6,9628,More than 1,B,Platinum,106260
41683,Female,Rural,High School,2L-5L,1,3,3742,1,A,Platinum,55344
85550,Male,Urban,High School,2L-5L,1,4,0,1,A,Platinum,34296
23827,Female,Rural,High School,5L-10L,0,2,2020,1,A,Gold,42240
31183,Male,Urban,Bachelor,5L-10L,0,6,2295,More than 1,A,Platinum,98460
19145,Male,Rural,High School,5L-10L,0,5,4346,More than 1,A,Gold,104892
19888,Male,Rural,Bachelor,More than 10L,1,4,0,1,A,Platinum,36912
3718,Female,Rural,Bachelor,5L-10L,1,4,0,1,C,Gold,46248
37489,Female,Urban,High School,5L-10L,1,3,4977,1,A,Platinum,31152
69049,Male,Rural,Bachelor,5L-10L,1,3,0,More than 1,A,Silver,75420
33832,Male,Urban,Bachelor,5L-10L,1,7,2112,1,B,Platinum,33000
54980,Male,Urban,High School,More than 10L,0,7,0,1,B,Platinum,62556
55445,Male,Rural,High School,More than 10L,0,6,2342,More than 1,B,Silver,62028
6117,Female,Rural,High School,More than 10L,0,1,0,1,B,Silver,59016
88986,Female,Rural,Bachelor,More than 10L,1,6,4325,More than 1,B,Platinum,71820
60435,Female,Urban,High School,2L-5L,0,6,3422,1,B,Silver,46536
71975,Female,Rural,Bachelor,2L-5L,0,5,5433,1,A,Platinum,40860
38460,Male,Rural,Bachelor,5L-10L,1,4,0,More than 1,A,Silver,70248
49916,Male,Urban,Bachelor,5L-10L,0,0,3759,1,B,Platinum,61104
24119,Male,Urban,Bachelor,2L-5L,1,4,5276,More than 1,A,Silver,100848
8584,Male,Urban,Others,5L-10L,1,6,3045,1,A,Silver,41964
67869,Female,Urban,High School,5L-10L,1,6,5137,1,A,Silver,31524
84632,Female,Urban,High School,5L-10L,1,5,0,More than 1,A,Silver,86028
15051,Female,Urban,High School,5L-10L,1,7,5331,1,A,Silver,35112
43024,Female,Urban,High School,5L-10L,0,6,5166,More than 1,A,Platinum,92340
86016,Male,Urban,Bachelor,More than 10L,1,5,5512,More than 1,A,Silver,97200
22488,Female,Urban,High School,2L-5L,1,4,3849,1,B,Platinum,46068
66138,Male,Urban,High School,More than 10L,1,1,3701,1,A,Platinum,36420
6310,Female,Urban,High School,5L-10L,0,2,4210,1,A,Platinum,45804
15685,Female,Urban,High School,2L-5L,1,3,6205,1,A,Silver,35916
19375,Female,Urban,Bachelor,2L-5L,0,8,10525,1,A,Silver,63216
68580,Male,Urban,Bachelor,5L-10L,0,7,2760,More than 1,A,Gold,98304
71284,Male,Urban,High School,5L-10L,0,0,5590,1,A,Silver,33648
87730,Male,Urban,High School,2L-5L,1,1,6516,1,A,Gold,43752
52274,Female,Rural,High School,2L-5L,1,8,0,More than 1,B,Silver,97872
19638,Male,Urban,Others,2L-5L,0,1,0,1,A,Silver,33888
24699,Female,Urban,High School,5L-10L,0,2,6894,1,A,Silver,70092
49384,Female,Urban,High School,5L-10L,1,6,6175,1,A,Gold,33540
43347,Male,Urban,High School,2L-5L,1,3,4960,1,A,Platinum,35004
47821,Male,Urban,High School,2L-5L,0,8,3941,More than 1,A,Gold,107700
86665,Male,Rural,High School,2L-5L,0,5,3658,1,A,Platinum,45876
81590,Male,Urban,High School,More than 10L,1,7,0,1,B,Platinum,28956
40850,Male,Rural,High School,5L-10L,0,7,3036,More than 1,B,Platinum,73044
44534,Female,Urban,High School,2L-5L,0,1,9886,1,A,Platinum,55044
6506,Female,Urban,High School,More than 10L,0,3,7575,More than 1,A,Silver,111732
29866,Male,Urban,High School,2L-5L,1,6,3500,More than 1,A,Platinum,113364
52023,Female,Urban,High School,5L-10L,1,1,2800,More than 1,B,Silver,70704
87652,Male,Rural,High School,2L-5L,1,8,4875,More than 1,B,Silver,75144
37983,Female,Rural,Bachelor,5L-10L,0,0,0,More than 1,A,Silver,96132
23548,Male,Rural,Bachelor,5L-10L,1,4,0,1,A,Platinum,51408
21170,Female,Rural,High School,More than 10L,0,2,0,1,B,Platinum,33348
51236,Female,Rural,High School,5L-10L,0,1,0,More than 1,B,Silver,63900
12664,Female,Rural,Others,More than 10L,0,8,0,More than 1,B,Platinum,67932
60540,Female,Urban,High School,5L-10L,1,2,6182,1,C,Silver,45144
42369,Male,Rural,Others,5L-10L,1,3,3172,More than 1,A,Platinum,59880
87562,Female,Rural,High School,5L-10L,0,6,0,1,A,Silver,47400
48641,Female,Urban,Bachelor,5L-10L,1,0,0,More than 1,B,Silver,72084
23512,Female,Rural,High School,5L-10L,0,1,2009,More than 1,B,Platinum,94512
82783,Male,Rural,Bachelor,5L-10L,0,7,3042,1,B,Silver,56076
74306,Male,Urban,High School,5L-10L,0,3,3855,1,A,Platinum,46176
58397,Male,Urban,Bachelor,5L-10L,1,6,3879,More than 1,A,Platinum,102852
63178,Male,Rural,Bachelor,5L-10L,1,4,0,1,B,Silver,39060
27610,Female,Urban,High School,5L-10L,1,4,4753,1,A,Gold,31860
34118,Female,Rural,High School,5L-10L,0,7,4437,More than 1,A,Gold,79152
83994,Female,Urban,High School,5L-10L,0,3,5585,More than 1,A,Platinum,104124
69568,Female,Urban,High School,More than 10L,1,5,3479,More than 1,B,Platinum,68652
4910,Female,Urban,Bachelor,5L-10L,1,7,5406,1,A,Platinum,37848
57143,Male,Urban,High School,2L-5L,1,6,0,1,A,Platinum,52080
22636,Male,Rural,High School,5L-10L,1,0,0,1,A,Platinum,47088
12327,Female,Urban,High School,2L-5L,1,3,5068,1,A,Gold,35460
24326,Male,Urban,High School,5L-10L,1,2,3912,1,A,Gold,44784
18224,Male,Urban,High School,2L-5L,1,6,9847,1,C,Silver,49224
77101,Female,Urban,High School,5L-10L,0,4,5136,1,C,Gold,33048
54105,Male,Rural,Bachelor,5L-10L,1,4,0,1,A,Silver,32088
6357,Female,Urban,High School,5L-10L,1,2,6097,1,A,Platinum,45528
9994,Female,Urban,High School,2L-5L,0,7,5715,1,A,Silver,52404
19090,Female,Rural,High School,More than 10L,0,7,0,More than 1,B,Platinum,69396
30707,Male,Rural,High School,5L-10L,1,7,0,More than 1,B,Platinum,71064
14948,Female,Urban,High School,5L-10L,1,6,9672,More than 1,B,Platinum,100872
49988,Male,Urban,Bachelor,5L-10L,1,6,5559,1,B,Silver,34404
18931,Male,Urban,Bachelor,5L-10L,0,7,5409,1,C,Silver,64104
59302,Female,Rural,Bachelor,5L-10L,1,8,3789,More than 1,B,Silver,103068
63648,Female,Rural,Others,5L-10L,1,3,0,1,B,Platinum,32988
61355,Male,Urban,Bachelor,More than 10L,1,7,4947,More than 1,B,Platinum,97620
1596,Male,Urban,Bachelor,2L-5L,0,8,19587,1,A,Gold,31080
55135,Female,Urban,High School,2L-5L,0,5,4802,More than 1,A,Platinum,126036
86074,Male,Urban,High School,2L-5L,1,4,4232,1,A,Platinum,48384
52514,Male,Urban,Bachelor,More than 10L,1,0,5098,1,A,Gold,29916
68573,Male,Urban,Bachelor,5L-10L,0,7,5565,1,A,Platinum,46608
58354,Male,Urban,Bachelor,2L-5L,1,8,5756,More than 1,A,Silver,87468
84452,Female,Rural,High School,5L-10L,1,6,0,More than 1,B,Platinum,70440
11655,Male,Urban,Bachelor,5L-10L,1,7,0,More than 1,B,Platinum,68784
87019,Male,Rural,High School,5L-10L,1,8,2917,More than 1,B,Platinum,72660
56633,Female,Urban,High School,5L-10L,1,7,2554,More than 1,B,Platinum,65352
85048,Male,Urban,High School,More than 10L,0,8,0,More than 1,A,Silver,112404
73653,Female,Urban,High School,5L-10L,0,6,10399,More than 1,A,Gold,115200
28341,Male,Urban,Bachelor,More than 10L,1,7,5209,1,B,Gold,51216
51010,Male,Urban,High School,5L-10L,1,6,4799,1,B,Platinum,33852
5835,Male,Urban,Bachelor,<=2L,0,5,4457,1,A,Silver,61500
37376,Female,Urban,Bachelor,5L-10L,0,6,7373,More than 1,A,Platinum,113328
54717,Female,Rural,High School,5L-10L,0,4,2760,More than 1,A,Gold,100932
76847,Female,Urban,High School,5L-10L,1,1,4198,1,A,Silver,47892
46008,Female,Urban,Bachelor,5L-10L,0,5,5541,More than 1,B,Silver,73116
60179,Male,Urban,Others,5L-10L,0,6,4756,More than 1,A,Gold,118176
84725,Male,Rural,High School,5L-10L,1,1,2023,1,A,Silver,38076
53834,Male,Urban,High School,5L-10L,0,7,2313,1,B,Gold,39012
64949,Female,Urban,Bachelor,5L-10L,0,6,5688,More than 1,A,Platinum,109908
55259,Male,Urban,High School,5L-10L,1,8,6629,1,B,Gold,39144
18008,Male,Urban,High School,2L-5L,0,1,5503,1,C,Platinum,39036
80096,Male,Urban,Bachelor,5L-10L,0,7,3599,1,A,Silver,41136
6919,Male,Rural,High School,5L-10L,1,5,7130,More than 1,A,Platinum,94284
70132,Male,Urban,High School,2L-5L,1,2,5553,1,A,Gold,36744
4285,Female,Urban,Bachelor,5L-10L,1,3,5479,1,A,Silver,32508
12676,Male,Rural,High School,5L-10L,0,4,2024,More than 1,A,Platinum,73404
83702,Female,Rural,Bachelor,More than 10L,1,1,2127,More than 1,B,Silver,64368
75824,Male,Urban,Bachelor,5L-10L,1,6,6122,1,A,Platinum,46668
28974,Male,Rural,Bachelor,5L-10L,0,1,6027,1,A,Platinum,54096
42078,Male,Rural,High School,More than 10L,1,3,0,1,A,Silver,33060
66172,Male,Urban,High School,5L-10L,0,6,10387,More than 1,A,Silver,136884
62161,Female,Urban,High School,5L-10L,1,8,5531,1,C,Silver,32352
50542,Female,Urban,High School,5L-10L,1,3,7011,More than 1,A,Platinum,94668
32656,Female,Rural,High School,5L-10L,1,3,4912,1,A,Platinum,29628
82931,Female,Rural,High School,More than 10L,1,7,2358,More than 1,B,Gold,69288
29231,Female,Urban,Bachelor,2L-5L,1,1,6426,More than 1,A,Platinum,107232
26208,Male,Rural,High School,5L-10L,1,1,0,More than 1,A,Silver,62472
60086,Female,Rural,Bachelor,More than 10L,1,4,2123,More than 1,B,Silver,71772
47629,Male,Urban,Bachelor,<=2L,0,7,6335,1,A,Platinum,54720
45163,Female,Urban,Bachelor,5L-10L,0,5,0,1,A,Silver,32232
55944,Male,Urban,High School,5L-10L,1,3,6617,More than 1,A,Gold,98796
70646,Male,Rural,Bachelor,5L-10L,1,0,0,More than 1,A,Platinum,67416
3591,Female,Rural,Bachelor,More than 10L,0,7,0,More than 1,A,Gold,109728
31743,Female,Rural,High School,5L-10L,0,0,0,More than 1,B,Platinum,70464
89052,Male,Rural,Bachelor,2L-5L,1,5,6461,1,B,Platinum,65388
63437,Male,Urban,Bachelor,5L-10L,1,1,6102,1,A,Platinum,43092
9330,Female,Urban,High School,5L-10L,1,6,4873,1,A,Platinum,32472
39129,Female,Rural,Bachelor,5L-10L,1,7,0,More than 1,A,Platinum,87852
28795,Male,Rural,Others,More than 10L,1,1,0,1,A,Platinum,34464
67584,Male,Urban,Bachelor,5L-10L,1,3,6578,1,B,Gold,35520
79707,Male,Urban,High School,2L-5L,1,6,10369,1,A,Gold,64092
85052,Female,Urban,High School,5L-10L,1,5,5515,1,A,Silver,33048
26954,Male,Urban,High School,5L-10L,1,6,0,1,B,Gold,49416
58085,Female,Urban,High School,2L-5L,1,7,5482,1,A,Platinum,48456
53907,Male,Rural,Bachelor,More than 10L,1,7,9400,1,B,Silver,47604
83254,Male,Urban,High School,5L-10L,0,5,0,1,B,Silver,36552
12699,Male,Urban,High School,5L-10L,0,4,7120,More than 1,A,Platinum,104184
38876,Female,Urban,High School,2L-5L,1,7,4709,1,A,Platinum,39096
60052,Male,Rural,Bachelor,More than 10L,0,8,0,More than 1,B,Gold,62208
71749,Female,Urban,Others,5L-10L,1,8,6790,1,A,Gold,57456
2595,Male,Rural,High School,5L-10L,1,5,3501,1,A,Platinum,48432
33946,Female,Urban,Bachelor,2L-5L,0,2,6598,1,B,Gold,47760
40276,Male,Rural,Bachelor,More than 10L,0,2,0,1,A,Platinum,42168
83905,Female,Rural,High School,5L-10L,1,5,2321,More than 1,A,Platinum,84348
20915,Male,Rural,Bachelor,5L-10L,0,7,7015,More than 1,B,Gold,75528
45148,Female,Urban,High School,2L-5L,0,2,20107,1,C,Gold,48384
7800,Female,Urban,High School,5L-10L,1,7,2345,More than 1,B,Platinum,70296
88219,Male,Urban,High School,5L-10L,0,6,9679,1,B,Gold,48612
68274,Male,Rural,High School,5L-10L,0,3,2514,1,A,Platinum,47928
38739,Male,Urban,High School,5L-10L,1,0,5204,1,A,Platinum,32760
37204,Male,Urban,Bachelor,More than 10L,1,6,3089,1,C,Gold,34932
85937,Male,Urban,Bachelor,5L-10L,1,6,3781,1,A,Gold,50208
27082,Female,Urban,High School,5L-10L,0,6,8098,1,A,Platinum,50856
88551,Male,Rural,Bachelor,5L-10L,1,5,2130,1,B,Platinum,32676
25790,Male,Rural,High School,More than 10L,1,7,2945,More than 1,B,Platinum,72936
79393,Male,Urban,High School,2L-5L,1,6,4217,1,A,Platinum,45564
16566,Female,Urban,High School,2L-5L,0,3,5069,1,A,Silver,42888
70940,Female,Rural,Bachelor,2L-5L,0,3,2335,More than 1,B,Silver,74472
69506,Male,Rural,High School,More than 10L,1,1,0,1,A,Silver,31224
85634,Female,Urban,Bachelor,5L-10L,0,7,5659,More than 1,B,Platinum,81996
74839,Male,Urban,High School,5L-10L,0,4,9656,More than 1,B,Silver,100740
71723,Male,Urban,High School,5L-10L,0,6,10275,More than 1,A,Gold,142284
50979,Male,Rural,High School,2L-5L,0,6,0,1,C,Silver,36636
358,Male,Rural,High School,More than 10L,0,4,4604,1,A,Platinum,34536
75099,Male,Urban,Bachelor,2L-5L,0,6,5470,1,B,Silver,34032
84322,Female,Rural,High School,5L-10L,0,8,0,1,B,Platinum,49716
36828,Male,Urban,Bachelor,5L-10L,0,2,5034,1,A,Platinum,35100
48102,Male,Rural,Bachelor,5L-10L,1,8,0,More than 1,B,Gold,108228
64878,Male,Urban,High School,5L-10L,1,5,6596,More than 1,C,Silver,137688
66551,Female,Urban,High School,5L-10L,0,4,6615,More than 1,A,Platinum,103152
48267,Male,Rural,Others,5L-10L,0,5,0,More than 1,C,Gold,64812
72899,Male,Urban,High School,5L-10L,0,4,7129,More than 1,B,Gold,73332
11684,Female,Rural,Bachelor,More than 10L,0,6,5941,More than 1,A,Silver,74400
13707,Male,Urban,High School,5L-10L,0,4,0,1,B,Platinum,38796
66248,Male,Rural,High School,2L-5L,0,6,0,1,A,Gold,44544
13628,Female,Urban,Bachelor,More than 10L,0,6,7147,1,A,Gold,68400
32144,Male,Rural,Others,2L-5L,1,2,0,1,A,Platinum,32496
8679,Female,Urban,Bachelor,2L-5L,1,6,9585,1,A,Gold,42696
79645,Male,Urban,High School,2L-5L,1,3,13697,1,C,Platinum,58800
83708,Female,Rural,High School,More than 10L,1,8,4760,1,A,Gold,37728
35471,Male,Urban,Bachelor,5L-10L,1,4,5762,1,A,Silver,40644
16803,Female,Urban,Bachelor,More than 10L,1,5,2256,More than 1,B,Silver,67428
62662,Female,Rural,Others,5L-10L,1,0,0,1,A,Platinum,44940
52617,Male,Rural,High School,More than 10L,0,0,0,1,A,Platinum,35292
28260,Male,Urban,Others,2L-5L,0,5,5391,1,B,Platinum,58116
65089,Female,Rural,Bachelor,5L-10L,1,8,0,1,A,Silver,37152
16640,Male,Rural,High School,2L-5L,0,6,5374,More than 1,A,Gold,90276
11357,Female,Urban,High School,5L-10L,0,8,0,More than 1,B,Silver,67524
39531,Female,Urban,High School,5L-10L,0,7,4074,1,A,Platinum,49512
79457,Male,Urban,High School,5L-10L,0,4,4203,More than 1,C,Platinum,98460
39719,Female,Rural,High School,5L-10L,1,1,4074,1,A,Platinum,46908
74716,Male,Urban,Others,2L-5L,0,6,3475,1,B,Silver,53340
68087,Male,Urban,High School,5L-10L,1,1,7738,More than 1,A,Platinum,66000
47402,Male,Rural,Bachelor,5L-10L,1,6,5107,1,C,Gold,31824
81896,Female,Urban,High School,2L-5L,1,8,0,More than 1,B,Platinum,68520
16093,Female,Rural,High School,5L-10L,0,5,0,More than 1,B,Platinum,67944
36233,Female,Rural,High School,5L-10L,1,1,2032,1,A,Platinum,32340
75128,Male,Rural,Bachelor,More than 10L,1,4,0,1,B,Platinum,36312
82780,Female,Urban,Bachelor,2L-5L,1,7,5427,1,A,Gold,48168
32133,Female,Rural,High School,5L-10L,1,1,0,1,A,Gold,33672
83418,Male,Urban,Bachelor,5L-10L,1,5,4253,1,A,Gold,45648
84132,Male,Urban,Bachelor,5L-10L,1,3,0,1,A,Platinum,39324
64460,Female,Rural,Others,More than 10L,1,2,0,More than 1,A,Gold,87108
86224,Female,Rural,Bachelor,5L-10L,0,5,6141,1,A,Silver,33684
827,Female,Urban,Bachelor,5L-10L,0,7,0,More than 1,B,Silver,64152
84924,Female,Urban,Bachelor,5L-10L,0,8,8104,More than 1,A,Platinum,100752
56196,Male,Rural,High School,More than 10L,1,5,2454,More than 1,A,Platinum,62496
44251,Male,Rural,High School,5L-10L,1,8,0,1,B,Gold,36828
84537,Male,Rural,Bachelor,More than 10L,0,7,0,More than 1,B,Platinum,62412
40246,Female,Rural,High School,5L-10L,1,4,8850,1,C,Silver,50268
15165,Male,Rural,Bachelor,More than 10L,0,4,0,More than 1,B,Gold,102360
36162,Male,Urban,Bachelor,5L-10L,1,7,3503,More than 1,A,Platinum,99792
5302,Female,Rural,Bachelor,More than 10L,0,6,0,1,A,Gold,54684
11767,Male,Rural,Bachelor,5L-10L,1,3,8597,1,A,Platinum,50412
69361,Male,Urban,Bachelor,5L-10L,1,7,2300,1,B,Gold,43788
4053,Male,Urban,Bachelor,5L-10L,1,5,5054,1,A,Gold,34956
13230,Male,Urban,High School,5L-10L,0,3,24116,More than 1,A,Gold,92688
4611,Male,Urban,Bachelor,5L-10L,0,6,5976,1,A,Silver,41316
35683,Female,Rural,High School,5L-10L,1,6,5471,More than 1,B,Platinum,65340
71961,Female,Rural,High School,5L-10L,0,3,2552,More than 1,A,Platinum,110400
72793,Female,Urban,Bachelor,2L-5L,1,8,5009,More than 1,A,Platinum,105816
50503,Male,Urban,Bachelor,5L-10L,1,6,0,More than 1,A,Gold,87900
63090,Female,Urban,High School,5L-10L,0,4,0,1,A,Platinum,49152
64373,Female,Urban,High School,More than 10L,1,6,5119,1,A,Gold,34272
24181,Male,Urban,Bachelor,5L-10L,1,8,3279,More than 1,A,Platinum,87156
49475,Male,Rural,High School,5L-10L,1,7,2738,More than 1,A,Gold,111624
63829,Female,Urban,High School,2L-5L,0,6,4123,More than 1,A,Gold,96744
37143,Male,Rural,High School,5L-10L,0,4,2008,More than 1,B,Platinum,71208
84378,Male,Urban,Bachelor,2L-5L,1,5,7302,More than 1,A,Platinum,100860
82594,Female,Rural,High School,5L-10L,1,8,2203,More than 1,B,Gold,78060
20829,Female,Rural,Others,More than 10L,1,6,0,More than 1,B,Platinum,67632
48432,Male,Urban,Bachelor,2L-5L,1,0,2248,1,A,Platinum,52260
55123,Female,Urban,High School,5L-10L,1,6,4572,1,A,Platinum,33180
74403,Male,Rural,High School,5L-10L,1,7,0,1,B,Gold,33624
28995,Male,Urban,High School,5L-10L,0,4,7778,More than 1,A,Platinum,112836
3186,Female,Urban,Bachelor,2L-5L,0,7,5049,More than 1,C,Platinum,91044
25188,Female,Urban,High School,5L-10L,0,5,4064,More than 1,A,Platinum,96696
63887,Female,Urban,Bachelor,5L-10L,1,5,6586,More than 1,A,Gold,105096
78636,Male,Urban,High School,5L-10L,0,5,5571,1,C,Platinum,37080
11291,Male,Urban,High School,2L-5L,0,7,7073,1,C,Silver,32772
23553,Male,Rural,Bachelor,More than 10L,1,3,3166,More than 1,B,Gold,69084
30797,Male,Urban,Bachelor,5L-10L,1,1,4105,1,A,Gold,49632
5294,Female,Urban,High School,More than 10L,1,5,8629,More than 1,A,Platinum,98088
15689,Male,Rural,Others,5L-10L,0,2,0,1,B,Silver,28560
24491,Male,Urban,Bachelor,5L-10L,0,6,4072,More than 1,A,Platinum,97680
7692,Male,Rural,Bachelor,5L-10L,1,1,0,1,B,Silver,38880
11074,Male,Rural,High School,5L-10L,1,5,5683,1,A,Gold,51612
82211,Female,Rural,Others,2L-5L,1,5,5472,More than 1,B,Silver,71940
75958,Female,Urban,Bachelor,5L-10L,0,0,2587,1,A,Gold,36768
39822,Male,Urban,High School,5L-10L,0,4,3208,1,B,Gold,49956
66877,Male,Urban,Others,2L-5L,0,2,0,1,B,Silver,33600
57908,Male,Urban,Bachelor,5L-10L,1,0,6365,1,A,Platinum,34704
13342,Male,Urban,High School,More than 10L,0,3,5774,1,A,Silver,32148
20735,Male,Urban,Bachelor,5L-10L,0,6,3160,1,A,Silver,48204
66225,Female,Urban,High School,More than 10L,0,5,0,More than 1,A,Gold,103632
76894,Male,Urban,Bachelor,2L-5L,1,5,2338,1,A,Platinum,42168
69944,Male,Rural,High School,5L-10L,1,4,0,1,C,Gold,47436
64578,Female,Rural,Bachelor,5L-10L,1,5,2314,1,B,Platinum,46896
82265,Female,Rural,High School,More than 10L,0,7,0,More than 1,A,Platinum,88020
1862,Male,Urban,Bachelor,5L-10L,1,1,5876,1,A,Platinum,44796
76511,Male,Urban,High School,5L-10L,0,7,2182,1,A,Silver,47208
57173,Male,Rural,High School,5L-10L,1,1,0,1,A,Platinum,37752
24021,Female,Urban,High School,More than 10L,1,0,4684,1,A,Platinum,32736
47680,Male,Urban,High School,5L-10L,1,6,2172,1,A,Platinum,33336
9586,Female,Rural,Bachelor,5L-10L,1,4,0,More than 1,A,Silver,80340
67763,Male,Urban,High School,2L-5L,0,0,4119,More than 1,A,Silver,106656
67949,Female,Rural,Bachelor,5L-10L,1,5,4685,More than 1,B,Platinum,92268
48602,Male,Urban,Bachelor,2L-5L,1,6,2308,1,A,Silver,34152
55475,Male,Urban,Bachelor,More than 10L,1,6,5853,1,A,Platinum,45408
52026,Female,Rural,Others,5L-10L,1,4,0,1,B,Silver,49584
73895,Female,Rural,High School,5L-10L,1,5,0,1,B,Gold,44604
66393,Male,Urban,Bachelor,5L-10L,1,4,4329,More than 1,A,Platinum,92916
67463,Female,Rural,High School,5L-10L,1,4,0,1,B,Gold,46056
52124,Female,Urban,Bachelor,5L-10L,0,5,7464,1,A,Platinum,49188
36092,Male,Urban,High School,2L-5L,1,2,0,1,B,Silver,34368
45786,Male,Rural,High School,5L-10L,1,1,2014,1,A,Platinum,41232
17900,Male,Urban,High School,2L-5L,1,6,2450,More than 1,B,Silver,75036
48981,Male,Urban,Bachelor,More than 10L,0,8,4371,More than 1,A,Platinum,97764
62461,Female,Rural,High School,5L-10L,0,8,0,More than 1,C,Silver,108876
19508,Male,Urban,Bachelor,5L-10L,1,5,2869,More than 1,B,Silver,71112
87641,Male,Urban,High School,2L-5L,1,4,6154,1,A,Gold,47796
16612,Male,Urban,Bachelor,2L-5L,1,4,3752,More than 1,B,Silver,97596
13384,Female,Rural,High School,More than 10L,1,5,2170,More than 1,B,Platinum,72576
42569,Male,Rural,Bachelor,More than 10L,0,8,0,More than 1,B,Silver,70128
50244,Female,Urban,High School,5L-10L,1,5,6911,More than 1,A,Platinum,102312
55929,Male,Urban,High School,2L-5L,0,4,3493,More than 1,A,Platinum,106440
56725,Male,Urban,Bachelor,5L-10L,0,5,3336,More than 1,A,Platinum,99132
9953,Male,Urban,High School,5L-10L,1,6,0,1,A,Platinum,37692
67950,Male,Urban,High School,5L-10L,1,8,3862,More than 1,A,Platinum,99396
12228,Male,Urban,High School,5L-10L,1,5,0,1,B,Platinum,39540
2513,Male,Urban,High School,5L-10L,1,0,3296,More than 1,A,Platinum,95004
23641,Female,Urban,Others,5L-10L,1,4,4562,1,A,Gold,35040
88167,Female,Rural,Bachelor,5L-10L,0,5,3895,More than 1,A,Silver,94704
75638,Male,Urban,High School,5L-10L,0,2,2677,1,B,Silver,46536
4571,Female,Urban,High School,More than 10L,1,6,0,1,A,Platinum,34788
80950,Male,Rural,High School,5L-10L,1,6,0,More than 1,B,Silver,67668
70239,Female,Urban,High School,5L-10L,1,2,0,More than 1,C,Gold,140784
78169,Male,Rural,High School,5L-10L,0,1,0,More than 1,A,Gold,67920
29678,Male,Urban,High School,5L-10L,1,7,6482,1,C,Platinum,67836
57720,Male,Urban,Bachelor,5L-10L,1,5,5540,More than 1,A,Platinum,96744
47803,Female,Rural,High School,5L-10L,0,2,0,More than 1,B,Silver,61812
51398,Male,Urban,High School,<=2L,1,3,0,1,A,Platinum,47760
68634,Female,Urban,Bachelor,2L-5L,1,5,9207,1,B,Platinum,51240
56554,Female,Rural,Bachelor,5L-10L,0,7,2953,More than 1,B,Platinum,65772
25121,Female,Rural,High School,5L-10L,1,5,6407,1,C,Silver,52356
7528,Male,Urban,Bachelor,2L-5L,0,8,4191,1,B,Silver,51264
41483,Female,Urban,High School,2L-5L,1,5,6199,1,A,Silver,33468
31813,Male,Urban,Bachelor,More than 10L,0,6,7155,More than 1,A,Platinum,106596
15204,Male,Urban,High School,5L-10L,1,0,6355,1,A,Platinum,44556
31196,Female,Urban,High School,More than 10L,1,1,0,More than 1,A,Silver,68592
76577,Female,Rural,Bachelor,5L-10L,1,6,2681,1,A,Silver,51612
36435,Male,Rural,Bachelor,5L-10L,1,2,3073,1,A,Platinum,42852
20318,Female,Urban,High School,5L-10L,0,2,5710,More than 1,A,Platinum,112560
10271,Female,Rural,High School,5L-10L,0,5,0,1,A,Silver,34392
35331,Female,Rural,Bachelor,5L-10L,0,7,3862,1,B,Silver,51636
2839,Female,Rural,Bachelor,2L-5L,0,8,5752,1,B,Silver,35064
1936,Male,Rural,Bachelor,5L-10L,0,7,0,1,B,Platinum,46776
42989,Female,Rural,Others,5L-10L,0,8,0,1,A,Gold,33396
44891,Female,Urban,High School,2L-5L,1,8,4151,1,C,Platinum,61008
23850,Female,Urban,High School,More than 10L,1,2,4673,More than 1,A,Platinum,98856
35036,Male,Urban,Bachelor,More than 10L,0,8,4489,1,B,Gold,59652
71015,Female,Urban,High School,5L-10L,1,5,8887,More than 1,A,Silver,90120
37472,Female,Urban,High School,More than 10L,0,5,6549,More than 1,A,Gold,103932
47671,Male,Urban,Bachelor,2L-5L,1,5,2986,1,C,Platinum,46572
37949,Male,Urban,High School,5L-10L,0,1,6278,1,A,Platinum,41184
88628,Female,Rural,Bachelor,2L-5L,0,5,0,More than 1,C,Silver,71796
76031,Male,Urban,High School,5L-10L,1,2,10978,More than 1,A,Platinum,117924
15905,Male,Rural,Bachelor,2L-5L,1,1,0,More than 1,A,Platinum,94680
8827,Female,Rural,Bachelor,5L-10L,0,6,2192,1,B,Gold,56700
7984,Male,Urban,High School,2L-5L,0,6,9930,1,A,Silver,49560
41418,Male,Urban,Bachelor,5L-10L,0,4,5276,1,B,Gold,31884
39212,Male,Rural,Bachelor,More than 10L,0,5,0,More than 1,B,Platinum,60156
57156,Female,Urban,Bachelor,5L-10L,0,7,2379,1,A,Platinum,46836
35777,Female,Urban,High School,5L-10L,1,4,3927,1,A,Silver,43824
83360,Female,Urban,Bachelor,5L-10L,0,5,5360,1,B,Platinum,51372
71025,Female,Rural,High School,2L-5L,1,2,0,More than 1,B,Silver,96120
42996,Male,Urban,High School,5L-10L,0,6,9814,More than 1,A,Platinum,161976
63237,Female,Urban,Bachelor,2L-5L,1,4,6271,1,A,Gold,45972
60860,Male,Urban,Bachelor,2L-5L,0,6,5435,More than 1,A,Platinum,100704
55714,Male,Urban,Bachelor,5L-10L,1,5,4208,More than 1,B,Platinum,71064
55114,Male,Urban,Bachelor,5L-10L,1,1,5341,1,A,Gold,29928
79066,Female,Urban,Bachelor,More than 10L,0,3,5374,More than 1,A,Platinum,108144
55811,Male,Rural,Bachelor,More than 10L,1,0,3612,More than 1,A,Silver,97272
63005,Female,Rural,Bachelor,5L-10L,1,5,4536,1,A,Gold,44208
63844,Male,Rural,High School,5L-10L,1,6,0,More than 1,A,Platinum,92316
64389,Female,Urban,Bachelor,More than 10L,1,6,0,1,A,Silver,55428
26222,Male,Rural,High School,5L-10L,1,1,3214,1,A,Silver,44400
23307,Female,Rural,Bachelor,5L-10L,0,6,7140,More than 1,A,Platinum,94920
76116,Male,Urban,High School,5L-10L,1,5,5537,1,A,Gold,33972
41586,Male,Urban,Bachelor,5L-10L,1,4,2125,More than 1,B,Gold,105192
73312,Male,Rural,Bachelor,2L-5L,1,7,3552,1,B,Platinum,47448
55150,Male,Rural,Bachelor,5L-10L,0,7,3017,1,A,Platinum,47256
38571,Male,Urban,High School,More than 10L,0,5,4166,1,B,Platinum,48300
80203,Male,Urban,Bachelor,5L-10L,0,5,3483,More than 1,A,Silver,105468
7856,Male,Urban,Bachelor,5L-10L,1,4,3921,1,A,Platinum,47352
25091,Female,Urban,Bachelor,5L-10L,0,0,5815,1,A,Gold,30552
1305,Female,Urban,High School,More than 10L,0,2,6286,1,A,Platinum,46716
34751,Male,Urban,High School,5L-10L,0,6,12220,More than 1,A,Silver,110376
27649,Female,Urban,High School,2L-5L,0,7,9286,More than 1,A,Platinum,104148
33578,Female,Rural,High School,5L-10L,1,8,2005,1,B,Platinum,34632
11253,Male,Urban,Bachelor,2L-5L,0,5,4970,More than 1,A,Platinum,108792
65573,Female,Urban,High School,2L-5L,1,7,3819,1,B,Silver,45864
67753,Male,Urban,Bachelor,5L-10L,0,6,4577,1,C,Platinum,36684
57842,Male,Urban,Bachelor,More than 10L,1,2,3688,1,A,Platinum,35064
51128,Male,Rural,Bachelor,5L-10L,1,7,0,1,A,Platinum,41280
54250,Male,Urban,Bachelor,5L-10L,0,2,7543,More than 1,C,Gold,122316
5258,Female,Urban,High School,5L-10L,1,8,4324,More than 1,A,Gold,99072
23023,Male,Urban,High School,<=2L,1,2,6738,1,A,Platinum,59460
66297,Male,Urban,High School,5L-10L,1,8,4289,1,B,Platinum,66720
78359,Male,Urban,High School,2L-5L,1,8,0,1,C,Platinum,33444
45201,Male,Rural,Others,5L-10L,1,4,0,1,B,Silver,38268
4754,Female,Urban,Bachelor,5L-10L,1,6,0,More than 1,A,Gold,88668
75489,Male,Urban,Bachelor,5L-10L,1,6,4925,More than 1,A,Gold,106008
41987,Male,Urban,Bachelor,5L-10L,1,3,9693,1,A,Silver,33444
84363,Male,Rural,High School,2L-5L,1,4,2827,More than 1,B,Platinum,71640
51189,Male,Rural,Bachelor,5L-10L,1,7,0,More than 1,B,Silver,67848
86626,Female,Urban,High School,5L-10L,1,1,5161,1,A,Platinum,34596
77945,Female,Urban,High School,5L-10L,1,2,11085,1,A,Platinum,53028
12474,Male,Urban,Bachelor,More than 10L,1,7,2386,More than 1,C,Silver,98508
85347,Male,Urban,High School,2L-5L,1,3,2102,1,B,Silver,34476
44701,Female,Urban,Bachelor,5L-10L,0,4,3474,More than 1,A,Platinum,116292
83186,Male,Rural,Bachelor,5L-10L,1,8,2829,1,A,Platinum,53820
88993,Female,Urban,High School,5L-10L,1,1,4285,1,A,Gold,45120
58770,Female,Rural,Bachelor,2L-5L,1,6,0,More than 1,B,Silver,75924
14942,Male,Urban,High School,5L-10L,1,6,4005,More than 1,B,Platinum,62568
1288,Female,Urban,Bachelor,More than 10L,0,5,5931,1,A,Platinum,47244
79839,Female,Urban,High School,2L-5L,1,4,3589,More than 1,A,Platinum,93528
47583,Female,Urban,Bachelor,5L-10L,0,3,4353,1,A,Platinum,62244
78364,Male,Rural,Bachelor,More than 10L,0,6,0,1,A,Silver,32004
24720,Male,Urban,Bachelor,<=2L,1,5,6457,1,C,Gold,46584
41913,Male,Urban,Others,More than 10L,1,6,6107,More than 1,A,Platinum,102696
68591,Male,Rural,Bachelor,5L-10L,0,1,3691,1,A,Platinum,49140
52384,Female,Rural,Bachelor,More than 10L,1,3,0,More than 1,A,Silver,69936
75870,Female,Urban,Bachelor,5L-10L,0,8,4681,More than 1,A,Platinum,108468
2356,Male,Urban,Others,2L-5L,1,1,4946,1,A,Gold,33120
84520,Male,Urban,Others,5L-10L,0,1,4805,1,A,Silver,31104
67108,Female,Urban,High School,2L-5L,1,6,3643,More than 1,B,Silver,75708
27656,Male,Urban,High School,5L-10L,0,6,11658,More than 1,A,Platinum,108696
28326,Male,Rural,High School,5L-10L,1,6,2283,1,A,Silver,39420
15629,Male,Urban,High School,More than 10L,0,6,3430,1,B,Silver,38880
81307,Female,Urban,High School,5L-10L,1,6,10635,More than 1,B,Gold,104220
14313,Male,Urban,High School,5L-10L,1,6,6575,1,C,Silver,33324
38600,Male,Urban,High School,5L-10L,1,5,6298,1,A,Platinum,38340
19308,Male,Urban,High School,5L-10L,0,1,3508,More than 1,C,Platinum,104304
72163,Female,Urban,High School,5L-10L,0,5,3849,More than 1,A,Silver,97368
67283,Male,Rural,Bachelor,5L-10L,0,2,0,1,A,Gold,43608
10020,Female,Rural,Others,More than 10L,1,6,0,More than 1,B,Silver,63372
11676,Female,Rural,High School,5L-10L,1,5,6850,1,A,Platinum,32484
38724,Male,Urban,Bachelor,2L-5L,1,4,3949,More than 1,B,Platinum,104664
45681,Female,Urban,High School,2L-5L,1,7,6935,1,A,Silver,35076
54458,Female,Urban,Bachelor,5L-10L,0,6,15637,More than 1,A,Gold,104676
87183,Female,Urban,Bachelor,2L-5L,1,2,0,1,B,Platinum,33996
53643,Female,Urban,Others,5L-10L,0,4,4019,1,A,Platinum,50244
53731,Male,Urban,Bachelor,5L-10L,1,7,5551,More than 1,A,Gold,97536
45910,Female,Urban,Bachelor,5L-10L,0,6,0,1,B,Silver,59556
12057,Female,Urban,Bachelor,5L-10L,1,6,8906,1,B,Silver,41220
86430,Male,Urban,Bachelor,5L-10L,0,0,5312,1,A,Platinum,52068
48437,Male,Rural,High School,5L-10L,1,0,2111,1,B,Platinum,45348
62704,Female,Urban,High School,5L-10L,0,7,5228,More than 1,A,Silver,102396
56390,Male,Urban,Others,2L-5L,1,8,2306,More than 1,B,Silver,56640
20320,Male,Urban,Bachelor,5L-10L,0,6,5921,More than 1,A,Silver,105192
67286,Female,Urban,Bachelor,2L-5L,0,5,6536,1,A,Silver,33960
40252,Male,Urban,Bachelor,5L-10L,1,3,2744,More than 1,A,Platinum,95484
63519,Male,Urban,High School,5L-10L,0,6,7404,More than 1,B,Silver,74592
74789,Male,Rural,High School,More than 10L,1,5,0,More than 1,C,Platinum,57852
71276,Male,Urban,Bachelor,2L-5L,1,6,5760,1,C,Silver,36156
48107,Female,Urban,High School,5L-10L,0,8,4420,More than 1,B,Silver,74556
31812,Male,Rural,High School,More than 10L,1,4,0,1,A,Platinum,38316
77971,Female,Rural,Bachelor,More than 10L,1,7,5832,1,A,Silver,51144
68851,Male,Rural,Bachelor,More than 10L,0,6,0,More than 1,B,Silver,77580
20979,Female,Urban,Bachelor,<=2L,1,1,6214,More than 1,B,Platinum,107148
83424,Female,Rural,High School,2L-5L,0,6,0,1,A,Silver,31380
47343,Female,Rural,High School,5L-10L,1,2,3870,More than 1,A,Gold,95196
49516,Male,Urban,Bachelor,5L-10L,0,2,3722,1,B,Platinum,48900
15106,Male,Rural,High School,5L-10L,1,7,0,More than 1,B,Platinum,68952
50230,Female,Urban,High School,More than 10L,0,6,13828,1,A,Gold,54264
11972,Male,Rural,High School,More than 10L,0,7,0,More than 1,B,Platinum,65448
9134,Male,Urban,High School,5L-10L,1,5,8457,1,C,Platinum,53496
21735,Female,Urban,High School,<=2L,1,7,3982,1,A,Silver,50976
45964,Male,Rural,High School,5L-10L,1,7,0,1,B,Silver,37536
6774,Male,Rural,Bachelor,5L-10L,0,5,0,1,B,Silver,34476
13347,Female,Rural,Bachelor,5L-10L,1,7,0,1,A,Platinum,40128
67395,Male,Rural,High School,More than 10L,0,2,4971,More than 1,A,Gold,94392
18244,Male,Rural,Bachelor,More than 10L,0,3,0,1,B,Platinum,33480
2793,Male,Urban,Bachelor,5L-10L,1,6,0,More than 1,A,Gold,89604
44068,Female,Urban,High School,More than 10L,1,5,0,More than 1,B,Platinum,63864
29031,Female,Rural,Bachelor,More than 10L,1,6,0,1,C,Platinum,33852
6625,Male,Rural,Bachelor,5L-10L,1,0,0,1,B,Silver,31980
53833,Male,Urban,High School,5L-10L,1,0,4132,1,A,Platinum,37344
9413,Female,Urban,High School,5L-10L,1,7,9081,1,C,Platinum,59052
50055,Female,Rural,High School,5L-10L,0,2,0,1,B,Platinum,36408
26692,Male,Rural,High School,5L-10L,1,4,2665,More than 1,A,Gold,105060
19300,Male,Urban,Bachelor,More than 10L,0,1,0,1,A,Gold,33852
56765,Male,Rural,High School,5L-10L,1,5,6734,More than 1,A,Gold,89844
62240,Female,Rural,High School,5L-10L,1,6,0,More than 1,C,Platinum,65100
76498,Male,Rural,High School,More than 10L,1,5,0,More than 1,B,Platinum,61320
60941,Female,Urban,High School,5L-10L,1,1,3883,1,B,Silver,48120
24592,Male,Urban,High School,5L-10L,0,2,3696,1,B,Gold,45408
88209,Male,Urban,Bachelor,5L-10L,0,4,6569,1,A,Silver,36540
12579,Male,Urban,High School,5L-10L,1,1,4820,1,A,Platinum,39576
48373,Male,Urban,Bachelor,2L-5L,1,7,2071,1,B,Silver,31272
49963,Male,Urban,High School,2L-5L,0,6,6892,More than 1,A,Platinum,98232
13398,Male,Urban,High School,5L-10L,1,7,3817,1,A,Platinum,48180
83909,Female,Urban,Bachelor,2L-5L,1,1,6199,1,A,Silver,37536
72575,Male,Urban,High School,5L-10L,0,1,3669,More than 1,A,Gold,100596
70541,Female,Urban,High School,2L-5L,0,5,7723,More than 1,B,Gold,110616
61562,Female,Rural,High School,5L-10L,0,8,4783,1,A,Gold,37260
10835,Female,Urban,High School,5L-10L,1,0,0,1,C,Silver,28548
8728,Female,Rural,High School,More than 10L,0,7,2667,1,C,Silver,55992
15750,Male,Rural,High School,More than 10L,1,6,0,More than 1,A,Gold,102024
58617,Female,Urban,Bachelor,5L-10L,0,6,6589,More than 1,B,Gold,111180
13804,Female,Rural,High School,More than 10L,1,0,0,1,B,Gold,49128
7314,Male,Rural,High School,5L-10L,1,7,2164,1,A,Platinum,42852
13902,Female,Urban,High School,More than 10L,0,8,3480,More than 1,A,Platinum,99096
49672,Male,Urban,Bachelor,More than 10L,1,2,6061,1,B,Silver,30204
30087,Female,Urban,Others,5L-10L,1,5,10335,More than 1,A,Platinum,102672
38093,Male,Rural,High School,2L-5L,1,8,7000,More than 1,A,Gold,92580
16569,Male,Urban,High School,2L-5L,1,1,2067,1,A,Silver,40356
2365,Female,Rural,High School,More than 10L,1,2,2767,More than 1,A,Platinum,66636
60,Female,Urban,High School,More than 10L,1,6,5124,1,A,Gold,31776
16152,Male,Urban,High School,5L-10L,1,2,7182,1,B,Gold,60144
16322,Female,Urban,Others,2L-5L,1,4,5774,1,C,Gold,35520
61274,Female,Rural,Others,More than 10L,1,6,0,1,C,Silver,34212
64929,Female,Rural,High School,5L-10L,1,7,0,More than 1,B,Silver,68580
20144,Male,Urban,Bachelor,5L-10L,0,7,5862,More than 1,A,Platinum,123432
22806,Male,Urban,Others,2L-5L,0,5,4058,1,A,Platinum,54588
79844,Male,Rural,Bachelor,More than 10L,0,6,2089,1,B,Platinum,45312
55813,Male,Urban,High School,5L-10L,1,2,6331,1,A,Platinum,50604
72712,Female,Urban,Bachelor,2L-5L,1,1,7109,1,A,Silver,53820
64737,Male,Urban,High School,5L-10L,0,7,6910,More than 1,A,Silver,97800
12551,Male,Urban,Bachelor,5L-10L,0,7,7011,1,C,Gold,54276
74085,Male,Urban,Bachelor,More than 10L,1,6,9408,More than 1,A,Platinum,118260
83700,Male,Rural,Bachelor,More than 10L,1,8,0,1,B,Gold,46848
32887,Male,Rural,Bachelor,5L-10L,1,7,5006,More than 1,C,Platinum,74652
33745,Female,Urban,Others,2L-5L,1,4,2157,1,A,Silver,32928
68670,Male,Urban,Bachelor,5L-10L,0,3,6821,More than 1,A,Gold,119136
79327,Male,Rural,High School,More than 10L,0,8,0,More than 1,C,Platinum,83364
48624,Male,Rural,High School,More than 10L,1,3,0,More than 1,B,Platinum,65796
17529,Male,Urban,Bachelor,More than 10L,0,3,0,More than 1,B,Platinum,82944
24123,Male,Urban,High School,5L-10L,1,3,5297,1,A,Platinum,33192
36641,Female,Urban,Bachelor,5L-10L,0,5,6987,1,A,Platinum,52452
58221,Female,Rural,Bachelor,2L-5L,0,3,0,More than 1,A,Gold,88488
37305,Male,Urban,Bachelor,5L-10L,0,1,6409,More than 1,B,Platinum,104712
2967,Male,Urban,High School,5L-10L,0,7,7336,1,A,Gold,54180
47744,Female,Rural,Bachelor,5L-10L,1,1,0,More than 1,B,Platinum,68016
48264,Male,Urban,Bachelor,2L-5L,0,2,3365,More than 1,A,Platinum,98748
64650,Female,Urban,Bachelor,5L-10L,0,5,3616,1,C,Platinum,49140
7022,Female,Urban,Bachelor,5L-10L,1,3,12791,More than 1,A,Gold,108408
73769,Female,Urban,High School,5L-10L,1,5,2028,More than 1,B,Platinum,74352
88528,Female,Urban,Bachelor,<=2L,0,8,4335,1,B,Platinum,61980
88557,Female,Rural,High School,5L-10L,0,2,13997,More than 1,A,Gold,101856
15601,Male,Urban,High School,5L-10L,1,0,2131,1,A,Gold,45888
43271,Male,Urban,Bachelor,5L-10L,0,8,6089,More than 1,B,Platinum,106260
74651,Male,Urban,High School,2L-5L,0,6,6464,1,A,Gold,48348
14680,Female,Urban,High School,5L-10L,1,5,4511,1,C,Gold,62784
85942,Female,Rural,High School,5L-10L,0,2,0,1,C,Silver,43452
22436,Male,Urban,Bachelor,2L-5L,0,0,5331,1,B,Silver,31896
79059,Male,Urban,Bachelor,5L-10L,1,2,0,1,A,Platinum,31596
80117,Female,Urban,High School,More than 10L,1,1,2129,1,B,Platinum,30960
26249,Female,Urban,High School,More than 10L,0,6,4196,1,B,Gold,36504
10559,Female,Rural,Others,5L-10L,1,4,0,More than 1,B,Silver,65016
10512,Male,Urban,Bachelor,5L-10L,1,5,6605,More than 1,A,Gold,101148
62111,Male,Rural,Bachelor,2L-5L,1,6,3422,More than 1,B,Silver,71652
18632,Male,Urban,High School,5L-10L,1,2,6046,1,A,Platinum,38412
1136,Female,Rural,High School,5L-10L,0,5,3302,1,A,Silver,39960
35608,Male,Rural,Bachelor,5L-10L,0,6,0,More than 1,A,Silver,67128
11409,Male,Urban,High School,5L-10L,1,8,3096,More than 1,B,Gold,61140
48545,Female,Urban,High School,More than 10L,0,3,4929,1,C,Silver,31968
63805,Female,Urban,High School,5L-10L,0,6,6672,More than 1,A,Silver,108024
21602,Male,Urban,High School,2L-5L,0,0,3670,1,B,Silver,59424
42975,Male,Rural,Bachelor,2L-5L,1,2,6263,1,B,Platinum,52488
611,Female,Urban,Others,2L-5L,0,2,5640,More than 1,C,Platinum,101520
83397,Female,Urban,Bachelor,5L-10L,1,3,2130,1,B,Platinum,33648
67858,Female,Rural,Bachelor,5L-10L,1,7,0,1,B,Platinum,48036
53096,Male,Urban,Bachelor,5L-10L,1,5,5231,More than 1,A,Gold,90204
16745,Female,Rural,Others,More than 10L,0,6,4532,1,A,Gold,46068
13103,Female,Rural,Bachelor,5L-10L,1,6,5623,More than 1,A,Platinum,83964
59489,Male,Urban,High School,More than 10L,1,6,4122,More than 1,A,Platinum,103248
68773,Female,Urban,Others,5L-10L,1,4,0,More than 1,A,Gold,66888
73959,Male,Rural,Bachelor,5L-10L,0,6,4845,1,B,Platinum,48504
23234,Male,Urban,Bachelor,5L-10L,1,6,9314,More than 1,A,Platinum,112416
72711,Male,Rural,High School,5L-10L,1,3,3852,More than 1,A,Platinum,86388
61458,Male,Urban,Bachelor,More than 10L,1,5,6726,More than 1,A,Platinum,106956
74553,Male,Rural,High School,2L-5L,1,8,5002,1,A,Platinum,52920
54942,Female,Urban,High School,5L-10L,1,3,0,1,A,Silver,35076
46905,Female,Urban,Bachelor,5L-10L,1,5,2988,More than 1,B,Silver,68880
81453,Male,Urban,High School,5L-10L,0,4,6036,More than 1,A,Platinum,101940
37098,Female,Urban,High School,More than 10L,0,6,2320,1,A,Platinum,43404
72444,Female,Urban,Bachelor,5L-10L,0,2,3970,More than 1,A,Platinum,95880
18313,Male,Urban,High School,5L-10L,1,6,4876,1,A,Gold,36408
2316,Male,Urban,Bachelor,5L-10L,1,5,3496,More than 1,A,Silver,95520
56983,Male,Urban,High School,5L-10L,1,5,5388,1,B,Silver,32568
36115,Female,Urban,High School,5L-10L,1,5,5995,More than 1,A,Platinum,94080
14695,Male,Rural,Others,5L-10L,1,5,0,1,C,Platinum,35928
30067,Female,Urban,High School,5L-10L,0,6,0,More than 1,B,Platinum,68508
7900,Female,Urban,Bachelor,5L-10L,1,1,5405,1,A,Platinum,30996
79937,Male,Rural,Bachelor,5L-10L,0,5,3171,1,A,Gold,49656
72185,Female,Urban,High School,5L-10L,1,2,6434,More than 1,A,Gold,89328
20654,Male,Urban,High School,5L-10L,0,7,3964,1,A,Silver,51636
51727,Female,Urban,High School,More than 10L,1,2,3620,More than 1,B,Platinum,72576
28521,Male,Urban,Bachelor,5L-10L,0,6,2919,More than 1,A,Platinum,103296
83586,Female,Rural,High School,5L-10L,0,6,2817,1,A,Platinum,52392
64080,Male,Rural,Others,5L-10L,1,1,6715,More than 1,C,Platinum,98316
81868,Male,Urban,Others,More than 10L,1,8,0,1,B,Gold,69504
79557,Female,Urban,High School,5L-10L,0,2,3675,More than 1,B,Gold,114708
9137,Female,Urban,High School,5L-10L,1,6,5991,1,C,Silver,33780
33925,Male,Urban,High School,5L-10L,1,7,6463,More than 1,A,Gold,95580
73039,Male,Rural,Bachelor,More than 10L,1,3,0,More than 1,A,Platinum,66336
71729,Female,Rural,High School,5L-10L,0,7,5356,1,B,Gold,50244
62356,Female,Urban,Bachelor,More than 10L,0,7,10850,More than 1,A,Silver,99288
15853,Male,Urban,Bachelor,5L-10L,1,1,0,1,B,Gold,33336
64931,Female,Urban,High School,5L-10L,1,5,5444,More than 1,A,Platinum,88932
29483,Male,Urban,Bachelor,5L-10L,1,3,3795,1,B,Platinum,50988
78426,Male,Rural,High School,5L-10L,0,7,0,1,A,Platinum,51720
28976,Female,Urban,High School,More than 10L,1,4,0,1,A,Gold,36384
85274,Female,Rural,High School,5L-10L,1,5,2126,1,B,Platinum,32208
83323,Female,Urban,High School,5L-10L,1,6,0,More than 1,B,Platinum,69972
126,Female,Urban,High School,2L-5L,0,6,4005,More than 1,C,Platinum,102780
57956,Female,Urban,Bachelor,5L-10L,0,8,4063,More than 1,A,Platinum,115476
14824,Female,Rural,Bachelor,5L-10L,0,8,0,1,B,Platinum,43548
39114,Male,Urban,High School,5L-10L,1,7,3821,1,B,Silver,41556
48427,Male,Urban,High School,5L-10L,1,8,2703,More than 1,B,Platinum,63168
72006,Female,Urban,High School,5L-10L,0,8,6767,1,A,Platinum,51132
45300,Male,Urban,High School,2L-5L,1,4,4692,1,A,Platinum,32244
9889,Male,Rural,Bachelor,More than 10L,0,6,6431,More than 1,A,Silver,98352
70780,Male,Urban,Bachelor,5L-10L,0,6,3900,1,A,Gold,46596
48717,Male,Urban,High School,More than 10L,0,4,3988,1,A,Gold,41112
62715,Male,Urban,High School,More than 10L,1,6,5425,More than 1,A,Gold,97836
13873,Male,Urban,Bachelor,5L-10L,1,5,0,More than 1,B,Silver,71688
8331,Male,Urban,High School,2L-5L,1,2,0,1,B,Silver,31740
20761,Male,Urban,Bachelor,5L-10L,0,6,4069,1,A,Platinum,47496
62151,Male,Rural,High School,5L-10L,1,3,0,1,A,Gold,31560
29603,Female,Urban,High School,More than 10L,1,6,0,1,A,Platinum,34500
22220,Female,Urban,Bachelor,5L-10L,1,2,5394,1,B,Silver,35784
17039,Male,Urban,High School,More than 10L,1,1,3750,More than 1,A,Gold,86424
48168,Female,Urban,Bachelor,2L-5L,0,6,4789,1,C,Gold,37716
84031,Male,Urban,Bachelor,More than 10L,0,5,2831,1,A,Platinum,53484
38385,Male,Urban,Bachelor,5L-10L,1,4,8879,More than 1,B,Platinum,106992
2452,Male,Rural,High School,5L-10L,1,0,10280,More than 1,B,Platinum,73788
83696,Female,Rural,High School,More than 10L,1,4,6243,1,A,Silver,51480
46587,Male,Rural,Bachelor,More than 10L,0,5,0,1,A,Platinum,40656
29252,Female,Rural,Bachelor,5L-10L,1,1,0,1,B,Silver,49284
84493,Female,Urban,Bachelor,5L-10L,1,4,6656,1,A,Platinum,54372
3079,Male,Urban,High School,5L-10L,1,6,5370,More than 1,B,Platinum,103752
27925,Female,Urban,High School,More than 10L,1,5,6042,1,A,Silver,32208
33865,Male,Urban,Others,5L-10L,1,5,5514,1,A,Platinum,31728
18638,Male,Rural,Bachelor,5L-10L,1,7,3010,1,A,Platinum,47436
61718,Male,Rural,Bachelor,5L-10L,0,1,0,1,A,Platinum,50040
86029,Female,Urban,High School,2L-5L,0,2,4193,More than 1,A,Gold,106848
3802,Male,Urban,High School,2L-5L,1,2,4084,More than 1,A,Gold,89352
78499,Male,Urban,Others,5L-10L,1,1,3681,1,B,Silver,34416
73261,Male,Rural,Others,5L-10L,0,8,0,1,C,Gold,38388
64545,Female,Urban,Bachelor,5L-10L,1,6,11184,More than 1,A,Platinum,100776
39192,Female,Urban,High School,More than 10L,1,5,0,1,A,Gold,35424
56050,Female,Rural,Others,5L-10L,1,7,0,More than 1,A,Platinum,66660
51120,Male,Urban,High School,5L-10L,0,2,7022,1,A,Gold,62244
26572,Male,Urban,Bachelor,5L-10L,0,6,8817,More than 1,A,Platinum,114360
30942,Male,Rural,High School,5L-10L,0,6,5575,1,C,Silver,36612
52148,Male,Rural,High School,5L-10L,0,1,6166,1,C,Silver,52248
72769,Male,Urban,Bachelor,5L-10L,1,4,6009,1,A,Silver,36972
5729,Female,Rural,Bachelor,5L-10L,1,0,0,1,B,Platinum,33648
1462,Male,Rural,Bachelor,2L-5L,1,1,2106,More than 1,B,Silver,100044
50841,Female,Urban,High School,5L-10L,0,5,4589,1,B,Platinum,37764
53026,Male,Rural,Bachelor,More than 10L,0,6,0,1,A,Silver,31848
47931,Male,Urban,Bachelor,2L-5L,1,0,5119,1,A,Platinum,34032
16284,Male,Urban,Bachelor,5L-10L,1,3,10960,More than 1,C,Gold,112476
50338,Female,Urban,Bachelor,<=2L,1,3,5909,More than 1,A,Platinum,98148
9623,Female,Urban,Bachelor,2L-5L,0,6,0,1,A,Platinum,35220
85621,Male,Rural,Bachelor,5L-10L,0,1,2652,More than 1,A,Platinum,64392
60761,Male,Urban,High School,More than 10L,1,7,0,1,B,Platinum,33648
80066,Female,Urban,Bachelor,2L-5L,1,4,0,1,A,Platinum,37380
88427,Male,Urban,Bachelor,5L-10L,1,8,3704,1,A,Platinum,48264
7074,Female,Urban,High School,5L-10L,0,4,4486,More than 1,C,Platinum,91956
56739,Male,Urban,High School,2L-5L,0,7,4207,1,B,Platinum,46956
76131,Male,Urban,Bachelor,2L-5L,1,2,2776,More than 1,B,Silver,71112
638,Male,Rural,High School,More than 10L,0,5,5834,More than 1,A,Silver,101820
70600,Male,Rural,High School,More than 10L,1,2,0,More than 1,B,Platinum,68496
87628,Male,Urban,High School,2L-5L,0,7,2143,More than 1,A,Platinum,113064
47647,Male,Rural,Bachelor,5L-10L,0,1,0,More than 1,A,Platinum,74460
77694,Female,Rural,High School,5L-10L,1,6,7972,More than 1,B,Platinum,97812
88602,Female,Urban,Others,2L-5L,1,7,7472,1,B,Gold,36528
86389,Male,Urban,High School,More than 10L,1,5,0,1,A,Gold,36684
87027,Male,Urban,Bachelor,More than 10L,1,7,2646,1,C,Silver,33936
6491,Female,Urban,High School,2L-5L,1,6,4037,1,B,Gold,50316
27726,Male,Urban,Bachelor,5L-10L,0,2,3490,More than 1,A,Platinum,102216
21962,Female,Urban,Others,5L-10L,1,8,6094,1,A,Silver,54096
53521,Female,Urban,Bachelor,5L-10L,1,5,2216,More than 1,A,Silver,98652
83979,Male,Urban,Bachelor,5L-10L,1,7,3478,1,A,Gold,56556
29816,Female,Urban,High School,2L-5L,1,6,3233,1,A,Gold,48300
53047,Male,Urban,High School,2L-5L,0,7,5614,1,B,Silver,38088
58553,Male,Urban,High School,5L-10L,1,6,3904,1,C,Silver,47196
11102,Female,Urban,High School,More than 10L,1,6,2097,1,C,Silver,38616
58736,Male,Rural,High School,More than 10L,1,4,0,More than 1,B,Gold,59376
75841,Female,Rural,Bachelor,More than 10L,1,1,5552,More than 1,B,Platinum,86064
45311,Male,Urban,High School,5L-10L,1,8,2099,More than 1,A,Platinum,97812
87155,Male,Rural,Bachelor,5L-10L,0,7,0,More than 1,B,Silver,74520
28274,Male,Urban,High School,5L-10L,1,3,5260,1,A,Platinum,31512
88829,Male,Urban,High School,5L-10L,1,4,3838,1,C,Silver,54300
66004,Female,Rural,High School,5L-10L,1,7,3263,More than 1,B,Platinum,70776
3313,Male,Rural,Bachelor,5L-10L,0,3,0,1,A,Platinum,29460
74497,Male,Urban,Bachelor,2L-5L,0,6,5408,More than 1,B,Platinum,106692
84753,Male,Rural,Others,More than 10L,1,1,0,1,B,Gold,28836
78914,Male,Urban,High School,More than 10L,1,3,6543,More than 1,A,Platinum,104136
16077,Female,Rural,Bachelor,5L-10L,0,6,0,More than 1,A,Silver,94980
6669,Male,Urban,High School,5L-10L,1,3,8020,More than 1,A,Gold,101940
87706,Male,Urban,Others,5L-10L,0,0,0,1,A,Silver,40836
8577,Male,Urban,High School,5L-10L,0,8,2194,1,C,Gold,31068
38654,Male,Rural,High School,2L-5L,0,7,0,More than 1,B,Platinum,68688
78156,Female,Urban,Bachelor,5L-10L,0,7,7269,1,B,Gold,48216
41058,Female,Rural,High School,5L-10L,1,2,0,1,C,Platinum,37368
35243,Female,Urban,High School,2L-5L,1,6,6180,1,C,Gold,32592
43716,Female,Urban,High School,2L-5L,0,6,0,More than 1,B,Silver,91716
41966,Female,Urban,High School,2L-5L,1,7,6585,1,C,Silver,33144
89017,Female,Urban,High School,More than 10L,1,4,5100,1,A,Platinum,35352
34144,Female,Rural,High School,5L-10L,1,2,3120,More than 1,B,Platinum,67200
23103,Male,Urban,High School,5L-10L,1,7,6729,1,A,Platinum,33048
37633,Male,Rural,Bachelor,5L-10L,1,4,0,1,C,Gold,33996
6679,Female,Urban,Others,<=2L,0,7,6901,1,A,Platinum,34404
41605,Male,Urban,Bachelor,2L-5L,1,6,5485,1,A,Platinum,51384
80278,Male,Urban,High School,2L-5L,1,4,5560,1,A,Platinum,46452
26446,Female,Urban,Bachelor,5L-10L,0,5,5815,More than 1,A,Platinum,97212
51045,Female,Rural,High School,2L-5L,1,4,2389,More than 1,A,Silver,89412
13488,Female,Urban,High School,5L-10L,0,7,2121,More than 1,C,Silver,76260
68459,Male,Urban,Bachelor,2L-5L,1,7,4532,1,A,Platinum,50976
12248,Male,Rural,Others,More than 10L,1,0,0,1,A,Gold,35220
70064,Male,Urban,Bachelor,2L-5L,0,5,6502,More than 1,A,Gold,110868
36885,Male,Urban,High School,5L-10L,1,5,3285,More than 1,B,Silver,66768
86249,Male,Rural,High School,More than 10L,1,3,5155,1,A,Platinum,33696
66536,Female,Rural,High School,5L-10L,1,6,6167,More than 1,B,Platinum,72912
40353,Female,Urban,High School,5L-10L,0,2,3839,More than 1,A,Platinum,104016
24147,Male,Urban,Bachelor,More than 10L,0,5,5702,1,A,Silver,33204
83243,Female,Urban,Bachelor,5L-10L,0,6,4617,More than 1,A,Platinum,102336
19196,Female,Rural,Bachelor,2L-5L,1,4,0,More than 1,B,Platinum,97080
23372,Male,Rural,High School,5L-10L,1,2,7889,1,B,Gold,67680
74275,Female,Urban,Bachelor,5L-10L,0,1,3920,1,A,Platinum,45300
72044,Male,Urban,Bachelor,2L-5L,1,6,7805,More than 1,A,Gold,99888
54588,Male,Rural,High School,5L-10L,1,1,0,More than 1,B,Gold,70740
46053,Male,Urban,Bachelor,5L-10L,1,6,3455,1,B,Silver,38532
53327,Female,Urban,High School,2L-5L,1,8,5027,1,A,Platinum,34140
61073,Female,Urban,High School,5L-10L,1,5,4608,1,A,Silver,31464
15494,Female,Rural,Bachelor,2L-5L,0,6,7626,More than 1,A,Gold,110148
8698,Male,Urban,High School,5L-10L,0,4,6902,1,A,Platinum,64116
82261,Male,Urban,High School,2L-5L,1,4,5503,1,A,Platinum,35316
35392,Female,Urban,Bachelor,5L-10L,1,3,3614,1,A,Silver,50604
42733,Female,Urban,Bachelor,More than 10L,1,8,10240,1,A,Gold,48576
5444,Female,Rural,Bachelor,2L-5L,1,7,5673,1,A,Silver,32796
49250,Female,Rural,High School,2L-5L,0,8,0,1,B,Gold,50232
47428,Male,Urban,High School,5L-10L,0,7,5599,1,B,Platinum,32052
73651,Female,Urban,High School,2L-5L,0,5,4691,1,A,Silver,34800
33540,Female,Rural,Bachelor,5L-10L,1,5,2632,More than 1,B,Gold,101988
78950,Male,Rural,High School,5L-10L,0,1,0,1,B,Gold,34860
26579,Male,Urban,High School,5L-10L,1,8,11146,More than 1,B,Platinum,91428
16787,Male,Urban,High School,5L-10L,0,6,10136,1,A,Gold,54264
69695,Female,Rural,High School,2L-5L,1,5,0,More than 1,A,Silver,75048
7646,Male,Rural,High School,More than 10L,1,4,0,1,A,Platinum,38076
23118,Female,Urban,Bachelor,5L-10L,0,7,0,More than 1,B,Silver,67176
69284,Female,Rural,Bachelor,2L-5L,1,7,2416,More than 1,B,Platinum,73524
12940,Male,Urban,High School,5L-10L,1,0,0,More than 1,B,Platinum,74964
25413,Male,Urban,Bachelor,5L-10L,0,1,3991,More than 1,A,Platinum,104724
7750,Male,Urban,High School,5L-10L,0,4,4122,1,A,Gold,47580
8220,Male,Urban,Bachelor,5L-10L,1,4,0,1,A,Platinum,49212
56978,Male,Rural,High School,5L-10L,0,2,2562,More than 1,A,Platinum,101808
7015,Female,Urban,High School,2L-5L,1,3,6387,1,A,Platinum,45756
8952,Female,Urban,High School,More than 10L,1,5,5062,1,A,Platinum,32724
7102,Male,Rural,High School,5L-10L,1,8,6249,1,A,Platinum,31620
44677,Male,Urban,Bachelor,5L-10L,1,0,2307,More than 1,A,Platinum,59544
51885,Male,Rural,High School,More than 10L,0,2,0,1,A,Gold,52932
36254,Male,Rural,High School,More than 10L,1,2,0,More than 1,B,Platinum,66228
36776,Male,Rural,Bachelor,2L-5L,0,6,2191,1,B,Platinum,46824
18056,Male,Rural,Bachelor,2L-5L,0,1,6339,More than 1,B,Silver,93984
22031,Female,Urban,Bachelor,5L-10L,0,3,5557,1,A,Gold,36684
78057,Male,Urban,High School,2L-5L,1,8,10523,More than 1,A,Silver,105120
25973,Male,Rural,Bachelor,More than 10L,0,5,0,More than 1,B,Platinum,67080
16709,Male,Rural,Bachelor,5L-10L,1,5,0,More than 1,B,Silver,74904
24838,Male,Urban,Bachelor,5L-10L,1,0,3111,More than 1,B,Gold,70596
4193,Female,Rural,High School,5L-10L,0,0,0,More than 1,B,Platinum,70536
11302,Female,Urban,Bachelor,5L-10L,1,6,3660,More than 1,A,Platinum,88716
42321,Male,Rural,Bachelor,5L-10L,0,3,5349,More than 1,A,Platinum,97812
57372,Male,Urban,Bachelor,5L-10L,1,7,5303,1,A,Silver,34008
63984,Male,Urban,Bachelor,5L-10L,1,1,6579,1,A,Silver,51924
4540,Female,Urban,Bachelor,5L-10L,0,5,0,More than 1,A,Platinum,99108
68290,Female,Urban,High School,5L-10L,1,4,5747,1,A,Platinum,51444
26898,Female,Rural,Bachelor,5L-10L,1,1,2267,1,A,Gold,57384
15078,Male,Rural,Others,5L-10L,0,3,4664,1,A,Silver,49068
59232,Female,Rural,Bachelor,5L-10L,1,5,2043,1,A,Gold,63708
56589,Male,Urban,Bachelor,5L-10L,1,0,2321,1,A,Silver,35040
43203,Male,Rural,Bachelor,More than 10L,1,0,2923,1,A,Silver,53316
44841,Male,Urban,Bachelor,2L-5L,0,3,5454,1,A,Platinum,53688
74876,Female,Urban,Bachelor,5L-10L,1,6,4051,1,B,Silver,50652
77157,Male,Urban,High School,5L-10L,1,4,10816,More than 1,A,Silver,98652
64368,Male,Urban,Bachelor,2L-5L,0,7,6186,More than 1,B,Gold,86580
75717,Male,Rural,High School,5L-10L,1,1,5795,1,A,Platinum,46464
57936,Male,Urban,High School,2L-5L,0,3,5623,1,A,Platinum,35844
36215,Female,Rural,Bachelor,5L-10L,1,6,0,1,A,Platinum,38532
71886,Female,Urban,High School,5L-10L,1,2,10337,More than 1,A,Gold,77232
25368,Male,Urban,Bachelor,2L-5L,1,7,4160,1,B,Gold,40944
14733,Male,Rural,Bachelor,5L-10L,1,8,3107,More than 1,B,Platinum,55884
41771,Male,Rural,Bachelor,More than 10L,1,4,3563,More than 1,C,Silver,65832
22792,Male,Urban,Bachelor,5L-10L,0,7,0,More than 1,B,Platinum,70164
36367,Female,Rural,High School,2L-5L,0,5,3089,1,C,Silver,50856
32880,Male,Urban,High School,5L-10L,1,6,0,More than 1,C,Platinum,96276
27261,Male,Rural,Bachelor,5L-10L,1,5,2586,1,B,Platinum,45948
79629,Male,Rural,High School,5L-10L,0,7,4483,1,A,Platinum,59724
58946,Female,Urban,Bachelor,5L-10L,0,4,10126,More than 1,A,Gold,112920
83524,Female,Urban,High School,5L-10L,1,4,2067,1,A,Platinum,32772
13908,Male,Urban,High School,More than 10L,0,7,19536,More than 1,B,Silver,95340
78338,Male,Urban,Bachelor,5L-10L,0,1,6799,1,A,Platinum,51828
77915,Male,Urban,High School,5L-10L,0,1,4256,1,B,Gold,46224
75002,Female,Urban,High School,5L-10L,1,3,5613,1,A,Gold,38400
9755,Male,Urban,High School,5L-10L,1,8,5359,More than 1,A,Silver,106788
42511,Male,Urban,Bachelor,2L-5L,1,3,5293,1,A,Platinum,31368
27278,Female,Urban,Bachelor,5L-10L,0,0,5848,More than 1,A,Silver,96084
56870,Male,Rural,High School,5L-10L,1,4,2102,1,A,Platinum,30012
45331,Male,Urban,Bachelor,5L-10L,1,1,0,1,A,Silver,33372
23685,Male,Urban,High School,More than 10L,0,5,6653,1,A,Silver,52200
66014,Female,Rural,Bachelor,5L-10L,1,3,2005,1,A,Gold,33768
89093,Male,Urban,Bachelor,5L-10L,0,6,3919,1,B,Platinum,49728
34355,Female,Urban,High School,2L-5L,1,5,8489,1,C,Gold,50736
79071,Male,Urban,High School,5L-10L,1,5,3890,More than 1,A,Platinum,108312
30086,Female,Rural,Bachelor,5L-10L,1,1,2024,1,A,Gold,49632
86752,Male,Urban,High School,5L-10L,0,3,7318,1,A,Gold,57408
50394,Male,Rural,High School,5L-10L,1,7,4143,More than 1,A,Silver,95028
50999,Male,Urban,Bachelor,2L-5L,0,7,4075,1,A,Silver,64440
77448,Male,Urban,Bachelor,2L-5L,1,6,4353,1,B,Silver,57612
10608,Male,Urban,Others,5L-10L,0,1,5454,More than 1,A,Gold,124488
29716,Female,Urban,High School,5L-10L,1,6,6402,1,A,Platinum,38964
66142,Female,Urban,High School,2L-5L,1,2,7979,1,A,Platinum,42348
6578,Male,Rural,High School,5L-10L,0,6,3938,More than 1,B,Platinum,99972
74338,Male,Urban,High School,5L-10L,1,1,5625,1,A,Platinum,38604
68561,Male,Urban,Bachelor,5L-10L,1,6,5098,1,B,Platinum,33792
45607,Female,Rural,High School,5L-10L,1,3,0,1,B,Silver,56904
25967,Male,Urban,High School,5L-10L,1,3,5782,More than 1,A,Gold,109224
19630,Male,Urban,High School,2L-5L,0,7,6745,1,C,Silver,57084
82525,Female,Urban,High School,2L-5L,1,3,3726,1,A,Platinum,43056
65471,Female,Rural,High School,5L-10L,1,2,4830,1,B,Silver,46860
73159,Female,Urban,High School,2L-5L,1,2,5245,1,A,Silver,35892
12874,Female,Rural,High School,More than 10L,1,8,2626,More than 1,A,Platinum,71184
2670,Female,Urban,High School,5L-10L,1,8,5974,More than 1,A,Platinum,99492
63595,Female,Urban,Bachelor,5L-10L,1,4,4863,1,B,Gold,34824
20114,Male,Rural,Bachelor,More than 10L,1,7,0,1,B,Platinum,35412
3135,Male,Urban,High School,2L-5L,1,6,0,More than 1,B,Silver,69564
4371,Male,Rural,Others,5L-10L,1,6,3193,1,A,Silver,51672
6126,Female,Urban,High School,5L-10L,1,7,5711,More than 1,A,Platinum,91752
32260,Female,Rural,High School,More than 10L,1,0,0,1,A,Silver,38508
26805,Male,Rural,Bachelor,5L-10L,0,1,4318,More than 1,A,Platinum,63048
8470,Male,Urban,Bachelor,2L-5L,0,6,5546,More than 1,C,Platinum,103824
6733,Female,Urban,Others,5L-10L,0,2,0,1,A,Platinum,29856
16036,Female,Urban,High School,5L-10L,0,6,8902,1,B,Silver,51240
3332,Female,Urban,High School,5L-10L,1,0,5719,More than 1,A,Gold,99000
19193,Male,Urban,High School,5L-10L,0,3,4210,1,B,Platinum,48048
58974,Female,Urban,High School,5L-10L,1,2,8946,1,A,Silver,30480
7020,Female,Rural,Bachelor,5L-10L,1,0,0,More than 1,B,Gold,63408
73421,Female,Urban,High School,More than 10L,1,3,2132,More than 1,B,Gold,73932
46669,Male,Rural,Bachelor,More than 10L,1,6,0,1,B,Silver,39588
23654,Female,Urban,Bachelor,2L-5L,1,4,3843,More than 1,B,Silver,77616
63577,Male,Urban,High School,More than 10L,0,4,6704,More than 1,A,Platinum,108960
56148,Female,Rural,Bachelor,More than 10L,0,6,3783,More than 1,A,Platinum,75168
66195,Female,Urban,Bachelor,2L-5L,1,3,5850,1,A,Silver,36168
20397,Male,Urban,High School,5L-10L,0,4,5853,1,A,Gold,50136
20115,Female,Urban,High School,5L-10L,1,7,5555,More than 1,A,Platinum,102312
23011,Female,Urban,Bachelor,5L-10L,1,7,5710,More than 1,A,Platinum,91560
79070,Female,Urban,Bachelor,5L-10L,1,6,6794,More than 1,A,Gold,97164
79711,Male,Urban,High School,5L-10L,0,1,4566,1,A,Gold,51288
6095,Male,Rural,High School,5L-10L,1,6,0,1,A,Gold,37716
21884,Female,Urban,Bachelor,5L-10L,1,6,0,1,C,Platinum,33348
43740,Female,Urban,High School,5L-10L,1,5,6356,More than 1,A,Platinum,95472
75467,Male,Rural,High School,5L-10L,1,8,5453,More than 1,A,Gold,104196
37076,Male,Urban,Others,2L-5L,1,3,7105,More than 1,B,Silver,110196
79438,Male,Urban,High School,5L-10L,1,7,4507,1,A,Platinum,48156
66759,Male,Urban,Bachelor,More than 10L,0,4,3402,1,A,Platinum,46068
81796,Male,Urban,High School,5L-10L,1,7,6873,More than 1,A,Platinum,113520
12443,Female,Rural,Bachelor,More than 10L,1,0,0,1,B,Platinum,36936
60022,Male,Urban,High School,5L-10L,1,7,0,1,B,Platinum,46404
13318,Male,Urban,High School,2L-5L,1,3,0,1,C,Gold,34404
46177,Female,Urban,Bachelor,5L-10L,1,6,2684,More than 1,A,Platinum,100080
12090,Male,Urban,High School,5L-10L,0,5,3965,More than 1,A,Platinum,104208
64199,Male,Rural,Bachelor,2L-5L,0,7,0,1,B,Silver,51756
1477,Female,Urban,High School,More than 10L,1,2,0,1,C,Platinum,52728
37500,Male,Rural,Others,5L-10L,0,2,0,1,B,Platinum,31680
13106,Male,Rural,Bachelor,5L-10L,0,1,2721,1,A,Platinum,48408
83789,Male,Rural,High School,5L-10L,1,8,0,1,B,Gold,36552
47377,Female,Urban,Bachelor,5L-10L,1,3,4600,1,A,Platinum,34152
25100,Female,Rural,Others,5L-10L,1,4,0,1,B,Platinum,34608
77823,Female,Rural,High School,5L-10L,1,0,0,1,B,Platinum,54888
23203,Female,Urban,High School,More than 10L,1,3,5215,1,A,Platinum,48168
40881,Male,Urban,Bachelor,More than 10L,1,4,2114,More than 1,B,Platinum,63756
68897,Female,Rural,High School,5L-10L,0,4,0,1,B,Silver,56220
54844,Male,Urban,Bachelor,5L-10L,0,5,5448,1,A,Silver,31236
983,Male,Rural,Bachelor,5L-10L,0,5,4316,More than 1,B,Platinum,98016
41496,Male,Rural,Bachelor,5L-10L,0,6,3003,More than 1,A,Silver,88848
46111,Female,Urban,Bachelor,5L-10L,1,5,2075,1,A,Platinum,31704
41164,Male,Urban,High School,2L-5L,1,6,5067,More than 1,B,Platinum,99156
50318,Female,Rural,Bachelor,2L-5L,1,3,0,More than 1,B,Gold,98304
56318,Male,Urban,High School,5L-10L,1,7,18519,1,A,Platinum,52428
14243,Male,Rural,Bachelor,5L-10L,0,2,3962,More than 1,A,Gold,91764
63082,Female,Urban,High School,2L-5L,1,6,5171,1,A,Silver,33384
45014,Male,Rural,High School,5L-10L,1,0,0,1,B,Platinum,31140
28275,Male,Urban,High School,<=2L,1,4,4824,1,A,Platinum,33432
78447,Male,Rural,Bachelor,2L-5L,0,5,2175,More than 1,A,Platinum,97476
24605,Male,Urban,High School,5L-10L,1,4,9978,1,B,Gold,52332
19764,Male,Rural,High School,More than 10L,0,0,2039,1,B,Silver,53400
63095,Male,Rural,Bachelor,5L-10L,1,1,0,1,B,Silver,42588
51117,Male,Urban,High School,2L-5L,0,3,8648,More than 1,B,Gold,109392
8658,Male,Rural,Bachelor,More than 10L,0,0,0,1,B,Platinum,53196
79046,Male,Urban,High School,2L-5L,1,3,4969,1,C,Gold,31464
6124,Male,Rural,Bachelor,More than 10L,1,1,0,1,A,Gold,35652
36086,Male,Urban,Bachelor,5L-10L,1,7,6185,More than 1,A,Platinum,103860
50589,Male,Urban,High School,2L-5L,0,5,7369,1,A,Platinum,55212
83264,Male,Urban,Bachelor,5L-10L,0,0,7378,1,A,Platinum,39948
24068,Male,Urban,High School,More than 10L,1,0,2146,1,B,Platinum,34356
17402,Male,Rural,Bachelor,5L-10L,1,4,3231,More than 1,B,Platinum,65580
28831,Female,Urban,High School,5L-10L,1,3,0,1,A,Silver,32880
66715,Female,Urban,Bachelor,5L-10L,0,4,4153,1,C,Gold,46932
84194,Male,Urban,Bachelor,2L-5L,0,1,7280,More than 1,A,Platinum,107412
5838,Male,Rural,Bachelor,2L-5L,1,7,0,More than 1,A,Platinum,62988
72645,Female,Urban,Bachelor,5L-10L,1,6,5801,More than 1,A,Platinum,95652
84671,Male,Urban,High School,5L-10L,0,7,12403,More than 1,A,Gold,101640
44714,Male,Urban,High School,5L-10L,1,5,7061,1,C,Silver,37452
66237,Female,Urban,Bachelor,5L-10L,1,6,8070,More than 1,A,Platinum,98232
34748,Male,Rural,High School,5L-10L,0,7,0,1,B,Platinum,49164
26440,Female,Urban,High School,5L-10L,1,5,7427,1,A,Platinum,58920
81543,Male,Urban,High School,5L-10L,1,5,6034,1,A,Platinum,35388
40119,Male,Urban,High School,5L-10L,0,7,2613,1,C,Silver,52836
17389,Female,Urban,Bachelor,2L-5L,0,8,4861,More than 1,B,Silver,101076
10935,Female,Rural,High School,More than 10L,0,1,18198,1,A,Silver,59724
23413,Female,Rural,Bachelor,2L-5L,0,6,0,1,B,Silver,36756
42096,Male,Rural,Bachelor,More than 10L,0,7,0,1,B,Silver,35568
42382,Female,Rural,High School,2L-5L,0,2,2807,More than 1,B,Silver,70452
65876,Female,Urban,High School,5L-10L,1,1,3397,More than 1,B,Gold,76860
8834,Male,Urban,High School,2L-5L,1,6,0,1,B,Platinum,32556
87297,Female,Urban,High School,5L-10L,0,5,5886,More than 1,A,Gold,104256
23325,Male,Urban,High School,More than 10L,1,1,4242,More than 1,A,Gold,102084
14397,Male,Urban,High School,5L-10L,1,3,6225,1,A,Platinum,35616
25601,Female,Urban,High School,5L-10L,0,8,6592,1,C,Gold,55224
37791,Male,Urban,High School,More than 10L,1,1,0,1,B,Platinum,28800
33923,Male,Urban,Bachelor,2L-5L,1,6,3826,1,A,Platinum,54816
78089,Female,Urban,High School,2L-5L,0,2,4123,1,A,Gold,53712
1644,Male,Rural,Bachelor,5L-10L,1,7,2618,More than 1,B,Silver,75000
16278,Male,Rural,Bachelor,5L-10L,0,8,3538,More than 1,B,Platinum,66564
62130,Male,Rural,High School,5L-10L,0,5,0,1,B,Gold,49500
77752,Female,Urban,High School,2L-5L,0,7,5716,More than 1,A,Platinum,98784
30487,Male,Urban,High School,5L-10L,1,3,5772,More than 1,A,Gold,104784
88101,Male,Urban,High School,More than 10L,0,6,3554,More than 1,A,Platinum,108360
7895,Male,Rural,High School,5L-10L,1,4,3461,More than 1,C,Platinum,100284
83644,Female,Rural,High School,5L-10L,1,8,3178,More than 1,B,Platinum,68604
48989,Female,Urban,High School,5L-10L,1,2,0,1,C,Platinum,34080
12836,Male,Urban,High School,More than 10L,1,3,3684,1,C,Gold,35376
72036,Female,Rural,High School,5L-10L,0,6,0,More than 1,B,Platinum,74220
82722,Male,Rural,High School,5L-10L,0,6,4948,1,A,Gold,35856
44401,Male,Urban,Bachelor,5L-10L,1,1,5950,More than 1,A,Platinum,98004
73635,Female,Rural,High School,5L-10L,0,4,0,1,C,Platinum,34872
8735,Male,Urban,High School,<=2L,1,6,3845,More than 1,B,Platinum,92124
48839,Female,Rural,High School,2L-5L,1,2,0,1,B,Silver,28920
47970,Female,Rural,High School,5L-10L,0,2,3531,More than 1,A,Silver,70944
85906,Male,Urban,Others,5L-10L,1,0,2401,1,A,Silver,34632
61110,Male,Urban,Bachelor,5L-10L,1,4,2791,1,A,Platinum,39012
31796,Male,Urban,Bachelor,More than 10L,1,4,3484,More than 1,A,Platinum,114924
8968,Female,Rural,High School,5L-10L,0,2,0,1,A,Platinum,36756
24658,Male,Rural,High School,5L-10L,1,5,0,More than 1,B,Platinum,80688
49193,Female,Urban,Others,5L-10L,1,1,5400,1,A,Platinum,32988
81124,Male,Rural,Bachelor,5L-10L,1,2,0,1,A,Silver,35796
20911,Male,Urban,Bachelor,More than 10L,1,5,6174,More than 1,A,Platinum,103428
20344,Male,Rural,High School,5L-10L,1,2,0,1,B,Platinum,43692
21706,Female,Urban,High School,5L-10L,1,4,5134,1,A,Silver,36648
53122,Male,Rural,High School,5L-10L,0,6,5300,1,A,Gold,41040
31088,Female,Rural,High School,More than 10L,0,8,0,1,C,Gold,50532
2119,Female,Rural,Bachelor,More than 10L,1,6,2455,More than 1,B,Silver,76764
24669,Male,Urban,Bachelor,5L-10L,1,4,0,1,C,Gold,52560
22004,Male,Rural,Others,More than 10L,0,5,0,1,A,Platinum,29808
87439,Female,Urban,Bachelor,5L-10L,0,7,7342,More than 1,A,Platinum,126924
81406,Male,Urban,Bachelor,More than 10L,1,7,2520,More than 1,B,Platinum,69804
80199,Male,Rural,High School,More than 10L,0,5,0,1,A,Silver,35196
6662,Male,Urban,Others,5L-10L,1,8,7906,1,B,Silver,31668
50702,Female,Urban,High School,5L-10L,0,5,5633,1,A,Platinum,35244
74347,Female,Rural,Others,5L-10L,0,6,2443,1,A,Silver,34812
2065,Male,Urban,Bachelor,2L-5L,1,7,5620,1,C,Gold,33276
63555,Male,Urban,Others,2L-5L,0,8,5876,1,B,Platinum,32316
63561,Male,Urban,High School,5L-10L,0,1,0,More than 1,C,Silver,94392
88262,Male,Urban,Bachelor,5L-10L,0,8,0,1,B,Platinum,58140
21237,Female,Rural,High School,5L-10L,1,5,2454,1,A,Platinum,55080
15016,Male,Urban,High School,2L-5L,1,7,7954,1,C,Silver,60804
21748,Male,Rural,High School,5L-10L,1,5,4842,1,B,Platinum,33684
27042,Male,Rural,High School,More than 10L,0,1,0,More than 1,B,Platinum,61284
864,Female,Rural,High School,More than 10L,1,4,0,More than 1,B,Platinum,65220
46455,Male,Urban,Bachelor,5L-10L,1,6,12340,1,A,Gold,53808
10474,Male,Urban,Others,2L-5L,0,8,6628,More than 1,B,Silver,111492
5281,Male,Urban,High School,2L-5L,1,6,5847,More than 1,A,Platinum,99900
1562,Female,Rural,High School,5L-10L,1,5,2984,More than 1,C,Gold,93648
70628,Male,Urban,Bachelor,2L-5L,1,3,7704,1,A,Silver,33684
63945,Female,Urban,High School,5L-10L,0,1,6141,1,A,Gold,56304
53010,Male,Rural,High School,More than 10L,0,0,2843,1,B,Silver,33048
41731,Male,Rural,High School,5L-10L,1,3,3255,1,C,Silver,66000
59431,Male,Rural,Bachelor,5L-10L,0,4,0,More than 1,C,Platinum,103068
71835,Female,Urban,Bachelor,More than 10L,1,6,6024,1,A,Platinum,51468
42968,Female,Urban,Bachelor,2L-5L,0,1,9360,More than 1,A,Platinum,113340
81481,Male,Urban,High School,More than 10L,0,6,4079,More than 1,B,Gold,85488
44139,Female,Urban,High School,2L-5L,0,6,4043,More than 1,B,Silver,93120
69394,Female,Urban,High School,5L-10L,1,6,3923,1,A,Platinum,52596
24126,Female,Urban,High School,5L-10L,0,5,5022,1,A,Gold,35340
40566,Male,Rural,Others,2L-5L,1,4,0,More than 1,B,Silver,71580
7408,Female,Urban,High School,More than 10L,0,6,9050,1,A,Gold,49920
17014,Female,Urban,Bachelor,2L-5L,1,3,4168,More than 1,A,Platinum,93420
59396,Male,Rural,High School,5L-10L,1,6,3488,1,A,Platinum,48120
57115,Female,Urban,High School,5L-10L,0,6,0,1,A,Platinum,32568
58621,Female,Urban,Bachelor,5L-10L,1,2,6392,1,A,Platinum,32904
28185,Female,Urban,Bachelor,2L-5L,1,7,5764,More than 1,C,Gold,95400
31148,Male,Rural,Others,5L-10L,1,4,2089,More than 1,A,Silver,67812
35163,Female,Urban,High School,5L-10L,1,5,2063,1,A,Platinum,33708
68813,Female,Urban,High School,More than 10L,0,4,7413,1,A,Gold,38472
501,Male,Rural,Bachelor,5L-10L,1,7,0,More than 1,B,Silver,68052
70113,Female,Urban,High School,More than 10L,0,7,7033,More than 1,A,Platinum,119136
17374,Male,Urban,Others,2L-5L,0,6,6747,1,A,Silver,57540
11227,Male,Urban,Bachelor,5L-10L,1,6,2238,1,A,Platinum,38388
80231,Male,Rural,Bachelor,<=2L,0,1,4786,1,C,Silver,52872
55500,Male,Rural,High School,5L-10L,0,2,2643,More than 1,B,Platinum,72168
79988,Female,Urban,Bachelor,2L-5L,0,4,10713,More than 1,A,Platinum,99216
15635,Female,Urban,High School,More than 10L,1,4,6595,1,A,Platinum,30468
36477,Male,Urban,High School,5L-10L,1,1,0,More than 1,C,Platinum,104808
51941,Male,Rural,Bachelor,2L-5L,1,8,0,1,B,Platinum,39120
49283,Female,Urban,High School,More than 10L,0,6,7183,1,A,Gold,56292
9816,Female,Urban,High School,5L-10L,0,7,2726,1,A,Platinum,55596
60522,Female,Rural,High School,5L-10L,1,8,5383,More than 1,A,Gold,109164
22062,Female,Urban,High School,5L-10L,0,6,4704,More than 1,A,Platinum,104988
39098,Female,Urban,High School,5L-10L,1,2,7496,More than 1,A,Platinum,97032
68532,Female,Rural,High School,5L-10L,0,8,0,More than 1,B,Silver,68568
10307,Male,Rural,Others,5L-10L,1,7,0,1,B,Silver,36192
24724,Male,Urban,High School,5L-10L,1,4,4649,More than 1,A,Silver,101316
56960,Male,Rural,Others,5L-10L,0,2,5403,1,A,Gold,46956
51043,Male,Urban,High School,5L-10L,1,1,8187,1,A,Platinum,44412
62073,Female,Rural,Bachelor,5L-10L,0,3,2527,More than 1,A,Platinum,102480
38735,Female,Urban,Bachelor,5L-10L,1,0,5129,1,A,Silver,33156
70632,Male,Urban,High School,2L-5L,0,2,4377,1,A,Platinum,45240
83080,Male,Rural,High School,2L-5L,0,2,10428,More than 1,A,Platinum,113520
49607,Male,Urban,Bachelor,More than 10L,1,6,0,1,C,Platinum,33780
65701,Male,Urban,Bachelor,5L-10L,1,8,2614,More than 1,B,Silver,59616
61197,Female,Rural,High School,5L-10L,0,5,0,More than 1,A,Platinum,95532
46628,Female,Rural,Bachelor,5L-10L,0,0,4173,1,B,Silver,68088
67389,Female,Rural,High School,2L-5L,1,4,5508,More than 1,A,Gold,90972
89028,Male,Urban,High School,5L-10L,1,0,6317,1,A,Platinum,38544
43492,Female,Urban,High School,5L-10L,0,6,6187,More than 1,C,Platinum,108852
12280,Male,Urban,High School,2L-5L,1,7,6872,More than 1,C,Silver,105060
61275,Male,Rural,Bachelor,2L-5L,1,8,5408,1,A,Platinum,54096
28888,Male,Urban,Bachelor,More than 10L,1,6,3760,More than 1,A,Platinum,94512
83761,Male,Urban,Bachelor,5L-10L,1,5,4270,More than 1,A,Gold,90756
15555,Male,Urban,High School,2L-5L,0,1,3951,More than 1,B,Platinum,113700
69952,Female,Rural,High School,5L-10L,0,4,0,1,A,Silver,43680
52332,Male,Urban,High School,5L-10L,0,6,6362,1,A,Platinum,45588
52500,Male,Rural,High School,5L-10L,1,7,3842,More than 1,B,Platinum,69792
83650,Female,Urban,Bachelor,5L-10L,1,6,2562,More than 1,A,Platinum,100884
26863,Male,Urban,High School,5L-10L,1,4,6312,1,A,Platinum,45252
85064,Female,Urban,High School,5L-10L,1,6,6288,More than 1,C,Silver,116124
44159,Male,Urban,High School,5L-10L,0,7,8541,More than 1,B,Gold,110016
3937,Male,Urban,High School,5L-10L,1,8,2314,1,C,Platinum,33948
79493,Female,Rural,Bachelor,More than 10L,1,3,0,1,C,Gold,35484
61744,Male,Urban,High School,5L-10L,1,3,3524,More than 1,A,Platinum,90804
48403,Male,Rural,High School,5L-10L,0,8,0,More than 1,C,Silver,65628
13013,Female,Rural,High School,More than 10L,0,7,4344,More than 1,B,Silver,75252
66847,Male,Rural,High School,More than 10L,1,2,0,1,A,Silver,32052
18372,Female,Urban,High School,5L-10L,1,7,5760,1,C,Platinum,54696
23708,Female,Urban,High School,2L-5L,1,3,4530,More than 1,A,Silver,105876
17246,Female,Rural,Bachelor,5L-10L,1,5,0,1,A,Silver,33144
70334,Female,Urban,Bachelor,More than 10L,0,3,2602,More than 1,A,Platinum,104772
52186,Male,Urban,High School,5L-10L,1,5,5507,1,A,Gold,34176
20450,Male,Urban,Bachelor,5L-10L,1,6,0,1,B,Silver,34608
15155,Male,Urban,High School,5L-10L,0,7,3922,More than 1,A,Platinum,97032
5386,Female,Rural,Bachelor,5L-10L,0,3,4193,1,A,Platinum,56964
20944,Male,Rural,Others,5L-10L,1,6,2383,More than 1,B,Silver,75024
18670,Male,Urban,Bachelor,5L-10L,1,8,0,More than 1,C,Platinum,68892
66009,Male,Rural,High School,5L-10L,0,6,3692,More than 1,A,Silver,109884
60263,Male,Urban,Bachelor,5L-10L,1,2,2124,1,A,Platinum,33960
87453,Female,Rural,Bachelor,5L-10L,0,6,0,More than 1,A,Gold,70356
1529,Male,Rural,High School,5L-10L,1,2,4751,1,A,Platinum,48708
3774,Female,Urban,High School,5L-10L,1,7,6552,1,A,Gold,36576
35659,Male,Rural,Bachelor,More than 10L,1,5,0,1,B,Silver,56784
62104,Female,Urban,High School,More than 10L,0,1,6361,More than 1,A,Platinum,90084
11481,Male,Urban,Bachelor,5L-10L,1,3,3215,More than 1,A,Gold,99432
21653,Female,Urban,Bachelor,More than 10L,1,6,0,1,A,Platinum,51180
72393,Male,Rural,High School,5L-10L,1,7,2928,More than 1,A,Silver,106368
77880,Female,Rural,High School,5L-10L,1,8,6705,1,A,Silver,60468
4800,Female,Urban,High School,5L-10L,1,2,0,1,A,Gold,37116
73230,Male,Urban,High School,2L-5L,1,7,6467,More than 1,A,Platinum,105144
56378,Female,Urban,Bachelor,5L-10L,1,6,3185,More than 1,A,Gold,96024
74901,Female,Urban,High School,5L-10L,0,6,11543,1,A,Gold,54252
32665,Male,Urban,Bachelor,2L-5L,0,4,6267,More than 1,B,Silver,102192
45490,Female,Urban,High School,5L-10L,1,6,9772,More than 1,A,Platinum,101712
39239,Male,Urban,High School,2L-5L,0,6,3302,More than 1,A,Silver,106332
86876,Female,Urban,High School,2L-5L,1,6,4550,1,C,Platinum,34128
26220,Male,Urban,High School,5L-10L,1,4,9778,More than 1,C,Silver,150720
6835,Female,Urban,High School,5L-10L,1,7,4087,More than 1,A,Platinum,81528
40456,Male,Rural,Bachelor,More than 10L,0,5,0,More than 1,B,Platinum,63528
35320,Male,Urban,High School,5L-10L,1,3,6214,More than 1,A,Platinum,100740
60136,Female,Urban,High School,More than 10L,0,2,18005,1,C,Platinum,47640
51313,Male,Urban,High School,More than 10L,1,6,0,1,B,Silver,38640
24997,Male,Rural,Bachelor,More than 10L,0,7,0,More than 1,B,Platinum,62748
16247,Female,Urban,High School,5L-10L,1,1,3364,More than 1,A,Silver,93672
74006,Male,Urban,High School,5L-10L,0,4,5048,1,A,Silver,35388
69940,Female,Rural,Bachelor,More than 10L,1,0,0,1,B,Platinum,35784
34143,Female,Urban,High School,5L-10L,0,0,4955,1,A,Silver,34512
56333,Female,Rural,Bachelor,5L-10L,1,4,0,1,B,Platinum,40692
23405,Female,Rural,Bachelor,5L-10L,1,5,3517,1,B,Silver,56400
78285,Male,Urban,Bachelor,5L-10L,1,4,4892,1,C,Silver,31512
59487,Female,Rural,High School,5L-10L,1,5,0,1,A,Gold,47088
47388,Female,Urban,Bachelor,2L-5L,0,6,0,1,A,Silver,35340
69188,Female,Urban,Bachelor,5L-10L,0,4,3413,More than 1,A,Platinum,109680
23796,Female,Urban,High School,5L-10L,1,2,4209,More than 1,C,Gold,110904
35250,Female,Rural,Bachelor,More than 10L,1,1,0,1,A,Platinum,56004
72440,Male,Urban,High School,<=2L,1,3,6853,1,A,Platinum,55116
52628,Male,Urban,Bachelor,5L-10L,0,8,0,More than 1,A,Silver,91440
81640,Male,Urban,Bachelor,5L-10L,0,4,5256,1,A,Silver,36192
21160,Male,Urban,Others,5L-10L,1,7,5302,1,A,Gold,33888
16747,Female,Rural,Others,5L-10L,1,6,0,1,B,Silver,40092
43086,Male,Urban,High School,5L-10L,0,8,2705,More than 1,C,Platinum,92520
36376,Male,Urban,Bachelor,2L-5L,1,4,3728,More than 1,A,Platinum,98064
38922,Male,Urban,High School,More than 10L,0,4,5652,1,A,Platinum,50316
49608,Female,Urban,High School,More than 10L,0,0,12725,More than 1,A,Platinum,104040
72813,Male,Urban,Bachelor,2L-5L,1,2,7231,1,C,Gold,58572
35572,Female,Urban,High School,2L-5L,0,6,0,1,A,Silver,32964
35381,Female,Rural,Bachelor,5L-10L,0,3,0,1,B,Platinum,45228
19164,Female,Rural,Others,5L-10L,1,6,0,1,C,Silver,41076
86164,Male,Urban,Bachelor,2L-5L,1,2,7900,1,A,Silver,36948
40879,Female,Urban,Bachelor,5L-10L,0,6,5633,1,A,Silver,34644
86258,Male,Urban,High School,5L-10L,1,4,3732,More than 1,A,Platinum,94608
17311,Male,Urban,Bachelor,More than 10L,0,4,8073,More than 1,A,Gold,151392
45512,Male,Urban,High School,2L-5L,0,1,4131,More than 1,B,Platinum,111264
42801,Male,Urban,Bachelor,5L-10L,1,7,0,More than 1,B,Platinum,64692
17717,Male,Urban,High School,2L-5L,0,4,4909,1,A,Silver,30612
84095,Male,Rural,Bachelor,2L-5L,0,7,3632,More than 1,B,Platinum,71436
20240,Male,Rural,Bachelor,More than 10L,1,7,0,More than 1,C,Silver,100152
44110,Male,Urban,High School,2L-5L,1,6,6379,More than 1,B,Silver,91752
86373,Female,Rural,Bachelor,5L-10L,1,7,3073,1,B,Silver,50052
66405,Female,Urban,Bachelor,5L-10L,0,5,0,1,C,Gold,31152
74894,Male,Urban,High School,2L-5L,0,2,6271,More than 1,A,Gold,115956
30359,Male,Urban,Bachelor,2L-5L,0,2,5893,1,A,Platinum,34524
26999,Male,Urban,Bachelor,5L-10L,1,7,0,More than 1,B,Platinum,64116
72135,Male,Urban,Bachelor,5L-10L,0,3,5679,More than 1,A,Gold,111600
52237,Female,Rural,Bachelor,5L-10L,1,5,3852,1,B,Silver,41424
48172,Male,Urban,Bachelor,More than 10L,0,6,2568,1,A,Silver,33024
79147,Male,Urban,Bachelor,2L-5L,1,6,5871,1,A,Gold,34536
37815,Female,Rural,Others,5L-10L,0,6,2433,1,A,Gold,37608
70393,Male,Rural,Bachelor,5L-10L,0,4,3067,1,A,Silver,50244
73109,Male,Rural,Bachelor,5L-10L,1,2,0,1,A,Silver,38604
37851,Female,Urban,High School,5L-10L,1,4,11744,1,A,Gold,34632
76366,Male,Urban,High School,2L-5L,0,6,4783,1,B,Silver,34320
7223,Male,Rural,High School,2L-5L,0,4,0,1,B,Platinum,31428
28982,Male,Rural,Others,5L-10L,1,6,3060,1,A,Gold,57516
66064,Male,Urban,High School,5L-10L,1,7,2025,More than 1,A,Platinum,84384
49238,Male,Urban,High School,2L-5L,1,7,6372,1,C,Gold,39936
24551,Male,Urban,High School,More than 10L,1,0,0,1,B,Platinum,30948
75189,Male,Rural,Bachelor,5L-10L,0,7,3442,1,B,Platinum,49524
42186,Male,Urban,Bachelor,5L-10L,1,7,4588,More than 1,C,Platinum,69792
11203,Female,Urban,High School,5L-10L,0,7,5360,More than 1,A,Silver,110736
69600,Male,Urban,Bachelor,5L-10L,1,6,5170,More than 1,A,Gold,97572
86547,Female,Urban,High School,5L-10L,0,5,6336,1,A,Platinum,52980
2176,Male,Rural,Bachelor,5L-10L,0,0,4195,1,A,Platinum,58104
61178,Female,Urban,High School,5L-10L,1,0,6085,More than 1,A,Platinum,94680
40800,Female,Urban,Bachelor,2L-5L,0,7,2574,More than 1,A,Platinum,98820
13112,Female,Urban,High School,5L-10L,1,5,3742,1,A,Platinum,44256
80735,Male,Urban,Bachelor,5L-10L,1,8,6432,More than 1,A,Gold,94608
66636,Male,Urban,High School,5L-10L,0,7,0,1,A,Silver,30948
14256,Female,Rural,High School,2L-5L,1,7,0,More than 1,A,Platinum,63372
62015,Female,Urban,High School,5L-10L,0,1,2205,1,A,Platinum,36168
17198,Male,Rural,High School,5L-10L,1,3,0,More than 1,A,Platinum,69996
57229,Female,Urban,High School,2L-5L,0,7,5066,More than 1,A,Silver,111396
87425,Female,Urban,High School,5L-10L,0,5,4029,1,A,Platinum,52140
56007,Male,Rural,Bachelor,5L-10L,0,6,2004,More than 1,A,Platinum,104628
55823,Female,Urban,Bachelor,More than 10L,1,5,3438,1,A,Platinum,40932
30803,Female,Urban,Bachelor,5L-10L,1,8,8346,More than 1,A,Platinum,124512
57397,Male,Urban,Others,More than 10L,0,7,7296,More than 1,B,Platinum,101832
51783,Male,Rural,Bachelor,5L-10L,1,8,2103,More than 1,A,Platinum,67932
59263,Female,Rural,Bachelor,5L-10L,1,6,0,1,A,Silver,48144
9712,Female,Urban,Bachelor,5L-10L,0,7,5413,1,A,Gold,50424
88434,Male,Urban,High School,5L-10L,1,5,2117,1,B,Platinum,29136
41849,Male,Urban,Bachelor,5L-10L,0,8,0,More than 1,A,Platinum,94176
66601,Female,Urban,High School,5L-10L,0,4,6620,1,C,Platinum,54156
14508,Male,Urban,High School,5L-10L,1,2,0,More than 1,A,Platinum,93228
62806,Female,Rural,High School,More than 10L,1,3,2367,More than 1,C,Platinum,68640
58028,Male,Rural,Bachelor,5L-10L,1,4,0,More than 1,A,Platinum,77580
86361,Female,Rural,Bachelor,2L-5L,0,2,0,More than 1,A,Silver,86280
6735,Female,Urban,High School,5L-10L,1,5,2504,More than 1,A,Gold,89472
56879,Female,Urban,High School,5L-10L,0,6,4554,1,A,Gold,36300
74571,Male,Rural,Bachelor,5L-10L,1,5,2116,1,A,Platinum,38808
23635,Male,Urban,High School,5L-10L,1,1,4658,1,A,Platinum,33828
47942,Male,Urban,Bachelor,5L-10L,1,2,4056,More than 1,B,Platinum,98700
9512,Female,Rural,High School,5L-10L,0,0,0,More than 1,A,Platinum,67656
83639,Female,Urban,Bachelor,5L-10L,1,7,2310,1,B,Platinum,54444
28256,Male,Urban,Bachelor,2L-5L,1,7,5805,1,B,Platinum,31656
37404,Male,Urban,High School,5L-10L,1,3,3745,More than 1,A,Platinum,94128
26174,Male,Urban,Bachelor,5L-10L,1,5,3721,1,A,Gold,48252
80295,Female,Rural,High School,More than 10L,0,7,2522,More than 1,A,Platinum,74760
15730,Female,Urban,Others,5L-10L,0,5,4536,1,A,Silver,61944
15669,Male,Rural,High School,5L-10L,0,5,5226,More than 1,B,Platinum,93060
4643,Female,Rural,Others,5L-10L,1,5,5745,More than 1,A,Gold,68616
34556,Male,Rural,Others,5L-10L,1,4,0,1,A,Platinum,33252
55413,Male,Urban,Bachelor,5L-10L,1,2,2520,More than 1,B,Platinum,75816
2408,Male,Urban,High School,5L-10L,1,4,4736,1,A,Platinum,31548
52183,Female,Urban,High School,2L-5L,0,7,5637,1,A,Platinum,32172
28563,Female,Rural,Bachelor,More than 10L,0,6,2879,More than 1,B,Silver,74412
67347,Male,Rural,Bachelor,More than 10L,1,3,0,More than 1,A,Platinum,69240
9336,Male,Urban,Bachelor,2L-5L,0,3,5742,1,B,Silver,44592
80511,Male,Urban,Others,5L-10L,1,7,4418,1,B,Silver,59028
80992,Female,Urban,High School,5L-10L,0,7,6525,1,A,Silver,33180
48587,Male,Rural,Bachelor,5L-10L,0,6,4250,1,A,Platinum,50772
27258,Male,Urban,Bachelor,5L-10L,1,7,2052,1,B,Platinum,48552
33710,Female,Urban,Bachelor,5L-10L,1,0,0,1,B,Gold,43356
16443,Female,Urban,High School,2L-5L,1,1,3881,1,B,Gold,55068
49987,Male,Rural,Others,2L-5L,0,3,0,More than 1,A,Gold,68640
68079,Female,Urban,Bachelor,5L-10L,0,5,5964,1,A,Platinum,43452
44041,Male,Urban,Bachelor,5L-10L,0,6,7231,1,B,Gold,65400
55984,Male,Urban,High School,5L-10L,0,6,4230,More than 1,A,Platinum,103176
57955,Male,Rural,High School,More than 10L,1,6,0,More than 1,A,Gold,106368
28549,Female,Rural,Bachelor,5L-10L,0,7,3571,1,A,Platinum,56316
81095,Male,Urban,High School,5L-10L,0,1,9787,1,B,Platinum,31356
11641,Male,Urban,Bachelor,2L-5L,0,6,10630,More than 1,B,Silver,99240
66085,Male,Rural,Bachelor,5L-10L,0,7,2440,1,A,Silver,38928
16576,Male,Rural,Bachelor,5L-10L,0,1,0,More than 1,B,Platinum,45732
74856,Female,Urban,High School,More than 10L,0,8,2280,More than 1,B,Platinum,62964
78240,Male,Urban,Bachelor,5L-10L,1,3,5506,1,A,Gold,32196
86156,Female,Rural,Bachelor,More than 10L,1,4,0,More than 1,A,Gold,103392
79215,Female,Rural,High School,More than 10L,1,6,0,More than 1,A,Silver,91644
63141,Female,Urban,High School,2L-5L,1,0,2093,1,C,Gold,55248
85594,Female,Urban,Bachelor,2L-5L,0,6,0,1,A,Platinum,32556
3261,Female,Urban,High School,5L-10L,1,8,4010,1,B,Gold,39684
69408,Female,Rural,High School,5L-10L,1,6,0,More than 1,B,Platinum,69084
31696,Female,Urban,Bachelor,More than 10L,0,5,4296,More than 1,A,Platinum,97908
49626,Male,Rural,Others,5L-10L,1,6,5059,1,A,Platinum,34776
80425,Male,Rural,Bachelor,5L-10L,1,1,2436,1,B,Silver,45624
14040,Female,Urban,Bachelor,5L-10L,1,3,0,1,A,Platinum,31776
75094,Male,Urban,High School,5L-10L,0,5,5000,1,A,Platinum,31128
76139,Female,Urban,High School,5L-10L,1,6,3460,More than 1,A,Gold,89796
4330,Female,Rural,Bachelor,5L-10L,1,6,4554,1,A,Platinum,50700
82499,Male,Urban,High School,5L-10L,0,1,2038,More than 1,A,Gold,101136
60665,Female,Urban,High School,5L-10L,1,6,2220,More than 1,C,Gold,97908
1287,Female,Urban,Bachelor,5L-10L,0,5,2537,More than 1,A,Gold,91608
17216,Female,Urban,Bachelor,2L-5L,1,3,3988,More than 1,A,Gold,82368
57436,Male,Urban,High School,5L-10L,0,2,3152,More than 1,A,Platinum,101172
57264,Female,Rural,Bachelor,2L-5L,1,8,0,1,B,Platinum,60468
83062,Male,Urban,High School,More than 10L,1,3,5838,1,A,Platinum,36660
87721,Male,Rural,Bachelor,2L-5L,1,4,4091,More than 1,B,Platinum,69972
44788,Male,Urban,High School,2L-5L,0,2,5670,1,A,Platinum,47916
75847,Female,Urban,High School,2L-5L,1,7,5636,1,A,Gold,35400
50908,Male,Urban,Bachelor,5L-10L,0,0,0,1,A,Gold,33960
50808,Male,Urban,High School,2L-5L,0,0,4114,More than 1,B,Silver,104772
52443,Female,Urban,Bachelor,2L-5L,0,5,7679,More than 1,B,Platinum,106452
15959,Female,Rural,Others,5L-10L,1,8,5121,1,A,Silver,52548
13567,Male,Urban,Bachelor,More than 10L,1,6,4642,1,A,Gold,38256
86887,Male,Rural,Others,5L-10L,1,6,5736,1,A,Gold,37944
23697,Male,Urban,High School,5L-10L,0,3,6881,More than 1,A,Platinum,101616
62908,Male,Rural,High School,2L-5L,1,7,2431,More than 1,C,Silver,61668
78362,Male,Rural,Bachelor,5L-10L,1,5,3278,More than 1,A,Gold,88164
76501,Male,Urban,Bachelor,2L-5L,1,6,5385,More than 1,A,Silver,109152
15390,Male,Urban,High School,5L-10L,0,1,9376,More than 1,A,Platinum,110448
27,Female,Urban,High School,2L-5L,1,7,3166,1,A,Platinum,48684
45292,Male,Urban,Bachelor,More than 10L,1,4,0,1,A,Silver,33828
38840,Female,Urban,High School,5L-10L,0,1,6571,1,A,Gold,31968
37887,Female,Rural,High School,5L-10L,0,1,2023,1,A,Platinum,35412
30184,Male,Rural,High School,5L-10L,1,0,0,1,A,Silver,33636
52834,Male,Rural,High School,5L-10L,1,6,0,1,A,Silver,33192
83147,Female,Urban,High School,5L-10L,1,4,3856,More than 1,A,Platinum,91056
62983,Female,Rural,High School,5L-10L,1,5,2215,1,A,Silver,44580
25371,Female,Rural,High School,2L-5L,0,2,0,More than 1,A,Platinum,86040
80236,Female,Urban,High School,More than 10L,0,5,7752,More than 1,A,Gold,112548
84603,Female,Urban,Others,5L-10L,0,2,6843,1,A,Platinum,45888
7241,Male,Urban,Bachelor,5L-10L,0,1,2710,1,A,Gold,44580
65366,Male,Urban,Bachelor,5L-10L,1,5,6888,More than 1,B,Silver,112980
75872,Male,Urban,High School,5L-10L,0,4,5462,1,A,Silver,34812
10663,Male,Rural,High School,5L-10L,1,7,0,More than 1,A,Platinum,88992
62907,Male,Rural,High School,5L-10L,1,4,3000,More than 1,C,Gold,72264
3448,Female,Rural,Bachelor,5L-10L,0,4,4795,1,A,Platinum,31980
46765,Male,Urban,High School,2L-5L,0,7,9501,1,A,Gold,62892
65284,Male,Rural,High School,5L-10L,1,6,3212,More than 1,B,Silver,73344
44853,Female,Urban,Bachelor,5L-10L,0,2,23704,More than 1,B,Platinum,121416
54500,Male,Urban,High School,5L-10L,1,5,3901,More than 1,B,Silver,101280
73063,Male,Urban,Others,More than 10L,1,2,3949,1,A,Platinum,46272
12195,Male,Urban,Bachelor,5L-10L,0,6,6513,1,A,Silver,36372
70679,Female,Urban,High School,5L-10L,0,6,3788,More than 1,A,Gold,105672
31277,Female,Urban,High School,5L-10L,1,4,0,1,C,Platinum,48204
3812,Female,Rural,Bachelor,More than 10L,0,5,7354,More than 1,B,Silver,90768
59415,Female,Urban,High School,5L-10L,0,1,2899,1,A,Gold,48240
38290,Male,Urban,Bachelor,2L-5L,1,6,2546,More than 1,B,Silver,72252
39143,Male,Urban,High School,More than 10L,1,4,5351,1,A,Gold,31680
46613,Male,Urban,High School,5L-10L,1,6,5078,1,A,Platinum,34152
32401,Male,Rural,High School,5L-10L,0,7,0,1,A,Platinum,51852
20876,Male,Urban,Bachelor,5L-10L,1,6,4025,1,B,Gold,56796
2607,Female,Rural,Bachelor,2L-5L,0,4,0,More than 1,B,Silver,70716
44323,Male,Urban,High School,2L-5L,1,6,6474,More than 1,A,Silver,96468
67475,Male,Urban,Bachelor,2L-5L,1,3,6237,More than 1,A,Platinum,110904
18910,Female,Urban,Bachelor,5L-10L,1,1,2444,1,B,Gold,38580
87836,Female,Urban,High School,5L-10L,0,5,5260,1,A,Gold,32172
24648,Female,Rural,High School,More than 10L,1,2,0,1,A,Platinum,59460
33065,Male,Rural,High School,More than 10L,1,7,2260,More than 1,C,Gold,102468
72718,Male,Rural,High School,More than 10L,1,3,0,More than 1,A,Platinum,60468
58391,Female,Rural,High School,More than 10L,0,8,0,More than 1,A,Silver,70236
41752,Female,Rural,Bachelor,5L-10L,1,0,5172,1,A,Platinum,58404
4124,Male,Rural,High School,5L-10L,0,2,7363,More than 1,A,Silver,98148
81929,Male,Rural,Bachelor,5L-10L,1,8,3087,1,B,Gold,42300
76965,Male,Rural,Bachelor,5L-10L,0,7,2611,1,A,Gold,47088
82579,Female,Urban,High School,2L-5L,0,8,4439,1,B,Platinum,59940
10846,Male,Urban,High School,More than 10L,1,6,5811,More than 1,A,Platinum,96648
74475,Male,Urban,Bachelor,More than 10L,1,3,2336,More than 1,A,Platinum,89028
28476,Female,Urban,High School,2L-5L,1,4,4944,More than 1,A,Platinum,97608
89062,Male,Urban,Bachelor,2L-5L,0,5,5708,1,A,Gold,34716
12197,Female,Rural,High School,5L-10L,1,2,3778,More than 1,A,Platinum,70536
70291,Female,Urban,High School,5L-10L,1,2,7779,More than 1,A,Platinum,99624
86857,Male,Rural,High School,5L-10L,0,4,3579,1,B,Platinum,42888
52949,Male,Rural,Bachelor,5L-10L,1,8,4458,More than 1,B,Platinum,103020
60168,Male,Rural,High School,5L-10L,1,0,2066,1,A,Silver,32640
77865,Female,Urban,High School,2L-5L,1,1,5557,1,A,Gold,33816
76971,Male,Urban,High School,More than 10L,1,6,2098,1,A,Gold,48576
31336,Male,Urban,High School,5L-10L,1,8,17758,1,C,Gold,62736
10867,Female,Rural,Bachelor,5L-10L,0,1,2141,1,A,Gold,51048
64667,Female,Urban,High School,2L-5L,1,7,3826,More than 1,A,Silver,89580
5640,Male,Urban,Bachelor,5L-10L,1,1,5191,1,A,Platinum,36696
19417,Male,Rural,Bachelor,5L-10L,1,7,2530,More than 1,A,Gold,89184
83883,Female,Urban,Bachelor,2L-5L,1,7,0,1,B,Platinum,40656
51225,Male,Rural,High School,5L-10L,1,6,0,1,C,Gold,32808
85128,Female,Rural,High School,More than 10L,1,2,0,1,A,Gold,34236
61405,Female,Rural,Bachelor,2L-5L,0,6,2938,More than 1,B,Silver,66792
8661,Male,Urban,Bachelor,More than 10L,1,2,7105,1,B,Silver,37092
63173,Female,Rural,High School,5L-10L,0,4,3038,More than 1,B,Gold,65208
79569,Male,Urban,Bachelor,5L-10L,1,7,5211,1,A,Silver,55236
61087,Male,Rural,High School,More than 10L,1,7,0,More than 1,B,Silver,69552
13687,Female,Urban,Bachelor,2L-5L,0,6,5100,More than 1,A,Platinum,91032
74936,Female,Urban,High School,2L-5L,0,2,6665,1,A,Gold,48252
50638,Male,Urban,High School,5L-10L,0,2,0,1,A,Gold,34128
65899,Female,Urban,Bachelor,2L-5L,1,4,2334,1,C,Silver,47256
47911,Male,Urban,High School,2L-5L,0,2,5332,1,C,Silver,33516
76290,Female,Urban,High School,5L-10L,0,3,5965,More than 1,A,Platinum,101232
11168,Male,Urban,High School,2L-5L,1,7,2968,More than 1,C,Silver,71796
52883,Male,Urban,Others,5L-10L,1,5,0,1,A,Silver,34476
1129,Female,Urban,Bachelor,5L-10L,1,4,3445,More than 1,B,Platinum,63924
20887,Male,Urban,High School,5L-10L,1,5,2019,1,C,Gold,38544
68732,Male,Rural,High School,5L-10L,1,3,2973,More than 1,A,Platinum,65784
28606,Male,Rural,High School,More than 10L,0,7,0,1,A,Platinum,43788
8051,Male,Urban,Bachelor,5L-10L,0,7,4938,1,A,Platinum,45216
63764,Male,Urban,Bachelor,2L-5L,1,6,5648,1,A,Platinum,34116
43022,Female,Urban,Bachelor,5L-10L,1,4,6092,1,A,Platinum,42060
27202,Male,Urban,High School,5L-10L,1,4,2457,More than 1,A,Gold,85080
62078,Male,Urban,Bachelor,2L-5L,0,5,14240,More than 1,A,Platinum,125472
72781,Male,Urban,Bachelor,More than 10L,0,1,3484,1,A,Silver,39540
50809,Male,Urban,High School,5L-10L,1,6,3016,More than 1,A,Platinum,93876
10347,Male,Urban,High School,5L-10L,1,7,4048,More than 1,A,Platinum,89040
16353,Male,Urban,Bachelor,2L-5L,1,6,3452,More than 1,B,Platinum,100548
67552,Male,Rural,High School,More than 10L,1,3,0,More than 1,B,Platinum,60912
29584,Male,Rural,Bachelor,More than 10L,1,4,4506,1,A,Platinum,35724
28391,Female,Rural,High School,More than 10L,0,2,0,1,B,Platinum,35232
46490,Female,Urban,Bachelor,2L-5L,1,6,4288,More than 1,A,Platinum,90528
21771,Female,Urban,High School,<=2L,1,1,9585,1,A,Silver,66528
64443,Male,Urban,High School,<=2L,1,4,6683,More than 1,A,Platinum,117348
18096,Female,Urban,Bachelor,5L-10L,1,1,6720,1,A,Platinum,60312
78605,Female,Urban,Bachelor,2L-5L,1,5,4295,More than 1,B,Silver,74988
50407,Female,Urban,Bachelor,2L-5L,1,4,5994,1,B,Platinum,36804
2674,Male,Rural,Bachelor,More than 10L,1,3,3310,More than 1,B,Silver,80700
62874,Male,Rural,High School,More than 10L,0,6,0,1,A,Platinum,47232
45613,Male,Urban,High School,5L-10L,0,5,5652,1,A,Silver,31392
61601,Female,Urban,Bachelor,2L-5L,0,0,5184,More than 1,A,Silver,98244
78726,Female,Urban,Bachelor,5L-10L,1,4,5099,1,A,Platinum,33888
24946,Male,Urban,Bachelor,5L-10L,0,1,3471,More than 1,A,Gold,108000
61518,Male,Urban,Bachelor,5L-10L,1,5,3460,More than 1,C,Silver,108996
55966,Female,Rural,High School,2L-5L,1,3,5361,1,B,Silver,62652
43770,Male,Rural,High School,5L-10L,1,8,0,1,B,Silver,34380
59331,Female,Urban,High School,More than 10L,1,7,3404,1,B,Silver,32796
81752,Male,Rural,High School,5L-10L,1,5,0,1,C,Platinum,37656
3405,Male,Urban,Bachelor,2L-5L,1,5,4978,More than 1,B,Silver,79632
56951,Male,Urban,High School,5L-10L,1,1,5124,1,A,Platinum,34704
1779,Male,Urban,Others,5L-10L,1,6,5556,1,C,Platinum,32940
54912,Male,Urban,Bachelor,5L-10L,0,8,17502,More than 1,A,Silver,112380
83509,Female,Rural,Bachelor,5L-10L,0,6,3188,More than 1,A,Platinum,100536
58986,Male,Urban,High School,2L-5L,1,2,5872,1,A,Gold,33972
34867,Male,Urban,Bachelor,More than 10L,1,0,2270,1,A,Gold,32256
46112,Male,Urban,Bachelor,2L-5L,1,2,0,1,C,Gold,33072
24221,Male,Urban,High School,5L-10L,1,5,2561,1,B,Platinum,39756
1081,Male,Urban,Bachelor,5L-10L,1,0,6557,1,A,Platinum,61692
21495,Male,Urban,Bachelor,2L-5L,0,2,3806,More than 1,B,Gold,111048
85438,Male,Urban,Others,More than 10L,0,5,5711,1,A,Gold,32784
7112,Female,Urban,High School,5L-10L,0,4,3722,More than 1,A,Platinum,105996
50279,Male,Urban,Bachelor,5L-10L,0,1,5645,More than 1,A,Platinum,109164
16739,Male,Rural,Bachelor,5L-10L,0,6,3059,More than 1,B,Platinum,61056
54183,Male,Urban,High School,2L-5L,0,5,5636,1,A,Platinum,36072
28177,Female,Rural,Bachelor,More than 10L,0,6,5516,More than 1,B,Platinum,77988
4479,Male,Urban,High School,2L-5L,1,2,5428,1,A,Platinum,39912
86837,Female,Rural,High School,More than 10L,1,7,2379,More than 1,C,Gold,77784
83774,Female,Rural,High School,More than 10L,1,6,2178,1,A,Silver,33372
50152,Male,Rural,Others,More than 10L,1,0,2412,More than 1,C,Silver,64692
75352,Female,Urban,Bachelor,More than 10L,0,2,7048,1,A,Silver,35124
76061,Female,Rural,Bachelor,5L-10L,0,6,0,More than 1,C,Platinum,84300
43556,Female,Urban,High School,2L-5L,1,2,2349,1,B,Platinum,33384
45925,Male,Rural,High School,5L-10L,1,5,3421,More than 1,B,Platinum,66984
51898,Male,Rural,Bachelor,5L-10L,0,6,5762,1,A,Gold,33672
89073,Male,Rural,Bachelor,5L-10L,0,6,4164,1,C,Silver,48672
16879,Male,Rural,High School,More than 10L,1,2,0,1,B,Platinum,32928
42904,Female,Urban,High School,5L-10L,0,4,5148,1,C,Silver,34620
20655,Female,Rural,Bachelor,5L-10L,1,1,0,1,A,Platinum,49512
3202,Female,Rural,Bachelor,More than 10L,1,3,5289,1,A,Platinum,35532
54605,Female,Urban,High School,2L-5L,0,1,6900,More than 1,A,Silver,103536
32211,Female,Urban,High School,5L-10L,0,7,2423,More than 1,A,Platinum,99180
8109,Female,Urban,High School,More than 10L,0,8,5141,1,A,Gold,44304
22734,Male,Rural,High School,5L-10L,1,7,2762,More than 1,C,Silver,97932
4842,Male,Urban,High School,2L-5L,1,1,4519,1,A,Platinum,47904
31511,Female,Urban,Bachelor,More than 10L,1,7,2160,More than 1,A,Gold,89340
49432,Female,Rural,Bachelor,More than 10L,0,1,3292,More than 1,B,Platinum,106368
75351,Female,Urban,Others,5L-10L,0,1,10752,More than 1,A,Silver,114516
27003,Female,Rural,Bachelor,5L-10L,1,7,2422,1,A,Platinum,47112
52182,Male,Urban,High School,2L-5L,1,6,5929,More than 1,A,Gold,100152
38576,Male,Urban,Bachelor,5L-10L,0,5,8309,1,A,Gold,55896
35422,Male,Urban,High School,More than 10L,1,2,14335,1,A,Platinum,35268
8254,Female,Urban,High School,2L-5L,1,4,6919,1,A,Silver,49152
86200,Male,Rural,Bachelor,5L-10L,1,6,0,More than 1,B,Platinum,66996
72359,Male,Rural,Others,2L-5L,0,6,2000,More than 1,B,Silver,69864
66170,Male,Urban,Bachelor,5L-10L,1,1,0,More than 1,B,Platinum,67164
31284,Male,Urban,Bachelor,5L-10L,1,8,2322,More than 1,B,Platinum,63228
44421,Male,Rural,Others,5L-10L,0,2,0,1,A,Platinum,42264
27431,Female,Rural,Bachelor,5L-10L,0,2,0,More than 1,B,Gold,104892
33801,Male,Urban,Bachelor,5L-10L,0,6,5190,1,A,Gold,29748
12907,Male,Urban,High School,5L-10L,1,5,2812,More than 1,A,Gold,99768
62346,Female,Rural,Bachelor,5L-10L,1,6,0,More than 1,A,Silver,72072
81879,Male,Urban,Bachelor,More than 10L,1,2,3513,More than 1,A,Silver,108972
47250,Male,Urban,High School,More than 10L,1,8,4002,1,B,Gold,35412
80311,Male,Urban,Bachelor,5L-10L,1,1,5555,1,A,Platinum,35700
56532,Male,Urban,Bachelor,5L-10L,1,7,5124,More than 1,A,Platinum,98496
44407,Male,Rural,High School,More than 10L,0,0,0,1,B,Platinum,28296
60636,Male,Rural,High School,More than 10L,0,7,2259,1,B,Silver,39336
56355,Female,Rural,High School,5L-10L,1,6,2281,More than 1,A,Platinum,75048
825,Female,Rural,High School,5L-10L,1,2,2245,1,A,Silver,50100
74284,Female,Rural,High School,5L-10L,1,4,4711,1,A,Platinum,33996
26399,Male,Rural,High School,2L-5L,0,7,2364,More than 1,B,Platinum,66780
28526,Male,Urban,High School,2L-5L,0,6,5163,More than 1,A,Platinum,109272
13430,Male,Rural,High School,5L-10L,0,1,18620,1,C,Platinum,59556
25595,Male,Urban,High School,5L-10L,0,6,6337,1,B,Platinum,60828
47110,Male,Rural,Bachelor,More than 10L,1,4,3654,1,C,Platinum,59784
84679,Male,Rural,Bachelor,5L-10L,1,3,3185,More than 1,B,Silver,70488
62964,Female,Rural,Bachelor,5L-10L,1,7,0,1,A,Platinum,45732
29895,Female,Urban,High School,5L-10L,0,8,5148,More than 1,C,Platinum,101268
23491,Male,Urban,High School,5L-10L,1,3,7402,1,B,Silver,40128
34130,Female,Urban,High School,5L-10L,0,7,6001,1,A,Gold,63540
2017,Male,Urban,High School,5L-10L,1,1,4453,1,A,Platinum,49332
36374,Male,Urban,High School,2L-5L,1,6,5118,More than 1,A,Platinum,100728
80189,Female,Urban,Others,2L-5L,1,5,0,1,C,Platinum,31320
46212,Male,Urban,High School,2L-5L,0,2,5761,1,A,Silver,36696
70980,Female,Rural,High School,5L-10L,1,0,0,More than 1,B,Platinum,65076
89272,Female,Urban,High School,5L-10L,1,0,3260,1,A,Silver,44724
62584,Female,Rural,Others,5L-10L,1,4,0,1,A,Platinum,51756
9396,Male,Urban,High School,2L-5L,0,0,5694,1,A,Platinum,47112
65364,Male,Urban,Bachelor,5L-10L,0,6,4246,More than 1,A,Platinum,98112
53951,Male,Urban,Bachelor,2L-5L,0,6,0,1,B,Platinum,43512
35184,Male,Urban,High School,5L-10L,1,1,5209,1,B,Gold,31644
65078,Male,Rural,High School,More than 10L,1,6,0,1,A,Gold,39744
4821,Female,Rural,Others,5L-10L,0,5,4898,1,A,Gold,35556
9760,Male,Urban,Others,5L-10L,1,1,6272,More than 1,C,Silver,87396
14818,Female,Urban,High School,More than 10L,1,7,3819,1,B,Silver,45672
49758,Female,Urban,High School,2L-5L,0,4,6047,More than 1,A,Platinum,98712
46997,Female,Urban,Bachelor,5L-10L,1,5,4756,More than 1,A,Platinum,99228
35286,Male,Urban,Bachelor,5L-10L,1,4,4968,More than 1,A,Platinum,101892
31146,Female,Rural,High School,2L-5L,0,4,0,More than 1,B,Silver,71268
24475,Male,Urban,High School,5L-10L,0,6,4472,More than 1,B,Platinum,113964
46023,Male,Urban,Bachelor,2L-5L,1,3,0,1,A,Platinum,33804
48116,Male,Rural,Bachelor,5L-10L,1,7,0,1,A,Platinum,46296
67439,Male,Rural,High School,More than 10L,0,7,0,More than 1,B,Platinum,69696
28115,Female,Rural,High School,5L-10L,1,0,0,More than 1,B,Platinum,65688
9115,Female,Urban,High School,5L-10L,1,5,3309,1,A,Silver,44280
945,Male,Urban,High School,More than 10L,0,7,6472,1,C,Silver,41484
54934,Male,Urban,High School,5L-10L,0,6,4428,1,A,Silver,52944
28215,Male,Rural,High School,5L-10L,1,4,0,More than 1,A,Silver,69192
73599,Female,Rural,Bachelor,2L-5L,0,6,0,1,B,Silver,34188
83251,Male,Urban,High School,5L-10L,1,0,6107,1,A,Gold,44148
88194,Male,Rural,Bachelor,5L-10L,1,7,3892,More than 1,A,Gold,97656
57945,Female,Urban,High School,5L-10L,0,6,7868,1,A,Platinum,47580
10808,Male,Rural,High School,5L-10L,1,4,0,1,A,Gold,36732
64797,Male,Rural,Bachelor,5L-10L,1,7,2621,More than 1,B,Platinum,71604
53224,Female,Rural,High School,5L-10L,0,5,3527,More than 1,B,Platinum,70668
56272,Female,Rural,High School,5L-10L,0,1,0,1,B,Gold,31128
21947,Male,Urban,Bachelor,More than 10L,0,0,3497,1,A,Gold,38220
86151,Female,Rural,High School,5L-10L,0,8,5841,More than 1,A,Silver,103548
35400,Male,Urban,High School,<=2L,0,2,6908,More than 1,A,Silver,100140
73252,Female,Urban,Bachelor,5L-10L,0,6,6888,More than 1,B,Silver,106272
33072,Female,Urban,Bachelor,More than 10L,0,7,5630,More than 1,B,Gold,91680
10653,Male,Rural,High School,5L-10L,1,6,2050,1,B,Platinum,32028
51433,Female,Urban,Others,5L-10L,1,5,0,1,A,Platinum,32184
19466,Male,Urban,High School,2L-5L,0,8,11309,1,A,Gold,52560
89066,Male,Urban,Bachelor,More than 10L,1,2,0,1,B,Silver,36948
56965,Male,Rural,High School,More than 10L,1,5,0,More than 1,A,Gold,66696
83952,Male,Urban,High School,5L-10L,0,6,6043,More than 1,C,Gold,116340
64266,Female,Rural,High School,2L-5L,0,1,0,1,B,Silver,58440
51459,Male,Urban,High School,More than 10L,0,0,10484,1,A,Gold,34608
28134,Male,Rural,Bachelor,5L-10L,0,7,0,More than 1,B,Gold,65064
15910,Female,Rural,High School,5L-10L,1,7,5136,More than 1,A,Gold,96576
72794,Male,Urban,High School,5L-10L,1,6,4369,More than 1,A,Platinum,85680
86447,Male,Rural,Bachelor,5L-10L,1,3,0,More than 1,B,Platinum,89748
85275,Female,Urban,Bachelor,2L-5L,1,6,4722,1,A,Silver,47916
2527,Male,Rural,High School,More than 10L,1,5,3767,More than 1,B,Gold,73272
40725,Male,Urban,Bachelor,5L-10L,1,7,5375,More than 1,A,Platinum,109212
47446,Male,Urban,High School,5L-10L,0,4,6502,1,A,Silver,33204
6616,Male,Rural,High School,More than 10L,1,7,0,1,A,Platinum,49368
69716,Female,Rural,Others,More than 10L,1,1,3317,1,B,Platinum,51180
84327,Male,Urban,High School,2L-5L,0,2,12114,1,C,Platinum,64824
55201,Female,Urban,Bachelor,5L-10L,1,3,0,1,A,Silver,32532
23017,Female,Urban,Others,5L-10L,1,8,7304,1,B,Platinum,36696
47843,Male,Rural,High School,5L-10L,0,8,2258,More than 1,A,Silver,97776
78110,Male,Urban,High School,5L-10L,1,5,4830,More than 1,A,Platinum,94368
51551,Female,Urban,Bachelor,5L-10L,0,6,5656,More than 1,C,Gold,109416
20449,Male,Urban,Bachelor,More than 10L,0,7,2071,1,B,Silver,35748
39427,Male,Urban,High School,5L-10L,1,6,8885,More than 1,A,Silver,101028
85047,Male,Rural,High School,More than 10L,0,6,0,More than 1,A,Gold,75120
75482,Female,Rural,High School,5L-10L,1,1,0,More than 1,A,Silver,67728
42146,Male,Urban,High School,5L-10L,0,4,6519,1,A,Silver,37632
53807,Male,Rural,High School,5L-10L,0,6,2187,1,A,Gold,37008
72468,Male,Urban,Bachelor,5L-10L,1,1,2068,1,C,Silver,35268
49685,Male,Urban,High School,2L-5L,1,6,0,1,B,Platinum,31452
15420,Female,Rural,High School,5L-10L,0,8,2422,1,A,Gold,32520
50871,Male,Urban,High School,More than 10L,1,6,6024,1,B,Silver,35484
63147,Male,Urban,Bachelor,5L-10L,0,2,5529,1,A,Platinum,36816
28769,Female,Rural,Bachelor,2L-5L,0,7,2152,More than 1,B,Platinum,77340
55774,Male,Rural,Bachelor,5L-10L,0,6,3293,More than 1,B,Platinum,68700
88639,Female,Urban,Bachelor,5L-10L,1,8,3653,More than 1,C,Platinum,86736
56239,Female,Urban,High School,2L-5L,0,6,6260,1,B,Gold,54408
3340,Female,Rural,Bachelor,5L-10L,0,8,0,More than 1,A,Gold,91992
76440,Male,Rural,High School,2L-5L,0,7,2634,1,B,Platinum,55320
80336,Male,Urban,Bachelor,5L-10L,1,6,0,1,A,Silver,45732
54741,Female,Urban,High School,More than 10L,0,3,6791,1,A,Platinum,55188
88082,Male,Urban,Bachelor,More than 10L,0,0,3169,1,A,Platinum,30468
43666,Male,Urban,Bachelor,5L-10L,1,4,5536,1,A,Platinum,31932
53366,Female,Urban,High School,5L-10L,0,2,0,1,A,Silver,32412
7395,Male,Rural,High School,2L-5L,1,3,0,1,B,Platinum,33480
16192,Female,Rural,High School,More than 10L,0,8,6225,More than 1,B,Platinum,76860
29159,Male,Rural,Bachelor,5L-10L,1,4,0,1,A,Silver,34464
18908,Female,Rural,Bachelor,5L-10L,0,7,3162,More than 1,B,Silver,65628
4695,Female,Rural,High School,5L-10L,1,1,3151,1,A,Silver,41148
53814,Female,Urban,High School,2L-5L,1,7,0,More than 1,B,Platinum,67944
43272,Female,Urban,Bachelor,5L-10L,1,4,2731,More than 1,A,Silver,102540
1886,Female,Rural,Others,More than 10L,1,5,0,More than 1,A,Gold,71112
75570,Male,Urban,Bachelor,5L-10L,0,3,4058,More than 1,A,Platinum,103176
44349,Female,Urban,High School,5L-10L,1,0,8053,More than 1,A,Platinum,110544
33526,Female,Urban,Bachelor,2L-5L,0,7,5773,More than 1,A,Platinum,102132
6554,Male,Rural,Bachelor,5L-10L,1,1,0,More than 1,B,Platinum,58836
56382,Male,Urban,Bachelor,5L-10L,0,5,3561,More than 1,B,Platinum,102636
31127,Male,Urban,High School,5L-10L,0,7,3985,1,A,Silver,47580
64187,Male,Urban,High School,5L-10L,1,6,6035,More than 1,A,Platinum,112932
32471,Male,Urban,Bachelor,2L-5L,1,6,0,1,C,Platinum,32940
62224,Male,Rural,High School,5L-10L,1,6,0,1,C,Platinum,33060
53939,Male,Rural,Bachelor,More than 10L,1,6,4189,More than 1,B,Silver,67284
69533,Female,Urban,High School,2L-5L,1,1,5423,More than 1,A,Silver,100548
9863,Male,Rural,Bachelor,More than 10L,0,6,2743,1,B,Platinum,40500
67697,Male,Rural,High School,5L-10L,1,8,3427,More than 1,A,Platinum,70332
88134,Female,Urban,High School,5L-10L,1,7,6599,1,A,Platinum,53832
79267,Female,Rural,Bachelor,5L-10L,1,8,0,More than 1,B,Platinum,71952
598,Male,Urban,Bachelor,5L-10L,1,7,4389,More than 1,A,Platinum,100548
36304,Female,Rural,High School,5L-10L,0,1,5094,1,A,Gold,32688
79670,Male,Rural,High School,More than 10L,1,3,0,1,A,Gold,37764
85612,Female,Urban,High School,5L-10L,0,8,0,More than 1,B,Silver,68076
51084,Male,Urban,Bachelor,5L-10L,1,7,2535,More than 1,B,Silver,63528
87693,Female,Urban,High School,5L-10L,1,7,6559,1,A,Platinum,41580
12942,Male,Urban,High School,2L-5L,1,6,6579,More than 1,A,Platinum,102684
42256,Male,Urban,High School,5L-10L,0,1,6488,1,A,Platinum,43752
81405,Female,Urban,Bachelor,5L-10L,1,7,5159,More than 1,A,Platinum,102660
7920,Male,Urban,Bachelor,5L-10L,1,7,4311,1,B,Platinum,43416
51929,Female,Urban,High School,5L-10L,1,1,11537,1,A,Platinum,36072
84846,Female,Urban,Bachelor,More than 10L,1,7,3360,1,A,Silver,35508
64386,Male,Urban,Bachelor,5L-10L,1,4,5871,More than 1,A,Platinum,94344
74470,Female,Urban,High School,More than 10L,0,0,2939,1,A,Platinum,31260
21819,Male,Rural,Bachelor,5L-10L,1,4,4381,1,B,Platinum,30528
57501,Male,Urban,Bachelor,5L-10L,1,3,5656,1,A,Platinum,33588
62510,Female,Urban,Others,5L-10L,1,2,2743,More than 1,A,Silver,94092
33911,Male,Urban,High School,5L-10L,1,5,4653,1,A,Gold,32292
7433,Male,Rural,High School,5L-10L,1,0,0,1,A,Gold,32484
33616,Male,Rural,High School,5L-10L,1,6,3158,More than 1,C,Gold,70104
15142,Male,Rural,High School,5L-10L,0,4,0,1,A,Platinum,37128
67440,Male,Rural,Bachelor,More than 10L,1,4,0,More than 1,A,Platinum,66696
77831,Female,Urban,Bachelor,5L-10L,1,1,2989,1,A,Gold,40176
34949,Female,Rural,Bachelor,More than 10L,0,6,0,More than 1,B,Platinum,67692
21102,Male,Urban,Bachelor,5L-10L,1,4,2010,1,A,Platinum,43752
49714,Female,Urban,High School,5L-10L,1,6,5547,1,A,Platinum,58068
52588,Female,Urban,High School,5L-10L,0,6,0,More than 1,B,Platinum,68424
9472,Male,Urban,High School,2L-5L,1,7,0,More than 1,C,Silver,70200
6631,Male,Rural,Others,More than 10L,1,2,6576,1,A,Platinum,36192
84134,Female,Urban,High School,<=2L,1,5,10980,1,A,Platinum,54996
6806,Female,Urban,High School,5L-10L,0,6,5779,More than 1,A,Platinum,107244
45988,Female,Urban,High School,5L-10L,0,7,3914,More than 1,A,Platinum,103680
25715,Male,Urban,Bachelor,2L-5L,1,6,6648,1,A,Silver,63468
15933,Female,Rural,High School,More than 10L,1,4,0,1,A,Gold,49812
53768,Female,Urban,Bachelor,5L-10L,1,6,5232,1,A,Platinum,35760
34580,Female,Urban,High School,More than 10L,1,5,0,1,B,Silver,38412
69832,Male,Rural,Bachelor,More than 10L,1,2,3073,More than 1,A,Silver,101268
33371,Male,Rural,High School,More than 10L,1,3,2779,More than 1,B,Silver,60672
10361,Female,Urban,High School,5L-10L,0,1,0,1,A,Silver,36372
26910,Male,Rural,High School,5L-10L,1,2,2113,1,A,Platinum,34728
65251,Female,Urban,High School,More than 10L,0,5,2272,More than 1,A,Silver,103020
82633,Male,Urban,Bachelor,5L-10L,1,6,2684,More than 1,B,Silver,67056
15702,Male,Rural,Bachelor,5L-10L,0,7,4748,More than 1,A,Platinum,72588
63351,Female,Urban,High School,2L-5L,1,4,6520,1,C,Silver,37680
21989,Male,Urban,High School,5L-10L,1,4,5287,1,A,Silver,34908
46623,Female,Urban,High School,5L-10L,0,1,5898,1,A,Gold,35460
86458,Male,Rural,High School,More than 10L,1,6,6067,1,B,Silver,47088
63366,Male,Rural,High School,5L-10L,0,6,4351,1,B,Silver,47328
86890,Male,Rural,Bachelor,2L-5L,1,8,0,1,A,Platinum,43452
25231,Male,Rural,Bachelor,More than 10L,0,1,0,1,A,Silver,35088
43715,Female,Urban,High School,2L-5L,0,6,2825,1,A,Gold,46152
60078,Male,Urban,High School,5L-10L,1,5,5624,1,A,Gold,33312
27677,Female,Urban,Bachelor,5L-10L,1,0,4077,1,A,Platinum,53808
61033,Female,Urban,Bachelor,5L-10L,1,5,0,1,A,Gold,48228
4792,Male,Rural,Bachelor,2L-5L,0,6,2027,More than 1,B,Gold,89364
7233,Male,Rural,Bachelor,2L-5L,1,8,0,More than 1,B,Silver,68940
64913,Male,Rural,Bachelor,5L-10L,1,7,2045,1,C,Platinum,37992
71327,Male,Urban,Others,2L-5L,1,6,5556,1,A,Gold,31380
56732,Male,Urban,High School,5L-10L,1,6,5713,1,A,Gold,34188
52329,Female,Urban,Others,5L-10L,1,0,3736,1,A,Silver,39444
75839,Female,Rural,Bachelor,More than 10L,1,7,0,1,A,Gold,34908
81180,Male,Urban,High School,More than 10L,1,3,6529,1,A,Platinum,32736
69001,Female,Rural,High School,5L-10L,1,1,3218,More than 1,A,Platinum,63660
86753,Female,Rural,Bachelor,More than 10L,1,4,3776,More than 1,B,Platinum,95532
30869,Male,Rural,High School,5L-10L,1,3,0,More than 1,A,Platinum,73920
30917,Female,Urban,Bachelor,5L-10L,0,8,2106,More than 1,A,Silver,101988
6058,Female,Urban,High School,5L-10L,0,4,3613,More than 1,B,Platinum,93012
69135,Male,Urban,Bachelor,5L-10L,1,0,0,More than 1,B,Platinum,65976
10511,Female,Urban,High School,2L-5L,1,5,11414,More than 1,A,Silver,99132
10221,Female,Urban,High School,5L-10L,0,3,5352,More than 1,A,Platinum,107808
3933,Male,Urban,Bachelor,5L-10L,1,6,6061,1,A,Gold,47688
3824,Female,Urban,Bachelor,2L-5L,0,3,5894,1,A,Platinum,45552
23447,Female,Rural,High School,5L-10L,0,6,2573,1,B,Platinum,54780
56975,Female,Rural,High School,5L-10L,1,5,0,1,C,Silver,50880
27371,Male,Rural,High School,5L-10L,1,1,3818,1,A,Platinum,53460
46105,Male,Urban,High School,More than 10L,0,0,8578,More than 1,A,Platinum,91248
55280,Male,Rural,Bachelor,5L-10L,1,7,2204,More than 1,B,Platinum,75060
62086,Female,Urban,Bachelor,2L-5L,1,4,6903,1,C,Silver,33264
59941,Male,Urban,Bachelor,5L-10L,1,2,5939,1,A,Platinum,38976
68536,Female,Urban,High School,5L-10L,0,3,6369,1,A,Silver,32184
85895,Female,Urban,High School,2L-5L,1,4,5397,1,B,Platinum,34488
41301,Female,Rural,Bachelor,5L-10L,1,4,3586,More than 1,B,Gold,69024
31111,Female,Urban,High School,2L-5L,1,6,5459,1,B,Silver,32652
62113,Female,Rural,Bachelor,5L-10L,0,0,2838,1,A,Platinum,60984
57601,Female,Rural,Bachelor,5L-10L,1,0,0,More than 1,B,Platinum,60936
56893,Male,Urban,High School,2L-5L,1,7,5842,More than 1,A,Platinum,100152
23053,Female,Urban,High School,5L-10L,0,6,6354,More than 1,A,Platinum,98496
59695,Female,Rural,Bachelor,5L-10L,1,6,2253,1,A,Gold,52632
2037,Male,Urban,High School,5L-10L,0,4,9248,More than 1,A,Platinum,116832
85226,Male,Urban,Bachelor,5L-10L,1,1,5271,1,C,Gold,33120
41191,Male,Rural,Bachelor,More than 10L,1,8,2090,More than 1,B,Platinum,75372
34270,Male,Rural,Bachelor,More than 10L,1,4,2821,More than 1,B,Silver,67008
7411,Male,Urban,Bachelor,5L-10L,0,7,3458,More than 1,A,Gold,102084
37806,Female,Rural,High School,5L-10L,1,8,0,1,A,Platinum,45396
11245,Female,Rural,Bachelor,2L-5L,0,6,2646,More than 1,B,Platinum,73392
55256,Female,Rural,Others,5L-10L,0,8,0,1,B,Gold,57936
36000,Female,Urban,Bachelor,<=2L,0,2,9160,1,B,Platinum,68352
16992,Female,Rural,High School,5L-10L,1,5,0,1,A,Silver,36684
84361,Female,Rural,High School,2L-5L,1,2,0,1,A,Platinum,36876
57624,Female,Rural,High School,More than 10L,0,6,2249,1,B,Silver,34728
69811,Female,Urban,High School,5L-10L,1,0,0,1,A,Platinum,29556
76465,Female,Urban,High School,5L-10L,1,5,4975,More than 1,A,Platinum,102780
24742,Female,Urban,Others,2L-5L,1,4,5267,1,C,Gold,31056
61861,Female,Urban,High School,5L-10L,1,3,5244,1,A,Platinum,34596
15488,Female,Urban,Others,2L-5L,0,5,5335,1,A,Silver,36204
78507,Male,Urban,Bachelor,2L-5L,0,4,5906,1,B,Silver,44412
43226,Female,Urban,Bachelor,5L-10L,1,7,6758,1,A,Silver,50856
14194,Female,Rural,High School,More than 10L,1,4,0,More than 1,B,Platinum,65712
59966,Female,Urban,High School,5L-10L,0,7,4657,More than 1,A,Gold,107352
46567,Male,Urban,High School,2L-5L,0,7,3662,More than 1,A,Platinum,115584
61763,Male,Urban,High School,5L-10L,1,6,4645,1,A,Gold,34572
61010,Male,Urban,Others,5L-10L,1,3,3702,More than 1,A,Gold,98148
82659,Male,Urban,High School,5L-10L,1,2,7336,More than 1,A,Silver,97380
26471,Male,Urban,High School,2L-5L,0,6,20176,More than 1,A,Platinum,139392
60072,Female,Urban,High School,5L-10L,0,4,6243,More than 1,A,Platinum,103296
39052,Male,Urban,Bachelor,2L-5L,0,4,4996,1,A,Platinum,34200
11826,Male,Rural,Bachelor,5L-10L,1,5,2217,More than 1,B,Gold,70884
28556,Female,Rural,Bachelor,5L-10L,1,6,0,1,C,Platinum,32352
73229,Male,Rural,Bachelor,5L-10L,0,2,7333,1,A,Platinum,56772
81470,Male,Rural,High School,More than 10L,0,7,3844,More than 1,B,Platinum,69696
12013,Male,Urban,High School,5L-10L,1,1,5792,1,A,Platinum,38688
33482,Male,Urban,High School,5L-10L,0,6,6177,More than 1,B,Gold,99912
36724,Male,Urban,High School,5L-10L,1,5,2032,1,A,Platinum,34008
48698,Male,Rural,Bachelor,5L-10L,1,5,0,1,A,Silver,44400
49064,Male,Urban,High School,2L-5L,0,6,7251,More than 1,B,Platinum,71196
87327,Male,Rural,High School,5L-10L,1,6,5250,More than 1,A,Silver,97548
64378,Male,Urban,High School,2L-5L,1,2,7627,More than 1,B,Gold,109356
42876,Male,Rural,Bachelor,More than 10L,1,7,0,More than 1,B,Silver,64956
88545,Male,Urban,High School,More than 10L,0,6,5339,1,A,Silver,35772
44325,Male,Rural,High School,5L-10L,1,1,2304,More than 1,B,Silver,63120
25922,Female,Rural,Bachelor,5L-10L,0,7,2317,More than 1,B,Platinum,75024
39698,Female,Rural,High School,2L-5L,0,2,5584,1,B,Silver,49416
85902,Male,Rural,Bachelor,5L-10L,1,4,0,1,A,Gold,39216
82530,Male,Rural,High School,5L-10L,0,7,2773,More than 1,A,Gold,95364
51456,Male,Urban,Bachelor,5L-10L,1,1,5864,1,C,Silver,35940
56152,Male,Urban,High School,5L-10L,1,7,3727,More than 1,A,Platinum,92808
570,Male,Urban,Bachelor,2L-5L,1,0,4296,1,A,Silver,33516
49045,Male,Urban,Bachelor,5L-10L,1,0,4733,1,A,Gold,32868
17275,Female,Rural,Bachelor,2L-5L,1,7,0,1,B,Platinum,36936
59253,Male,Urban,High School,5L-10L,1,5,6111,1,A,Platinum,36024
37146,Female,Urban,High School,<=2L,1,2,5300,1,B,Silver,66132
43871,Male,Rural,Bachelor,5L-10L,1,7,4959,More than 1,B,Platinum,67032
11323,Male,Rural,High School,5L-10L,0,5,4586,More than 1,B,Gold,92268
54079,Female,Urban,High School,5L-10L,0,2,6492,1,A,Gold,37032
29883,Male,Urban,High School,2L-5L,1,2,5907,1,A,Silver,35820
14589,Male,Urban,High School,5L-10L,1,6,6845,1,C,Gold,52800
13312,Male,Urban,High School,2L-5L,1,6,6486,1,A,Platinum,51360
40210,Female,Rural,High School,More than 10L,1,5,7078,1,A,Silver,40836
8657,Female,Urban,Bachelor,5L-10L,1,6,9167,More than 1,A,Gold,111564
13274,Female,Rural,High School,5L-10L,0,6,0,1,A,Platinum,43260
1844,Male,Urban,High School,2L-5L,1,5,3993,More than 1,A,Gold,95460
76765,Male,Rural,Others,5L-10L,1,7,0,1,B,Gold,31080
19782,Male,Urban,Bachelor,5L-10L,1,1,5295,1,A,Platinum,36360
13407,Male,Rural,High School,More than 10L,1,3,6265,1,B,Silver,37656
38666,Male,Urban,Bachelor,5L-10L,1,7,3844,More than 1,A,Platinum,91416
81791,Male,Urban,Bachelor,2L-5L,1,6,6426,1,C,Platinum,43368
53334,Female,Rural,Bachelor,More than 10L,0,5,0,More than 1,C,Platinum,71112
53381,Female,Rural,High School,5L-10L,1,4,6108,1,A,Platinum,44604
71201,Female,Urban,Others,2L-5L,0,4,2554,1,B,Silver,39864
67343,Male,Rural,Others,5L-10L,1,1,0,1,A,Platinum,33588
13834,Male,Rural,High School,5L-10L,0,3,2248,More than 1,B,Platinum,93744
29551,Female,Rural,High School,5L-10L,0,8,2043,More than 1,B,Platinum,69456
27415,Female,Urban,High School,5L-10L,0,4,10574,1,A,Platinum,49464
54472,Male,Urban,High School,2L-5L,0,2,8575,More than 1,B,Platinum,107004
33584,Male,Urban,High School,2L-5L,0,1,8837,More than 1,A,Silver,94644
53527,Male,Urban,High School,5L-10L,0,2,6349,More than 1,A,Platinum,98184
69507,Male,Urban,Bachelor,5L-10L,0,1,9829,1,A,Silver,31752
7638,Male,Rural,Others,More than 10L,1,8,3102,1,B,Platinum,65976
35037,Female,Urban,High School,2L-5L,0,2,0,1,B,Platinum,32856
34230,Male,Urban,Bachelor,2L-5L,1,6,4758,1,B,Silver,49524
59981,Male,Rural,High School,5L-10L,1,1,0,1,A,Platinum,34560
297,Female,Urban,Bachelor,5L-10L,0,3,10974,More than 1,A,Platinum,102084
7549,Male,Urban,High School,5L-10L,1,5,4336,More than 1,A,Platinum,87492
63000,Male,Urban,High School,2L-5L,1,4,2005,More than 1,B,Silver,76728
23239,Male,Urban,High School,5L-10L,0,7,0,1,B,Gold,47112
32976,Female,Rural,Others,5L-10L,0,0,0,1,B,Platinum,34560
73167,Male,Urban,High School,5L-10L,1,6,3121,More than 1,A,Platinum,93756
45228,Female,Urban,High School,More than 10L,1,4,2971,1,A,Platinum,48540
80815,Female,Urban,High School,5L-10L,0,3,0,1,A,Gold,44712
2671,Male,Urban,High School,5L-10L,1,7,2650,More than 1,B,Platinum,67608
46836,Male,Urban,High School,More than 10L,0,7,0,1,A,Silver,54036
72109,Female,Urban,High School,More than 10L,0,2,5781,1,B,Gold,45444
30847,Female,Rural,Bachelor,5L-10L,0,6,2551,More than 1,B,Platinum,93984
42323,Male,Urban,Bachelor,5L-10L,1,3,4100,1,B,Silver,50448
87130,Male,Urban,Bachelor,5L-10L,1,5,5468,More than 1,A,Platinum,88740
55798,Male,Urban,Bachelor,More than 10L,1,6,6803,1,A,Platinum,35328
43627,Male,Urban,Bachelor,5L-10L,1,5,2274,More than 1,B,Silver,73704
2979,Female,Urban,Bachelor,<=2L,1,5,5591,More than 1,A,Platinum,98652
72909,Male,Urban,High School,5L-10L,1,4,4888,1,C,Platinum,44652
1116,Female,Urban,Bachelor,<=2L,1,1,5724,More than 1,A,Platinum,96504
19334,Female,Urban,Bachelor,2L-5L,1,7,4358,More than 1,B,Platinum,96396
18800,Male,Urban,High School,More than 10L,0,1,5776,1,A,Platinum,31968
23773,Female,Rural,Bachelor,5L-10L,1,3,0,1,B,Silver,42288
7026,Female,Rural,Bachelor,2L-5L,1,2,3061,More than 1,A,Platinum,104904
17274,Female,Rural,High School,5L-10L,0,1,2095,1,B,Platinum,32928
29992,Male,Urban,Bachelor,2L-5L,0,5,3877,More than 1,A,Platinum,96480
30991,Male,Urban,Bachelor,More than 10L,0,8,3060,1,A,Silver,50112
80377,Female,Rural,Others,More than 10L,0,5,0,1,C,Silver,50028
39219,Female,Rural,Bachelor,5L-10L,0,5,0,1,C,Gold,32580
79646,Male,Urban,Bachelor,5L-10L,0,3,9327,1,A,Platinum,55548
23124,Female,Urban,Bachelor,2L-5L,0,4,3650,More than 1,B,Platinum,94272
3884,Female,Rural,Bachelor,5L-10L,1,1,2091,1,B,Platinum,33840
88493,Male,Rural,Bachelor,2L-5L,1,6,0,More than 1,B,Platinum,62892
21347,Female,Urban,High School,5L-10L,1,5,4420,1,A,Platinum,48564
35562,Male,Urban,Bachelor,5L-10L,0,5,5191,1,A,Gold,38508
87182,Male,Urban,High School,5L-10L,1,6,3589,1,A,Gold,48720
21605,Male,Urban,Bachelor,More than 10L,1,4,0,1,A,Platinum,39024
49985,Male,Urban,Bachelor,2L-5L,1,2,9043,1,B,Silver,72228
29718,Male,Urban,Others,2L-5L,1,4,5290,1,A,Platinum,31692
31219,Male,Urban,Bachelor,5L-10L,0,2,14183,1,A,Platinum,56508
21574,Male,Urban,Bachelor,<=2L,0,5,7872,1,A,Silver,60048
37906,Male,Urban,Bachelor,5L-10L,1,7,0,More than 1,B,Silver,66096
78785,Female,Rural,Bachelor,More than 10L,1,7,2066,More than 1,B,Gold,69228
66616,Male,Urban,High School,2L-5L,0,1,6436,1,A,Platinum,44052
33980,Female,Rural,High School,More than 10L,1,6,3857,More than 1,A,Gold,99252
51787,Male,Urban,Bachelor,2L-5L,1,4,3564,More than 1,B,Gold,94368
47656,Male,Urban,Bachelor,5L-10L,0,5,2253,More than 1,B,Silver,106200
36136,Male,Urban,High School,5L-10L,1,7,3950,1,A,Silver,38436
88800,Male,Urban,High School,5L-10L,1,5,5905,More than 1,A,Platinum,96960
14440,Male,Rural,Bachelor,5L-10L,1,7,0,1,A,Silver,42540
330,Male,Urban,Bachelor,2L-5L,1,8,15046,More than 1,A,Platinum,155520
9629,Female,Rural,High School,5L-10L,1,5,0,More than 1,A,Gold,88380
50625,Male,Urban,Bachelor,5L-10L,1,4,5416,1,A,Gold,33240
18595,Male,Urban,High School,5L-10L,0,4,6680,1,A,Platinum,52812
77062,Male,Urban,High School,5L-10L,1,7,16817,More than 1,B,Silver,99876
9341,Male,Rural,High School,5L-10L,1,6,0,More than 1,B,Silver,64428
11442,Male,Urban,High School,5L-10L,1,7,2914,More than 1,C,Silver,68532
84940,Female,Urban,Bachelor,5L-10L,1,6,4896,1,C,Silver,36156
11293,Female,Urban,High School,5L-10L,1,5,6424,1,A,Platinum,43476
54712,Male,Urban,Bachelor,2L-5L,1,1,6071,1,A,Silver,36516
42723,Female,Rural,Others,5L-10L,1,6,3928,More than 1,A,Platinum,102060
86946,Male,Urban,High School,5L-10L,0,2,5294,1,A,Gold,35400
40955,Male,Rural,High School,5L-10L,1,6,5067,1,C,Silver,33384
86432,Male,Rural,High School,5L-10L,1,6,0,1,B,Platinum,42732
68946,Male,Rural,High School,5L-10L,0,5,0,More than 1,A,Gold,53436
42679,Male,Rural,Bachelor,5L-10L,0,7,0,1,B,Platinum,49356
8119,Female,Urban,High School,5L-10L,1,4,3426,More than 1,B,Platinum,62700
11180,Female,Rural,Bachelor,5L-10L,1,1,2391,1,B,Platinum,33888
44892,Female,Urban,High School,2L-5L,0,6,5192,1,A,Silver,33900
72155,Female,Urban,High School,<=2L,0,7,2711,1,A,Platinum,73020
20048,Male,Urban,Bachelor,2L-5L,0,4,5857,1,A,Silver,46932
19938,Male,Urban,Bachelor,5L-10L,1,3,2795,More than 1,A,Silver,103164
27207,Male,Urban,Bachelor,5L-10L,1,6,3756,1,C,Silver,43008
64596,Male,Rural,Bachelor,2L-5L,1,8,0,More than 1,B,Silver,62604
1757,Male,Urban,Bachelor,2L-5L,1,8,6127,1,A,Gold,60420
63691,Female,Urban,Bachelor,5L-10L,1,4,4265,More than 1,A,Platinum,101484
57731,Male,Urban,High School,5L-10L,1,2,4254,More than 1,A,Silver,99288
50045,Female,Rural,Bachelor,5L-10L,1,7,0,1,B,Platinum,46704
25104,Male,Rural,Bachelor,2L-5L,1,7,0,1,A,Platinum,30960
61452,Female,Rural,Bachelor,5L-10L,0,8,4295,More than 1,A,Gold,104040
69111,Male,Urban,Bachelor,5L-10L,1,5,4272,1,B,Platinum,46692
88104,Male,Urban,High School,More than 10L,0,0,3913,1,C,Silver,42480
62577,Male,Urban,High School,5L-10L,1,2,0,1,A,Platinum,34116
49048,Male,Urban,Bachelor,5L-10L,0,3,5968,1,A,Silver,36084
16451,Female,Urban,Bachelor,5L-10L,1,8,0,More than 1,B,Platinum,66984
39160,Male,Urban,Bachelor,More than 10L,1,4,0,1,A,Platinum,34488
4002,Female,Rural,Others,More than 10L,0,6,0,1,B,Platinum,45552
53812,Male,Urban,Bachelor,2L-5L,0,3,7976,1,A,Silver,53988
1503,Male,Rural,Bachelor,More than 10L,1,7,0,1,A,Gold,36696
50017,Male,Urban,Bachelor,2L-5L,0,7,5691,1,B,Silver,35928
11037,Female,Urban,Bachelor,5L-10L,0,6,4486,1,A,Gold,32748
68755,Male,Rural,High School,More than 10L,1,7,2123,More than 1,B,Platinum,64068
4483,Male,Rural,Bachelor,More than 10L,1,5,3148,More than 1,B,Platinum,67728
47994,Female,Rural,High School,5L-10L,0,2,5087,1,A,Platinum,30600
15121,Male,Urban,Bachelor,2L-5L,1,8,0,More than 1,B,Silver,75516
42677,Male,Urban,High School,5L-10L,1,2,6494,1,A,Silver,39588
33546,Female,Rural,Bachelor,More than 10L,1,2,0,More than 1,A,Platinum,67272
87043,Male,Rural,Bachelor,5L-10L,0,7,5952,More than 1,A,Platinum,98244
19523,Male,Urban,High School,5L-10L,0,7,4397,More than 1,A,Platinum,91476
53172,Female,Rural,Bachelor,5L-10L,0,7,5260,More than 1,B,Platinum,69876
4312,Male,Urban,High School,5L-10L,1,2,3579,More than 1,A,Gold,95700
9835,Male,Urban,Bachelor,5L-10L,1,2,3216,More than 1,B,Gold,67416
81554,Female,Rural,High School,5L-10L,0,4,0,1,A,Gold,51924
2621,Male,Urban,Bachelor,5L-10L,1,7,5534,1,A,Silver,34668
59373,Female,Urban,Bachelor,More than 10L,1,7,5879,1,B,Silver,36564
81282,Male,Urban,Bachelor,5L-10L,1,6,2792,1,A,Platinum,43404
72500,Male,Rural,High School,5L-10L,1,7,2547,More than 1,C,Platinum,99816
29319,Male,Urban,Bachelor,5L-10L,1,2,7299,More than 1,B,Gold,71436
2109,Male,Urban,High School,2L-5L,1,8,3869,More than 1,B,Platinum,97884
10779,Male,Rural,Others,5L-10L,1,7,0,1,B,Gold,32712
69181,Female,Rural,High School,5L-10L,1,1,0,1,A,Gold,33024
64592,Female,Rural,High School,5L-10L,0,7,2906,More than 1,B,Platinum,73440
32306,Male,Urban,Bachelor,5L-10L,0,5,4043,1,A,Platinum,62748
2964,Male,Urban,Bachelor,5L-10L,1,4,6833,1,A,Gold,48480
70052,Female,Urban,High School,2L-5L,0,1,5036,More than 1,A,Platinum,99216
75118,Male,Rural,Bachelor,5L-10L,1,5,4715,1,A,Platinum,46080
83687,Female,Rural,High School,More than 10L,1,7,0,1,A,Gold,39576
69688,Male,Urban,High School,5L-10L,1,6,5736,More than 1,A,Platinum,107076
83943,Male,Urban,Bachelor,5L-10L,0,7,5231,1,A,Platinum,47916
78628,Female,Rural,Bachelor,5L-10L,0,4,0,More than 1,A,Silver,100092
57912,Male,Urban,High School,<=2L,0,6,6009,1,A,Silver,48408
43206,Male,Rural,High School,More than 10L,1,6,0,1,B,Silver,39540
24816,Female,Urban,High School,5L-10L,1,5,4721,More than 1,A,Platinum,102600
20875,Female,Urban,Bachelor,5L-10L,1,8,5833,1,C,Silver,67932
13286,Male,Urban,Bachelor,5L-10L,1,1,4636,1,A,Platinum,34080
19643,Male,Urban,Bachelor,More than 10L,0,6,5878,More than 1,A,Platinum,106020
10448,Male,Rural,High School,5L-10L,1,1,2609,1,A,Platinum,43068
42030,Male,Rural,Bachelor,5L-10L,1,1,0,1,A,Silver,44796
46301,Female,Urban,High School,5L-10L,0,6,0,1,C,Gold,34356
80182,Female,Urban,High School,5L-10L,0,2,6176,1,A,Platinum,45540
67322,Female,Urban,High School,More than 10L,0,1,6115,More than 1,A,Silver,105396
63156,Female,Rural,Bachelor,More than 10L,1,8,0,1,A,Platinum,57396
70430,Female,Rural,High School,5L-10L,0,6,6536,1,B,Silver,35868
22212,Male,Rural,High School,5L-10L,1,7,2357,1,A,Platinum,51732
52727,Male,Urban,Bachelor,5L-10L,1,2,0,1,A,Silver,31512
68185,Female,Rural,High School,More than 10L,0,6,5328,More than 1,A,Platinum,101592
64611,Female,Rural,Others,2L-5L,1,0,0,1,A,Silver,33972
11010,Female,Rural,Bachelor,5L-10L,0,6,2723,More than 1,B,Platinum,66516
11673,Male,Rural,Others,5L-10L,1,4,0,1,A,Platinum,31584
64861,Female,Rural,Bachelor,More than 10L,0,8,3017,1,B,Gold,51096
31076,Female,Rural,Bachelor,5L-10L,1,7,2426,More than 1,B,Gold,65112
149,Male,Urban,Bachelor,5L-10L,0,3,5528,1,A,Platinum,31452
23397,Male,Urban,High School,More than 10L,0,0,2018,More than 1,A,Platinum,155460
15083,Male,Urban,High School,2L-5L,0,6,4037,1,B,Platinum,51024
2802,Female,Urban,High School,More than 10L,1,7,2376,More than 1,B,Platinum,69792
58183,Female,Urban,High School,5L-10L,0,6,11289,More than 1,A,Platinum,108132
12857,Male,Rural,High School,5L-10L,0,2,2886,1,B,Gold,53940
1246,Male,Urban,Bachelor,5L-10L,1,1,6684,1,A,Platinum,54060
22746,Female,Urban,High School,2L-5L,0,7,18406,1,B,Gold,34308
68776,Male,Urban,High School,5L-10L,1,6,10486,More than 1,C,Silver,113088
47735,Male,Urban,Bachelor,More than 10L,1,7,3945,1,B,Platinum,37332
87576,Male,Urban,High School,5L-10L,0,6,16446,More than 1,A,Platinum,112608
58421,Male,Rural,Bachelor,5L-10L,0,2,0,1,A,Silver,32244
37068,Male,Urban,Bachelor,5L-10L,1,1,5626,1,A,Gold,32484
25652,Male,Rural,High School,5L-10L,0,7,6990,1,B,Silver,38376
40233,Male,Urban,High School,5L-10L,1,5,2148,1,B,Silver,33504
74392,Male,Urban,High School,2L-5L,0,5,6498,1,A,Silver,34188
76122,Female,Urban,High School,5L-10L,1,8,4977,1,A,Platinum,34524
62176,Female,Rural,High School,5L-10L,1,2,3536,1,B,Platinum,38484
34113,Female,Rural,Bachelor,5L-10L,0,5,6853,More than 1,A,Gold,90288
14916,Male,Urban,High School,5L-10L,0,6,6455,More than 1,A,Platinum,91392
11416,Male,Urban,High School,5L-10L,0,7,4487,1,A,Platinum,46908
65793,Male,Rural,High School,5L-10L,0,4,0,1,A,Gold,31932
24723,Male,Urban,High School,2L-5L,1,7,5892,1,A,Silver,57936
5913,Female,Urban,Bachelor,5L-10L,1,5,9976,More than 1,A,Platinum,98148
51806,Female,Urban,High School,5L-10L,1,6,6068,More than 1,A,Gold,89628
73226,Male,Urban,High School,5L-10L,0,2,6003,1,C,Silver,35748
34414,Male,Rural,Bachelor,5L-10L,1,3,4468,1,C,Gold,58308
54952,Male,Urban,Bachelor,2L-5L,1,5,6105,More than 1,B,Platinum,101196
77200,Female,Urban,High School,2L-5L,1,2,6398,More than 1,A,Platinum,95316
2811,Female,Urban,Bachelor,More than 10L,0,3,3821,1,A,Gold,35592
37135,Female,Rural,Others,5L-10L,1,6,0,1,B,Platinum,36408
36913,Female,Urban,Bachelor,2L-5L,1,6,8666,1,B,Silver,36936
21606,Female,Rural,High School,2L-5L,1,2,4633,More than 1,A,Platinum,62544
27714,Male,Urban,Bachelor,2L-5L,1,5,6657,More than 1,A,Silver,106320
68188,Male,Urban,High School,5L-10L,1,1,0,1,C,Silver,35028
70659,Male,Urban,Bachelor,5L-10L,0,2,9974,1,A,Silver,33684
41003,Male,Rural,Others,5L-10L,0,1,2109,1,A,Platinum,31032
47554,Male,Urban,High School,5L-10L,1,4,2036,1,B,Silver,34248
41616,Male,Rural,Bachelor,More than 10L,1,6,2823,More than 1,B,Platinum,71520
49229,Male,Urban,Bachelor,5L-10L,0,5,5006,1,A,Platinum,31920
9968,Female,Urban,High School,5L-10L,1,6,10627,1,C,Silver,53112
67422,Male,Urban,Bachelor,2L-5L,1,2,5915,More than 1,C,Gold,110016
16305,Male,Urban,High School,More than 10L,0,8,6271,More than 1,A,Platinum,104424
7849,Female,Urban,Bachelor,5L-10L,0,6,6784,More than 1,A,Platinum,103668
48381,Female,Urban,Bachelor,5L-10L,1,7,0,1,A,Silver,50340
70028,Male,Rural,Bachelor,5L-10L,0,5,2848,1,B,Gold,51852
59073,Male,Urban,Bachelor,2L-5L,0,2,4647,More than 1,B,Silver,93156
18848,Female,Rural,High School,5L-10L,1,3,0,More than 1,A,Platinum,68388
32329,Female,Urban,High School,5L-10L,0,6,6682,1,B,Gold,46728
34960,Male,Urban,High School,5L-10L,1,3,6875,1,C,Silver,34884
72205,Male,Urban,Others,5L-10L,1,1,5345,1,A,Gold,30828
49833,Female,Urban,Bachelor,2L-5L,0,1,4109,More than 1,B,Platinum,101556
63002,Female,Urban,High School,5L-10L,1,6,15310,1,A,Silver,45000
10096,Male,Urban,High School,5L-10L,0,0,2235,1,A,Platinum,48828
13935,Female,Rural,High School,2L-5L,0,2,4708,1,A,Platinum,55452
19570,Male,Urban,High School,5L-10L,1,5,0,More than 1,B,Platinum,62976
9973,Female,Urban,Others,5L-10L,1,6,4674,1,B,Platinum,32436
28364,Female,Urban,Bachelor,5L-10L,1,6,2064,1,A,Platinum,41568
32450,Female,Rural,High School,5L-10L,0,4,2638,More than 1,C,Silver,94284
47966,Female,Urban,Bachelor,5L-10L,1,4,0,More than 1,B,Platinum,74064
37942,Female,Urban,High School,5L-10L,1,7,0,1,B,Platinum,33732
39268,Male,Urban,Others,5L-10L,0,5,4154,1,A,Platinum,52572
17353,Female,Urban,High School,2L-5L,0,3,0,More than 1,A,Silver,101316
40478,Female,Rural,Bachelor,5L-10L,1,6,2813,1,B,Gold,46392
6854,Male,Urban,Bachelor,2L-5L,1,4,3716,1,A,Gold,38040
45648,Male,Urban,Bachelor,More than 10L,1,4,6322,More than 1,A,Gold,92700
79361,Male,Rural,Others,More than 10L,1,2,3635,1,A,Gold,61212
57889,Male,Urban,High School,2L-5L,1,7,7205,1,B,Silver,40488
18386,Male,Urban,Bachelor,5L-10L,1,6,15552,More than 1,A,Silver,101028
84803,Female,Urban,High School,2L-5L,1,7,6816,More than 1,B,Platinum,107700
45772,Male,Rural,Bachelor,2L-5L,1,8,2599,More than 1,B,Gold,67836
73264,Female,Urban,High School,More than 10L,0,5,4116,1,A,Platinum,52296
52187,Female,Rural,Bachelor,More than 10L,1,4,2302,More than 1,A,Silver,74112
72233,Male,Urban,High School,5L-10L,1,7,6220,More than 1,B,Silver,72840
35136,Female,Rural,Bachelor,More than 10L,0,1,0,More than 1,B,Gold,68748
6850,Male,Urban,High School,5L-10L,0,5,5419,1,A,Gold,40944
487,Male,Urban,Bachelor,2L-5L,0,7,0,1,C,Platinum,35568
49298,Female,Rural,High School,2L-5L,0,6,6221,More than 1,C,Silver,103488
24004,Male,Urban,Bachelor,2L-5L,1,8,4457,1,B,Platinum,60660
13267,Female,Urban,Bachelor,5L-10L,1,5,7104,1,A,Platinum,54480
16494,Female,Rural,Bachelor,5L-10L,1,1,0,More than 1,A,Silver,78264
33735,Male,Rural,Bachelor,More than 10L,1,1,0,1,A,Gold,33672
3259,Male,Urban,High School,2L-5L,1,8,4234,More than 1,A,Platinum,65460
29991,Male,Urban,Bachelor,5L-10L,1,7,3813,1,A,Silver,50064
48826,Male,Urban,High School,5L-10L,1,2,3545,More than 1,A,Platinum,98484
4945,Male,Rural,High School,2L-5L,1,2,3472,1,A,Silver,48672
40101,Female,Rural,High School,More than 10L,0,7,2804,More than 1,B,Platinum,70992
49574,Male,Rural,High School,More than 10L,1,1,2165,More than 1,A,Platinum,67140
61528,Male,Urban,High School,More than 10L,1,6,0,1,B,Silver,35844
86519,Male,Urban,Bachelor,2L-5L,0,3,3828,More than 1,A,Platinum,95124
20370,Female,Rural,Bachelor,2L-5L,0,6,0,More than 1,B,Silver,81612
70794,Female,Urban,Bachelor,5L-10L,0,2,3725,More than 1,A,Platinum,104568
26371,Female,Rural,High School,2L-5L,1,0,0,More than 1,A,Platinum,82632
81134,Female,Rural,Bachelor,More than 10L,0,5,4520,1,B,Platinum,42228
77225,Male,Urban,High School,5L-10L,1,1,4242,1,C,Silver,39252
31499,Female,Rural,High School,2L-5L,1,2,6235,More than 1,A,Platinum,67500
87566,Female,Rural,Others,5L-10L,1,4,0,1,C,Gold,53784
84359,Male,Urban,High School,5L-10L,1,6,5219,1,B,Silver,39492
37910,Male,Rural,Bachelor,5L-10L,0,5,0,1,A,Silver,35724
20801,Male,Urban,Bachelor,More than 10L,1,1,5691,1,A,Silver,32304
26873,Male,Urban,Bachelor,2L-5L,0,4,6305,1,A,Gold,44688
5753,Male,Rural,High School,More than 10L,1,6,2262,More than 1,B,Platinum,69216
37067,Male,Rural,Bachelor,5L-10L,0,0,2113,More than 1,A,Gold,94680
65937,Female,Urban,Bachelor,More than 10L,0,4,4673,1,A,Platinum,32892
16044,Male,Rural,High School,More than 10L,1,4,2462,More than 1,C,Platinum,63972
39374,Male,Urban,High School,2L-5L,1,6,8521,More than 1,A,Silver,113124
25571,Female,Rural,High School,5L-10L,0,0,4007,1,A,Gold,55572
72091,Male,Urban,Bachelor,2L-5L,0,0,0,More than 1,B,Gold,72072
41549,Female,Rural,Others,5L-10L,1,5,0,More than 1,B,Silver,96108
73705,Male,Rural,Bachelor,5L-10L,1,4,0,1,B,Platinum,45624
43877,Female,Urban,High School,2L-5L,0,7,9697,More than 1,B,Platinum,107364
65481,Female,Urban,Bachelor,<=2L,1,6,7088,More than 1,C,Platinum,98412
39710,Female,Urban,High School,5L-10L,1,7,3201,More than 1,A,Platinum,91080
20081,Male,Urban,High School,More than 10L,1,7,2463,1,B,Platinum,50268
15211,Female,Rural,Bachelor,5L-10L,0,6,6339,More than 1,A,Gold,57984
87636,Male,Urban,High School,2L-5L,0,8,3814,More than 1,B,Platinum,110628
13895,Female,Urban,High School,2L-5L,1,6,0,More than 1,B,Silver,71076
5063,Male,Rural,High School,5L-10L,1,8,3013,1,A,Platinum,59988
27564,Female,Rural,Bachelor,2L-5L,1,7,2575,More than 1,B,Gold,65424
25959,Female,Urban,Bachelor,5L-10L,1,8,0,1,A,Platinum,51096
50256,Male,Rural,Bachelor,More than 10L,1,8,0,1,A,Gold,62784
37208,Male,Rural,Bachelor,More than 10L,1,6,2154,More than 1,B,Platinum,68052
76429,Female,Urban,Bachelor,5L-10L,0,1,0,1,A,Silver,35388
68937,Male,Urban,Bachelor,More than 10L,0,7,0,1,A,Gold,52464
27229,Male,Urban,High School,5L-10L,1,1,4090,1,A,Platinum,45180
75380,Male,Rural,Bachelor,2L-5L,0,5,9337,More than 1,B,Platinum,102816
76929,Female,Rural,Bachelor,5L-10L,1,5,3205,1,B,Gold,51204
9965,Male,Rural,Bachelor,More than 10L,1,6,0,1,B,Silver,37728
10636,Male,Urban,High School,5L-10L,0,6,5981,1,C,Silver,35628
21169,Male,Urban,Bachelor,More than 10L,0,6,7120,1,B,Silver,62448
72179,Female,Urban,Bachelor,5L-10L,1,5,4132,More than 1,B,Silver,73992
49509,Male,Urban,High School,More than 10L,1,2,3831,1,A,Gold,42372
71328,Male,Urban,Bachelor,5L-10L,1,6,5770,1,A,Gold,33276
48522,Female,Urban,High School,2L-5L,0,7,0,1,B,Gold,32328
71998,Female,Urban,Bachelor,2L-5L,1,1,4354,1,C,Silver,30852
7214,Male,Urban,High School,More than 10L,1,4,5639,More than 1,A,Gold,93648
36539,Male,Urban,High School,5L-10L,1,6,2684,More than 1,A,Platinum,99276
68922,Male,Urban,Bachelor,5L-10L,1,3,5514,1,A,Platinum,37416
50494,Male,Urban,Bachelor,2L-5L,0,7,0,More than 1,B,Platinum,68076
83744,Male,Urban,High School,5L-10L,0,7,5621,1,B,Silver,31116
85195,Female,Urban,Bachelor,5L-10L,0,1,3782,More than 1,A,Platinum,110136
38932,Male,Rural,High School,More than 10L,1,4,0,More than 1,B,Platinum,65208
6896,Female,Urban,High School,5L-10L,1,2,6231,More than 1,A,Platinum,102660
35419,Male,Urban,High School,More than 10L,1,6,5166,1,A,Platinum,33492
17460,Male,Urban,High School,5L-10L,0,2,2514,More than 1,B,Platinum,89820
3191,Male,Urban,Bachelor,2L-5L,1,6,3956,1,A,Silver,44124
52773,Female,Urban,High School,5L-10L,1,5,5192,1,B,Platinum,37644
11540,Male,Urban,High School,5L-10L,0,1,6916,1,A,Platinum,69708
8537,Female,Urban,High School,<=2L,1,5,8425,More than 1,A,Silver,102072
30029,Male,Rural,High School,5L-10L,0,5,4361,1,B,Silver,56280
65558,Male,Urban,High School,2L-5L,1,7,0,More than 1,C,Silver,70524
54155,Female,Rural,High School,5L-10L,0,5,0,1,C,Gold,33108
369,Female,Rural,High School,More than 10L,1,5,6227,1,A,Gold,33144
16449,Male,Rural,Bachelor,5L-10L,1,2,0,More than 1,A,Platinum,84288
76921,Female,Urban,Bachelor,5L-10L,1,3,4233,More than 1,A,Platinum,100008
50722,Male,Rural,Bachelor,5L-10L,1,4,2197,1,B,Silver,41904
83966,Male,Rural,Bachelor,2L-5L,1,2,0,1,A,Platinum,32640
52022,Female,Rural,High School,5L-10L,0,4,8036,More than 1,B,Platinum,91824
80309,Female,Urban,Bachelor,More than 10L,1,6,6736,1,B,Silver,49224
82288,Female,Urban,Bachelor,More than 10L,0,5,8206,More than 1,A,Platinum,105036
47259,Female,Urban,Bachelor,2L-5L,0,7,5638,More than 1,B,Silver,132468
12179,Male,Urban,Bachelor,5L-10L,1,2,0,1,A,Platinum,31164
78007,Male,Urban,Bachelor,More than 10L,1,7,4406,1,C,Silver,34968
21578,Male,Urban,Bachelor,5L-10L,1,2,3866,1,A,Platinum,56880
58704,Male,Urban,High School,2L-5L,0,8,7286,More than 1,A,Silver,101916
64281,Female,Rural,High School,5L-10L,0,6,2386,More than 1,A,Platinum,95028
37680,Male,Urban,Bachelor,2L-5L,0,3,7293,More than 1,A,Platinum,107004
42579,Male,Urban,Bachelor,2L-5L,1,6,5597,1,C,Gold,53208
50183,Female,Rural,High School,5L-10L,1,4,0,More than 1,B,Silver,58644
60927,Female,Urban,Bachelor,2L-5L,1,3,3821,More than 1,A,Silver,88092
30783,Female,Urban,High School,2L-5L,1,3,2522,More than 1,A,Platinum,91932
33761,Female,Rural,Bachelor,5L-10L,1,7,2062,1,B,Silver,50496
66923,Male,Rural,High School,More than 10L,1,3,0,1,B,Platinum,31896
556,Male,Urban,High School,5L-10L,1,2,5925,More than 1,B,Platinum,92496
35864,Female,Rural,Bachelor,5L-10L,1,3,0,1,B,Silver,46752
9931,Male,Rural,High School,5L-10L,1,2,5069,1,B,Platinum,32160
63768,Male,Rural,Bachelor,5L-10L,0,7,0,More than 1,B,Platinum,72840
14707,Female,Rural,High School,More than 10L,1,2,0,More than 1,B,Gold,67692
43075,Male,Urban,Others,2L-5L,1,5,10165,More than 1,A,Platinum,134220
56800,Male,Urban,Bachelor,5L-10L,1,6,2163,1,A,Silver,45564
20366,Female,Urban,Bachelor,2L-5L,0,4,3519,More than 1,C,Gold,91452
29060,Female,Urban,Bachelor,5L-10L,1,4,3569,More than 1,B,Gold,73284
5994,Male,Urban,High School,5L-10L,1,5,5613,More than 1,A,Silver,102912
57481,Female,Urban,High School,5L-10L,0,5,4262,More than 1,A,Gold,94752
56948,Male,Urban,High School,5L-10L,0,4,2059,More than 1,A,Gold,94044
13336,Male,Rural,High School,More than 10L,1,2,6034,1,B,Silver,35052
3514,Female,Urban,High School,5L-10L,1,4,9636,More than 1,C,Platinum,107424
3783,Male,Rural,High School,5L-10L,1,5,4388,1,A,Gold,37596
48038,Female,Urban,Bachelor,5L-10L,1,4,4282,1,A,Platinum,42984
88982,Female,Rural,High School,5L-10L,1,3,4973,1,A,Platinum,32412
4056,Female,Rural,Bachelor,More than 10L,1,2,3035,More than 1,A,Platinum,104772
85740,Female,Rural,Bachelor,More than 10L,0,4,2710,More than 1,B,Silver,77424
25021,Male,Urban,Bachelor,5L-10L,0,3,17079,More than 1,A,Platinum,107628
23770,Female,Rural,Bachelor,5L-10L,1,3,0,More than 1,A,Platinum,66960
1952,Female,Urban,High School,5L-10L,0,4,6635,More than 1,A,Platinum,104712
7911,Female,Urban,High School,2L-5L,1,4,6443,1,A,Platinum,51732
4701,Male,Rural,High School,5L-10L,1,3,2036,1,C,Silver,37212
82984,Female,Urban,High School,5L-10L,0,3,6082,1,A,Platinum,48876
20626,Female,Rural,High School,More than 10L,0,6,0,1,C,Silver,54216
5425,Male,Rural,Bachelor,2L-5L,1,8,0,1,B,Silver,47160
81104,Male,Rural,Bachelor,5L-10L,0,6,3390,More than 1,B,Platinum,65532
74532,Male,Rural,Bachelor,5L-10L,1,5,2058,1,A,Platinum,46428
21360,Male,Rural,Others,More than 10L,0,1,2241,1,A,Gold,49512
48894,Female,Urban,High School,More than 10L,0,5,5708,1,A,Silver,46620
14592,Male,Urban,Bachelor,5L-10L,1,8,2019,1,A,Platinum,33336
55312,Male,Rural,High School,5L-10L,1,7,3853,More than 1,B,Silver,71436
65748,Female,Urban,High School,5L-10L,1,8,10582,1,A,Platinum,65700
34207,Male,Urban,High School,5L-10L,1,3,5031,1,A,Gold,34812
4793,Female,Rural,High School,5L-10L,0,4,5862,1,A,Platinum,44712
2018,Male,Urban,Bachelor,5L-10L,1,0,4304,More than 1,A,Silver,104784
74778,Male,Urban,Bachelor,More than 10L,1,8,3100,More than 1,C,Silver,97476
52128,Female,Rural,Bachelor,More than 10L,1,1,2789,More than 1,B,Silver,73920
17044,Female,Urban,Bachelor,2L-5L,1,5,5473,More than 1,A,Platinum,99084
35508,Male,Urban,High School,5L-10L,1,1,6558,1,A,Platinum,45396
86654,Male,Rural,Bachelor,5L-10L,1,3,5041,More than 1,A,Platinum,95520
74401,Female,Rural,Bachelor,More than 10L,1,7,2034,1,B,Silver,63900
29681,Female,Rural,Bachelor,5L-10L,1,0,0,1,A,Platinum,36528
5189,Male,Urban,High School,5L-10L,1,6,12272,More than 1,C,Silver,160500
18734,Female,Urban,High School,5L-10L,1,5,2076,1,A,Platinum,31428
60664,Female,Urban,High School,5L-10L,1,8,4243,More than 1,A,Gold,81492
35322,Male,Urban,Others,5L-10L,0,6,7082,More than 1,C,Platinum,103716
50716,Female,Urban,High School,5L-10L,1,1,3827,More than 1,C,Silver,95712
80730,Female,Urban,Bachelor,More than 10L,0,8,0,More than 1,A,Gold,109644
40168,Female,Urban,High School,2L-5L,0,0,10159,1,A,Platinum,53016
25346,Male,Urban,High School,5L-10L,0,7,3042,More than 1,A,Platinum,101232
54944,Male,Urban,Bachelor,2L-5L,0,6,10713,1,B,Platinum,58044
47658,Female,Rural,High School,2L-5L,0,2,0,1,C,Platinum,48252
33124,Female,Urban,Others,5L-10L,1,4,0,1,A,Platinum,50220
31664,Female,Rural,Bachelor,2L-5L,0,4,0,More than 1,B,Gold,77412
66746,Female,Rural,Bachelor,5L-10L,0,6,2398,More than 1,B,Gold,63480
20391,Female,Rural,High School,More than 10L,0,7,0,1,B,Platinum,52908
50714,Female,Rural,High School,More than 10L,1,6,5880,1,B,Silver,37932
63249,Female,Rural,High School,5L-10L,1,0,0,More than 1,B,Platinum,65580
27182,Male,Rural,Bachelor,5L-10L,1,3,0,1,A,Platinum,53388
34161,Male,Urban,High School,5L-10L,1,8,6496,1,A,Platinum,57168
12306,Female,Urban,Bachelor,2L-5L,0,7,6299,1,B,Platinum,59664
30989,Female,Urban,Others,2L-5L,1,4,2652,More than 1,A,Platinum,84972
40737,Male,Urban,High School,5L-10L,1,2,0,More than 1,C,Platinum,75948
31827,Male,Rural,High School,5L-10L,0,4,0,1,A,Platinum,36420
9491,Female,Urban,High School,5L-10L,1,4,0,1,B,Silver,60348
35695,Male,Urban,Bachelor,5L-10L,0,3,3779,1,A,Silver,52020
9480,Male,Urban,High School,2L-5L,1,6,4083,1,A,Gold,49536
38446,Male,Rural,High School,More than 10L,1,6,0,More than 1,B,Silver,61104
83770,Female,Urban,High School,More than 10L,0,2,5987,More than 1,A,Platinum,100176
75236,Female,Urban,High School,2L-5L,1,6,4328,1,C,Silver,36396
71806,Male,Urban,High School,5L-10L,0,5,4781,1,A,Gold,33204
40503,Female,Urban,Bachelor,More than 10L,1,5,3382,1,A,Gold,35124
18175,Female,Urban,High School,5L-10L,1,6,5718,1,A,Gold,51084
40098,Male,Rural,High School,5L-10L,1,6,5647,1,B,Platinum,56616
42969,Male,Urban,Bachelor,More than 10L,1,5,6115,1,A,Silver,38604
50282,Male,Urban,Others,2L-5L,0,7,7139,1,B,Platinum,54084
88876,Female,Rural,High School,5L-10L,1,4,0,More than 1,B,Platinum,78336
28719,Male,Rural,Bachelor,5L-10L,1,6,4613,More than 1,A,Gold,99360
30338,Female,Urban,High School,5L-10L,0,3,5707,More than 1,A,Gold,116748
76087,Male,Urban,High School,5L-10L,1,7,3412,More than 1,A,Platinum,94308
86738,Female,Rural,Bachelor,5L-10L,1,2,4227,1,C,Gold,56244
84682,Male,Urban,Bachelor,5L-10L,0,2,5677,More than 1,A,Platinum,111840
29484,Female,Rural,Others,5L-10L,0,1,3598,More than 1,A,Platinum,68136
88310,Male,Urban,Bachelor,5L-10L,0,6,0,1,C,Platinum,51768
87745,Male,Urban,High School,2L-5L,1,4,5467,More than 1,C,Platinum,136140
58900,Male,Urban,Others,5L-10L,0,4,4744,1,A,Platinum,47508
80207,Male,Urban,Bachelor,More than 10L,1,8,3954,More than 1,A,Gold,93984
48271,Female,Rural,High School,5L-10L,0,6,0,More than 1,A,Silver,96108
57706,Male,Urban,High School,2L-5L,1,6,6089,1,A,Silver,47028
27819,Male,Urban,High School,5L-10L,1,8,4490,More than 1,A,Gold,112968
17139,Female,Rural,High School,5L-10L,1,6,2227,More than 1,B,Gold,69564
24364,Male,Rural,High School,5L-10L,0,5,0,1,A,Platinum,44688
46692,Male,Urban,High School,5L-10L,1,5,4365,1,A,Platinum,52416
10932,Male,Rural,Bachelor,5L-10L,0,2,3476,1,A,Silver,45132
67289,Female,Rural,Bachelor,More than 10L,0,3,2645,More than 1,B,Gold,77520
76231,Male,Urban,Bachelor,2L-5L,1,3,2311,More than 1,B,Platinum,117084
87743,Female,Urban,Others,More than 10L,1,7,3889,More than 1,A,Platinum,86184
61555,Male,Urban,High School,5L-10L,1,0,5918,1,A,Platinum,46392
75083,Male,Urban,High School,More than 10L,1,8,3812,More than 1,A,Gold,102576
23351,Male,Rural,Bachelor,5L-10L,0,6,0,1,B,Silver,47640
50388,Female,Urban,Bachelor,More than 10L,1,2,7425,More than 1,A,Silver,107028
88974,Male,Urban,High School,5L-10L,0,7,8742,More than 1,B,Gold,111828
49435,Male,Rural,Bachelor,5L-10L,1,8,3754,More than 1,B,Silver,72660
17949,Female,Rural,High School,More than 10L,1,2,0,1,B,Platinum,31812
58866,Female,Urban,Bachelor,More than 10L,1,8,2115,1,B,Silver,35544
68360,Male,Rural,High School,5L-10L,1,8,5396,1,A,Platinum,52320
43163,Male,Urban,High School,5L-10L,1,8,2774,More than 1,B,Silver,67104
60727,Female,Urban,High School,5L-10L,1,7,10250,More than 1,A,Platinum,105828
66061,Female,Rural,High School,5L-10L,1,1,5184,1,B,Platinum,63312
25524,Male,Urban,Bachelor,5L-10L,1,0,0,1,C,Silver,33648
67839,Male,Rural,Bachelor,More than 10L,1,8,7107,More than 1,A,Gold,94440
44378,Male,Urban,High School,5L-10L,1,0,6261,1,A,Gold,43836
19951,Male,Rural,Others,5L-10L,1,4,2172,More than 1,B,Platinum,63636
74309,Male,Urban,High School,5L-10L,0,7,4315,More than 1,A,Platinum,93708
76479,Female,Urban,Others,5L-10L,1,8,6526,More than 1,B,Platinum,97032
56806,Male,Urban,Bachelor,5L-10L,0,7,4142,1,A,Platinum,38592
62575,Female,Rural,High School,2L-5L,0,3,5601,1,C,Gold,60252
83760,Male,Urban,Bachelor,5L-10L,1,8,3755,1,A,Platinum,41928
13754,Male,Rural,High School,5L-10L,0,5,6810,More than 1,A,Gold,101400
71777,Female,Urban,High School,More than 10L,1,3,0,More than 1,B,Platinum,69096
35188,Female,Urban,High School,5L-10L,0,6,0,More than 1,B,Platinum,67632
77853,Female,Urban,Bachelor,5L-10L,0,2,0,1,A,Platinum,32304
47998,Male,Urban,High School,2L-5L,1,7,3960,More than 1,A,Gold,101472
9590,Male,Urban,High School,2L-5L,0,8,0,1,B,Platinum,32664
62516,Female,Urban,High School,5L-10L,0,6,6272,More than 1,A,Platinum,88752
75516,Female,Urban,High School,2L-5L,1,2,0,More than 1,B,Silver,75468
53998,Female,Urban,High School,5L-10L,1,5,4254,More than 1,A,Platinum,105552
85241,Male,Urban,Bachelor,5L-10L,1,5,0,1,B,Platinum,37056
77512,Male,Urban,Bachelor,More than 10L,1,1,0,1,C,Platinum,35568
25093,Female,Urban,Bachelor,5L-10L,0,7,4005,1,A,Silver,34440
5667,Female,Urban,High School,5L-10L,1,2,6550,1,A,Gold,42672
7436,Female,Rural,High School,5L-10L,0,5,2319,1,C,Platinum,59244
10025,Female,Urban,High School,<=2L,0,7,5080,More than 1,A,Platinum,133308
77995,Male,Urban,High School,2L-5L,0,5,4924,More than 1,A,Platinum,96348
51025,Male,Urban,Bachelor,5L-10L,1,0,5297,1,A,Platinum,35448
54513,Female,Urban,High School,5L-10L,0,4,4087,More than 1,A,Gold,91704
66382,Male,Urban,Bachelor,5L-10L,1,6,6048,1,A,Platinum,46584
42463,Male,Urban,Bachelor,5L-10L,1,7,5957,1,C,Silver,57180
41270,Male,Urban,Bachelor,5L-10L,0,6,3937,More than 1,A,Gold,109584
20806,Female,Urban,Bachelor,<=2L,0,6,5668,1,A,Platinum,43608
52710,Female,Urban,High School,5L-10L,0,4,6764,More than 1,C,Silver,105204
70135,Female,Urban,Others,More than 10L,0,0,4976,More than 1,B,Platinum,95004
14458,Female,Rural,Others,2L-5L,1,1,5139,More than 1,C,Silver,86832
13181,Male,Urban,High School,5L-10L,1,6,2597,More than 1,A,Platinum,93444
80281,Male,Rural,Others,5L-10L,1,6,4677,More than 1,A,Gold,92952
88267,Male,Urban,Bachelor,5L-10L,1,1,5105,1,C,Silver,33576
35209,Female,Rural,Others,5L-10L,1,7,0,More than 1,A,Gold,65328
65440,Female,Urban,High School,5L-10L,0,7,3135,1,B,Gold,51540
64342,Male,Urban,Bachelor,5L-10L,0,4,7083,More than 1,A,Platinum,98772
65172,Female,Rural,Bachelor,More than 10L,1,8,0,More than 1,B,Gold,75564
49571,Male,Rural,High School,5L-10L,0,6,9673,More than 1,B,Platinum,101016
42908,Female,Urban,Bachelor,5L-10L,0,4,5200,1,C,Gold,32136
21121,Male,Rural,High School,5L-10L,0,7,0,1,A,Gold,34512
59306,Female,Urban,Others,5L-10L,0,5,5980,More than 1,B,Silver,78480
19160,Female,Rural,Bachelor,5L-10L,0,5,6700,1,B,Platinum,50148
65221,Male,Rural,High School,5L-10L,1,1,0,1,A,Gold,30720
26129,Male,Urban,High School,2L-5L,1,5,6795,More than 1,B,Platinum,103800
10749,Male,Rural,High School,5L-10L,0,7,2424,More than 1,B,Platinum,68568
44355,Male,Rural,Bachelor,5L-10L,0,1,0,1,B,Gold,50388
21396,Male,Rural,High School,5L-10L,1,8,3857,More than 1,B,Platinum,67356
74711,Male,Urban,High School,More than 10L,1,7,0,1,B,Platinum,31800
55391,Male,Rural,High School,5L-10L,0,4,0,1,A,Platinum,36384
39133,Female,Rural,Bachelor,5L-10L,0,7,0,1,A,Gold,47292
43828,Female,Rural,Bachelor,More than 10L,1,8,2264,More than 1,B,Gold,77100
35295,Female,Urban,Bachelor,More than 10L,1,8,7170,More than 1,A,Platinum,98076
1169,Female,Urban,High School,2L-5L,0,2,3007,More than 1,A,Silver,101472
24661,Male,Rural,Bachelor,5L-10L,0,1,0,1,A,Silver,43944
72108,Male,Urban,High School,5L-10L,1,3,6571,1,A,Silver,37032
57389,Female,Urban,Bachelor,5L-10L,1,1,0,1,C,Platinum,33312
59343,Male,Urban,Bachelor,5L-10L,1,4,5019,1,A,Gold,42336
47632,Female,Urban,Bachelor,2L-5L,1,7,4897,1,B,Silver,32628
55964,Female,Urban,High School,2L-5L,0,5,11235,More than 1,A,Silver,101256
43159,Female,Urban,Bachelor,2L-5L,0,5,3072,More than 1,B,Platinum,109464
44981,Male,Urban,Bachelor,5L-10L,1,5,6706,1,C,Platinum,54624
3492,Female,Rural,Bachelor,5L-10L,1,1,0,More than 1,C,Platinum,94332
15824,Male,Urban,High School,5L-10L,1,6,5441,1,C,Silver,30696
74161,Male,Urban,High School,5L-10L,0,3,5065,1,A,Gold,35736
80731,Male,Rural,Others,5L-10L,1,6,0,1,B,Silver,42024
74500,Female,Rural,Bachelor,2L-5L,0,6,6197,More than 1,B,Platinum,96864
42293,Male,Rural,Bachelor,5L-10L,1,4,0,1,A,Gold,32328
3682,Female,Rural,Bachelor,More than 10L,1,6,0,More than 1,B,Silver,58704
69203,Female,Urban,Bachelor,5L-10L,1,6,3081,More than 1,A,Platinum,98304
2638,Female,Rural,Bachelor,More than 10L,1,3,0,More than 1,B,Platinum,64272
66544,Male,Rural,High School,5L-10L,0,8,3126,More than 1,A,Platinum,95232
56117,Female,Urban,High School,2L-5L,1,5,8002,1,C,Silver,64500
27201,Male,Rural,Bachelor,More than 10L,1,4,0,1,A,Silver,36792
17144,Female,Urban,High School,2L-5L,0,6,4575,1,A,Silver,47988
2893,Male,Urban,High School,5L-10L,1,7,4557,1,A,Silver,36108
87909,Male,Urban,Bachelor,More than 10L,1,5,0,More than 1,A,Platinum,94164
75149,Female,Rural,High School,5L-10L,0,7,2321,1,B,Silver,40632
24905,Male,Urban,High School,2L-5L,1,0,6145,More than 1,B,Platinum,101412
13516,Male,Urban,Bachelor,5L-10L,1,6,3641,More than 1,B,Platinum,90888
47802,Male,Urban,High School,2L-5L,0,3,6437,More than 1,B,Platinum,97056
68200,Male,Urban,Bachelor,2L-5L,0,0,5827,1,B,Silver,53148
25939,Male,Urban,Bachelor,5L-10L,0,5,6175,1,A,Platinum,35580
27830,Female,Urban,Bachelor,2L-5L,0,1,4135,More than 1,A,Platinum,96444
87432,Male,Rural,High School,5L-10L,0,5,2955,More than 1,B,Platinum,69036
50718,Male,Urban,Bachelor,More than 10L,1,7,6203,1,A,Silver,36360
40702,Female,Urban,High School,More than 10L,0,5,6626,1,A,Platinum,34668
87997,Female,Rural,Others,2L-5L,0,7,0,1,A,Silver,57012
46826,Male,Urban,Bachelor,2L-5L,1,5,5220,More than 1,A,Silver,99360
38730,Female,Urban,Bachelor,More than 10L,0,6,3835,More than 1,A,Platinum,110604
77910,Male,Urban,Others,2L-5L,0,5,6049,1,A,Platinum,36444
9046,Female,Rural,High School,5L-10L,1,8,0,More than 1,A,Platinum,70404
58096,Male,Urban,Bachelor,5L-10L,1,5,6335,1,A,Gold,50424
29141,Male,Rural,Bachelor,More than 10L,0,7,0,More than 1,B,Gold,63576
67082,Male,Rural,Bachelor,5L-10L,0,8,3168,More than 1,B,Gold,68652
1675,Male,Urban,Bachelor,5L-10L,1,2,0,More than 1,B,Gold,57516
16122,Male,Rural,Bachelor,5L-10L,1,7,2573,More than 1,A,Platinum,64164
60242,Female,Urban,High School,5L-10L,0,3,6179,1,A,Gold,53208
28886,Female,Urban,Bachelor,2L-5L,0,7,5219,1,A,Silver,31896
20225,Female,Rural,High School,5L-10L,1,6,0,1,B,Platinum,47124
77535,Male,Urban,High School,2L-5L,1,7,4862,1,B,Silver,35676
72202,Male,Rural,Bachelor,5L-10L,0,2,0,1,B,Platinum,33732
10359,Male,Rural,High School,More than 10L,1,2,4079,More than 1,A,Platinum,95664
17200,Female,Rural,High School,5L-10L,1,7,2292,More than 1,B,Platinum,75204
45179,Female,Urban,High School,<=2L,0,1,3884,More than 1,A,Silver,108888
20660,Male,Rural,High School,More than 10L,1,1,0,1,A,Platinum,35928
85002,Female,Urban,High School,More than 10L,1,2,0,1,A,Gold,32556
39042,Female,Urban,High School,5L-10L,1,6,3236,1,A,Platinum,52464
5500,Female,Rural,Bachelor,5L-10L,1,1,0,1,C,Platinum,51564
42920,Male,Rural,High School,More than 10L,1,6,3868,1,A,Platinum,55752
72604,Male,Urban,High School,2L-5L,0,4,5768,1,C,Gold,30780
15117,Female,Rural,High School,2L-5L,0,5,4070,1,C,Silver,50208
49550,Male,Urban,Bachelor,More than 10L,1,8,2860,More than 1,B,Platinum,75456
51659,Male,Urban,High School,5L-10L,0,4,7221,1,A,Gold,62844
71092,Female,Urban,High School,5L-10L,0,4,6908,1,A,Gold,63168
52345,Male,Urban,High School,More than 10L,0,6,3639,More than 1,A,Platinum,102696
79184,Male,Urban,High School,<=2L,0,7,5895,1,A,Silver,46044
4583,Male,Urban,High School,2L-5L,0,6,11201,More than 1,B,Platinum,99624
10682,Male,Urban,High School,5L-10L,0,7,0,1,B,Silver,50592
88026,Male,Rural,Bachelor,5L-10L,0,1,0,1,B,Platinum,42672
9345,Male,Urban,High School,5L-10L,1,0,4560,1,B,Silver,61020
38763,Female,Rural,Bachelor,5L-10L,1,6,2167,1,A,Silver,51552
15793,Female,Rural,Bachelor,5L-10L,1,6,0,More than 1,B,Gold,68856
80410,Male,Rural,Bachelor,5L-10L,1,1,2416,More than 1,B,Silver,71928
26871,Female,Urban,Bachelor,More than 10L,0,5,2042,More than 1,A,Platinum,99012
32364,Female,Urban,High School,5L-10L,0,4,5165,More than 1,A,Silver,102444
73592,Male,Urban,Bachelor,5L-10L,0,6,0,1,B,Platinum,31752
23890,Female,Urban,High School,5L-10L,0,5,3914,More than 1,B,Silver,74400
23346,Female,Rural,High School,2L-5L,0,6,3107,More than 1,B,Platinum,62796
19268,Male,Urban,Bachelor,5L-10L,1,0,5357,1,A,Silver,34872
27161,Male,Urban,High School,2L-5L,0,7,3711,More than 1,C,Platinum,116316
20978,Female,Urban,High School,5L-10L,1,8,4060,1,A,Platinum,45348
12862,Female,Rural,High School,5L-10L,0,3,2140,1,C,Platinum,34776
60943,Female,Urban,High School,5L-10L,0,0,3494,More than 1,A,Platinum,105924
14272,Female,Rural,Bachelor,5L-10L,0,6,2749,More than 1,B,Silver,71940
89036,Male,Rural,Bachelor,5L-10L,0,5,0,More than 1,B,Platinum,62196
10314,Female,Urban,Bachelor,2L-5L,1,3,5926,More than 1,B,Platinum,89448
35334,Female,Rural,Bachelor,5L-10L,1,4,0,More than 1,C,Gold,86508
76291,Male,Urban,Bachelor,5L-10L,1,5,0,More than 1,B,Silver,65700
63657,Male,Rural,Others,5L-10L,1,3,0,1,C,Platinum,34752
5530,Male,Urban,High School,5L-10L,1,6,0,More than 1,A,Silver,91080
70935,Male,Urban,High School,2L-5L,0,5,5823,More than 1,A,Platinum,106236
57234,Female,Rural,Bachelor,More than 10L,1,5,0,1,B,Platinum,44712
86517,Female,Urban,High School,5L-10L,1,7,2880,More than 1,A,Silver,63396
49590,Female,Rural,High School,2L-5L,1,7,2296,1,B,Silver,36996
24701,Female,Rural,Bachelor,2L-5L,1,1,0,More than 1,A,Platinum,109296
9197,Male,Urban,Bachelor,5L-10L,1,2,4214,More than 1,A,Silver,98880
23066,Male,Rural,High School,More than 10L,1,7,3266,1,A,Gold,36048
26533,Female,Rural,Bachelor,5L-10L,1,8,2321,1,A,Silver,30012
64385,Male,Rural,Bachelor,More than 10L,0,8,4512,More than 1,B,Platinum,63084
81464,Male,Rural,Bachelor,5L-10L,1,6,0,1,C,Gold,36420
28611,Male,Rural,Bachelor,5L-10L,1,6,3425,1,A,Silver,45684
72105,Male,Urban,High School,2L-5L,1,4,0,1,B,Silver,34224
73532,Male,Urban,High School,5L-10L,1,5,0,1,A,Gold,32976
44463,Male,Urban,High School,5L-10L,1,5,6145,1,B,Silver,35076
29512,Female,Rural,High School,5L-10L,1,5,0,1,C,Platinum,33456
62875,Male,Rural,High School,More than 10L,0,7,4024,1,A,Gold,41628
37334,Female,Urban,Others,More than 10L,1,4,5349,1,A,Gold,37668
2810,Female,Urban,Bachelor,More than 10L,1,1,3162,More than 1,A,Gold,92808
229,Male,Urban,High School,2L-5L,1,6,7782,1,A,Platinum,55476
84428,Male,Urban,High School,5L-10L,1,2,3864,More than 1,C,Silver,65016
71538,Female,Rural,High School,More than 10L,1,8,0,1,B,Platinum,33444
28900,Female,Urban,High School,2L-5L,1,6,5130,1,A,Platinum,33228
10401,Female,Urban,Bachelor,2L-5L,1,4,5715,1,C,Platinum,50232
34475,Male,Rural,Others,More than 10L,0,3,9952,More than 1,B,Silver,104388
56598,Male,Urban,High School,5L-10L,1,6,5235,1,B,Gold,41676
49113,Male,Urban,High School,5L-10L,0,1,5770,1,C,Platinum,34236
76369,Female,Rural,High School,5L-10L,1,8,2787,More than 1,A,Platinum,88536
9131,Male,Urban,High School,5L-10L,0,2,5445,1,B,Silver,33720
64605,Female,Rural,High School,5L-10L,0,0,0,More than 1,A,Gold,65064
31106,Male,Rural,Bachelor,5L-10L,0,1,2472,1,A,Platinum,48204
21030,Male,Urban,High School,5L-10L,1,7,6086,1,B,Silver,38532
3776,Male,Urban,High School,2L-5L,0,8,4742,More than 1,A,Platinum,99756
16375,Male,Urban,High School,5L-10L,1,0,6185,More than 1,A,Platinum,97188
15582,Male,Urban,High School,5L-10L,1,5,2014,1,A,Silver,30396
47663,Male,Rural,Bachelor,2L-5L,1,4,0,1,B,Silver,49824
74418,Female,Urban,High School,5L-10L,0,6,5063,More than 1,A,Gold,95352
52950,Male,Urban,High School,More than 10L,1,0,6031,More than 1,A,Platinum,122736
84103,Female,Rural,High School,More than 10L,1,6,0,More than 1,A,Platinum,71388
6222,Male,Urban,High School,5L-10L,1,4,2158,1,A,Silver,31368
85233,Female,Urban,Bachelor,5L-10L,0,5,8987,More than 1,B,Silver,98064
76107,Female,Rural,Bachelor,2L-5L,1,6,2557,More than 1,B,Platinum,73704
28351,Female,Rural,High School,More than 10L,0,7,4163,More than 1,A,Silver,98856
83088,Female,Urban,Bachelor,5L-10L,0,6,2972,1,A,Platinum,50052
25792,Male,Rural,High School,5L-10L,1,4,2788,More than 1,B,Platinum,66672
732,Female,Rural,High School,5L-10L,1,3,0,1,A,Silver,32496
76647,Male,Urban,Bachelor,5L-10L,1,8,2514,More than 1,B,Platinum,70968
61085,Female,Rural,Bachelor,5L-10L,0,8,0,1,B,Silver,56952
17175,Male,Rural,High School,5L-10L,1,6,5054,1,B,Platinum,34068
27778,Male,Urban,High School,2L-5L,1,6,5236,1,B,Gold,39168
16933,Female,Urban,High School,2L-5L,1,5,5263,1,A,Silver,32100
58532,Female,Rural,Bachelor,5L-10L,1,7,7525,More than 1,A,Platinum,107724
59659,Male,Rural,Bachelor,More than 10L,1,7,2980,1,B,Platinum,52968
9874,Male,Urban,High School,5L-10L,1,1,7204,More than 1,B,Silver,98988
49631,Female,Urban,High School,2L-5L,1,5,6736,1,A,Silver,60240
40582,Male,Rural,Bachelor,5L-10L,0,4,6590,More than 1,A,Gold,100848
27465,Male,Rural,High School,More than 10L,1,8,2578,More than 1,B,Silver,68712
7350,Female,Urban,Bachelor,<=2L,1,5,4407,More than 1,C,Gold,114288
50211,Female,Rural,Bachelor,5L-10L,1,0,6161,More than 1,C,Platinum,105300
29864,Male,Urban,Bachelor,5L-10L,1,4,5848,1,A,Platinum,49344
902,Female,Rural,High School,5L-10L,1,5,3769,1,C,Gold,58332
74025,Male,Rural,High School,5L-10L,1,1,0,1,A,Platinum,37368
30233,Female,Urban,Bachelor,More than 10L,1,1,7400,1,A,Platinum,33336
6773,Female,Urban,High School,5L-10L,1,6,10206,1,A,Platinum,53784
85807,Male,Rural,Bachelor,5L-10L,1,0,0,1,A,Gold,36528
46512,Female,Urban,Bachelor,5L-10L,0,2,5291,More than 1,B,Silver,106572
21399,Male,Rural,Others,More than 10L,0,7,0,More than 1,A,Gold,94908
1376,Female,Urban,Bachelor,2L-5L,0,6,3831,More than 1,A,Platinum,105120
4759,Female,Rural,High School,More than 10L,1,6,3786,More than 1,B,Platinum,79032
8877,Male,Rural,Bachelor,More than 10L,1,8,3272,More than 1,A,Platinum,69144
20924,Female,Rural,Bachelor,More than 10L,0,7,0,More than 1,B,Silver,64356
41980,Male,Urban,High School,2L-5L,0,5,3774,More than 1,C,Platinum,104232
83287,Female,Urban,Bachelor,5L-10L,0,4,4148,More than 1,A,Platinum,112068
19024,Male,Rural,High School,5L-10L,0,7,3283,More than 1,A,Platinum,48648
52350,Female,Urban,Others,<=2L,0,6,7485,More than 1,B,Gold,100332
28380,Male,Rural,Bachelor,2L-5L,1,7,0,More than 1,B,Platinum,68592
43241,Male,Rural,Bachelor,More than 10L,1,8,2976,More than 1,A,Platinum,96108
38197,Male,Urban,Bachelor,5L-10L,1,7,6672,More than 1,A,Silver,94044
9191,Male,Urban,Bachelor,5L-10L,0,5,5604,1,A,Silver,35712
70220,Male,Rural,High School,5L-10L,1,8,2380,1,A,Platinum,33876
45204,Female,Rural,High School,More than 10L,1,5,3894,More than 1,A,Silver,96684
78292,Female,Urban,Bachelor,5L-10L,0,0,0,More than 1,A,Platinum,150540
30952,Male,Rural,Bachelor,5L-10L,0,2,2215,1,B,Platinum,41856
79855,Female,Urban,Bachelor,5L-10L,1,4,0,1,A,Silver,51144
50384,Female,Rural,Bachelor,2L-5L,1,2,0,More than 1,A,Platinum,108828
53474,Female,Urban,High School,2L-5L,1,1,6305,More than 1,A,Platinum,91716
67599,Male,Rural,High School,5L-10L,1,6,4076,1,C,Silver,53220
6471,Male,Rural,High School,5L-10L,1,4,0,More than 1,A,Silver,66168
72014,Male,Rural,Bachelor,5L-10L,0,4,3412,More than 1,A,Platinum,95808
82477,Male,Urban,Others,5L-10L,1,8,4044,1,C,Gold,39384
8532,Male,Urban,High School,5L-10L,1,2,5758,More than 1,A,Platinum,101760
20471,Female,Urban,High School,5L-10L,1,1,5394,1,C,Silver,34872
5516,Male,Urban,High School,5L-10L,0,5,3702,1,A,Platinum,47952
80847,Male,Rural,Bachelor,2L-5L,1,7,3389,More than 1,B,Gold,71520
51323,Male,Rural,High School,5L-10L,1,5,11374,1,A,Platinum,50736
77607,Female,Urban,High School,5L-10L,0,5,3919,More than 1,B,Gold,80172
72096,Male,Urban,Bachelor,More than 10L,0,0,5218,1,A,Silver,37632
75319,Female,Urban,Bachelor,2L-5L,1,7,5688,1,A,Silver,28548
84347,Male,Rural,High School,5L-10L,0,8,4301,More than 1,A,Platinum,90036
81503,Male,Urban,High School,5L-10L,1,2,4298,More than 1,A,Platinum,103788
58503,Male,Rural,High School,5L-10L,0,6,3805,1,B,Platinum,47892
18691,Male,Urban,High School,2L-5L,0,7,5301,1,A,Platinum,32544
16556,Male,Rural,Bachelor,More than 10L,0,3,0,1,A,Platinum,29328
44149,Male,Rural,Others,5L-10L,1,8,5740,1,A,Platinum,44580
7355,Male,Rural,High School,More than 10L,0,7,0,More than 1,B,Platinum,69180
11619,Male,Rural,Bachelor,2L-5L,0,5,0,1,B,Platinum,43752
508,Female,Urban,Bachelor,2L-5L,0,4,9321,1,A,Gold,60576
12243,Female,Rural,Bachelor,5L-10L,1,5,4786,More than 1,B,Silver,87684
56810,Male,Urban,High School,5L-10L,0,6,4731,1,A,Silver,29232
14415,Female,Urban,High School,2L-5L,1,2,9224,More than 1,C,Platinum,143664
78544,Male,Urban,Others,5L-10L,1,4,3642,1,C,Platinum,53844
60355,Female,Urban,Others,<=2L,1,2,3737,More than 1,A,Gold,62652
38368,Female,Rural,High School,5L-10L,0,4,2797,More than 1,A,Platinum,101508
9291,Male,Urban,High School,5L-10L,0,3,3907,1,A,Gold,45312
86620,Female,Urban,Bachelor,5L-10L,1,3,0,1,A,Platinum,31464
79080,Female,Urban,High School,5L-10L,1,6,5176,1,A,Silver,32124
81419,Male,Urban,High School,5L-10L,0,1,3226,More than 1,A,Platinum,99960
75987,Female,Urban,High School,5L-10L,0,3,5507,1,A,Gold,32424
83565,Female,Rural,Others,2L-5L,1,6,0,1,B,Silver,32460
5595,Female,Rural,High School,5L-10L,0,7,2947,More than 1,B,Platinum,57276
64428,Female,Rural,Bachelor,5L-10L,1,1,2065,1,B,Platinum,35556
16710,Female,Rural,High School,2L-5L,1,8,0,More than 1,B,Platinum,71424
43299,Male,Urban,High School,5L-10L,1,5,13025,More than 1,C,Platinum,161148
87452,Male,Rural,Bachelor,5L-10L,0,0,0,More than 1,B,Platinum,62868
30006,Male,Urban,High School,More than 10L,0,4,4521,More than 1,A,Platinum,90108
72685,Male,Rural,High School,More than 10L,1,8,2343,1,C,Gold,41700
34783,Male,Urban,High School,5L-10L,0,6,5869,1,A,Platinum,35868
9616,Male,Rural,Bachelor,More than 10L,0,7,0,1,B,Platinum,41856
19054,Male,Rural,High School,More than 10L,1,2,10329,More than 1,A,Silver,110544
27237,Female,Rural,Others,2L-5L,0,3,5578,1,A,Silver,35220
62009,Male,Urban,High School,5L-10L,0,6,4690,1,A,Silver,34020
63478,Male,Urban,Bachelor,5L-10L,0,1,2076,1,A,Silver,34188
69346,Female,Rural,High School,5L-10L,0,3,0,1,C,Platinum,33384
21068,Female,Rural,Bachelor,5L-10L,1,0,0,More than 1,B,Platinum,67356
43170,Male,Rural,High School,5L-10L,1,6,5334,1,A,Gold,33288
59755,Male,Urban,Bachelor,5L-10L,1,5,5216,1,A,Gold,32784
67614,Male,Urban,High School,5L-10L,0,7,5270,1,A,Gold,32820
7136,Male,Urban,High School,2L-5L,1,4,5454,1,B,Silver,31620
44911,Male,Urban,High School,5L-10L,1,8,5943,1,A,Platinum,61212
52551,Male,Rural,High School,More than 10L,0,1,0,More than 1,A,Platinum,58356
1162,Male,Urban,Others,2L-5L,1,5,6024,1,B,Platinum,38160
54461,Male,Rural,High School,More than 10L,0,4,0,1,A,Platinum,32124
10069,Female,Urban,Bachelor,2L-5L,0,4,21517,More than 1,A,Gold,74316
46687,Male,Urban,Bachelor,5L-10L,0,5,0,More than 1,B,Gold,152964
39561,Male,Rural,High School,5L-10L,1,1,2837,More than 1,B,Platinum,59388
26554,Male,Urban,High School,5L-10L,1,3,5272,1,A,Platinum,34152
84861,Female,Urban,High School,<=2L,1,7,6089,More than 1,A,Silver,105936
83794,Male,Rural,Others,5L-10L,1,5,0,1,B,Platinum,38652
83232,Male,Urban,High School,5L-10L,0,8,7011,1,C,Gold,61716
39877,Male,Rural,Bachelor,More than 10L,0,1,0,1,B,Silver,55176
4927,Male,Urban,High School,5L-10L,1,4,6802,1,A,Platinum,54504
79508,Female,Rural,High School,More than 10L,0,1,0,1,A,Gold,36888
68380,Male,Urban,High School,2L-5L,0,3,5876,1,A,Silver,32988
61693,Female,Rural,Bachelor,5L-10L,1,6,0,More than 1,B,Silver,74880
46143,Female,Rural,High School,5L-10L,1,7,0,1,A,Silver,49044
5878,Female,Rural,High School,5L-10L,1,0,4473,1,A,Platinum,55008
25554,Female,Urban,Bachelor,2L-5L,0,8,5649,1,A,Silver,44244
47948,Male,Rural,Bachelor,More than 10L,0,8,0,1,A,Silver,52128
39170,Male,Urban,High School,5L-10L,1,5,5624,1,A,Gold,35364
35700,Female,Urban,Bachelor,5L-10L,1,2,0,1,B,Platinum,37236
59808,Male,Urban,Bachelor,More than 10L,1,3,0,1,B,Gold,28836
79236,Female,Rural,Others,More than 10L,1,3,0,1,B,Silver,32508
70443,Male,Rural,High School,5L-10L,1,4,0,More than 1,A,Silver,71004
19602,Female,Urban,Others,5L-10L,1,7,4895,1,A,Platinum,28968
27878,Male,Urban,High School,2L-5L,1,6,10203,More than 1,C,Platinum,172020
36967,Female,Rural,Others,More than 10L,0,0,0,1,B,Platinum,32208
4828,Female,Urban,High School,5L-10L,0,6,6210,More than 1,A,Platinum,97992
47102,Female,Urban,Others,5L-10L,0,5,8416,More than 1,A,Silver,109560
37953,Male,Urban,High School,5L-10L,1,7,4380,More than 1,A,Gold,91788
40864,Male,Urban,Bachelor,5L-10L,0,2,13093,More than 1,A,Platinum,92664
7567,Female,Rural,Bachelor,More than 10L,1,0,0,More than 1,B,Platinum,72528
29228,Male,Rural,Others,2L-5L,1,2,0,More than 1,B,Platinum,52416
5369,Female,Urban,Bachelor,5L-10L,0,3,3699,More than 1,C,Gold,99408
72046,Female,Urban,High School,2L-5L,0,5,7294,More than 1,A,Platinum,121260
83949,Female,Urban,Others,More than 10L,1,8,0,1,B,Silver,48720
34218,Female,Urban,Bachelor,5L-10L,1,5,0,More than 1,B,Silver,133272
54711,Female,Urban,Others,<=2L,0,5,6434,1,A,Silver,64764
1588,Female,Rural,High School,5L-10L,0,7,4078,More than 1,B,Silver,97320
39455,Male,Urban,Bachelor,5L-10L,1,7,15451,More than 1,B,Platinum,109560
2867,Female,Urban,Bachelor,5L-10L,0,6,0,More than 1,B,Platinum,71304
7348,Female,Rural,Others,More than 10L,1,6,0,1,B,Silver,31608
57536,Male,Urban,High School,5L-10L,1,7,2459,More than 1,A,Silver,91272
28821,Male,Rural,Others,5L-10L,0,1,0,1,A,Platinum,31716
10704,Male,Rural,Bachelor,More than 10L,1,6,3926,More than 1,A,Platinum,87420
44042,Male,Urban,High School,2L-5L,0,5,5792,1,B,Gold,32616
55806,Male,Rural,Bachelor,More than 10L,0,8,3105,1,B,Platinum,51480
76525,Male,Rural,Bachelor,5L-10L,1,5,2350,More than 1,C,Silver,95340
61577,Female,Rural,High School,5L-10L,0,6,0,1,C,Platinum,36456
79867,Male,Urban,Bachelor,More than 10L,1,4,5829,1,A,Platinum,30240
27324,Male,Urban,Bachelor,2L-5L,1,4,5183,More than 1,A,Gold,114744
308,Male,Urban,Bachelor,5L-10L,1,7,6908,More than 1,A,Platinum,89652
51258,Male,Rural,High School,2L-5L,1,1,2757,1,B,Gold,54456
85869,Male,Rural,Bachelor,5L-10L,0,3,2313,1,A,Silver,47952
10235,Male,Urban,High School,5L-10L,0,8,7052,1,A,Silver,48432
65728,Male,Rural,Bachelor,5L-10L,1,6,2231,1,B,Platinum,55464
57768,Male,Urban,Bachelor,2L-5L,1,2,12251,1,B,Gold,67752
16062,Male,Urban,Bachelor,2L-5L,1,3,4426,More than 1,B,Platinum,108744
18075,Male,Urban,High School,5L-10L,0,8,4111,1,C,Platinum,57648
57416,Female,Rural,Others,5L-10L,1,6,0,1,A,Platinum,46896
78841,Female,Urban,Bachelor,5L-10L,0,5,3377,More than 1,B,Silver,95916
63628,Male,Urban,High School,5L-10L,0,4,6665,1,A,Silver,49704
35555,Female,Urban,Bachelor,2L-5L,1,2,5321,1,C,Platinum,29508
74796,Female,Urban,Bachelor,5L-10L,1,4,3882,More than 1,B,Gold,95280
52496,Female,Urban,High School,5L-10L,1,1,0,1,C,Platinum,34428
71129,Female,Rural,High School,5L-10L,1,4,0,More than 1,B,Platinum,80124
45537,Male,Urban,High School,2L-5L,0,8,0,More than 1,A,Gold,109320
337,Male,Rural,Bachelor,More than 10L,0,8,0,More than 1,B,Gold,59964
49501,Female,Rural,Bachelor,5L-10L,0,3,0,More than 1,A,Silver,110628
72780,Female,Urban,Bachelor,2L-5L,1,3,4677,1,A,Silver,35724
8598,Female,Urban,High School,5L-10L,0,2,2386,More than 1,B,Silver,97116
6902,Male,Rural,High School,5L-10L,0,1,0,1,A,Platinum,31452
54723,Female,Urban,High School,5L-10L,0,7,7499,1,B,Platinum,64164
81973,Male,Urban,High School,5L-10L,1,6,7167,More than 1,A,Platinum,103416
1631,Male,Rural,Bachelor,5L-10L,1,1,0,1,B,Platinum,47904
13901,Female,Urban,Bachelor,5L-10L,0,1,6542,More than 1,A,Platinum,99336
35304,Male,Urban,High School,2L-5L,1,4,4032,More than 1,A,Platinum,92568
59175,Male,Rural,High School,5L-10L,1,5,0,1,C,Gold,32184
14032,Female,Urban,High School,5L-10L,0,1,6373,1,A,Gold,52620
70745,Male,Rural,High School,5L-10L,1,4,0,1,C,Platinum,33588
25567,Female,Urban,Bachelor,2L-5L,1,3,2549,More than 1,B,Platinum,74796
79676,Female,Urban,Bachelor,5L-10L,0,4,11598,More than 1,A,Silver,107820
18815,Male,Urban,High School,5L-10L,1,5,2309,1,A,Platinum,36372
82570,Male,Rural,Bachelor,5L-10L,1,5,0,1,A,Platinum,41664
46173,Female,Rural,High School,5L-10L,0,6,2618,More than 1,A,Platinum,101304
79656,Female,Urban,High School,More than 10L,0,5,0,1,B,Platinum,35808
78769,Female,Rural,Others,5L-10L,1,6,0,1,A,Silver,42768
9077,Female,Urban,High School,5L-10L,0,6,5574,1,A,Platinum,47496
52447,Male,Rural,Bachelor,More than 10L,1,4,7063,1,A,Platinum,59652
3328,Male,Urban,High School,More than 10L,0,1,2617,More than 1,A,Gold,94392
82896,Female,Urban,High School,2L-5L,1,2,4103,1,A,Gold,46404
39351,Male,Urban,High School,5L-10L,1,7,2599,1,A,Gold,53304
51540,Male,Rural,Others,5L-10L,0,6,3479,More than 1,A,Platinum,95496
53028,Female,Rural,Bachelor,More than 10L,1,4,0,More than 1,A,Gold,100608
3256,Male,Urban,Bachelor,More than 10L,1,4,10393,1,B,Silver,61992
68227,Male,Rural,Others,5L-10L,1,2,2617,More than 1,A,Platinum,72216
4628,Female,Urban,High School,5L-10L,1,7,4065,More than 1,C,Silver,114900
86169,Male,Urban,High School,5L-10L,1,6,2843,1,A,Platinum,52776
23471,Male,Rural,Others,5L-10L,1,2,6455,More than 1,B,Gold,77772
39105,Male,Urban,High School,More than 10L,0,6,3450,More than 1,A,Silver,95664
36183,Female,Urban,High School,2L-5L,1,6,8696,1,A,Gold,43296
14027,Female,Rural,Others,5L-10L,1,8,0,1,B,Silver,39792
52692,Male,Urban,High School,2L-5L,1,6,3942,More than 1,A,Gold,89820
5233,Male,Urban,Bachelor,2L-5L,0,6,2294,1,B,Silver,61380
30258,Male,Rural,High School,5L-10L,1,3,2761,More than 1,A,Platinum,68184
5742,Male,Urban,High School,5L-10L,0,3,4555,1,A,Platinum,50640
33419,Male,Urban,High School,5L-10L,0,5,2682,More than 1,C,Platinum,103860
56985,Female,Urban,Bachelor,5L-10L,1,8,0,1,B,Silver,38280
71197,Male,Urban,High School,5L-10L,1,5,6510,1,A,Platinum,47844
76313,Female,Urban,High School,5L-10L,1,8,6045,More than 1,A,Platinum,98376
32934,Male,Rural,Others,5L-10L,0,6,0,1,B,Silver,31008
25526,Male,Rural,High School,5L-10L,1,5,4018,1,A,Platinum,47676
84749,Male,Rural,High School,5L-10L,1,7,2416,1,B,Silver,46368
46755,Female,Urban,Others,2L-5L,0,0,2746,More than 1,A,Gold,99756
37229,Male,Rural,Bachelor,2L-5L,0,8,2186,1,B,Silver,54456
50358,Male,Rural,Bachelor,5L-10L,1,8,2296,1,A,Platinum,37284
35960,Male,Rural,High School,5L-10L,0,4,2167,1,C,Platinum,52476
51878,Female,Rural,High School,More than 10L,0,7,0,1,A,Gold,33084
52954,Female,Urban,High School,More than 10L,0,1,4460,More than 1,A,Gold,101352
27217,Male,Urban,Bachelor,2L-5L,1,1,2255,More than 1,B,Silver,63708
88512,Male,Rural,Bachelor,More than 10L,0,0,0,More than 1,A,Gold,98856
81472,Male,Urban,Bachelor,2L-5L,1,6,11586,1,A,Platinum,69708
19997,Female,Rural,High School,2L-5L,0,3,3622,More than 1,B,Gold,69696
59198,Female,Urban,Bachelor,5L-10L,1,2,0,More than 1,C,Platinum,71400
68976,Female,Urban,High School,2L-5L,1,6,6573,1,C,Platinum,34392
55613,Male,Rural,Bachelor,5L-10L,1,4,2446,1,C,Gold,46920
14684,Female,Urban,Others,2L-5L,1,1,5244,1,A,Silver,31848
79931,Male,Urban,Bachelor,5L-10L,0,6,2054,1,A,Gold,37944
22336,Female,Urban,High School,5L-10L,1,8,5115,1,B,Gold,40992
36946,Female,Urban,Bachelor,2L-5L,0,7,4472,More than 1,B,Gold,88728
37549,Male,Urban,Bachelor,More than 10L,0,2,5463,More than 1,A,Platinum,104472
38760,Female,Rural,Bachelor,5L-10L,1,6,2220,More than 1,A,Platinum,94164
4995,Male,Urban,High School,More than 10L,1,1,4836,1,A,Gold,35184
59192,Male,Rural,Others,More than 10L,0,6,0,1,B,Silver,30540
51832,Female,Urban,High School,5L-10L,1,6,5527,1,A,Gold,37776
65049,Female,Rural,Others,5L-10L,0,8,0,1,A,Platinum,51780
88539,Male,Urban,High School,2L-5L,1,6,7188,More than 1,B,Platinum,104808
37159,Male,Urban,High School,5L-10L,0,1,3311,More than 1,A,Platinum,100464
71089,Female,Urban,Bachelor,5L-10L,0,5,25757,More than 1,A,Gold,70764
5619,Female,Urban,Bachelor,2L-5L,1,5,2664,1,B,Gold,55908
8329,Female,Rural,Bachelor,5L-10L,1,2,10942,1,A,Platinum,47664
3454,Male,Rural,Bachelor,5L-10L,1,8,4025,More than 1,B,Gold,63636
46314,Female,Rural,Bachelor,5L-10L,1,7,0,1,B,Silver,43128
29346,Female,Urban,Bachelor,5L-10L,1,2,5596,1,A,Platinum,46716
21114,Female,Urban,High School,5L-10L,0,6,5376,More than 1,A,Platinum,106980
70294,Female,Urban,Bachelor,5L-10L,0,1,5893,1,A,Gold,36912
14956,Female,Urban,High School,5L-10L,1,5,0,1,B,Silver,33168
32116,Male,Rural,Bachelor,More than 10L,0,6,0,1,A,Silver,33528
59849,Male,Urban,Bachelor,5L-10L,0,6,5796,1,B,Platinum,34368
16323,Male,Urban,High School,2L-5L,0,5,5780,1,A,Silver,35544
85750,Male,Urban,High School,More than 10L,0,0,5977,1,C,Silver,38136
56359,Male,Urban,Bachelor,More than 10L,0,7,4033,More than 1,A,Platinum,100224
86106,Male,Urban,Bachelor,5L-10L,0,0,0,1,C,Platinum,58224
11088,Female,Urban,High School,2L-5L,0,7,4029,More than 1,A,Silver,93228
71833,Male,Urban,Bachelor,2L-5L,0,8,4280,More than 1,A,Platinum,100476
32829,Female,Urban,Bachelor,5L-10L,0,2,4793,More than 1,A,Platinum,109272
2188,Male,Urban,High School,5L-10L,0,7,5456,More than 1,A,Platinum,98316
12357,Male,Rural,Bachelor,More than 10L,0,3,0,1,B,Platinum,34200
82723,Female,Urban,Bachelor,5L-10L,1,7,0,More than 1,B,Silver,70080
67174,Female,Rural,Bachelor,5L-10L,0,6,4810,1,B,Silver,34584
76710,Male,Rural,High School,More than 10L,1,4,0,1,A,Platinum,36060
28928,Male,Rural,Bachelor,More than 10L,0,4,10917,More than 1,C,Gold,117660
73234,Male,Rural,High School,5L-10L,1,6,3997,More than 1,C,Silver,72804
5669,Female,Rural,High School,5L-10L,1,2,0,1,A,Platinum,44460
43428,Female,Urban,High School,2L-5L,1,7,6741,1,B,Platinum,72948
83962,Male,Urban,High School,5L-10L,1,3,0,1,A,Platinum,55896
4459,Male,Urban,High School,More than 10L,0,4,6673,1,A,Platinum,38136
20026,Male,Rural,Bachelor,5L-10L,1,7,3309,1,A,Gold,43008
12856,Male,Urban,High School,2L-5L,1,7,0,1,B,Gold,37788
8025,Male,Urban,High School,<=2L,0,6,6487,1,A,Platinum,51744
58672,Male,Urban,Bachelor,2L-5L,1,3,11856,More than 1,B,Platinum,119964
34398,Male,Urban,Bachelor,5L-10L,1,6,0,1,B,Silver,32796
10443,Male,Rural,High School,2L-5L,1,4,0,1,A,Gold,45396
54319,Female,Rural,Bachelor,5L-10L,1,6,9757,More than 1,B,Platinum,95400
24352,Female,Urban,High School,5L-10L,0,5,5952,More than 1,A,Platinum,105588
12906,Female,Rural,Bachelor,2L-5L,1,1,4143,1,C,Platinum,48216
1814,Male,Rural,High School,5L-10L,1,1,0,1,B,Silver,47712
48443,Male,Urban,Bachelor,5L-10L,0,4,3658,More than 1,A,Platinum,108360
55562,Female,Urban,High School,5L-10L,0,6,8706,More than 1,A,Platinum,100008
2643,Male,Urban,High School,5L-10L,1,2,0,More than 1,A,Platinum,95076
40388,Female,Urban,Others,5L-10L,1,1,5026,More than 1,A,Platinum,75312
18690,Male,Urban,High School,5L-10L,1,5,2165,1,A,Silver,36636
1307,Female,Rural,High School,5L-10L,0,8,0,1,A,Platinum,52416
30110,Male,Urban,Others,5L-10L,0,5,2152,More than 1,A,Silver,66624
16194,Male,Urban,Bachelor,2L-5L,1,7,6074,More than 1,A,Platinum,111468
32089,Male,Rural,High School,5L-10L,1,5,3871,1,C,Silver,49560
1989,Female,Rural,High School,5L-10L,0,1,6561,1,A,Platinum,39336
80703,Male,Rural,Bachelor,5L-10L,1,7,3114,More than 1,B,Platinum,64680
19553,Female,Urban,Bachelor,5L-10L,0,4,5505,1,A,Silver,32352
113,Male,Urban,Bachelor,5L-10L,1,5,3243,1,A,Gold,48600
72828,Male,Rural,Bachelor,More than 10L,0,4,2343,More than 1,A,Platinum,100764
16200,Male,Urban,High School,5L-10L,1,8,6167,More than 1,A,Platinum,99180
24336,Female,Urban,High School,5L-10L,1,7,0,1,B,Gold,44988
17267,Female,Urban,Bachelor,5L-10L,1,6,2763,More than 1,B,Silver,69840
4987,Female,Urban,Bachelor,5L-10L,1,6,3473,1,A,Platinum,51744
13795,Male,Rural,Bachelor,5L-10L,1,6,2062,More than 1,B,Platinum,77772
84893,Female,Urban,Bachelor,2L-5L,1,8,5618,1,A,Platinum,34404
26401,Male,Urban,High School,5L-10L,1,2,7162,1,A,Gold,50928
24619,Female,Rural,High School,2L-5L,0,2,3521,More than 1,B,Gold,103284
33920,Female,Rural,Bachelor,2L-5L,0,6,3519,More than 1,B,Silver,69504
44815,Female,Rural,High School,5L-10L,1,8,4538,More than 1,B,Gold,71748
75226,Male,Urban,High School,5L-10L,1,3,6064,More than 1,A,Platinum,101544
18288,Male,Rural,High School,More than 10L,1,6,0,1,A,Platinum,48648
86845,Male,Urban,High School,2L-5L,1,2,3328,More than 1,A,Platinum,100872
65943,Male,Rural,Bachelor,5L-10L,1,5,2479,More than 1,A,Silver,80184
87681,Male,Urban,Bachelor,2L-5L,0,0,6931,More than 1,B,Silver,109308
3274,Female,Urban,Bachelor,More than 10L,0,5,5032,1,A,Gold,34800
60958,Male,Urban,Bachelor,5L-10L,1,5,11945,More than 1,A,Silver,110568
26565,Female,Rural,Bachelor,5L-10L,0,6,2584,More than 1,A,Platinum,68004
85161,Female,Urban,High School,2L-5L,1,8,6700,1,A,Silver,51684
60143,Male,Urban,Bachelor,5L-10L,1,3,4062,More than 1,A,Gold,99168
3833,Female,Rural,High School,5L-10L,1,3,2254,More than 1,A,Silver,71868
49977,Male,Urban,High School,2L-5L,1,3,12347,More than 1,B,Platinum,118944
57150,Female,Rural,Bachelor,5L-10L,0,4,3292,1,A,Silver,39696
37727,Male,Urban,High School,5L-10L,1,4,0,1,C,Platinum,34596
61251,Female,Urban,High School,5L-10L,0,7,0,1,A,Platinum,44100
84996,Female,Rural,Bachelor,More than 10L,1,4,0,1,A,Platinum,49092
77802,Female,Rural,High School,More than 10L,1,6,4587,More than 1,A,Silver,108624
62434,Female,Urban,High School,5L-10L,0,2,7269,1,A,Gold,61140
31556,Male,Rural,Others,More than 10L,0,6,2240,1,B,Platinum,49248
50575,Female,Urban,High School,5L-10L,1,6,6565,1,A,Platinum,47844
74602,Male,Rural,Bachelor,5L-10L,1,7,2542,More than 1,B,Gold,70236
2180,Female,Rural,Bachelor,2L-5L,0,6,5124,1,B,Platinum,45168
63815,Male,Urban,Bachelor,2L-5L,1,8,4747,More than 1,C,Platinum,94752
66669,Male,Urban,High School,5L-10L,0,6,5332,1,A,Silver,37956
34541,Male,Rural,Bachelor,5L-10L,1,6,2143,1,A,Silver,39168
64504,Male,Urban,Bachelor,5L-10L,0,5,2806,1,A,Platinum,46944
64790,Female,Rural,Others,2L-5L,0,0,3654,More than 1,B,Silver,103956
51314,Male,Urban,Bachelor,5L-10L,1,7,6024,1,A,Gold,53748
82613,Male,Rural,Bachelor,5L-10L,0,7,0,1,B,Gold,43404
28483,Male,Urban,High School,5L-10L,1,2,3945,1,A,Platinum,45876
23817,Male,Urban,Bachelor,2L-5L,1,6,7044,More than 1,B,Silver,90984
66733,Female,Rural,Bachelor,2L-5L,1,5,0,1,A,Silver,34836
87587,Male,Urban,Bachelor,More than 10L,1,3,4501,1,A,Platinum,31044
4968,Male,Rural,Bachelor,More than 10L,1,7,3085,More than 1,C,Gold,76920
84389,Female,Urban,High School,2L-5L,0,7,0,More than 1,A,Silver,99480
45243,Female,Urban,High School,2L-5L,1,6,4140,More than 1,C,Gold,100164
63070,Female,Urban,Bachelor,5L-10L,0,1,5704,More than 1,A,Platinum,99348
76254,Male,Urban,High School,More than 10L,1,8,2995,1,A,Platinum,54156
66156,Male,Urban,Bachelor,2L-5L,1,6,5389,1,B,Gold,37740
12868,Male,Rural,Others,5L-10L,1,5,2476,More than 1,A,Gold,70116
47154,Female,Urban,Bachelor,5L-10L,0,8,4334,1,A,Platinum,101232
24273,Male,Urban,High School,More than 10L,0,1,4279,More than 1,B,Platinum,115260
66653,Male,Urban,High School,More than 10L,1,8,2129,1,B,Platinum,37860
43310,Female,Urban,High School,2L-5L,1,5,5231,1,A,Silver,31584
36082,Male,Urban,Bachelor,5L-10L,1,6,4242,More than 1,A,Platinum,97548
46474,Male,Rural,Bachelor,5L-10L,0,8,4428,1,A,Gold,62856
61216,Female,Urban,High School,5L-10L,1,6,5496,1,A,Platinum,30912
58586,Male,Urban,High School,5L-10L,0,1,6120,1,A,Platinum,46620
52429,Male,Rural,Others,5L-10L,0,4,7150,More than 1,C,Platinum,109992
2205,Female,Urban,High School,5L-10L,1,2,3862,More than 1,C,Platinum,104472
11309,Female,Rural,Bachelor,5L-10L,1,4,3396,1,A,Platinum,48912
53555,Female,Rural,High School,5L-10L,0,7,4256,More than 1,A,Silver,101520
56548,Female,Urban,High School,5L-10L,1,3,0,1,A,Gold,49368
20964,Male,Urban,High School,2L-5L,1,6,5202,More than 1,A,Platinum,98376
51956,Female,Urban,Bachelor,2L-5L,1,6,0,More than 1,A,Platinum,101124
17909,Female,Urban,Bachelor,5L-10L,1,0,0,More than 1,A,Silver,62208
43792,Male,Urban,Others,2L-5L,1,3,5214,1,A,Platinum,31752
19612,Female,Urban,High School,5L-10L,0,7,8332,1,A,Gold,48516
1402,Female,Rural,Bachelor,5L-10L,1,4,2171,More than 1,A,Platinum,106872
31882,Female,Urban,High School,5L-10L,1,2,3009,1,A,Platinum,37092
39780,Female,Urban,High School,5L-10L,0,6,6521,1,A,Gold,35352
36610,Female,Urban,Bachelor,2L-5L,1,1,3934,More than 1,A,Platinum,70224
20133,Female,Rural,Bachelor,5L-10L,1,8,5937,More than 1,B,Platinum,74688
10294,Female,Urban,High School,More than 10L,0,5,4879,1,A,Gold,35460
76397,Male,Urban,High School,5L-10L,1,1,5421,1,B,Gold,37440
51169,Female,Urban,Bachelor,5L-10L,1,6,2015,1,A,Gold,32364
80770,Female,Urban,High School,More than 10L,1,8,3387,1,A,Silver,35112
2258,Female,Urban,High School,5L-10L,0,6,5357,1,A,Gold,35052
38343,Female,Urban,Bachelor,2L-5L,1,4,3937,More than 1,A,Platinum,87180
5843,Male,Rural,Bachelor,More than 10L,1,3,3228,More than 1,B,Platinum,63720
54041,Male,Urban,Bachelor,More than 10L,1,0,2727,More than 1,B,Gold,68148
58273,Male,Urban,High School,More than 10L,0,1,4781,More than 1,A,Gold,88872
85717,Male,Rural,High School,5L-10L,1,8,0,1,C,Silver,65832
55104,Male,Rural,High School,5L-10L,1,2,3168,1,A,Silver,45648
46155,Male,Rural,Bachelor,5L-10L,0,6,0,1,C,Platinum,47208
48767,Male,Urban,Others,More than 10L,0,6,2430,More than 1,B,Silver,72888
8245,Female,Urban,Bachelor,2L-5L,1,5,4165,1,A,Platinum,47928
38334,Female,Urban,High School,5L-10L,0,2,6614,More than 1,C,Silver,138936
35597,Male,Rural,High School,2L-5L,0,7,0,More than 1,B,Platinum,71988
28455,Male,Urban,High School,5L-10L,1,2,3709,1,A,Platinum,39804
17623,Male,Urban,Bachelor,5L-10L,1,5,0,More than 1,A,Gold,101748
46093,Female,Urban,High School,2L-5L,1,7,0,More than 1,B,Platinum,64572
56700,Male,Rural,Bachelor,5L-10L,0,4,2633,1,A,Gold,45012
59767,Male,Urban,High School,2L-5L,0,4,8558,1,A,Platinum,61500
10208,Male,Urban,High School,2L-5L,0,5,5906,1,B,Silver,36576
24323,Male,Urban,High School,2L-5L,1,4,5368,1,A,Silver,32544
8606,Female,Urban,High School,5L-10L,0,5,4102,1,A,Gold,47256
41161,Male,Urban,Bachelor,5L-10L,1,1,0,1,C,Platinum,34200
12867,Female,Urban,Bachelor,2L-5L,1,2,3561,1,A,Platinum,47172
10887,Male,Rural,High School,More than 10L,1,2,0,More than 1,B,Gold,68244
11591,Male,Urban,Bachelor,5L-10L,1,1,5669,1,A,Silver,35472
77843,Female,Rural,Bachelor,5L-10L,1,6,5158,1,B,Silver,29520
19338,Male,Urban,High School,5L-10L,1,7,7195,1,A,Silver,34668
50877,Male,Rural,High School,5L-10L,0,8,0,1,B,Platinum,38412
40511,Male,Urban,Bachelor,5L-10L,1,6,2188,1,A,Silver,49536
82036,Female,Urban,High School,2L-5L,0,1,5010,1,A,Gold,43380
19504,Male,Rural,Bachelor,2L-5L,0,7,2573,1,B,Gold,52584
18355,Female,Urban,High School,2L-5L,1,4,3462,More than 1,A,Platinum,88716
36305,Male,Urban,High School,2L-5L,1,7,5305,More than 1,A,Platinum,117684
38636,Male,Urban,Bachelor,5L-10L,1,0,4985,1,B,Platinum,35604
67497,Male,Urban,Bachelor,2L-5L,0,6,5299,More than 1,B,Platinum,98580
26087,Female,Rural,Others,More than 10L,1,7,0,More than 1,B,Silver,93972
28309,Male,Urban,Bachelor,2L-5L,0,6,3639,More than 1,B,Platinum,98136
80389,Male,Urban,Bachelor,5L-10L,1,3,2520,More than 1,A,Platinum,89568
18952,Male,Rural,Bachelor,5L-10L,0,1,2209,More than 1,B,Platinum,63840
74966,Male,Urban,High School,5L-10L,0,7,4863,1,A,Platinum,32496
57170,Male,Urban,High School,More than 10L,1,1,4122,More than 1,B,Silver,77904
8557,Male,Urban,Bachelor,5L-10L,0,7,5400,1,A,Silver,50220
1933,Male,Urban,Bachelor,5L-10L,1,1,4149,1,A,Platinum,44928
27717,Male,Urban,High School,5L-10L,0,1,3728,More than 1,B,Silver,90648
30404,Male,Urban,Bachelor,2L-5L,1,8,19186,More than 1,A,Platinum,131220
79675,Male,Rural,Bachelor,More than 10L,1,1,3911,1,C,Platinum,52524
37227,Female,Urban,High School,5L-10L,1,1,5383,1,A,Platinum,33864
77488,Male,Rural,High School,5L-10L,1,7,0,1,A,Platinum,40488
930,Male,Urban,High School,5L-10L,1,7,5587,1,C,Platinum,34332
8768,Male,Rural,Bachelor,More than 10L,1,1,0,1,A,Gold,35760
11121,Female,Rural,Others,5L-10L,0,6,3162,More than 1,A,Platinum,101232
44015,Female,Rural,Bachelor,More than 10L,0,8,5854,More than 1,B,Platinum,68868
44180,Male,Rural,High School,5L-10L,1,8,0,1,B,Platinum,45576
84527,Male,Urban,High School,5L-10L,1,8,4110,More than 1,A,Platinum,94680
79004,Male,Rural,Bachelor,More than 10L,0,3,3034,1,C,Gold,38700
61050,Male,Urban,High School,5L-10L,1,6,0,1,A,Silver,32940
50584,Male,Urban,Bachelor,2L-5L,0,3,3728,More than 1,A,Platinum,97536
2283,Male,Urban,Bachelor,More than 10L,0,0,3115,1,A,Gold,30744
30374,Male,Urban,Others,More than 10L,1,7,2654,1,A,Platinum,32556
74638,Male,Urban,High School,5L-10L,1,3,5255,1,A,Platinum,37548
34611,Female,Rural,Bachelor,5L-10L,0,2,0,1,A,Silver,32676
46738,Male,Urban,Bachelor,More than 10L,0,5,4621,1,A,Platinum,30096
23378,Female,Rural,High School,5L-10L,1,5,4967,1,A,Gold,34812
78683,Female,Rural,Bachelor,More than 10L,0,3,5533,More than 1,B,Platinum,109776
83277,Male,Urban,High School,5L-10L,1,1,6155,1,B,Gold,50508
44603,Male,Urban,Bachelor,5L-10L,1,1,3078,More than 1,B,Silver,71760
59157,Female,Rural,Others,More than 10L,0,7,0,1,B,Platinum,34764
54246,Male,Urban,Bachelor,5L-10L,1,1,6339,1,A,Platinum,50160
68337,Female,Urban,Bachelor,5L-10L,0,7,0,1,A,Gold,34536
75869,Female,Urban,Others,More than 10L,1,2,4841,1,A,Silver,33192
24001,Male,Urban,High School,5L-10L,1,2,0,1,A,Platinum,36552
29034,Female,Urban,High School,More than 10L,1,1,2475,More than 1,B,Platinum,68796
62825,Male,Urban,High School,2L-5L,1,1,5202,1,A,Silver,34944
46572,Male,Urban,High School,5L-10L,1,0,6637,1,A,Platinum,45816
59872,Female,Urban,Bachelor,5L-10L,0,6,6568,1,A,Platinum,50496
58644,Male,Urban,Bachelor,5L-10L,1,8,5383,1,A,Silver,44544
79152,Female,Rural,High School,5L-10L,0,1,5408,1,A,Silver,54156
35293,Male,Urban,High School,5L-10L,1,1,5297,1,C,Silver,36084
81769,Male,Urban,Bachelor,2L-5L,1,8,3798,More than 1,A,Silver,97356
8260,Female,Urban,Bachelor,2L-5L,0,6,9883,More than 1,C,Platinum,156768
77176,Male,Urban,Bachelor,5L-10L,0,8,3952,More than 1,A,Gold,101172
6817,Male,Urban,High School,5L-10L,0,6,5175,1,A,Gold,30684
48201,Male,Rural,High School,5L-10L,0,6,0,1,B,Gold,41352
75949,Male,Rural,High School,5L-10L,0,3,0,1,C,Gold,61812
84867,Female,Urban,Bachelor,5L-10L,0,4,3700,More than 1,A,Gold,102648
15283,Female,Urban,Bachelor,5L-10L,1,3,5382,1,B,Platinum,36792
88667,Male,Urban,High School,2L-5L,1,7,5054,1,A,Platinum,36672
69786,Male,Rural,Bachelor,5L-10L,1,2,0,1,A,Gold,43812
2660,Male,Urban,Bachelor,5L-10L,1,8,6629,1,C,Gold,61764
71907,Male,Urban,High School,5L-10L,0,2,5069,More than 1,A,Platinum,95532
88736,Male,Rural,High School,2L-5L,0,6,4626,More than 1,B,Platinum,67248
67495,Female,Urban,Bachelor,5L-10L,1,2,0,More than 1,C,Platinum,77628
27517,Male,Urban,Bachelor,5L-10L,1,6,5942,More than 1,A,Platinum,104232
78113,Female,Rural,Bachelor,5L-10L,0,7,3448,1,A,Gold,45444
85752,Male,Urban,Bachelor,2L-5L,1,7,3855,1,C,Silver,47580
30091,Female,Urban,Bachelor,More than 10L,1,4,0,More than 1,B,Gold,67704
81836,Female,Rural,High School,2L-5L,1,4,0,1,B,Platinum,41112
26820,Female,Urban,High School,2L-5L,0,6,3801,More than 1,B,Platinum,103392
63371,Female,Rural,Bachelor,2L-5L,1,8,0,More than 1,A,Silver,63384
2592,Male,Urban,High School,5L-10L,1,6,9922,1,A,Platinum,35304
85446,Female,Rural,High School,5L-10L,1,2,2218,1,A,Silver,48912
6711,Female,Rural,High School,5L-10L,1,7,3711,1,B,Silver,54624
57829,Female,Rural,High School,More than 10L,0,7,0,More than 1,B,Platinum,65580
51708,Male,Rural,Bachelor,More than 10L,1,6,3167,More than 1,B,Silver,72720
71948,Male,Urban,Bachelor,More than 10L,1,7,4239,1,A,Platinum,68952
81817,Male,Urban,High School,More than 10L,1,8,4466,More than 1,A,Silver,105144
18490,Female,Urban,High School,2L-5L,1,3,3190,1,A,Gold,51228
782,Male,Rural,Bachelor,5L-10L,0,3,4381,More than 1,A,Silver,113376
18134,Female,Urban,High School,2L-5L,0,3,5406,1,A,Gold,39996
67264,Male,Rural,Bachelor,More than 10L,1,1,5051,1,A,Platinum,34368
74072,Female,Urban,Bachelor,5L-10L,1,4,5448,1,A,Silver,36072
12925,Female,Urban,High School,5L-10L,1,7,2200,1,A,Platinum,30432
76944,Male,Urban,High School,<=2L,1,1,7461,More than 1,A,Platinum,142692
83458,Male,Rural,Bachelor,5L-10L,1,6,0,1,B,Platinum,36228
45233,Female,Rural,High School,5L-10L,1,7,2160,More than 1,B,Platinum,70548
6305,Female,Rural,Bachelor,2L-5L,0,3,0,1,B,Platinum,62244
18746,Female,Rural,High School,5L-10L,1,5,2122,1,A,Platinum,35244
87179,Female,Urban,Bachelor,5L-10L,1,6,0,More than 1,A,Gold,88584
32973,Male,Urban,High School,5L-10L,0,6,4662,More than 1,A,Platinum,103752
9834,Male,Rural,High School,More than 10L,1,0,3255,1,A,Gold,54708
17016,Male,Urban,High School,More than 10L,1,8,3775,1,C,Gold,40044
9558,Male,Urban,High School,2L-5L,1,8,5330,1,A,Platinum,65184
23253,Male,Urban,High School,More than 10L,0,5,3110,1,B,Platinum,40344
7532,Male,Rural,Bachelor,More than 10L,1,1,2390,1,A,Silver,38016
68921,Female,Rural,Bachelor,More than 10L,1,4,0,More than 1,B,Platinum,69504
25280,Female,Urban,Bachelor,2L-5L,0,2,6509,More than 1,B,Silver,94008
42964,Female,Rural,High School,5L-10L,1,7,4588,1,A,Platinum,40872
22437,Male,Rural,High School,More than 10L,0,7,2371,1,A,Silver,46944
70554,Female,Urban,Bachelor,5L-10L,1,1,3013,1,A,Gold,37428
25123,Female,Rural,High School,More than 10L,1,7,0,1,C,Platinum,35604
61331,Female,Urban,High School,5L-10L,1,6,5657,1,A,Platinum,35844
23285,Male,Urban,Bachelor,2L-5L,1,6,4994,1,A,Silver,49812
53073,Female,Urban,Bachelor,2L-5L,0,2,5340,1,B,Gold,32088
34866,Male,Urban,Bachelor,More than 10L,1,3,6573,1,A,Gold,59028
30448,Male,Urban,High School,5L-10L,0,5,8314,More than 1,A,Platinum,109140
77985,Male,Urban,High School,5L-10L,0,5,8641,More than 1,A,Platinum,111432
1652,Female,Urban,Bachelor,<=2L,0,6,7996,1,A,Silver,55716
87934,Male,Urban,High School,2L-5L,1,8,4873,1,A,Platinum,52368
37862,Female,Urban,High School,5L-10L,1,7,0,More than 1,B,Silver,59748
21818,Male,Urban,High School,2L-5L,1,6,5665,More than 1,A,Gold,97044
49816,Male,Rural,High School,5L-10L,1,0,0,1,C,Gold,41580
14227,Male,Urban,High School,2L-5L,1,4,6039,More than 1,A,Platinum,108288
6644,Male,Urban,Bachelor,2L-5L,0,8,6342,1,A,Silver,53952
69123,Male,Rural,Others,More than 10L,1,6,3711,More than 1,A,Platinum,69012
36061,Male,Urban,High School,More than 10L,1,1,6269,1,A,Platinum,46800
33849,Female,Urban,Bachelor,2L-5L,1,4,2529,1,A,Platinum,46356
61628,Male,Urban,High School,5L-10L,1,5,3168,1,C,Silver,40488
15380,Male,Urban,Bachelor,5L-10L,1,7,5467,More than 1,B,Platinum,75648
13945,Female,Urban,High School,More than 10L,1,5,6109,1,C,Silver,34440
67696,Female,Rural,Bachelor,2L-5L,1,8,4735,1,A,Platinum,51336
31657,Male,Urban,Bachelor,2L-5L,0,7,7288,More than 1,B,Gold,105888
56448,Male,Rural,High School,More than 10L,1,4,0,More than 1,A,Gold,67884
5927,Male,Urban,High School,2L-5L,1,0,9077,1,A,Platinum,63384
8707,Female,Urban,Bachelor,2L-5L,1,7,5344,1,B,Silver,36756
79752,Male,Urban,Bachelor,5L-10L,0,6,0,1,B,Platinum,32784
28045,Female,Rural,Bachelor,5L-10L,0,6,4044,1,A,Platinum,55464
77795,Male,Urban,High School,2L-5L,0,6,5358,More than 1,A,Platinum,107532
46805,Male,Urban,High School,5L-10L,0,5,6878,More than 1,B,Silver,112680
49146,Female,Urban,High School,2L-5L,1,6,3656,1,A,Gold,44340
60704,Male,Rural,High School,5L-10L,0,0,2636,1,A,Platinum,55884
59766,Male,Urban,Bachelor,More than 10L,1,1,5650,1,C,Silver,31404
86206,Male,Urban,High School,More than 10L,0,6,2625,1,A,Silver,29292
6980,Male,Urban,Bachelor,5L-10L,1,5,2117,More than 1,A,Gold,100332
28139,Female,Rural,Bachelor,5L-10L,0,5,5571,More than 1,B,Gold,68460
57907,Male,Urban,Bachelor,2L-5L,0,6,4023,1,B,Platinum,65760
48356,Female,Rural,Bachelor,More than 10L,1,3,0,More than 1,B,Platinum,64044
63531,Male,Urban,Others,2L-5L,1,5,3628,1,A,Platinum,42144
20282,Male,Urban,Bachelor,5L-10L,1,0,3856,1,B,Gold,45036
42081,Male,Urban,Bachelor,2L-5L,0,1,5194,1,A,Platinum,32040
6173,Female,Urban,Bachelor,More than 10L,0,7,2241,More than 1,C,Silver,97140
33161,Male,Urban,Bachelor,5L-10L,1,7,3119,1,B,Silver,46680
87583,Female,Urban,Bachelor,5L-10L,1,6,5662,1,A,Platinum,35928
33362,Female,Urban,High School,2L-5L,1,7,7211,1,A,Platinum,44376
29301,Male,Urban,Bachelor,5L-10L,1,4,5239,1,A,Gold,33216
22421,Male,Rural,Bachelor,5L-10L,1,3,5768,More than 1,A,Platinum,65652
4799,Female,Urban,High School,More than 10L,1,3,3123,1,C,Gold,49260
60429,Male,Urban,Bachelor,5L-10L,1,6,5968,1,A,Platinum,44220
70018,Male,Urban,Bachelor,2L-5L,1,6,3935,1,A,Gold,47532
76374,Female,Urban,High School,5L-10L,1,0,0,1,A,Silver,35268
9957,Female,Urban,Bachelor,2L-5L,1,6,5987,1,B,Silver,35592
27606,Male,Urban,Bachelor,5L-10L,0,5,2284,1,A,Platinum,41352
66919,Female,Rural,High School,5L-10L,0,1,3058,More than 1,B,Silver,71664
59475,Female,Urban,High School,5L-10L,1,4,6941,1,B,Silver,53892
79365,Female,Urban,Bachelor,5L-10L,0,1,5722,More than 1,A,Gold,102228
55100,Male,Urban,High School,5L-10L,0,5,7035,1,C,Platinum,50196
52189,Male,Urban,High School,More than 10L,0,2,6559,1,A,Platinum,32916
46660,Female,Rural,High School,5L-10L,1,7,5506,More than 1,B,Platinum,76908
16921,Female,Rural,High School,5L-10L,1,6,0,More than 1,B,Platinum,70908
29985,Male,Urban,High School,2L-5L,0,8,0,1,B,Platinum,33960
63741,Female,Rural,High School,More than 10L,1,5,3378,More than 1,B,Platinum,66084
72910,Female,Urban,High School,2L-5L,1,5,7623,1,A,Gold,54012
6722,Female,Rural,High School,2L-5L,1,7,2237,1,A,Silver,48732
31751,Female,Urban,Others,5L-10L,1,6,6080,1,B,Platinum,34536
83363,Female,Rural,Bachelor,5L-10L,1,7,2211,More than 1,B,Platinum,77196
42686,Female,Urban,High School,2L-5L,1,6,7497,More than 1,B,Silver,103932
38068,Male,Rural,Bachelor,5L-10L,1,3,0,1,A,Gold,36888
30683,Female,Rural,Bachelor,2L-5L,1,6,4346,More than 1,B,Silver,72792
16164,Female,Rural,Bachelor,2L-5L,1,5,2378,1,A,Platinum,51072
65062,Female,Rural,High School,5L-10L,0,4,0,1,C,Gold,32808
13396,Male,Rural,High School,5L-10L,1,7,0,More than 1,B,Platinum,65892
29302,Male,Urban,Others,More than 10L,1,6,2353,1,C,Silver,34284
55923,Male,Rural,Bachelor,5L-10L,0,1,0,1,A,Silver,43512
10755,Female,Rural,High School,More than 10L,0,4,3791,1,B,Platinum,49212
48605,Male,Rural,Bachelor,5L-10L,1,8,5101,1,A,Platinum,46620
44844,Male,Urban,Bachelor,5L-10L,1,5,3946,1,B,Silver,42204
19202,Male,Rural,Bachelor,More than 10L,0,2,5558,More than 1,A,Platinum,97968
87332,Female,Rural,Bachelor,More than 10L,0,7,0,More than 1,A,Platinum,102684
68012,Male,Rural,High School,2L-5L,0,2,5934,1,B,Silver,33792
73380,Female,Rural,Bachelor,5L-10L,0,4,2413,More than 1,C,Gold,107964
39533,Female,Urban,Bachelor,2L-5L,1,5,0,1,C,Platinum,30708
33894,Female,Urban,Others,5L-10L,0,8,3908,1,A,Silver,33084
87286,Male,Urban,Others,2L-5L,0,4,7053,1,B,Gold,58596
65109,Male,Urban,Bachelor,2L-5L,0,2,5976,1,A,Gold,38112
57785,Male,Urban,High School,<=2L,1,4,0,1,A,Silver,31452
23712,Female,Urban,High School,5L-10L,1,5,8949,More than 1,C,Gold,96888
40391,Male,Rural,Bachelor,5L-10L,0,3,0,1,A,Platinum,33360
65682,Female,Rural,Bachelor,5L-10L,0,5,5871,More than 1,B,Platinum,67128
71832,Male,Urban,High School,5L-10L,1,0,2054,1,C,Gold,34956
31402,Male,Urban,Bachelor,More than 10L,1,1,0,1,A,Silver,37008
75389,Male,Urban,High School,More than 10L,1,5,2099,1,B,Platinum,31548
37385,Male,Urban,High School,5L-10L,0,3,6156,1,A,Platinum,52584
80759,Female,Urban,Others,5L-10L,1,0,6317,1,A,Platinum,37224
29735,Male,Rural,High School,5L-10L,0,6,2318,More than 1,B,Gold,74328
72431,Male,Urban,Others,5L-10L,0,6,4239,1,A,Platinum,46584
46414,Female,Urban,High School,2L-5L,1,7,2645,1,B,Silver,37800
78613,Female,Rural,Others,5L-10L,1,5,5644,1,A,Platinum,41220
59183,Female,Rural,High School,5L-10L,1,8,2005,More than 1,B,Silver,67668
81890,Female,Urban,High School,5L-10L,1,8,2794,More than 1,B,Platinum,67596
31349,Female,Rural,Bachelor,More than 10L,0,5,5879,1,C,Platinum,44100
31325,Male,Rural,Bachelor,5L-10L,1,6,2915,1,A,Platinum,55284
3713,Female,Urban,Bachelor,5L-10L,0,3,16403,1,A,Platinum,66060
36322,Female,Rural,Bachelor,5L-10L,1,6,5772,More than 1,B,Silver,70164
27209,Female,Urban,High School,2L-5L,1,4,4716,1,A,Silver,33612
17088,Male,Rural,Bachelor,5L-10L,1,7,2206,1,B,Silver,37272
42288,Male,Urban,High School,5L-10L,1,5,0,1,C,Silver,32676
54062,Male,Urban,High School,2L-5L,1,4,4304,More than 1,A,Platinum,95904
42824,Male,Urban,High School,5L-10L,0,2,6985,1,A,Gold,55260
50139,Male,Urban,Bachelor,5L-10L,1,7,2034,More than 1,B,Platinum,64872
65839,Male,Urban,High School,2L-5L,0,6,2881,More than 1,C,Silver,106068
48321,Female,Rural,High School,5L-10L,0,6,0,1,A,Gold,30948
37381,Female,Rural,High School,5L-10L,0,3,2505,More than 1,B,Gold,70620
4471,Male,Rural,Others,5L-10L,1,7,0,1,B,Platinum,37992
79142,Female,Rural,High School,More than 10L,0,5,0,1,B,Silver,41112
6571,Female,Urban,Bachelor,More than 10L,1,5,0,More than 1,B,Gold,71184
25612,Female,Urban,High School,More than 10L,0,7,3925,1,A,Silver,38544
33998,Female,Urban,High School,5L-10L,0,2,7780,More than 1,C,Platinum,126264
9201,Male,Rural,Bachelor,5L-10L,1,7,2867,1,A,Platinum,48852
28405,Male,Urban,High School,5L-10L,0,5,6703,More than 1,A,Silver,114000
86214,Male,Rural,High School,5L-10L,1,5,6853,More than 1,B,Platinum,85140
1059,Male,Urban,High School,More than 10L,1,6,3414,More than 1,A,Platinum,63072
81538,Female,Rural,Bachelor,5L-10L,0,5,0,More than 1,A,Silver,70632
83195,Female,Urban,High School,More than 10L,0,6,5131,1,A,Silver,31884
620,Male,Urban,High School,5L-10L,0,7,4916,1,B,Platinum,38772
26156,Male,Urban,Bachelor,5L-10L,1,7,8528,More than 1,B,Gold,103668
35947,Male,Urban,High School,More than 10L,1,7,3386,More than 1,A,Silver,92196
35047,Female,Urban,High School,<=2L,1,6,6493,1,A,Platinum,59184
26917,Female,Urban,High School,2L-5L,0,1,0,1,C,Gold,50172
86653,Male,Urban,Bachelor,5L-10L,1,5,2077,1,A,Platinum,33120
89246,Male,Urban,Bachelor,More than 10L,0,8,3923,More than 1,A,Gold,93564
77540,Male,Rural,Bachelor,2L-5L,1,2,2819,More than 1,B,Gold,71784
4704,Male,Rural,Others,5L-10L,0,7,3711,More than 1,B,Platinum,79068
39064,Male,Rural,Bachelor,5L-10L,1,4,0,1,B,Silver,41544
25964,Male,Rural,Bachelor,More than 10L,0,1,2855,1,B,Platinum,56796
78340,Female,Rural,High School,5L-10L,1,6,2019,More than 1,B,Gold,65268
79562,Female,Urban,High School,2L-5L,1,5,6044,1,A,Gold,44052
83848,Female,Rural,Bachelor,5L-10L,1,8,0,More than 1,B,Gold,69372
10327,Female,Rural,Bachelor,5L-10L,1,6,3221,1,A,Platinum,52836
36878,Male,Urban,High School,More than 10L,1,4,0,1,C,Silver,34080
21289,Female,Urban,Bachelor,2L-5L,1,4,4326,More than 1,A,Platinum,103404
74138,Female,Urban,Bachelor,2L-5L,1,1,4835,1,A,Platinum,57072
88253,Male,Urban,Bachelor,5L-10L,1,5,18340,1,A,Silver,59136
24827,Male,Urban,High School,2L-5L,0,4,5958,1,A,Silver,46212
3390,Male,Urban,Bachelor,5L-10L,1,5,5074,1,A,Silver,32700
61682,Female,Urban,Bachelor,2L-5L,0,3,5626,More than 1,A,Platinum,107196
74664,Male,Rural,High School,2L-5L,1,2,5892,1,A,Silver,34704
74320,Female,Urban,High School,5L-10L,1,2,7527,1,A,Platinum,48996
21805,Male,Urban,Others,5L-10L,1,6,5202,1,B,Silver,31020
79084,Male,Urban,High School,5L-10L,1,6,2315,1,A,Platinum,39972
44860,Male,Urban,Bachelor,5L-10L,1,7,7566,1,B,Gold,59484
8712,Male,Urban,High School,2L-5L,1,4,4025,1,C,Platinum,33456
82712,Female,Urban,Bachelor,5L-10L,1,5,0,More than 1,A,Gold,91596
26432,Male,Urban,High School,5L-10L,1,6,5414,1,A,Gold,34104
76962,Male,Urban,High School,5L-10L,0,6,4126,1,A,Silver,52680
32197,Male,Urban,High School,5L-10L,0,8,6440,More than 1,B,Platinum,96960
81872,Male,Urban,Bachelor,More than 10L,1,1,4183,More than 1,A,Platinum,100632
53269,Female,Urban,High School,More than 10L,1,4,4719,1,B,Silver,35664
89102,Female,Urban,High School,5L-10L,0,5,8747,More than 1,A,Platinum,96480
87267,Male,Urban,Bachelor,More than 10L,0,7,8424,More than 1,A,Silver,126276
77476,Female,Rural,Bachelor,5L-10L,1,5,2248,More than 1,B,Silver,58872
76920,Female,Rural,Bachelor,2L-5L,0,6,3505,More than 1,B,Silver,71232
80396,Male,Rural,Bachelor,More than 10L,1,7,0,More than 1,B,Silver,69276
50193,Male,Urban,Bachelor,5L-10L,0,5,0,1,A,Platinum,43380
72596,Female,Rural,Others,More than 10L,0,6,2805,1,A,Gold,54696
13508,Male,Rural,Bachelor,5L-10L,0,2,0,1,B,Platinum,31164
5085,Female,Rural,High School,2L-5L,0,7,2204,More than 1,B,Platinum,68940
1436,Female,Rural,High School,5L-10L,0,6,0,1,A,Platinum,41580
29258,Male,Urban,High School,5L-10L,1,7,5428,1,A,Gold,35088
66673,Male,Urban,Bachelor,5L-10L,0,4,4208,More than 1,A,Platinum,103800
57933,Female,Urban,Bachelor,5L-10L,1,8,0,1,B,Silver,34872
22891,Male,Urban,High School,2L-5L,1,7,0,More than 1,B,Silver,61596
47639,Male,Urban,High School,5L-10L,1,4,4828,1,A,Platinum,36108
86207,Male,Urban,High School,5L-10L,1,0,0,1,C,Silver,33996
33131,Male,Rural,High School,5L-10L,1,7,3937,1,A,Platinum,46236
67676,Female,Urban,Bachelor,2L-5L,0,2,5204,1,A,Silver,44112
19624,Female,Rural,Bachelor,5L-10L,0,8,0,More than 1,B,Platinum,71064
71720,Male,Urban,High School,5L-10L,1,5,5248,1,A,Platinum,37068
84083,Male,Rural,Bachelor,More than 10L,1,7,0,More than 1,B,Silver,63672
46543,Male,Rural,Bachelor,5L-10L,1,6,2049,More than 1,B,Silver,72732
25932,Female,Rural,Bachelor,5L-10L,0,0,0,1,B,Gold,59028
83561,Female,Urban,Bachelor,5L-10L,1,4,0,1,A,Platinum,32112
28832,Male,Rural,Bachelor,More than 10L,1,3,0,More than 1,B,Platinum,73296
66263,Female,Rural,Bachelor,5L-10L,1,8,0,1,B,Platinum,63084
40043,Male,Rural,Bachelor,5L-10L,1,7,3779,1,B,Platinum,52176
89346,Male,Urban,High School,5L-10L,1,5,7677,More than 1,A,Platinum,109296
24952,Male,Urban,Bachelor,5L-10L,1,5,0,1,A,Gold,33768
12985,Male,Urban,High School,5L-10L,1,1,0,1,C,Silver,36096
51185,Male,Rural,High School,5L-10L,1,0,2381,1,B,Silver,35952
27789,Male,Urban,Others,2L-5L,0,1,6438,1,A,Gold,52800
74039,Male,Rural,Bachelor,More than 10L,1,0,0,More than 1,B,Silver,70188
82051,Male,Urban,High School,More than 10L,0,6,0,More than 1,B,Platinum,61164
52376,Male,Urban,Bachelor,5L-10L,1,8,6916,More than 1,A,Silver,104304
87313,Female,Urban,Bachelor,5L-10L,1,1,3660,More than 1,A,Platinum,92148
17851,Male,Rural,Bachelor,5L-10L,1,5,2382,More than 1,A,Platinum,91956
80560,Male,Rural,High School,5L-10L,1,7,0,More than 1,A,Platinum,89856
24071,Male,Urban,Bachelor,5L-10L,0,6,3516,More than 1,A,Gold,99120
56277,Male,Urban,High School,5L-10L,1,5,5989,1,A,Gold,49320
29712,Female,Urban,Bachelor,5L-10L,0,8,4307,1,A,Silver,32340
62553,Male,Rural,High School,More than 10L,1,4,2602,More than 1,A,Platinum,93564
51861,Male,Rural,Bachelor,5L-10L,1,6,4014,More than 1,B,Gold,63564
44624,Female,Urban,Bachelor,More than 10L,1,4,0,More than 1,A,Platinum,98724
20492,Female,Urban,High School,5L-10L,0,8,0,1,A,Gold,53880
21521,Male,Urban,High School,5L-10L,0,7,2431,1,A,Gold,33072
6961,Female,Urban,Bachelor,More than 10L,0,8,0,More than 1,B,Gold,99312
28146,Male,Rural,High School,More than 10L,0,1,0,1,C,Platinum,57444
13351,Female,Urban,High School,5L-10L,0,7,4224,1,A,Platinum,51768
35112,Female,Urban,Bachelor,More than 10L,0,4,2928,More than 1,A,Gold,103584
15049,Female,Rural,High School,5L-10L,1,5,0,1,A,Silver,36468
1525,Male,Urban,High School,More than 10L,0,4,8037,1,B,Silver,49524
32922,Male,Rural,Bachelor,5L-10L,1,8,3386,More than 1,A,Silver,101568
21793,Male,Urban,High School,More than 10L,1,6,0,More than 1,A,Gold,104820
4854,Male,Rural,Bachelor,More than 10L,0,6,0,More than 1,A,Gold,94548
57493,Male,Urban,Bachelor,5L-10L,0,3,4950,More than 1,B,Platinum,90792
38710,Male,Urban,High School,5L-10L,1,8,4096,More than 1,B,Platinum,71688
86146,Male,Urban,High School,5L-10L,0,5,6108,1,B,Platinum,37260
11665,Female,Urban,Bachelor,More than 10L,0,3,10691,1,A,Platinum,34776
74183,Female,Urban,High School,5L-10L,0,2,2401,1,B,Gold,33288
29403,Male,Rural,High School,5L-10L,0,1,3059,1,A,Platinum,45708
82566,Female,Rural,Bachelor,More than 10L,1,7,2585,More than 1,B,Silver,68088
81183,Male,Urban,High School,5L-10L,1,7,5488,More than 1,A,Platinum,111936
61397,Male,Rural,Bachelor,More than 10L,1,8,0,More than 1,B,Platinum,63492
23753,Female,Urban,Others,More than 10L,0,7,17029,More than 1,B,Platinum,72348
37600,Female,Urban,Bachelor,5L-10L,1,3,6663,1,A,Platinum,47268
48286,Female,Rural,High School,5L-10L,1,5,2062,More than 1,B,Gold,73824
7084,Female,Rural,High School,5L-10L,1,2,5645,1,C,Platinum,57012
63198,Female,Urban,High School,More than 10L,0,5,3789,1,A,Platinum,49212
14597,Male,Rural,Bachelor,More than 10L,1,0,2362,1,A,Platinum,45252
76919,Female,Urban,High School,5L-10L,0,1,0,More than 1,A,Platinum,93492
87956,Male,Urban,Bachelor,5L-10L,0,8,5782,1,A,Silver,47340
42881,Female,Urban,High School,5L-10L,1,2,6741,1,A,Silver,49464
8706,Male,Urban,Bachelor,5L-10L,0,4,3777,More than 1,B,Platinum,89748
36221,Male,Rural,High School,5L-10L,1,2,2426,More than 1,B,Platinum,66924
20080,Male,Urban,High School,More than 10L,1,1,4602,More than 1,A,Platinum,96360
86926,Female,Urban,High School,5L-10L,1,5,5241,1,A,Platinum,31320
54772,Male,Urban,High School,2L-5L,1,5,5447,1,A,Silver,34092
84459,Male,Urban,Others,5L-10L,1,1,4519,1,A,Gold,37872
56374,Female,Urban,Bachelor,5L-10L,1,2,2919,More than 1,A,Gold,98712
63231,Female,Urban,High School,More than 10L,1,4,5936,More than 1,A,Platinum,104832
81245,Female,Urban,High School,5L-10L,0,3,6460,More than 1,A,Silver,109812
25523,Female,Urban,High School,5L-10L,1,6,3900,More than 1,B,Platinum,92964
48303,Male,Rural,High School,5L-10L,1,5,0,1,A,Gold,34728
18450,Male,Rural,High School,More than 10L,0,1,5509,1,A,Platinum,44736
2718,Male,Urban,Bachelor,5L-10L,0,7,4046,More than 1,A,Platinum,107136
24918,Male,Urban,Bachelor,2L-5L,1,6,3960,More than 1,A,Platinum,91788
27697,Female,Urban,High School,2L-5L,1,5,4355,1,A,Platinum,42528
8667,Male,Urban,Bachelor,5L-10L,1,7,0,More than 1,A,Platinum,102744
63732,Male,Urban,Bachelor,More than 10L,0,6,2319,1,C,Gold,35016
40739,Female,Rural,High School,More than 10L,0,2,0,1,B,Platinum,34536
127,Male,Rural,Bachelor,More than 10L,1,3,0,1,A,Platinum,35760
77835,Male,Rural,High School,5L-10L,1,7,2903,1,A,Silver,49620
84292,Male,Rural,Bachelor,5L-10L,0,4,2011,1,B,Platinum,31308
23711,Male,Urban,High School,2L-5L,1,2,6096,More than 1,A,Platinum,100656
36456,Female,Rural,Bachelor,More than 10L,1,2,2292,More than 1,A,Gold,96120
18382,Female,Urban,High School,5L-10L,1,4,7124,1,A,Platinum,51660
9185,Male,Rural,Others,5L-10L,1,1,0,1,A,Silver,48408
11955,Male,Urban,High School,5L-10L,1,4,6706,More than 1,C,Silver,99288
29288,Female,Urban,High School,5L-10L,1,6,0,1,C,Silver,36384
43304,Male,Urban,High School,5L-10L,1,1,0,1,A,Silver,62100
58597,Female,Urban,Bachelor,5L-10L,0,7,5779,1,B,Silver,36480
5952,Female,Rural,High School,5L-10L,1,3,2077,1,B,Gold,34512
84556,Female,Rural,High School,2L-5L,1,6,3984,More than 1,B,Silver,71580
67445,Male,Urban,High School,5L-10L,1,7,6420,1,A,Platinum,44088
34388,Female,Rural,Bachelor,5L-10L,1,7,2146,1,A,Platinum,34488
88707,Male,Rural,High School,5L-10L,1,6,3591,1,A,Platinum,51552
1829,Male,Urban,Bachelor,5L-10L,1,7,5833,More than 1,A,Gold,105756
42534,Male,Rural,High School,2L-5L,1,2,2564,1,B,Gold,50904
78478,Female,Rural,Bachelor,5L-10L,1,8,0,More than 1,A,Platinum,103992
36977,Female,Urban,High School,2L-5L,0,3,10631,More than 1,A,Platinum,98784
58068,Female,Rural,High School,5L-10L,0,1,0,More than 1,A,Silver,111360
6470,Male,Urban,High School,2L-5L,0,1,4911,1,A,Silver,35388
46515,Male,Rural,Bachelor,5L-10L,1,5,0,1,A,Platinum,36324
847,Female,Rural,High School,More than 10L,1,8,2368,1,B,Silver,40860
118,Male,Urban,Bachelor,5L-10L,0,1,2281,1,A,Silver,32496
87887,Female,Rural,High School,5L-10L,0,7,2454,More than 1,A,Silver,76284
13919,Male,Urban,High School,5L-10L,1,7,3880,1,B,Gold,49008
76126,Female,Urban,High School,5L-10L,0,4,2651,1,A,Gold,53460
56139,Male,Urban,High School,5L-10L,1,0,0,1,A,Platinum,32376
72304,Male,Urban,Bachelor,2L-5L,0,7,5390,More than 1,B,Platinum,97272
62982,Female,Urban,High School,<=2L,0,7,5724,More than 1,A,Platinum,95664
79906,Male,Rural,High School,5L-10L,1,3,4857,1,A,Silver,38436
26735,Female,Rural,Bachelor,5L-10L,0,6,0,1,B,Platinum,35568
44248,Female,Rural,High School,More than 10L,1,8,0,More than 1,B,Platinum,73596
28700,Female,Urban,High School,2L-5L,1,5,3876,1,A,Silver,42576
56,Male,Rural,High School,5L-10L,1,1,3170,1,C,Platinum,49404
52797,Male,Urban,High School,5L-10L,1,8,6776,1,A,Silver,64248
55646,Male,Urban,High School,5L-10L,1,7,13199,1,A,Gold,39168
51746,Female,Urban,High School,5L-10L,1,2,9097,1,A,Silver,30000
79253,Female,Urban,Others,5L-10L,1,7,5573,1,A,Silver,53040
87506,Female,Rural,High School,More than 10L,0,2,0,1,B,Platinum,35220
41241,Female,Urban,High School,More than 10L,1,2,4806,1,A,Gold,48456
11638,Female,Rural,High School,5L-10L,0,8,4493,More than 1,B,Gold,72624
45003,Male,Rural,Others,2L-5L,0,7,0,More than 1,B,Platinum,62868
43089,Male,Rural,Bachelor,More than 10L,0,2,4026,More than 1,A,Gold,91992
83252,Female,Rural,High School,More than 10L,1,0,0,More than 1,B,Platinum,61152
75746,Female,Urban,Bachelor,5L-10L,1,2,6826,1,A,Platinum,60384
55394,Male,Urban,High School,5L-10L,0,5,2662,1,B,Platinum,64380
1253,Female,Urban,High School,5L-10L,0,7,6408,1,A,Silver,43260
44239,Female,Urban,High School,2L-5L,1,7,6754,More than 1,A,Platinum,96168
42809,Male,Urban,Bachelor,2L-5L,1,6,6194,1,A,Silver,34464
73964,Female,Urban,High School,5L-10L,1,8,0,1,B,Silver,32220
36188,Female,Urban,High School,5L-10L,0,5,6164,More than 1,A,Platinum,104124
13457,Male,Urban,High School,5L-10L,1,6,6864,1,C,Platinum,35448
86705,Male,Urban,High School,5L-10L,1,4,5176,1,A,Gold,40656
56571,Male,Rural,Bachelor,More than 10L,0,4,4883,More than 1,A,Gold,110844
78753,Male,Urban,Bachelor,2L-5L,1,1,8353,More than 1,B,Gold,108228
27356,Female,Rural,High School,5L-10L,0,6,3123,1,A,Platinum,46896
9338,Female,Rural,Bachelor,5L-10L,1,5,7465,1,B,Gold,47400
41431,Male,Urban,High School,5L-10L,1,5,0,1,B,Gold,38388
76540,Male,Urban,Bachelor,5L-10L,1,5,0,1,C,Gold,36048
82849,Male,Urban,Bachelor,5L-10L,1,2,5960,1,B,Silver,38340
23961,Female,Urban,High School,2L-5L,0,6,6759,1,A,Gold,38460
42345,Female,Urban,High School,More than 10L,1,6,6423,1,A,Gold,48456
55772,Male,Urban,Bachelor,5L-10L,0,5,3983,More than 1,A,Platinum,104640
44483,Female,Urban,Bachelor,2L-5L,0,4,5707,1,A,Platinum,52956
55130,Female,Urban,Bachelor,5L-10L,0,8,5847,More than 1,A,Silver,100212
25290,Female,Rural,Others,5L-10L,1,0,0,1,B,Silver,41856
34579,Male,Urban,High School,2L-5L,1,6,0,1,B,Gold,37008
37081,Male,Urban,Others,5L-10L,1,2,4280,More than 1,A,Gold,69108
26433,Male,Urban,Bachelor,5L-10L,0,7,4093,More than 1,B,Platinum,97620
50344,Female,Urban,Others,2L-5L,1,5,4174,More than 1,B,Platinum,69948
82874,Female,Urban,High School,<=2L,1,7,4102,1,A,Gold,52308
48137,Female,Urban,Bachelor,5L-10L,1,0,0,More than 1,A,Gold,66876
6802,Male,Rural,Bachelor,5L-10L,1,6,4260,1,B,Platinum,63660
11175,Female,Urban,High School,5L-10L,0,2,4740,1,A,Silver,31284
21690,Female,Rural,Bachelor,5L-10L,1,4,4336,More than 1,B,Silver,74076
27193,Male,Urban,Bachelor,5L-10L,1,6,8998,1,C,Platinum,52200
66235,Female,Urban,Bachelor,More than 10L,0,0,0,1,A,Gold,34800
20151,Male,Urban,Bachelor,5L-10L,1,7,7940,1,A,Platinum,39636
7358,Male,Urban,High School,5L-10L,1,6,5382,1,A,Silver,36372
65511,Female,Urban,High School,More than 10L,0,4,6930,More than 1,A,Platinum,98796
44426,Male,Urban,Others,5L-10L,1,7,6664,1,B,Platinum,33900
76798,Female,Rural,Others,5L-10L,1,4,0,1,A,Silver,35148
15306,Male,Urban,High School,5L-10L,1,1,5538,1,B,Gold,38484
12162,Male,Urban,High School,2L-5L,0,6,5587,More than 1,A,Gold,97872
4001,Female,Urban,High School,5L-10L,1,5,3704,More than 1,A,Platinum,92004
23050,Male,Rural,Bachelor,2L-5L,0,7,2143,1,B,Platinum,55188
59102,Male,Urban,Bachelor,More than 10L,1,7,5350,More than 1,B,Platinum,101340
78782,Female,Urban,High School,<=2L,1,2,5445,More than 1,B,Platinum,88680
17020,Female,Urban,Bachelor,5L-10L,0,5,9082,More than 1,A,Silver,113388
73524,Female,Rural,High School,More than 10L,1,4,0,More than 1,B,Platinum,60300
69679,Male,Urban,Bachelor,5L-10L,1,8,0,More than 1,B,Gold,60504
3052,Male,Rural,High School,5L-10L,1,5,2716,1,A,Platinum,49548
15339,Female,Rural,High School,More than 10L,0,0,0,More than 1,A,Platinum,65712
55610,Female,Rural,High School,5L-10L,1,8,0,More than 1,A,Platinum,70704
52922,Female,Rural,High School,5L-10L,1,4,4583,1,A,Platinum,29712
13404,Male,Urban,High School,5L-10L,1,4,3874,1,A,Platinum,44580
76430,Female,Urban,Bachelor,2L-5L,0,6,3934,1,A,Silver,38676
29593,Male,Rural,Others,More than 10L,1,3,0,1,B,Platinum,28572
19191,Female,Rural,High School,More than 10L,1,4,4836,1,B,Silver,35772
66321,Male,Urban,Bachelor,5L-10L,1,5,4213,More than 1,C,Gold,106140
10730,Male,Urban,High School,5L-10L,0,1,5651,More than 1,A,Platinum,107160
4015,Female,Rural,High School,5L-10L,0,8,5314,1,B,Platinum,44160
26642,Female,Rural,Bachelor,More than 10L,0,7,0,More than 1,B,Silver,60336
54241,Female,Rural,Bachelor,5L-10L,1,1,0,More than 1,A,Gold,74748
82990,Female,Urban,Bachelor,5L-10L,0,2,4001,More than 1,A,Gold,93504
18590,Male,Rural,High School,5L-10L,1,8,0,1,B,Silver,36252
5601,Male,Rural,High School,5L-10L,1,7,3980,More than 1,B,Silver,75420
74291,Male,Rural,Others,5L-10L,1,6,2176,More than 1,B,Silver,66864
6894,Male,Urban,Bachelor,5L-10L,0,6,6611,More than 1,B,Silver,89796
86417,Female,Urban,Bachelor,More than 10L,1,2,5946,1,A,Platinum,42480
58872,Male,Urban,Bachelor,More than 10L,1,1,0,1,C,Platinum,33288
38361,Male,Urban,High School,5L-10L,1,5,5054,1,A,Platinum,34248
2558,Male,Rural,High School,5L-10L,1,3,2102,1,B,Platinum,33168
66691,Male,Rural,Bachelor,More than 10L,0,2,7905,More than 1,B,Platinum,88584
15152,Male,Rural,Bachelor,More than 10L,1,7,3210,1,B,Platinum,44436
2050,Male,Urban,High School,2L-5L,1,4,5021,1,A,Silver,32472
77372,Female,Rural,Bachelor,More than 10L,0,8,0,More than 1,A,Platinum,76020
16372,Male,Urban,High School,2L-5L,1,6,0,1,B,Platinum,34224
73657,Female,Rural,Bachelor,5L-10L,1,8,0,More than 1,B,Platinum,68760
8156,Male,Rural,Bachelor,5L-10L,0,7,5168,More than 1,A,Platinum,95100
71296,Female,Urban,Bachelor,More than 10L,1,1,3903,1,A,Platinum,46536
52663,Male,Rural,High School,5L-10L,0,3,3342,1,A,Platinum,47484
87456,Male,Rural,Bachelor,More than 10L,1,7,0,More than 1,A,Silver,114516
26737,Female,Urban,High School,More than 10L,1,7,6219,More than 1,A,Gold,97956
21960,Male,Rural,Bachelor,More than 10L,0,6,0,1,B,Platinum,33324
23777,Male,Urban,Others,More than 10L,1,6,0,1,A,Platinum,36876
18048,Female,Rural,High School,5L-10L,1,1,6415,1,A,Platinum,47664
21835,Female,Rural,Others,More than 10L,0,7,0,1,B,Platinum,38520
62624,Female,Urban,Bachelor,More than 10L,1,7,0,More than 1,A,Silver,65616
54269,Male,Urban,High School,2L-5L,0,6,3710,1,C,Gold,48192
50637,Male,Urban,Bachelor,5L-10L,1,1,3860,More than 1,A,Platinum,107268
82949,Male,Rural,High School,More than 10L,1,1,2254,1,A,Platinum,50532
79576,Male,Urban,High School,2L-5L,1,2,7233,1,B,Silver,34596
52252,Female,Urban,Bachelor,5L-10L,1,7,5496,1,B,Silver,33708
26855,Male,Urban,High School,More than 10L,0,5,7806,1,A,Silver,48780
63705,Female,Urban,Bachelor,2L-5L,1,5,6269,More than 1,A,Silver,94932
23248,Female,Rural,High School,5L-10L,1,7,0,1,B,Silver,45456
55592,Female,Urban,Bachelor,2L-5L,1,7,5642,1,A,Gold,31656
40758,Male,Urban,Bachelor,2L-5L,1,4,2742,More than 1,B,Silver,66348
69480,Male,Urban,Bachelor,5L-10L,1,8,3142,More than 1,A,Gold,101160
23484,Female,Rural,Bachelor,2L-5L,0,6,2943,1,B,Platinum,53796
10628,Male,Urban,Others,2L-5L,1,7,0,1,B,Silver,39864
84479,Female,Urban,Bachelor,5L-10L,1,4,2129,1,A,Gold,31668
28694,Male,Rural,High School,More than 10L,0,6,2807,More than 1,B,Gold,74796
67222,Female,Rural,Bachelor,2L-5L,0,3,5436,1,A,Silver,34884
37195,Male,Urban,Bachelor,2L-5L,1,1,0,1,A,Platinum,31908
82387,Male,Rural,Bachelor,More than 10L,0,5,0,More than 1,B,Platinum,62100
